fecha_hora,Real,ARIMA,Prophet,Random Forest
2024-08-24 00:00:00,0.0,5.264321085312291e-172,-14.93725822564464,0.0
2024-08-24 00:05:00,0.0,-1.475940276109643e-171,-17.001016770223124,0.0
2024-08-24 00:10:00,0.0,-1.6453199290004332e-171,-18.94835045620184,0.0
2024-08-24 00:15:00,0.0,-1.7792845369513242e-171,-20.750842532004395,0.0
2024-08-24 00:20:00,0.0,-1.7400212785861833e-171,-22.38191183451211,0.0
2024-08-24 00:25:00,0.0,-1.7067646880841827e-171,-23.817095859595714,0.0
2024-08-24 00:30:00,0.0,-1.6307381221287167e-171,-25.034311835829126,0.0
2024-08-24 00:35:00,0.0,-1.6147794389028026e-171,-26.014093278930435,0.0
2024-08-24 00:40:00,0.0,-1.607451274792465e-171,-26.739800098363727,0.0
2024-08-24 00:45:00,0.0,-1.6107006967196572e-171,-27.197800277811943,0.0
2024-08-24 00:50:00,0.0,-1.6140218705122326e-171,-27.377621495030525,0.0
2024-08-24 00:55:00,0.0,-1.6174966854298463e-171,-27.272071282059215,0.0
2024-08-24 01:00:00,0.0,-1.6185441941445e-171,-26.87732455339718,0.0
2024-08-24 01:05:00,0.0,-1.6188484997529006e-171,-26.192977633585866,0.0
2024-08-24 01:10:00,0.0,-1.6186259778603184e-171,-25.22206816815177,0.0
2024-08-24 01:15:00,0.0,-1.6183980574448299e-171,-23.97106059213885,0.0
2024-08-24 01:20:00,0.0,-1.6182219624939654e-171,-22.449797110084813,0.0
2024-08-24 01:25:00,0.0,-1.6181621969460127e-171,-20.67141442892408,0.0
2024-08-24 01:30:00,0.0,-1.6181517041193728e-171,-18.65222679099347,0.0
2024-08-24 01:35:00,0.0,-1.6181663015958714e-171,-16.41157608399449,0.0
2024-08-24 01:40:00,0.0,-1.618180508791768e-171,-13.971650138743769,0.0
2024-08-24 01:45:00,0.0,-1.6181898298151977e-171,-11.357270564758341,0.0
2024-08-24 01:50:00,0.0,-1.618193000514867e-171,-8.595651721279467,0.0
2024-08-24 01:55:00,0.0,-1.6181932396551748e-171,-5.716132726271472,0.0
2024-08-24 02:00:00,0.0,-1.6181922996900431e-171,-2.7498845289358465,0.0
2024-08-24 02:05:00,0.0,-1.6181914491361763e-171,0.2704055604363652,0.0
2024-08-24 02:10:00,0.0,-1.6181909492649671e-171,3.31086944403862,0.0
2024-08-24 02:15:00,0.0,-1.6181907891125528e-171,6.336811171896036,0.0
2024-08-24 02:20:00,0.0,-1.6181907941288862e-171,9.313074418724604,0.0
2024-08-24 02:25:00,0.0,-1.618190853678143e-171,12.204421468789159,0.0
2024-08-24 02:30:00,0.0,-1.6181909034481186e-171,14.975920647464202,0.0
2024-08-24 02:35:00,0.0,-1.618190930232966e-171,17.593338963854947,0.0
2024-08-24 02:40:00,0.0,-1.618190937973412e-171,20.023536709467145,0.0
2024-08-24 02:45:00,0.0,-1.6181909367056195e-171,22.23486071797473,0.0
2024-08-24 02:50:00,0.0,-1.6181909329946523e-171,24.197532906900058,0.0
2024-08-24 02:55:00,0.0,-1.6181909301285722e-171,25.884030873949634,0.0
2024-08-24 03:00:00,0.0,-1.6181909287040887e-171,27.26945717709858,0.0
2024-08-24 03:05:00,0.0,-1.61819092834861e-171,28.331894147087944,0.0
2024-08-24 03:10:00,0.0,-1.6181909284730572e-171,29.052741068997232,0.0
2024-08-24 03:15:00,0.0,-1.6181909287006535e-171,29.417030725005002,0.0
2024-08-24 03:20:00,0.0,-1.6181909288635805e-171,29.413722416906577,0.0
2024-08-24 03:25:00,0.0,-1.6181909289384786e-171,29.035968747709568,0.0
2024-08-24 03:30:00,0.0,-1.6181909289536602e-171,28.28135362502922,0.0
2024-08-24 03:35:00,0.0,-1.6181909289437895e-171,27.15209912153292,0.0
2024-08-24 03:40:00,0.0,-1.618190928930037e-171,25.65523915583173,0.0
2024-08-24 03:45:00,0.0,-1.6181909289208814e-171,23.802757979465664,0.0
2024-08-24 03:50:00,0.0,-1.618190928917e-171,21.61169202885629,0.0
2024-08-24 03:55:00,0.0,-1.618190928916429e-171,19.104193595397565,0.0
2024-08-24 04:00:00,0.0,-1.6181909289171387e-171,16.307555420363105,0.0
2024-08-24 04:05:00,0.0,-1.6181909289179585e-171,13.254195309540446,0.0
2024-08-24 04:10:00,0.0,-1.6181909289184673e-171,9.981600355592953,0.0
2024-08-24 04:15:00,0.0,-1.618190928918665e-171,6.53223053379386,0.0
2024-08-24 04:20:00,0.0,-1.6181909289186808e-171,2.9533819009006455,0.0
2024-08-24 04:25:00,0.0,-1.6181909289186325e-171,-0.702990281152301,0.0
2024-08-24 04:30:00,0.0,-1.6181909289185843e-171,-4.38048769802262,0.0
2024-08-24 04:35:00,0.0,-1.6181909289185562e-171,-8.018523292834798,0.0
2024-08-24 04:40:00,0.0,-1.6181909289185464e-171,-11.55261256399481,0.0
2024-08-24 04:45:00,0.0,-1.6181909289185464e-171,-14.914699979229368,0.0
2024-08-24 04:50:00,0.0,-1.6181909289185496e-171,-18.033518841845858,0.0
2024-08-24 04:55:00,0.0,-1.6181909289185523e-171,-20.834982204339845,0.0
2024-08-24 05:00:00,0.0,-1.618190928918554e-171,-23.242602587022784,0.0
2024-08-24 05:05:00,0.0,-1.6181909289185544e-171,-25.177937678729364,0.0
2024-08-24 05:10:00,0.0,-1.6181909289185544e-171,-26.56105927759608,0.0
2024-08-24 05:15:00,0.0,-1.6181909289185542e-171,-27.311042307491075,0.0
2024-08-24 05:20:00,0.0,-1.618190928918554e-171,-27.346470699293622,0.0
2024-08-24 05:25:00,0.0,-1.618190928918554e-171,-26.585956736947423,0.0
2024-08-24 05:30:00,0.0,-1.618190928918554e-171,-24.948670316851178,0.0
2024-08-24 05:35:00,0.0,-1.618190928918554e-171,-22.35487457485326,0.0
2024-08-24 05:40:00,0.0,-1.618190928918554e-171,-18.72646405572495,0.7685555436666667
2024-08-24 05:45:00,0.0,-1.618190928918554e-171,-13.987501800025004,0.7685555436666667
2024-08-24 05:50:00,0.0,-1.618190928918554e-171,-8.064751527015611,0.7685555436666667
2024-08-24 05:55:00,0.0,-1.618190928918554e-171,-0.8882011457408014,0.7685555436666667
2024-08-24 06:00:00,0.0,-1.618190928918554e-171,7.6084261254004355,16.356147941572647
2024-08-24 06:05:00,0.0,-1.618190928918554e-171,17.487176644550182,47.09371253715891
2024-08-24 06:10:00,0.0,-1.618190928918554e-171,28.80539089002256,47.09371253715891
2024-08-24 06:15:00,0.0,-1.618190928918554e-171,41.615251051029546,62.37261972652969
2024-08-24 06:20:00,0.0,-1.618190928918554e-171,55.96335505495943,53.66468629088601
2024-08-24 06:25:00,0.0,-1.618190928918554e-171,71.89032003141917,53.66468629088601
2024-08-24 06:30:00,0.0,-1.618190928918554e-171,89.43041846349392,63.307799355573394
2024-08-24 06:35:00,0.0,-1.618190928918554e-171,108.61124933814362,64.68039175606368
2024-08-24 06:40:00,0.0,-1.618190928918554e-171,129.45344727452928,64.68039175606368
2024-08-24 06:45:00,62.40000153,-1.618190928918554e-171,151.9704315801494,68.61492009708948
2024-08-24 06:50:00,80.69999695,-1.618190928918554e-171,176.16819733009038,70.35172005120891
2024-08-24 06:55:00,96.30000305,-1.618190928918554e-171,202.04515026435928,64.40440470907876
2024-08-24 07:00:00,119.5,-1.618190928918554e-171,229.59198666324502,441.57322652582747
2024-08-24 07:05:00,143.6000061,-1.618190928918554e-171,258.7916196373274,415.8008442640913
2024-08-24 07:10:00,197.5,-1.618190928918554e-171,289.6191523291786,415.8008442640913
2024-08-24 07:15:00,252.1999969,-1.618190928918554e-171,322.04189883143994,415.8008442640913
2024-08-24 07:20:00,290.7999878,-1.618190928918554e-171,356.0194523331703,417.2747072471802
2024-08-24 07:25:00,350.1000061,-1.618190928918554e-171,391.50380107305807,417.2747072471802
2024-08-24 07:30:00,400.7000122,-1.618190928918554e-171,428.43949112404783,417.2747072471802
2024-08-24 07:35:00,451.7999878,-1.618190928918554e-171,466.76383502501994,417.2747072471802
2024-08-24 07:40:00,508.5,-1.618190928918554e-171,506.4071655315122,423.3893163667135
2024-08-24 07:45:00,560.4000244,-1.618190928918554e-171,547.2931326073458,423.3893163667135
2024-08-24 07:50:00,617.7000122,-1.618190928918554e-171,589.3390421757122,423.3893163667135
2024-08-24 07:55:00,673.7000122,-1.618190928918554e-171,632.4562340433446,431.70209260481187
2024-08-24 08:00:00,725.4000244,-1.618190928918554e-171,676.5504975348337,722.2657048631926
2024-08-24 08:05:00,778.9000244,-1.618190928918554e-171,721.5225209588767,722.2657048631926
2024-08-24 08:10:00,835.9000244,-1.618190928918554e-171,767.2683733208988,720.6345285554672
2024-08-24 08:15:00,894.7999878,-1.618190928918554e-171,813.6800143365107,720.6345285554672
2024-08-24 08:20:00,874.3999634,-1.618190928918554e-171,860.6458297580956,722.8165282514356
2024-08-24 08:25:00,911.6333008,-1.618190928918554e-171,908.0511886931442,722.8165282514356
2024-08-24 08:30:00,1091.300049,-1.618190928918554e-171,955.7790188066382,741.2536717766919
2024-08-24 08:35:00,1038.93335,-1.618190928918554e-171,1003.7103963164344,741.2536717766919
2024-08-24 08:40:00,1103.166748,-1.618190928918554e-171,1051.7251463836385,767.4631580575677
2024-08-24 08:45:00,1136.633423,-1.618190928918554e-171,1099.7024505806835,769.4708589403806
2024-08-24 08:50:00,1191.533325,-1.618190928918554e-171,1147.521456413845,820.083437637115
2024-08-24 08:55:00,1242.966675,-1.618190928918554e-171,1195.0618863160864,832.6297488375436
2024-08-24 09:00:00,1293.533325,-1.618190928918554e-171,1242.2046411619508,1415.0043535638367
2024-08-24 09:05:00,1341.06665,-1.618190928918554e-171,1288.8323945045431,1415.0043535638367
2024-08-24 09:10:00,1384.200073,-1.618190928918554e-171,1334.830174086582,1425.4954346503182
2024-08-24 09:15:00,1424.200073,-1.618190928918554e-171,1380.0859264623396,1425.8946377992072
2024-08-24 09:20:00,1465.833374,-1.618190928918554e-171,1424.491061226314,1371.0660648799112
2024-08-24 09:25:00,1510.400024,-1.618190928918554e-171,1467.9409714798335,1373.4835656779587
2024-08-24 09:30:00,1556.666626,-1.618190928918554e-171,1510.335526906391,1356.3823627429274
2024-08-24 09:35:00,1601.133301,-1.618190928918554e-171,1551.5795366486532,1364.4020979627048
2024-08-24 09:40:00,1641.966675,-1.618190928918554e-171,1591.5831788507614,1397.7639365099074
2024-08-24 09:45:00,1681.233398,-1.618190928918554e-171,1630.2623943838516,1402.6925704183132
2024-08-24 09:50:00,1718.099976,-1.618190928918554e-171,1667.5392422030877,1425.5968615659526
2024-08-24 09:55:00,1756.866699,-1.618190928918554e-171,1703.3422143162884,1456.4949252460078
2024-08-24 10:00:00,1792.366699,-1.618190928918554e-171,1737.6065082623659,1530.913861092591
2024-08-24 10:05:00,1827.099976,-1.618190928918554e-171,1770.2742559537455,1571.4462349407468
2024-08-24 10:10:00,1856.599976,-1.618190928918554e-171,1801.2947072797967,1805.9953898886297
2024-08-24 10:15:00,1887.066772,-1.618190928918554e-171,1830.6243679391569,1805.9953898886297
2024-08-24 10:20:00,1918.633301,-1.618190928918554e-171,1858.2270902679372,1844.2804298124656
2024-08-24 10:25:00,1950.566772,-1.618190928918554e-171,1884.0741176266938,1846.7391249417144
2024-08-24 10:30:00,1981.200073,-1.618190928918554e-171,1908.144081884233,1851.7302889241473
2024-08-24 10:35:00,2008.266602,-1.618190928918554e-171,1930.4229544014784,1856.1758749165913
2024-08-24 10:40:00,2032.033325,-1.618190928918554e-171,1950.9039515393777,1860.744130623092
2024-08-24 10:45:00,2048.766602,-1.618190928918554e-171,1969.5873954733447,1860.744130623092
2024-08-24 10:50:00,2056.666748,-1.618190928918554e-171,1986.4805317786856,1870.4033956611552
2024-08-24 10:55:00,2059.366455,-1.618190928918554e-171,2001.597305453845,1870.4033956611552
2024-08-24 11:00:00,2059.199951,-1.618190928918554e-171,2014.958097232725,2057.9383617795993
2024-08-24 11:05:00,2060.199951,-1.618190928918554e-171,2026.5894225122254,2057.9383617795993
2024-08-24 11:10:00,2059.333252,-1.618190928918554e-171,2036.5235952677074,2057.9383617795993
2024-08-24 11:15:00,2058.866699,-1.618190928918554e-171,2044.798359750992,2057.9383617795993
2024-08-24 11:20:00,2058.56665,-1.618190928918554e-171,2051.4564928054488,2058.154971394832
2024-08-24 11:25:00,2059.366699,-1.618190928918554e-171,2056.54537995217,2058.373450718001
2024-08-24 11:30:00,2059.033447,-1.618190928918554e-171,2060.116568531417,2058.373450718001
2024-08-24 11:35:00,2058.766602,-1.618190928918554e-171,2062.2253013073155,2058.412006479219
2024-08-24 11:40:00,2059.266602,-1.618190928918554e-171,2062.9300340700433,2058.412006479219
2024-08-24 11:45:00,2061.699951,-1.618190928918554e-171,2062.2919409501847,2058.4149108254096
2024-08-24 11:50:00,2061.699951,-1.618190928918554e-171,2060.3744110255852,2058.4149108254096
2024-08-24 11:55:00,2060.133057,-1.618190928918554e-171,2057.2425400800776,2058.360182463179
2024-08-24 12:00:00,2057.533447,-1.618190928918554e-171,2052.962621180138,2058.109924232799
2024-08-24 12:05:00,2056.93335,-1.618190928918554e-171,2047.6016378775103,2058.085811020636
2024-08-24 12:10:00,2057.099854,-1.618190928918554e-171,2041.226763661085,2058.0306418292234
2024-08-24 12:15:00,2057.533447,-1.618190928918554e-171,2033.9048713235823,2057.465632505556
2024-08-24 12:20:00,2057.666748,-1.618190928918554e-171,2025.7020557503718,2057.47951738708
2024-08-24 12:25:00,2057.699951,-1.618190928918554e-171,2016.6831734940044,2050.798004593302
2024-08-24 12:30:00,2057.533447,-1.618190928918554e-171,2006.9114024699866,2034.0627399914758
2024-08-24 12:35:00,2057.099854,-1.618190928918554e-171,1996.4478247174725,2051.4743713921607
2024-08-24 12:40:00,2057.900146,-1.618190928918554e-171,1985.3510352564447,2057.6270739885736
2024-08-24 12:45:00,2058.966553,-1.618190928918554e-171,1973.6767795628505,2050.5784906483323
2024-08-24 12:50:00,2061.700195,-1.618190928918554e-171,1961.4776221917189,2058.3725869461286
2024-08-24 12:55:00,2063.56665,-1.618190928918554e-171,1948.802648699713,2057.4175009479927
2024-08-24 13:00:00,2064.299805,-1.618190928918554e-171,1935.697202727138,2045.2620992464142
2024-08-24 13:05:00,2062.533447,-1.618190928918554e-171,1922.2026600190204,1958.3922906435898
2024-08-24 13:10:00,2060.366699,-1.618190928918554e-171,1908.3562405532346,2053.488133966951
2024-08-24 13:15:00,2059.366455,-1.618190928918554e-171,1894.1908598624107,1967.9473442045014
2024-08-24 13:20:00,2059.033447,-1.618190928918554e-171,1879.7350204793847,2012.7800606487956
2024-08-24 13:25:00,2058.199951,-1.618190928918554e-171,1865.0127436106923,2009.1122681001111
2024-08-24 13:30:00,2056.533203,-1.618190928918554e-171,1850.0435414125063,1946.7989991693262
2024-08-24 13:35:00,2055.733398,-1.618190928918554e-171,1834.8424295087568,1946.7988359814638
2024-08-24 13:40:00,2056.5,-1.618190928918554e-171,1819.4199794211934,1821.6254307855172
2024-08-24 13:45:00,2058.733398,-1.618190928918554e-171,1803.7824098909105,1996.7512037298343
2024-08-24 13:50:00,2061.600098,-1.618190928918554e-171,1787.931716153298,1952.1876521324657
2024-08-24 13:55:00,2062.06665,-1.618190928918554e-171,1771.865835655668,1936.0143027076156
2024-08-24 14:00:00,2061.333252,-1.618190928918554e-171,1755.5788486802571,1867.1375869504293
2024-08-24 14:05:00,2058.800049,-1.618190928918554e-171,1739.0612117953146,1941.463028107961
2024-08-24 14:10:00,2057.833252,-1.618190928918554e-171,1722.3000221100967,1927.4878767778266
2024-08-24 14:15:00,2056.699951,-1.618190928918554e-171,1705.279309779724,1871.137758343831
2024-08-24 14:20:00,2055.833252,-1.618190928918554e-171,1687.980356273623,1827.8727403240518
2024-08-24 14:25:00,2054.099854,-1.618190928918554e-171,1670.3820355642465,1986.4254463907137
2024-08-24 14:30:00,2052.466553,-1.618190928918554e-171,1652.4611752144892,1893.4698173648949
2024-08-24 14:35:00,2051.300049,-1.618190928918554e-171,1634.192934434303,1820.9515885267706
2024-08-24 14:40:00,2051.233398,-1.618190928918554e-171,1615.5511956741934,1732.403552383771
2024-08-24 14:45:00,2045.200073,-1.618190928918554e-171,1596.5089664647005,1691.4261821653072
2024-08-24 14:50:00,2034.866699,-1.618190928918554e-171,1577.0387884350014,1751.10961875765
2024-08-24 14:55:00,2017.700073,-1.618190928918554e-171,1557.113149572025,1712.332296362799
2024-08-24 15:00:00,1999.766724,-1.618190928918554e-171,1536.7048967253422,1514.7825438295706
2024-08-24 15:05:00,1975.799927,-1.618190928918554e-171,1515.7876446290186,1373.8948027056097
2024-08-24 15:10:00,1947.766602,-1.618190928918554e-171,1494.3361783625398,1386.4265865913867
2024-08-24 15:15:00,1923.099976,-1.618190928918554e-171,1472.3268456016594,1300.9932217227915
2024-08-24 15:20:00,1902.266602,-1.618190928918554e-171,1449.7379356628305,1267.5972144474608
2024-08-24 15:25:00,1882.400024,-1.618190928918554e-171,1426.5500421673385,1371.5690325393525
2024-08-24 15:30:00,1846.233398,-1.618190928918554e-171,1402.7464061887563,1520.1480531609877
2024-08-24 15:35:00,1799.966675,-1.618190928918554e-171,1378.3132375301147,1679.3867691079274
2024-08-24 15:40:00,1747.433228,-1.618190928918554e-171,1353.2400107965636,1240.6151985428473
2024-08-24 15:45:00,1701.933228,-1.618190928918554e-171,1327.519734584328,1317.1984823107823
2024-08-24 15:50:00,1658.200073,-1.618190928918554e-171,1301.1491909459103,1397.1162041199177
2024-08-24 15:55:00,1616.366699,-1.618190928918554e-171,1274.1291436473266,1400.9330537999801
2024-08-24 16:00:00,1575.566772,-1.618190928918554e-171,1246.4645130725107,1365.296859942721
2024-08-24 16:05:00,1534.299927,-1.618190928918554e-171,1218.1645168149087,1386.4741431067926
2024-08-24 16:10:00,1488.533203,-1.618190928918554e-171,1189.2427743099952,1380.834189388498
2024-08-24 16:15:00,1437.5,-1.618190928918554e-171,1159.7173747388345,1313.5971835982546
2024-08-24 16:20:00,1386.0,-1.618190928918554e-171,1129.6109080172348,1262.701782276228
2024-08-24 16:25:00,1339.399902,-1.618190928918554e-171,1098.950457857387,1260.569728737308
2024-08-24 16:30:00,1294.066772,-1.618190928918554e-171,1067.7675574554069,1239.494145183382
2024-08-24 16:35:00,1247.466675,-1.618190928918554e-171,1036.0981077225524,1244.6622284833911
2024-08-24 16:40:00,1200.43335,-1.618190928918554e-171,1003.9822590665563,1259.5746299254804
2024-08-24 16:45:00,1155.600098,-1.618190928918554e-171,971.4642570046288,1232.5214245887264
2024-08-24 16:50:00,1110.166626,-1.618190928918554e-171,938.5922532994693,1179.776511455965
2024-08-24 16:55:00,1055.5,-1.618190928918554e-171,905.4180836852821,1137.4679907552077
2024-08-24 17:00:00,990.833313,-1.618190928918554e-171,871.997013872502,992.1975221858634
2024-08-24 17:05:00,926.1333008,-1.618190928918554e-171,838.3874562229121,947.030348562086
2024-08-24 17:10:00,870.7999878,-1.618190928918554e-171,804.6506583720059,895.9235822050508
2024-08-24 17:15:00,823.2666626,-1.618190928918554e-171,770.8503670817718,873.7050937139442
2024-08-24 17:20:00,772.3666992,-1.618190928918554e-171,737.0524692100494,846.3011961472453
2024-08-24 17:25:00,719.6000366,-1.618190928918554e-171,703.3246129181064,849.2329742081085
2024-08-24 17:30:00,669.2000122,-1.618190928918554e-171,669.7358117217245,778.785415082802
2024-08-24 17:35:00,629.5333862,-1.618190928918554e-171,636.3560348201183,691.8530096166347
2024-08-24 17:40:00,588.3666382,-1.618190928918554e-171,603.2557863110593,699.2395649236348
2024-08-24 17:45:00,544.666687,-1.618190928918554e-171,570.5056767193751,694.3185315022789
2024-08-24 17:50:00,496.4666443,-1.618190928918554e-171,538.1759904937104,693.7153921931679
2024-08-24 17:55:00,452.0666504,-1.618190928918554e-171,506.33625199961705,676.4638563389035
2024-08-24 18:00:00,411.2333069,-1.618190928918554e-171,475.05479395627293,504.28886473990684
2024-08-24 18:05:00,373.0666504,-1.618190928918554e-171,444.3983312252638,504.8929091533735
2024-08-24 18:10:00,337.4666748,-1.618190928918554e-171,414.43154354298247,500.0768962565179
2024-08-24 18:15:00,305.8000183,-1.618190928918554e-171,385.2166699581882,506.85013575716476
2024-08-24 18:20:00,276.9666748,-1.618190928918554e-171,356.8131183608196,424.9301563576518
2024-08-24 18:25:00,255.2000122,-1.618190928918554e-171,329.27709297764727,422.5540624154709
2024-08-24 18:30:00,243.9499969,-1.618190928918554e-171,302.6612424545474,397.3821358960549
2024-08-24 18:35:00,213.5500031,-1.618190928918554e-171,277.0143317530031,393.5701844569882
2024-08-24 18:40:00,164.8999939,-1.618190928918554e-171,252.38093949705942,385.3622856802531
2024-08-24 18:45:00,124.2666626,-1.618190928918554e-171,228.80118386024395,369.57335058455624
2024-08-24 18:50:00,110.7999954,-1.618190928918554e-171,206.31047848055692,369.57335058455624
2024-08-24 18:55:00,104.6999969,-1.618190928918554e-171,184.93932052492542,370.42679429871043
2024-08-24 19:00:00,91.80000305,-1.618190928918554e-171,164.71311238734083,97.59521248018856
2024-08-24 19:05:00,70.44999695,-1.618190928918554e-171,145.6520182719921,96.37725277255372
2024-08-24 19:10:00,45.29999924,-1.618190928918554e-171,127.77085693804953,82.47263755392784
2024-08-24 19:15:00,26.40000153,-1.618190928918554e-171,111.07903096202047,64.61505654406335
2024-08-24 19:20:00,17.29999924,-1.618190928918554e-171,95.58049355532087,56.386291139731355
2024-08-24 19:25:00,13.40000057,-1.618190928918554e-171,81.27375259501503,37.800515813290644
2024-08-24 19:30:00,12.63333416,-1.618190928918554e-171,68.15191215317164,34.06279492938134
2024-08-24 19:35:00,0.0,-1.618190928918554e-171,56.20275095569975,35.55386307239619
2024-08-24 19:40:00,0.0,-1.618190928918554e-171,45.408837282604324,27.330531441110004
2024-08-24 19:45:00,0.0,-1.618190928918554e-171,35.74767918526007,24.17353449118746
2024-08-24 19:50:00,0.0,-1.618190928918554e-171,27.191908966369933,16.55145692539105
2024-08-24 19:55:00,0.0,-1.618190928918554e-171,19.709500413932638,14.611712173949945
2024-08-24 20:00:00,0.0,-1.618190928918554e-171,13.26401701593223,0.050555555555555555
2024-08-24 20:05:00,0.0,-1.618190928918554e-171,7.814889421213845,0.02866666793333333
2024-08-24 20:10:00,0.0,-1.618190928918554e-171,3.317719653660722,0.05733333586666666
2024-08-24 20:15:00,0.0,-1.618190928918554e-171,-0.2753899498270949,0.05733333586666666
2024-08-24 20:20:00,0.0,-1.618190928918554e-171,-3.0154858496631527,0.12222222222222223
2024-08-24 20:25:00,0.0,-1.618190928918554e-171,-4.956393068158415,0.0
2024-08-24 20:30:00,0.0,-1.618190928918554e-171,-6.154328486588512,0.0
2024-08-24 20:35:00,0.0,-1.618190928918554e-171,-6.667500652566192,0.11324074159444443
2024-08-24 20:40:00,0.0,-1.618190928918554e-171,-6.555699132530085,0.11324074159444443
2024-08-24 20:45:00,0.0,-1.618190928918554e-171,-5.879876602085611,0.11324074159444443
2024-08-24 20:50:00,0.0,-1.618190928918554e-171,-4.70172676837007,0.11324074159444443
2024-08-24 20:55:00,0.0,-1.618190928918554e-171,-3.083261480406895,0.25256667227
2024-08-24 21:00:00,0.0,-1.618190928918554e-171,-1.086390016396835,0.0
2024-08-24 21:05:00,0.0,-1.618190928918554e-171,1.2274960194146662,0.0
2024-08-24 21:10:00,0.0,-1.618190928918554e-171,3.7979293322770786,0.0
2024-08-24 21:15:00,0.0,-1.618190928918554e-171,6.565761811981648,0.0
2024-08-24 21:20:00,0.0,-1.618190928918554e-171,9.473544889102904,0.0
2024-08-24 21:25:00,0.0,-1.618190928918554e-171,12.465892443826943,0.0
2024-08-24 21:30:00,0.0,-1.618190928918554e-171,15.489823640956615,0.0
2024-08-24 21:35:00,0.0,-1.618190928918554e-171,18.495083136348875,0.0
2024-08-24 21:40:00,0.0,-1.618190928918554e-171,21.434436382174354,0.0
2024-08-24 21:45:00,0.0,-1.618190928918554e-171,24.263937875236955,0.0
2024-08-24 21:50:00,0.0,-1.618190928918554e-171,26.943170426410784,0.0
2024-08-24 21:55:00,0.0,-1.618190928918554e-171,29.435453872722963,0.0
2024-08-24 22:00:00,0.0,-1.618190928918554e-171,31.70802167900127,0.0
2024-08-24 22:05:00,0.0,-1.618190928918554e-171,33.732164415572804,0.0
2024-08-24 22:10:00,0.0,-1.618190928918554e-171,35.48333907860945,0.0
2024-08-24 22:15:00,0.0,-1.618190928918554e-171,36.9412437500995,0.0
2024-08-24 22:20:00,0.0,-1.618190928918554e-171,38.089857171930156,0.0
2024-08-24 22:25:00,0.0,-1.618190928918554e-171,38.9174432265914,0.0
2024-08-24 22:30:00,0.0,-1.618190928918554e-171,39.41652051548605,0.0
2024-08-24 22:35:00,0.0,-1.618190928918554e-171,39.583797546219294,0.0
2024-08-24 22:40:00,0.0,-1.618190928918554e-171,39.42007429772868,0.0
2024-08-24 22:45:00,0.0,-1.618190928918554e-171,38.93011121160472,0.0
2024-08-24 22:50:00,0.0,-1.618190928918554e-171,38.1224668960077,0.0
2024-08-24 22:55:00,0.0,-1.618190928918554e-171,37.00930612410303,0.0
2024-08-24 23:00:00,0.0,-1.618190928918554e-171,35.606179860947144,0.0
2024-08-24 23:05:00,0.0,-1.618190928918554e-171,33.93177939943691,0.0
2024-08-24 23:10:00,0.0,-1.618190928918554e-171,32.007666754331716,0.0
2024-08-24 23:15:00,0.0,-1.618190928918554e-171,29.857983754953132,0.0
2024-08-24 23:20:00,0.0,-1.618190928918554e-171,27.509142406663152,0.0
2024-08-24 23:25:00,0.0,-1.618190928918554e-171,24.989499229324764,0.0
2024-08-24 23:30:00,0.0,-1.618190928918554e-171,22.32901643514431,0.0
2024-08-24 23:35:00,0.0,-1.618190928918554e-171,19.558912866946994,0.0
2024-08-24 23:40:00,0.0,-1.618190928918554e-171,16.711307815044304,0.0
2024-08-24 23:45:00,0.0,-1.618190928918554e-171,13.818860638335758,0.0
2024-08-24 23:50:00,0.0,-1.618190928918554e-171,10.914409514165024,0.0
2024-08-24 23:55:00,0.0,-1.618190928918554e-171,8.03061226280978,0.14407407977777778
2024-08-25 00:00:00,0.0,-1.618190928918554e-171,5.199592457864119,0.0
2024-08-25 00:05:00,0.0,-1.618190928918554e-171,2.4525938480543195,0.0
2024-08-25 00:10:00,0.0,-1.618190928918554e-171,-0.18035391471670004,0.0
2024-08-25 00:15:00,0.0,-1.618190928918554e-171,-2.6707553251717098,0.0
2024-08-25 00:20:00,0.0,-1.618190928918554e-171,-4.991952087062087,0.0
2024-08-25 00:25:00,0.0,-1.618190928918554e-171,-7.119406521678302,0.0
2024-08-25 00:30:00,0.0,-1.618190928918554e-171,-9.03096287287533,0.0
2024-08-25 00:35:00,0.0,-1.618190928918554e-171,-10.707084125761492,0.0
2024-08-25 00:40:00,0.0,-1.618190928918554e-171,-12.131062334452137,0.0
2024-08-25 00:45:00,0.0,-1.618190928918554e-171,-13.289200488174744,0.0
2024-08-25 00:50:00,0.0,-1.618190928918554e-171,-14.170964297907185,0.0
2024-08-25 00:55:00,0.0,-1.618190928918554e-171,-14.76910247760944,0.0
2024-08-25 01:00:00,0.0,-1.618190928918554e-171,-15.079734371121615,0.0
2024-08-25 01:05:00,0.0,-1.618190928918554e-171,-15.102404034157681,0.0
2024-08-25 01:10:00,0.0,-1.618190928918554e-171,-14.840100174148663,0.0
2024-08-25 01:15:00,0.0,-1.618190928918554e-171,-14.29924161218202,0.0
2024-08-25 01:20:00,0.0,-1.618190928918554e-171,-13.489628200295417,0.0
2024-08-25 01:25:00,0.0,-1.618190928918554e-171,-12.42435749375592,0.0
2024-08-25 01:30:00,0.0,-1.618190928918554e-171,-11.119707650949103,0.0
2024-08-25 01:35:00,0.0,-1.618190928918554e-171,-9.594987401979534,0.0
2024-08-25 01:40:00,0.0,-1.618190928918554e-171,-7.872354156508759,0.0
2024-08-25 01:45:00,0.0,-1.618190928918554e-171,-5.9766016308107,0.0
2024-08-25 01:50:00,0.0,-1.618190928918554e-171,-3.934918579219402,0.0
2024-08-25 01:55:00,0.0,-1.618190928918554e-171,-1.77662051700783,0.0
2024-08-25 02:00:00,0.0,-1.618190928918554e-171,0.46714349071932165,0.0
2024-08-25 02:05:00,0.0,-1.618190928918554e-171,2.763706632819882,0.0
2024-08-25 02:10:00,0.0,-1.618190928918554e-171,5.079220249485705,0.0
2024-08-25 02:15:00,0.0,-1.618190928918554e-171,7.3790071500702075,0.0
2024-08-25 02:20:00,0.0,-1.618190928918554e-171,9.62792943725126,0.0
2024-08-25 02:25:00,0.0,-1.618190928918554e-171,11.79076790071085,0.0
2024-08-25 02:30:00,0.0,-1.618190928918554e-171,13.832609831475338,0.0
2024-08-25 02:35:00,0.0,-1.618190928918554e-171,15.719242067140584,0.0
2024-08-25 02:40:00,0.0,-1.618190928918554e-171,17.417545997725842,0.0
2024-08-25 02:45:00,0.0,-1.618190928918554e-171,18.89589120876564,0.0
2024-08-25 02:50:00,0.0,-1.618190928918554e-171,20.124524444473256,0.0
2024-08-25 02:55:00,0.0,-1.618190928918554e-171,21.0759505715453,0.0
2024-08-25 03:00:00,0.0,-1.618190928918554e-171,21.72530223718263,0.0
2024-08-25 03:05:00,0.0,-1.618190928918554e-171,22.05069505799284,0.0
2024-08-25 03:10:00,0.0,-1.618190928918554e-171,22.033565123762617,0.0
2024-08-25 03:15:00,0.0,-1.618190928918554e-171,21.658985874250128,0.0
2024-08-25 03:20:00,0.0,-1.618190928918554e-171,20.91596141580075,0.0
2024-08-25 03:25:00,0.0,-1.618190928918554e-171,19.79769357653682,0.0
2024-08-25 03:30:00,0.0,-1.618190928918554e-171,18.30182013222332,0.0
2024-08-25 03:35:00,0.0,-1.618190928918554e-171,16.43062191225498,0.0
2024-08-25 03:40:00,0.0,-1.618190928918554e-171,14.191196610743095,0.0
2024-08-25 03:45:00,0.0,-1.618190928918554e-171,11.595597446675182,0.0
2024-08-25 03:50:00,0.0,-1.618190928918554e-171,8.660935099219216,0.0
2024-08-25 03:55:00,0.0,-1.618190928918554e-171,5.409441433312396,0.0
2024-08-25 04:00:00,0.0,-1.618190928918554e-171,1.8684941456113175,0.0
2024-08-25 04:05:00,0.0,-1.618190928918554e-171,-1.9293986906353848,0.0
2024-08-25 04:10:00,0.0,-1.618190928918554e-171,-5.946654421100443,0.0
2024-08-25 04:15:00,0.0,-1.618190928918554e-171,-10.140712329650496,0.0
2024-08-25 04:20:00,0.0,-1.618190928918554e-171,-14.464170608480822,0.0
2024-08-25 04:25:00,0.0,-1.618190928918554e-171,-18.86496339560302,0.0
2024-08-25 04:30:00,0.0,-1.618190928918554e-171,-23.28657714660068,0.0
2024-08-25 04:35:00,0.0,-1.618190928918554e-171,-27.668305257165397,0.0
2024-08-25 04:40:00,0.0,-1.618190928918554e-171,-31.94553960233429,0.0
2024-08-25 04:45:00,0.0,-1.618190928918554e-171,-36.050097349627194,0.0
2024-08-25 04:50:00,0.0,-1.618190928918554e-171,-39.9105811685476,0.0
2024-08-25 04:55:00,0.0,-1.618190928918554e-171,-43.45277054238275,0.0
2024-08-25 05:00:00,0.0,-1.618190928918554e-171,-46.60004195725008,0.0
2024-08-25 05:05:00,0.0,-1.618190928918554e-171,-49.273815040214224,0.0
2024-08-25 05:10:00,0.0,-1.618190928918554e-171,-51.39402199330184,0.0
2024-08-25 05:15:00,0.0,-1.618190928918554e-171,-52.87959712804154,0.0
2024-08-25 05:20:00,0.0,-1.618190928918554e-171,-53.648983256101076,0.0
2024-08-25 05:25:00,0.0,-1.618190928918554e-171,-53.62065158091673,0.0
2024-08-25 05:30:00,0.0,-1.618190928918554e-171,-52.713631522019845,0.0
2024-08-25 05:35:00,0.0,-1.618190928918554e-171,-50.84804686830929,0.0
2024-08-25 05:40:00,0.0,-1.618190928918554e-171,-47.945654526471586,0.0
2024-08-25 05:45:00,0.0,-1.618190928918554e-171,-43.93038217177911,0.0
2024-08-25 05:50:00,0.0,-1.618190928918554e-171,-38.728860959162965,0.7685555436666667
2024-08-25 05:55:00,0.0,-1.618190928918554e-171,-32.270949593796836,0.7685555436666667
2024-08-25 06:00:00,0.0,-1.618190928918554e-171,-24.490245991128486,12.938420809130319
2024-08-25 06:05:00,0.0,-1.618190928918554e-171,-15.324582881532749,12.938420809130319
2024-08-25 06:10:00,0.0,-1.618190928918554e-171,-4.7165037827665195,12.938420809130319
2024-08-25 06:15:00,0.0,-1.618190928918554e-171,7.386284159285825,14.571087475616984
2024-08-25 06:20:00,0.0,-1.618190928918554e-171,21.030483682087482,19.13812096010366
2024-08-25 06:25:00,0.0,-1.618190928918554e-171,36.25681053203948,24.926033733960793
2024-08-25 06:30:00,0.0,-1.618190928918554e-171,53.099629197306804,26.17487815874968
2024-08-25 06:35:00,0.0,-1.618190928918554e-171,71.58662372648689,26.280744827449684
2024-08-25 06:40:00,0.0,-1.618190928918554e-171,91.7385065502331,30.520071050520794
2024-08-25 06:45:00,65.80000305,-1.618190928918554e-171,113.5687672595043,31.626608140465244
2024-08-25 06:50:00,85.69999695,-1.618190928918554e-171,137.08346354269577,32.78504467601635
2024-08-25 06:55:00,104.5999985,-1.618190928918554e-171,162.28105575378868,25.82338915423191
2024-08-25 07:00:00,125.5,-1.618190928918554e-171,189.15228681555448,528.2811827453811
2024-08-25 07:05:00,149.6000061,-1.618190928918554e-171,217.68010833006622,529.0861403903123
2024-08-25 07:10:00,189.8999939,-1.618190928918554e-171,247.83965386323962,530.212531582776
2024-08-25 07:15:00,240.0,-1.618190928918554e-171,279.598259665721,511.8319301284046
2024-08-25 07:20:00,283.8999939,-1.618190928918554e-171,312.91553315637094,510.3550598755157
2024-08-25 07:25:00,330.2999878,-1.618190928918554e-171,347.74346880218025,507.34150876648977
2024-08-25 07:30:00,376.7000122,-1.618190928918554e-171,384.02661106340867,555.1464177829164
2024-08-25 07:35:00,417.7999878,-1.618190928918554e-171,421.7022633647399,571.1477855407176
2024-08-25 07:40:00,474.2000122,-1.618190928918554e-171,460.70074197762676,576.5906011292883
2024-08-25 07:45:00,520.7999878,-1.618190928918554e-171,500.9456734737374,560.9404354394412
2024-08-25 07:50:00,573.0999756,-1.618190928918554e-171,542.3543335461542,530.329655077527
2024-08-25 07:55:00,622.5,-1.618190928918554e-171,584.8380255914412,446.7118085120604
2024-08-25 08:00:00,672.0999756,-1.618190928918554e-171,628.302496644228,1000.5121083737135
2024-08-25 08:05:00,720.5999756,-1.618190928918554e-171,672.6483872926111,1006.0452657386746
2024-08-25 08:10:00,774.5999756,-1.618190928918554e-171,717.7717139365877,886.8281347071618
2024-08-25 08:15:00,824.7000122,-1.618190928918554e-171,763.5643792326623,870.0823140286566
2024-08-25 08:20:00,888.9000244,-1.618190928918554e-171,809.9147081710724,846.1062563321218
2024-08-25 08:25:00,865.2000122,-1.618190928918554e-171,856.7080056221537,844.0588250383662
2024-08-25 08:30:00,999.2000122,-1.618190928918554e-171,903.8271324516311,800.2997140317552
2024-08-25 08:35:00,1078.099976,-1.618190928918554e-171,951.1530959594538,803.853179869948
2024-08-25 08:40:00,1050.299927,-1.618190928918554e-171,998.5656509158547,804.7361715453342
2024-08-25 08:45:00,1096.06665,-1.618190928918554e-171,1045.9439076420717,795.0889752019992
2024-08-25 08:50:00,1132.766724,-1.618190928918554e-171,1093.1669421521356,826.4839142263073
2024-08-25 08:55:00,1187.333374,-1.618190928918554e-171,1140.1144058813013,824.9655830446992
2024-08-25 09:00:00,1236.93335,-1.618190928918554e-171,1186.667129536308,1301.2242458195733
2024-08-25 09:05:00,1285.066772,-1.618190928918554e-171,1232.7077182600358,1302.021434476745
2024-08-25 09:10:00,1332.0,-1.618190928918554e-171,1278.1211335098724,1306.9707740149042
2024-08-25 09:15:00,1378.666626,-1.618190928918554e-171,1322.7952584520979,1329.497196134359
2024-08-25 09:20:00,1423.633301,-1.618190928918554e-171,1366.6214425700607,1344.5456288173796
2024-08-25 09:25:00,1467.433228,-1.618190928918554e-171,1409.495022640917,1346.112514623602
2024-08-25 09:30:00,1508.700073,-1.618190928918554e-171,1451.3158166066696,1331.4712670512
2024-08-25 09:35:00,1549.5,-1.618190928918554e-171,1491.9885865273354,1345.767270395501
2024-08-25 09:40:00,1588.733398,-1.618190928918554e-171,1531.423468849007,1346.8545143081997
2024-08-25 09:45:00,1627.633423,-1.618190928918554e-171,1569.5363684033066,1347.5386464067
2024-08-25 09:50:00,1665.766602,-1.618190928918554e-171,1606.2493142390147,1347.9261942462927
2024-08-25 09:55:00,1704.133423,-1.618190928918554e-171,1641.4907746859885,1328.9705741706618
2024-08-25 10:00:00,1739.933228,-1.618190928918554e-171,1675.1959303578114,1786.2205382341642
2024-08-25 10:05:00,1774.133301,-1.618190928918554e-171,1707.3069030850406,1786.5622206341643
2024-08-25 10:10:00,1807.533325,-1.618190928918554e-171,1737.7729397497096,1793.5926673406668
2024-08-25 10:15:00,1845.433228,-1.618190928918554e-171,1766.5505502335545,1793.250984940667
2024-08-25 10:20:00,1877.033203,-1.618190928918554e-171,1793.603598336576,1794.410753420793
2024-08-25 10:25:00,1908.933228,-1.618190928918554e-171,1818.9033462831442,1788.494568593682
2024-08-25 10:30:00,1934.333374,-1.618190928918554e-171,1842.4284520258152,1792.2044151543034
2024-08-25 10:35:00,1969.633301,-1.618190928918554e-171,1864.1649203498393,1814.316517286477
2024-08-25 10:40:00,1999.033325,-1.618190928918554e-171,1884.1060081798041,1811.5539431968098
2024-08-25 10:45:00,2025.766602,-1.618190928918554e-171,1902.2520853164292,1843.1020767212283
2024-08-25 10:50:00,2040.966797,-1.618190928918554e-171,1918.6104517620658,1822.8977425414157
2024-08-25 10:55:00,2050.833252,-1.618190928918554e-171,1933.1951135036516,1820.5899651854738
2024-08-25 11:00:00,2054.800049,-1.618190928918554e-171,1946.0265186617305,2019.0579295268892
2024-08-25 11:05:00,2056.300049,-1.618190928918554e-171,1957.131255955289,2019.0579295268892
2024-08-25 11:10:00,2056.199951,-1.618190928918554e-171,1966.5417183754926,2019.0579295268892
2024-08-25 11:15:00,2056.833252,-1.618190928918554e-171,1974.2957344498334,2019.779601073921
2024-08-25 11:20:00,2055.866455,-1.618190928918554e-171,1980.4361701711912,2019.779601073921
2024-08-25 11:25:00,2056.733398,-1.618190928918554e-171,1985.0105046171557,2025.4341279412763
2024-08-25 11:30:00,2057.199951,-1.618190928918554e-171,1988.0703826415393,2025.4341279412763
2024-08-25 11:35:00,2059.833252,-1.618190928918554e-171,1989.67114799009,2025.4341279412763
2024-08-25 11:40:00,2060.43335,-1.618190928918554e-171,1989.8713604227248,2041.5229022536084
2024-08-25 11:45:00,2060.899902,-1.618190928918554e-171,1988.7323004845846,2041.5229022536084
2024-08-25 11:50:00,2059.766602,-1.618190928918554e-171,1986.3174656129793,2041.5229022536084
2024-08-25 11:55:00,2059.533447,-1.618190928918554e-171,1982.692061348558,2041.5229022536084
2024-08-25 12:00:00,2058.900146,-1.618190928918554e-171,1977.922491415035,2040.7432767138257
2024-08-25 12:05:00,2059.099854,-1.618190928918554e-171,1972.0758503666948,2056.001109336565
2024-08-25 12:10:00,2058.900146,-1.618190928918554e-171,1965.219422536233,2055.9370958776763
2024-08-25 12:15:00,2060.400146,-1.618190928918554e-171,1957.420190896293,2055.8241114633024
2024-08-25 12:20:00,2060.699951,-1.618190928918554e-171,1948.7443593220999,2055.7951482601443
2024-08-25 12:25:00,2060.766602,-1.618190928918554e-171,1939.256891758988,2055.743684608042
2024-08-25 12:30:00,2058.599854,-1.618190928918554e-171,1929.0210713616143,2055.896950304088
2024-08-25 12:35:00,2056.733398,-1.618190928918554e-171,1918.0980829271211,2055.26933543501
2024-08-25 12:40:00,2057.300049,-1.618190928918554e-171,1906.5466212673202,2055.3259179495103
2024-08-25 12:45:00,2059.033203,-1.618190928918554e-171,1894.4225283517328,2055.2755222122923
2024-08-25 12:50:00,2062.333252,-1.618190928918554e-171,1881.7784615433752,2054.6321155198207
2024-08-25 12:55:00,2063.149902,-1.618190928918554e-171,1868.6635952559097,2055.3815606572625
2024-08-25 13:00:00,2060.0,-1.618190928918554e-171,1855.1233577648882,2041.8662409342876
2024-08-25 13:05:00,2057.049805,-1.618190928918554e-171,1841.1992049436228,1968.2336897283049
2024-08-25 13:10:00,2057.766602,-1.618190928918554e-171,1826.9284322338126,1881.7544765372745
2024-08-25 13:15:00,2059.266602,-1.618190928918554e-171,1812.3440258041715,1926.0288248807847
2024-08-25 13:20:00,1963.799805,-1.618190928918554e-171,1797.474553874959,1957.8715502437224
2024-08-25 13:25:00,1954.766602,-1.618190928918554e-171,1782.3440983117387,1952.0851086578843
2024-08-25 13:30:00,1945.266602,-1.618190928918554e-171,1766.9722268858209,1967.5186509126286
2024-08-25 13:35:00,2034.766602,-1.618190928918554e-171,1751.3740058207786,1988.217628444747
2024-08-25 13:40:00,2041.666626,-1.618190928918554e-171,1735.5600522177388,1964.3704356627857
2024-08-25 13:45:00,2048.93335,-1.618190928918554e-171,1719.5366255201168,1941.6522991816043
2024-08-25 13:50:00,2052.5,-1.618190928918554e-171,1703.305756852942,1866.4333561942485
2024-08-25 13:55:00,2053.800049,-1.618190928918554e-171,1686.8654150317727,1780.388801255504
2024-08-25 14:00:00,2054.900146,-1.618190928918554e-171,1670.209707221527,1474.7281562073701
2024-08-25 14:05:00,2055.633545,-1.618190928918554e-171,1653.3291127870725,1491.7911656266283
2024-08-25 14:10:00,2055.5,-1.618190928918554e-171,1636.2107477104025,1597.0202492012502
2024-08-25 14:15:00,2056.06665,-1.618190928918554e-171,1618.8386574273927,1534.8674627592582
2024-08-25 14:20:00,2057.599854,-1.618190928918554e-171,1601.194135442634,1669.871473425212
2024-08-25 14:25:00,2058.93335,-1.618190928918554e-171,1583.2560647929586,1584.485525881486
2024-08-25 14:30:00,2060.233398,-1.618190928918554e-171,1565.001279628804,1620.6885120025813
2024-08-25 14:35:00,2061.733398,-1.618190928918554e-171,1546.4049435374418,1666.6759743015243
2024-08-25 14:40:00,2061.900146,-1.618190928918554e-171,1527.4409415966777,1770.5912129317114
2024-08-25 14:45:00,1991.900024,-1.618190928918554e-171,1508.0822826142132,1722.4976061035775
2024-08-25 14:50:00,1894.900024,-1.618190928918554e-171,1488.3015085726145,1703.482254994074
2024-08-25 14:55:00,1750.333374,-1.618190928918554e-171,1468.0711072667814,1664.972315627272
2024-08-25 15:00:00,1699.700073,-1.618190928918554e-171,1447.3639252873922,1595.0675229290441
2024-08-25 15:05:00,1442.449951,-1.618190928918554e-171,1426.1535774661825,1684.745905192081
2024-08-25 15:10:00,1438.099976,-1.618190928918554e-171,1404.414849688832,1744.7636917349002
2024-08-25 15:15:00,2059.399902,-1.618190928918554e-171,1382.124091595838,1751.9923507504786
2024-08-25 15:20:00,1904.099854,-1.618190928918554e-171,1359.259595963219,1790.5839958114977
2024-08-25 15:25:00,1904.100098,-1.618190928918554e-171,1335.801961815115,1782.5297733797393
2024-08-25 15:30:00,1584.100098,-1.618190928918554e-171,1311.7344378637597,1763.3594271344828
2024-08-25 15:35:00,1792.800049,-1.618190928918554e-171,1287.0432441137727,1679.0394926385031
2024-08-25 15:40:00,2052.899902,-1.618190928918554e-171,1261.7178683148024,1544.2166482298223
2024-08-25 15:45:00,1922.833374,-1.618190928918554e-171,1235.7513352946996,1240.8869492022538
2024-08-25 15:50:00,2005.099976,-1.618190928918554e-171,1209.1404468006833,1122.860929810462
2024-08-25 15:55:00,1906.533203,-1.618190928918554e-171,1181.885989813487,1116.8191872769632
2024-08-25 16:00:00,1898.400024,-1.618190928918554e-171,1153.9929118373252,771.3389959755497
2024-08-25 16:05:00,1589.699951,-1.618190928918554e-171,1125.4704614647026,745.6760146507389
2024-08-25 16:10:00,1097.399902,-1.618190928918554e-171,1096.33229316398,326.9761323017617
2024-08-25 16:15:00,1457.400024,-1.618190928918554e-171,1066.5965352722255,405.261639885892
2024-08-25 16:20:00,1459.100098,-1.618190928918554e-171,1036.2858209968047,547.5562367463488
2024-08-25 16:25:00,1565.800049,-1.618190928918554e-171,1005.4272814900637,532.9477808573128
2024-08-25 16:30:00,1512.300171,-1.618190928918554e-171,974.0525013865347,507.3514712615316
2024-08-25 16:35:00,1536.5,-1.618190928918554e-171,942.1974371676582,481.71948133305966
2024-08-25 16:40:00,1521.850098,-1.618190928918554e-171,909.902298573871,541.4665239061701
2024-08-25 16:45:00,1302.799927,-1.618190928918554e-171,877.2113942430303,572.1705912019286
2024-08-25 16:50:00,1187.5,-1.618190928918554e-171,844.1729424803955,595.7559230551404
2024-08-25 16:55:00,1016.0,-1.618190928918554e-171,810.8388489287246,589.4004918681225
2024-08-25 17:00:00,923.0499878,-1.618190928918554e-171,777.2644522027088,371.19217850862066
2024-08-25 17:05:00,725.4500122,-1.618190928918554e-171,743.5082402775045,364.79717676566776
2024-08-25 17:10:00,478.0333557,-1.618190928918554e-171,709.6315388730309,273.3780847623144
2024-08-25 17:15:00,450.1000061,-1.618190928918554e-171,675.6981748311916,231.529751532938
2024-08-25 17:20:00,429.6666565,-1.618190928918554e-171,641.7741168223081,269.5261889102786
2024-08-25 17:25:00,432.5666809,-1.618190928918554e-171,607.9270960271481,250.5234987519936
2024-08-25 17:30:00,419.7666931,-1.618190928918554e-171,574.2262100134458,328.69188178275095
2024-08-25 17:35:00,413.1999817,-1.618190928918554e-171,540.7415123900192,387.2381758764289
2024-08-25 17:40:00,391.1333313,-1.618190928918554e-171,507.54359174141786,422.18252276987204
2024-08-25 17:45:00,361.7333069,-1.618190928918554e-171,474.70314264910553,428.04724090263295
2024-08-25 17:50:00,334.4666748,-1.618190928918554e-171,442.2905327736381,422.3629170954234
2024-08-25 17:55:00,313.6000061,-1.618190928918554e-171,410.37536840601354,437.7245355669829
2024-08-25 18:00:00,295.166687,-1.618190928918554e-171,379.0260623590084,115.85039215197936
2024-08-25 18:05:00,296.5333557,-1.618190928918554e-171,348.3094075232154,113.73268844640164
2024-08-25 18:10:00,293.0,-1.618190928918554e-171,318.2901589625221,113.01821294261826
2024-08-25 18:15:00,298.6000061,-1.618190928918554e-171,289.03062803620827,92.40106592806417
2024-08-25 18:20:00,285.9333191,-1.618190928918554e-171,260.59029152407675,97.98073555497815
2024-08-25 18:25:00,283.6499939,-1.618190928918554e-171,233.02541864376866,96.35897573094786
2024-08-25 18:30:00,239.3666534,-1.618190928918554e-171,206.3887189749514,88.938584089602
2024-08-25 18:35:00,208.7333221,-1.618190928918554e-171,180.72901374287397,136.61132361346463
2024-08-25 18:40:00,199.6999969,-1.618190928918554e-171,156.09093312219142,166.71007849846785
2024-08-25 18:45:00,165.75,-1.618190928918554e-171,132.5146416468376,172.82464840289416
2024-08-25 18:50:00,132.4500122,-1.618190928918554e-171,110.03559397656811,184.01681498405244
2024-08-25 18:55:00,108.9999924,-1.618190928918554e-171,88.68432266412563,234.80819818019674
2024-08-25 19:00:00,85.75,-1.618190928918554e-171,68.48625974792796,13.280859633930918
2024-08-25 19:05:00,56.79999924,-1.618190928918554e-171,49.46159318064249,12.705150913942107
2024-08-25 19:10:00,33.34999847,-1.618190928918554e-171,31.625159397179225,27.92206219291004
2024-08-25 19:15:00,23.55000114,-1.618190928918554e-171,14.986372549212373,50.97617459326403
2024-08-25 19:20:00,19.45000076,-1.618190928918554e-171,-0.4508087002291107,27.507358930066427
2024-08-25 19:25:00,14.5666666,-1.618190928918554e-171,-14.687877169924297,9.198364262220764
2024-08-25 19:30:00,12.9333334,-1.618190928918554e-171,-27.731735597059497,27.18827988078914
2024-08-25 19:35:00,0.0,-1.618190928918554e-171,-39.59461803029465,51.57309576869461
2024-08-25 19:40:00,0.0,-1.618190928918554e-171,-50.2939748962382,51.23143145261255
2024-08-25 19:45:00,0.0,-1.618190928918554e-171,-59.85232258067037,58.31216422473249
2024-08-25 19:50:00,0.0,-1.618190928918554e-171,-68.29705876233274,50.99710168355889
2024-08-25 19:55:00,0.0,-1.618190928918554e-171,-75.66024498752321,51.76050669346943
2024-08-25 20:00:00,0.0,-1.618190928918554e-171,-81.97835813078434,0.18052592828222222
2024-08-25 20:05:00,0.0,-1.618190928918554e-171,-87.29201273331404,0.6260285574885713
2024-08-25 20:10:00,0.0,-1.618190928918554e-171,-91.64565641564359,0.6692507814219048
2024-08-25 20:15:00,0.0,-1.618190928918554e-171,-95.08724060854033,0.7195841096219047
2024-08-25 20:20:00,0.0,-1.618190928918554e-171,-97.66786934135305,0.6692507814219048
2024-08-25 20:25:00,0.0,-1.618190928918554e-171,-99.44142857447075,0.46230634125523806
2024-08-25 20:30:00,0.0,-1.618190928918554e-171,-100.4641991316389,0.5055285651885714
2024-08-25 20:35:00,0.0,-1.618190928918554e-171,-100.79445607778092,0.5055285651885714
2024-08-25 20:40:00,0.0,-1.618190928918554e-171,-100.49205766209091,0.23198148195555557
2024-08-25 20:45:00,0.0,-1.618190928918554e-171,-99.61802696396674,0.2752037058888889
2024-08-25 20:50:00,0.0,-1.618190928918554e-171,-98.23412940636423,0.5055285651885714
2024-08-25 20:55:00,0.0,-1.618190928918554e-171,-96.40244938638773,0.2575814919555556
2024-08-25 21:00:00,0.0,-1.618190928918554e-171,-94.18496917178449,0.0
2024-08-25 21:05:00,0.0,-1.618190928918554e-171,-91.64315334902669,0.0
2024-08-25 21:10:00,0.0,-1.618190928918554e-171,-88.83754177202727,0.0
2024-08-25 21:15:00,0.0,-1.618190928918554e-171,-85.82735429403623,0.0
2024-08-25 21:20:00,0.0,-1.618190928918554e-171,-82.67010998716998,0.0
2024-08-25 21:25:00,0.0,-1.618190928918554e-171,-79.42126388910236,0.0
2024-08-25 21:30:00,0.0,-1.618190928918554e-171,-76.13386380944627,0.0
2024-08-25 21:35:00,0.0,-1.618190928918554e-171,-72.85822977891709,0.0
2024-08-25 21:40:00,0.0,-1.618190928918554e-171,-69.64165845518424,0.0
2024-08-25 21:45:00,0.0,-1.618190928918554e-171,-66.52815459753216,0.0
2024-08-25 21:50:00,0.0,-1.618190928918554e-171,-63.55819152760694,0.0
2024-08-25 21:55:00,0.0,-1.618190928918554e-171,-60.76850223919969,0.0
2024-08-25 22:00:00,0.0,-1.618190928918554e-171,-58.19190257234529,0.0
2024-08-25 22:05:00,0.0,-1.618190928918554e-171,-55.85714762375974,0.0
2024-08-25 22:10:00,0.0,-1.618190928918554e-171,-53.788822295406355,0.0
2024-08-25 22:15:00,0.0,-1.618190928918554e-171,-52.00726655066842,0.0
2024-08-25 22:20:00,0.0,-1.618190928918554e-171,-50.528535813168126,0.0
2024-08-25 22:25:00,0.0,-1.618190928918554e-171,-49.36439647253093,0.0
2024-08-25 22:30:00,0.0,-1.618190928918554e-171,-48.52235633506656,0.0
2024-08-25 22:35:00,0.0,-1.618190928918554e-171,-48.00572950663568,0.0
2024-08-25 22:40:00,0.0,-1.618190928918554e-171,-47.81373492318676,0.0
2024-08-25 22:45:00,0.0,-1.618190928918554e-171,-47.94162749730976,0.0
2024-08-25 22:50:00,0.0,-1.618190928918554e-171,-48.38086057240877,0.0
2024-08-25 22:55:00,0.0,-1.618190928918554e-171,-49.119278132078094,0.0
2024-08-25 23:00:00,0.0,-1.618190928918554e-171,-50.14133498529855,0.0
2024-08-25 23:05:00,0.0,-1.618190928918554e-171,-51.428342891928594,0.0
2024-08-25 23:10:00,0.0,-1.618190928918554e-171,-52.9587404399106,0.0
2024-08-25 23:15:00,0.0,-1.618190928918554e-171,-54.70838424882003,0.0
2024-08-25 23:20:00,0.0,-1.618190928918554e-171,-56.65085892980968,0.0
2024-08-25 23:25:00,0.0,-1.618190928918554e-171,-58.75780307691247,0.0
2024-08-25 23:30:00,0.0,-1.618190928918554e-171,-60.99924844350795,0.0
2024-08-25 23:35:00,0.0,-1.618190928918554e-171,-63.34396933759936,0.0
2024-08-25 23:40:00,0.0,-1.618190928918554e-171,-65.75983920985412,0.0
2024-08-25 23:45:00,0.0,-1.618190928918554e-171,-68.21419136455377,0.0
2024-08-25 23:50:00,0.0,-1.618190928918554e-171,-70.67418059776523,0.0
2024-08-25 23:55:00,0.0,-1.618190928918554e-171,-73.10714273556549,0.0
2024-08-26 00:00:00,0.0,-1.618190928918554e-171,-75.48094888632927,0.0
2024-08-26 00:05:00,0.0,-1.618190928918554e-171,-77.76435137519333,0.0
2024-08-26 00:10:00,0.0,-1.618190928918554e-171,-79.92731835044236,0.0
2024-08-26 00:15:00,0.0,-1.618190928918554e-171,-81.94135416872885,0.0
2024-08-26 00:20:00,0.0,-1.618190928918554e-171,-83.77980276225657,0.0
2024-08-26 00:25:00,0.0,-1.618190928918554e-171,-85.41813133899737,0.0
2024-08-26 00:30:00,0.0,-1.618190928918554e-171,-86.83419195118917,0.0
2024-08-26 00:35:00,0.0,-1.618190928918554e-171,-88.00845855865616,0.0
2024-08-26 00:40:00,0.0,-1.618190928918554e-171,-88.924237568297,0.0
2024-08-26 00:45:00,0.0,-1.618190928918554e-171,-89.56784988732844,0.0
2024-08-26 00:50:00,0.0,-1.618190928918554e-171,-89.92878286107859,0.0
2024-08-26 00:55:00,0.0,-1.618190928918554e-171,-89.99981067757098,0.0
2024-08-26 01:00:00,0.0,-1.618190928918554e-171,-89.7770820770812,0.0
2024-08-26 01:05:00,0.0,-1.618190928918554e-171,-89.26017449750567,0.0
2024-08-26 01:10:00,0.0,-1.618190928918554e-171,-88.45211402279568,0.0
2024-08-26 01:15:00,0.0,-1.618190928918554e-171,-87.35936082959275,0.0
2024-08-26 01:20:00,0.0,-1.618190928918554e-171,-85.99176004525555,0.0
2024-08-26 01:25:00,0.0,-1.618190928918554e-171,-84.362458359313,0.0
2024-08-26 01:30:00,0.0,-1.618190928918554e-171,-82.48778675452398,0.0
2024-08-26 01:35:00,0.0,-1.618190928918554e-171,-80.38711035864848,0.0
2024-08-26 01:40:00,0.0,-1.618190928918554e-171,-78.08264634515952,0.0
2024-08-26 01:45:00,0.0,-1.618190928918554e-171,-75.5992513375115,0.0
2024-08-26 01:50:00,0.0,-1.618190928918554e-171,-72.9641798941831,0.0
2024-08-26 01:55:00,0.0,-1.618190928918554e-171,-70.20681595371144,0.0
2024-08-26 02:00:00,0.0,-1.618190928918554e-171,-67.35837930825849,0.0
2024-08-26 02:05:00,0.0,-1.618190928918554e-171,-64.45160949401358,0.0
2024-08-26 02:10:00,0.0,-1.618190928918554e-171,-61.520429518892904,0.0
2024-08-26 02:15:00,0.0,-1.618190928918554e-171,-58.5995921990257,0.0
2024-08-26 02:20:00,0.0,-1.618190928918554e-171,-55.72431194501967,0.0
2024-08-26 02:25:00,0.0,-1.618190928918554e-171,-52.92988497322134,0.0
2024-08-26 02:30:00,0.0,-1.618190928918554e-171,-50.25130108952153,0.0
2024-08-26 02:35:00,0.0,-1.618190928918554e-171,-47.72285024113488,0.0
2024-08-26 02:40:00,0.0,-1.618190928918554e-171,-45.377727103057346,0.0
2024-08-26 02:45:00,0.0,-1.618190928918554e-171,-43.24763701239712,0.0
2024-08-26 02:50:00,0.0,-1.618190928918554e-171,-41.36240662039791,0.0
2024-08-26 02:55:00,0.0,-1.618190928918554e-171,-39.749602526547626,0.0
2024-08-26 03:00:00,0.0,-1.618190928918554e-171,-38.43416122809367,0.0
2024-08-26 03:05:00,0.0,-1.618190928918554e-171,-37.438033574574426,0.0
2024-08-26 03:10:00,0.0,-1.618190928918554e-171,-36.779846914885155,0.0
2024-08-26 03:15:00,0.0,-1.618190928918554e-171,-36.47458787215054,0.0
2024-08-26 03:20:00,0.0,-1.618190928918554e-171,-36.53330875302028,0.0
2024-08-26 03:25:00,0.0,-1.618190928918554e-171,-36.96286018178,0.0
2024-08-26 03:30:00,0.0,-1.618190928918554e-171,-37.7656526479324,0.0
2024-08-26 03:35:00,0.0,-1.618190928918554e-171,-38.939449175494175,0.0
2024-08-26 03:40:00,0.0,-1.618190928918554e-171,-40.47719133805434,0.0
2024-08-26 03:45:00,0.0,-1.618190928918554e-171,-42.36686043055881,0.0
2024-08-26 03:50:00,0.0,-1.618190928918554e-171,-44.59137546452023,0.0
2024-08-26 03:55:00,0.0,-1.618190928918554e-171,-47.128529319648266,0.0
2024-08-26 04:00:00,0.0,-1.618190928918554e-171,-49.95096412936132,0.0
2024-08-26 04:05:00,0.0,-1.618190928918554e-171,-53.026186700121926,0.0
2024-08-26 04:10:00,0.0,-1.618190928918554e-171,-56.31662437496315,0.0
2024-08-26 04:15:00,0.0,-1.618190928918554e-171,-59.77972167216686,0.0
2024-08-26 04:20:00,0.0,-1.618190928918554e-171,-63.36807734924503,0.0
2024-08-26 04:25:00,0.0,-1.618190928918554e-171,-67.02962165690238,0.0
2024-08-26 04:30:00,0.0,-1.618190928918554e-171,-70.7078329078249,0.0
2024-08-26 04:35:00,0.0,-1.618190928918554e-171,-74.34199237375823,0.0
2024-08-26 04:40:00,0.0,-1.618190928918554e-171,-77.86747610089408,0.0
2024-08-26 04:45:00,0.0,-1.618190928918554e-171,-81.21608207619421,0.0
2024-08-26 04:50:00,0.0,-1.618190928918554e-171,-84.3163907728136,0.0
2024-08-26 04:55:00,0.0,-1.618190928918554e-171,-87.09415691383514,0.0
2024-08-26 05:00:00,0.0,-1.618190928918554e-171,-89.47273002285475,0.0
2024-08-26 05:05:00,0.0,-1.618190928918554e-171,-91.37350106925076,0.0
2024-08-26 05:10:00,0.0,-1.618190928918554e-171,-92.71637236676767,0.0
2024-08-26 05:15:00,0.0,-1.618190928918554e-171,-93.42024758797847,0.0
2024-08-26 05:20:00,0.0,-1.618190928918554e-171,-93.40353869790178,0.0
2024-08-26 05:25:00,0.0,-1.618190928918554e-171,-92.58468636294792,0.0
2024-08-26 05:30:00,0.0,-1.618190928918554e-171,-90.88269031980239,0.0
2024-08-26 05:35:00,0.0,-1.618190928918554e-171,-88.21764606818878,0.0
2024-08-26 05:40:00,0.0,-1.618190928918554e-171,-84.51128419405515,0.0
2024-08-26 05:45:00,0.0,-1.618190928918554e-171,-79.68750852284828,0.0
2024-08-26 05:50:00,0.0,-1.618190928918554e-171,-73.67292942597761,0.0
2024-08-26 05:55:00,0.0,-1.618190928918554e-171,-66.3973883934109,0.0
2024-08-26 06:00:00,0.0,-1.618190928918554e-171,-57.79447023072169,13.17735564412
2024-08-26 06:05:00,0.0,-1.618190928918554e-171,-47.80199914807613,6.771233401792221
2024-08-26 06:10:00,0.0,-1.618190928918554e-171,-36.36251524114354,4.493988952603332
2024-08-26 06:15:00,0.0,-1.618190928918554e-171,-23.42372779985506,4.493988952603332
2024-08-26 06:20:00,0.0,-1.618190928918554e-171,-8.93894219742304,4.493988952603332
2024-08-26 06:25:00,0.0,-1.618190928918554e-171,7.132542805016297,4.104211171425554
2024-08-26 06:30:00,0.0,-1.618190928918554e-171,24.82507043249033,2.8192111714255557
2024-08-26 06:35:00,0.0,-1.618190928918554e-171,44.16629635909657,2.9979413422588888
2024-08-26 06:40:00,0.0,-1.618190928918554e-171,65.1768972943935,2.504407986558889
2024-08-26 06:45:00,0.0,-1.618190928918554e-171,87.87031944166371,2.504407986558889
2024-08-26 06:50:00,59.79999924,-1.618190928918554e-171,112.25256921739772,6.238742892048096
2024-08-26 06:55:00,63.5,-1.618190928918554e-171,138.32204772770095,6.238742892048096
2024-08-26 07:00:00,100.5999985,-1.618190928918554e-171,166.06943047805896,226.83044503518346
2024-08-26 07:05:00,161.6000061,-1.618190928918554e-171,195.47759352035038,226.83044503518346
2024-08-26 07:10:00,192.5,-1.618190928918554e-171,226.52158650210905,275.4752613033571
2024-08-26 07:15:00,243.3999939,-1.618190928918554e-171,259.16865371509044,276.4617130208304
2024-08-26 07:20:00,293.8999939,-1.618190928918554e-171,293.37830233409176,276.4617130208304
2024-08-26 07:25:00,268.6333313,-1.618190928918554e-171,329.10241867518727,314.89709089476173
2024-08-26 07:30:00,376.1000061,-1.618190928918554e-171,366.28543117019046,317.6224103751078
2024-08-26 07:35:00,431.2999878,-1.618190928918554e-171,404.86451959853076,354.71917298201265
2024-08-26 07:40:00,466.5,-1.618190928918554e-171,444.7698693224172,356.161268926046
2024-08-26 07:45:00,514.0,-1.618190928918554e-171,485.9249688182459,314.4665717249523
2024-08-26 07:50:00,561.7000122,-1.618190928918554e-171,528.2469491021552,317.03444965455225
2024-08-26 07:55:00,607.7999878,-1.618190928918554e-171,571.6469625738854,317.03444965455225
2024-08-26 08:00:00,659.2999878,-1.618190928918554e-171,616.0305994135864,945.2438694037739
2024-08-26 08:05:00,640.8666382,-1.618190928918554e-171,661.2983379432148,942.2516474036789
2024-08-26 08:10:00,758.5999756,-1.618190928918554e-171,707.3460274782478,942.2516474036789
2024-08-26 08:15:00,818.0,-1.618190928918554e-171,754.065399178035,797.4730409715713
2024-08-26 08:20:00,795.8999634,-1.618190928918554e-171,801.3446026820958,797.4730409715713
2024-08-26 08:25:00,829.2333374,-1.618190928918554e-171,849.0687643450019,797.4730409715713
2024-08-26 08:30:00,967.0999756,-1.618190928918554e-171,897.1205638602127,808.2667945901064
2024-08-26 08:35:00,929.4666138,-1.618190928918554e-171,945.380825404064,829.5521714359078
2024-08-26 08:40:00,1120.5,-1.618190928918554e-171,993.7291191464983,770.8100918555741
2024-08-26 08:45:00,1062.200073,-1.618190928918554e-171,1042.0443700759133,754.8883932585195
2024-08-26 08:50:00,1132.233276,-1.618190928918554e-171,1090.2054687686145,793.3646133810961
2024-08-26 08:55:00,1168.866699,-1.618190928918554e-171,1138.0918816226315,899.7444640671711
2024-08-26 09:00:00,1230.000122,-1.618190928918554e-171,1185.5842555438264,1270.2473771809043
2024-08-26 09:05:00,1282.366699,-1.618190928918554e-171,1232.5650135291144,1275.9062944772313
2024-08-26 09:10:00,1329.066772,-1.618190928918554e-171,1278.9189373722895,1273.7540800450536
2024-08-26 09:15:00,1368.333374,-1.618190928918554e-171,1324.5337333289285,1366.5579695083159
2024-08-26 09:20:00,1411.233398,-1.618190928918554e-171,1369.3005775663953,1379.216059430763
2024-08-26 09:25:00,1456.233398,-1.618190928918554e-171,1413.1146375790222,1369.2012868433721
2024-08-26 09:30:00,1507.900024,-1.618190928918554e-171,1455.8755665525327,1199.5077451897475
2024-08-26 09:35:00,1555.300171,-1.618190928918554e-171,1497.4879668305914,1213.1418903645078
2024-08-26 09:40:00,1599.333374,-1.618190928918554e-171,1537.8618205898936,1236.8948417153842
2024-08-26 09:45:00,1633.266602,-1.618190928918554e-171,1576.9128843864962,1253.6420834086398
2024-08-26 09:50:00,1664.233398,-1.618190928918554e-171,1614.563045087509,1264.780986492149
2024-08-26 09:55:00,1692.599976,-1.618190928918554e-171,1650.740635540842,1275.6654703406093
2024-08-26 10:00:00,1730.299927,-1.618190928918554e-171,1685.3807076888559,1448.1419959506059
2024-08-26 10:05:00,1767.5,-1.618190928918554e-171,1718.4252618770015,1444.3633770279391
2024-08-26 10:10:00,1810.599976,-1.618190928918554e-171,1749.8234307358566,1444.3633770279391
2024-08-26 10:15:00,1842.766602,-1.618190928918554e-171,1779.5316173720987,1444.851328011828
2024-08-26 10:20:00,1877.400024,-1.618190928918554e-171,1807.5135863742448,1444.851328011828
2024-08-26 10:25:00,1904.833374,-1.618190928918554e-171,1833.7405083030146,1437.0609412672502
2024-08-26 10:30:00,1931.966675,-1.618190928918554e-171,1858.190957102916,1437.0609412672502
2024-08-26 10:35:00,1958.033325,-1.618190928918554e-171,1880.8508610747158,1493.109077507406
2024-08-26 10:40:00,1981.333374,-1.618190928918554e-171,1901.7134081781662,1493.109077507406
2024-08-26 10:45:00,2009.233398,-1.618190928918554e-171,1920.77890649126,1522.5106102116383
2024-08-26 10:50:00,2025.799927,-1.618190928918554e-171,1938.0546014846188,1564.3746060018495
2024-08-26 10:55:00,2040.933228,-1.618190928918554e-171,1953.5544515236757,1564.3746060018495
2024-08-26 11:00:00,2048.366699,-1.618190928918554e-171,1967.2988637523106,1880.9850906161453
2024-08-26 11:05:00,2056.400146,-1.618190928918554e-171,1979.3143922561605,1880.9850906161453
2024-08-26 11:10:00,2060.633057,-1.618190928918554e-171,1989.6334013899668,1874.170915819921
2024-08-26 11:15:00,2061.43335,-1.618190928918554e-171,1998.2936966959935,1874.170915819921
2024-08-26 11:20:00,2061.199951,-1.618190928918554e-171,2005.338126371186,1822.2185762461747
2024-08-26 11:25:00,2060.300049,-1.618190928918554e-171,2010.8141565115063,1801.6664588184053
2024-08-26 11:30:00,2059.699951,-1.618190928918554e-171,2014.773423319019,1801.6664588184053
2024-08-26 11:35:00,2058.633545,-1.618190928918554e-171,2017.2712657492514,1849.2570673924183
2024-08-26 11:40:00,2058.366455,-1.618190928918554e-171,2018.3662421410113,1849.2570673924183
2024-08-26 11:45:00,2059.333252,-1.618190928918554e-171,2018.11963448543,1905.8607409007623
2024-08-26 11:50:00,2060.43335,-1.618190928918554e-171,2016.5949440092477,1905.8607409007623
2024-08-26 11:55:00,2060.466553,-1.618190928918554e-171,2013.8573818863426,1906.9236063480896
2024-08-26 12:00:00,2059.0,-1.618190928918554e-171,2009.9733587788023,1904.17043693269
2024-08-26 12:05:00,2059.033203,-1.618190928918554e-171,2005.0099769825524,1905.8086452555315
2024-08-26 12:10:00,2060.100098,-1.618190928918554e-171,1999.0345288450126,1850.0824480268875
2024-08-26 12:15:00,2061.366455,-1.618190928918554e-171,1992.1140051438936,1874.0226292482869
2024-08-26 12:20:00,2061.100098,-1.618190928918554e-171,1984.3146168737414,1927.7391359668102
2024-08-26 12:25:00,2060.266846,-1.618190928918554e-171,1975.7013339104838,1743.3945415626843
2024-08-26 12:30:00,2058.866699,-1.618190928918554e-171,1966.337443732542,1696.8718560283646
2024-08-26 12:35:00,2058.350098,-1.618190928918554e-171,1956.2841333987062,1562.4993341490454
2024-08-26 12:40:00,2058.549805,-1.618190928918554e-171,1945.6000975747677,1370.2661780154203
2024-08-26 12:45:00,2063.0,-1.618190928918554e-171,1934.341175223422,1414.238361356245
2024-08-26 12:50:00,2063.033447,-1.618190928918554e-171,1922.5600176125688,1425.567786590689
2024-08-26 12:55:00,2063.099854,-1.618190928918554e-171,1910.3057895754414,1379.2059173941757
2024-08-26 13:00:00,2059.899902,-1.618190928918554e-171,1897.6239061024576,1420.8799107135214
2024-08-26 13:05:00,2057.43335,-1.618190928918554e-171,1884.5558058495847,1463.8490072171685
2024-08-26 13:10:00,2056.466553,-1.618190928918554e-171,1871.1387628748457,1513.9915996135046
2024-08-26 13:15:00,2056.366699,-1.618190928918554e-171,1857.405737739074,1522.9287392684366
2024-08-26 13:20:00,2057.133545,-1.618190928918554e-171,1843.385268610188,1523.8260248010738
2024-08-26 13:25:00,2057.833252,-1.618190928918554e-171,1829.1014029080843,1532.603609252748
2024-08-26 13:30:00,2059.833252,-1.618190928918554e-171,1814.5736694339446,1559.1881656875955
2024-08-26 13:35:00,2061.199951,-1.618190928918554e-171,1799.8170910138547,1728.4058536305552
2024-08-26 13:40:00,2062.166748,-1.618190928918554e-171,1784.8422369396787,1736.0099091453028
2024-08-26 13:45:00,2061.866943,-1.618190928918554e-171,1769.655314519142,1763.1142341802133
2024-08-26 13:50:00,2060.733398,-1.618190928918554e-171,1754.2582986351542,1966.333781279225
2024-08-26 13:55:00,2057.033203,-1.618190928918554e-171,1738.6490978297074,1983.0930472855762
2024-08-26 14:00:00,2054.466553,-1.618190928918554e-171,1722.8217552246408,1984.0757700134693
2024-08-26 14:05:00,2052.733398,-1.618190928918554e-171,1706.7666826183006,1986.7822794582341
2024-08-26 14:10:00,2054.900146,-1.618190928918554e-171,1690.4709251687707,2016.0890944396576
2024-08-26 14:15:00,2056.600098,-1.618190928918554e-171,1673.918454515434,1769.0475944296918
2024-08-26 14:20:00,2058.5,-1.618190928918554e-171,1657.0904877606624,1698.4674373532407
2024-08-26 14:25:00,2058.266602,-1.618190928918554e-171,1639.9658293039308,1620.5672460559783
2024-08-26 14:30:00,2057.699951,-1.618190928918554e-171,1622.5212327351128,1562.2127796038592
2024-08-26 14:35:00,2056.833252,-1.618190928918554e-171,1604.7317796123193,1536.1700030460702
2024-08-26 14:40:00,2055.866699,-1.618190928918554e-171,1586.571271845695,1478.4179091750855
2024-08-26 14:45:00,2053.699951,-1.618190928918554e-171,1568.012634496448,1523.7506917909757
2024-08-26 14:50:00,2048.866699,-1.618190928918554e-171,1549.0283254553299,1464.8967126412217
2024-08-26 14:55:00,2042.433228,-1.618190928918554e-171,1529.5907487029863,1418.9004280981903
2024-08-26 15:00:00,2035.299927,-1.618190928918554e-171,1509.6726675703587,1433.876092361208
2024-08-26 15:05:00,2025.633301,-1.618190928918554e-171,1489.2476146931808,1502.5570693954446
2024-08-26 15:10:00,2015.800171,-1.618190928918554e-171,1468.290295221324,1579.5623210402805
2024-08-26 15:15:00,1995.099976,-1.618190928918554e-171,1446.7769798725424,1679.6741631382595
2024-08-26 15:20:00,1966.566772,-1.618190928918554e-171,1424.6858848538259,1672.1632824515157
2024-08-26 15:25:00,1926.400024,-1.618190928918554e-171,1401.997535181961,1689.9864224038045
2024-08-26 15:30:00,1888.533325,-1.618190928918554e-171,1378.6951085859628,1587.8548675873471
2024-08-26 15:35:00,1846.566772,-1.618190928918554e-171,1354.7647574089694,1573.7225935020622
2024-08-26 15:40:00,1785.933228,-1.618190928918554e-171,1330.195905393112,1462.557708294388
2024-08-26 15:45:00,1714.900024,-1.618190928918554e-171,1304.981517230936,1146.3057503901139
2024-08-26 15:50:00,1568.466797,-1.618190928918554e-171,1279.1183387325705,1017.3188297473164
2024-08-26 15:55:00,1564.833374,-1.618190928918554e-171,1252.607105359954,1114.1854273263386
2024-08-26 16:00:00,1563.200073,-1.618190928918554e-171,1225.4527176344645,1488.3494905682599
2024-08-26 16:05:00,1646.433228,-1.618190928918554e-171,1197.6643818967468,1375.4810946393814
2024-08-26 16:10:00,1605.400024,-1.618190928918554e-171,1169.255715137324,1367.8634026505142
2024-08-26 16:15:00,1588.566772,-1.618190928918554e-171,1140.2448132452691,1376.7087238106676
2024-08-26 16:20:00,1594.366699,-1.618190928918554e-171,1110.65428178984,1322.552335775559
2024-08-26 16:25:00,1607.0,-1.618190928918554e-171,1080.5112292763786,1255.7214319614181
2024-08-26 16:30:00,1611.066772,-1.618190928918554e-171,1049.8472226291742,589.0708490774964
2024-08-26 16:35:00,1600.900024,-1.618190928918554e-171,1018.6982053748739,610.3128010026244
2024-08-26 16:40:00,1528.400024,-1.618190928918554e-171,987.1043790348755,562.4971883568348
2024-08-26 16:45:00,1494.100098,-1.618190928918554e-171,955.1100484891716,573.5042815027148
2024-08-26 16:50:00,1381.0,-1.618190928918554e-171,922.7634327537986,565.3703370605225
2024-08-26 16:55:00,1371.149902,-1.618190928918554e-171,890.1164422416873,548.2391167523955
2024-08-26 17:00:00,1370.633301,-1.618190928918554e-171,857.2244242032971,693.0414725689621
2024-08-26 17:05:00,1369.599854,-1.618190928918554e-171,824.1458788441629,677.3789362347625
2024-08-26 17:10:00,1197.849976,-1.618190928918554e-171,790.9421473733748,662.7827456654829
2024-08-26 17:15:00,1025.999878,-1.618190928918554e-171,757.6770750654081,658.5049867198366
2024-08-26 17:20:00,1109.400024,-1.618190928918554e-171,724.4166514899883,670.6654664848819
2024-08-26 17:25:00,1074.333374,-1.618190928918554e-171,691.2286310259047,673.1677083710168
2024-08-26 17:30:00,1088.033325,-1.618190928918554e-171,658.1821361168113,652.4688065638536
2024-08-26 17:35:00,1052.266602,-1.618190928918554e-171,625.3472466361256,625.1632492502944
2024-08-26 17:40:00,1002.766663,-1.618190928918554e-171,592.7945782606747,606.16287125068
2024-08-26 17:45:00,913.3666992,-1.618190928918554e-171,560.5948533050253,539.0767003594055
2024-08-26 17:50:00,869.0,-1.618190928918554e-171,528.818467034027,663.8680202762188
2024-08-26 17:55:00,664.6500244,-1.618190928918554e-171,497.535053011912,680.6979002870312
2024-08-26 18:00:00,472.75,-1.618190928918554e-171,466.81305051612514,253.52096618165697
2024-08-26 18:05:00,367.8666992,-1.618190928918554e-171,436.7192775578573,256.7814840544464
2024-08-26 18:10:00,373.3999939,-1.618190928918554e-171,407.31851265282086,252.55320767845274
2024-08-26 18:15:00,352.5999756,-1.618190928918554e-171,378.67308843299475,207.02496991508207
2024-08-26 18:20:00,285.4333496,-1.618190928918554e-171,350.84250046856033,198.60184514307144
2024-08-26 18:25:00,251.0,-1.618190928918554e-171,323.88303392104206,193.97658421038093
2024-08-26 18:30:00,233.1666718,-1.618190928918554e-171,297.8474109283376,201.2847761902739
2024-08-26 18:35:00,223.0499725,-1.618190928918554e-171,272.7844618031527,187.67416339734282
2024-08-26 18:40:00,176.5333252,-1.618190928918554e-171,248.7388218335331,187.10611593756454
2024-08-26 18:45:00,154.9000092,-1.618190928918554e-171,225.75065651935378,218.11662394697768
2024-08-26 18:50:00,149.0500031,-1.618190928918554e-171,203.85541699463448,217.91158762210137
2024-08-26 18:55:00,124.9499969,-1.618190928918554e-171,183.083627734136,207.32838689895888
2024-08-26 19:00:00,100.4499893,-1.618190928918554e-171,163.46070781047294,29.042544222422695
2024-08-26 19:05:00,78.34999847,-1.618190928918554e-171,145.0068272566985,29.806745772747934
2024-08-26 19:10:00,57.94999695,-1.618190928918554e-171,127.73679950917357,29.46173334603302
2024-08-26 19:15:00,41.84999847,-1.618190928918554e-171,111.66001057995594,29.434536094800873
2024-08-26 19:20:00,27.90000153,-1.618190928918554e-171,96.7803858100147,29.404876851236427
2024-08-26 19:25:00,17.64999962,-1.618190928918554e-171,83.09639386298228,29.346740919564205
2024-08-26 19:30:00,12.83333302,-1.618190928918554e-171,70.60108841206483,29.094226886210866
2024-08-26 19:35:00,0.0,-1.618190928918554e-171,59.28218672564819,21.837729173731898
2024-08-26 19:40:00,0.0,-1.618190928918554e-171,49.12218480799487,17.641619695966906
2024-08-26 19:45:00,0.0,-1.618190928918554e-171,40.09850790580507,17.154429623545635
2024-08-26 19:50:00,0.0,-1.618190928918554e-171,32.183695420156695,16.439551806985705
2024-08-26 19:55:00,0.0,-1.618190928918554e-171,25.345618555294806,15.976195033904526
2024-08-26 20:00:00,0.0,-1.618190928918554e-171,19.547729063310182,0.0
2024-08-26 20:05:00,0.0,-1.618190928918554e-171,14.749337250386574,0.0
2024-08-26 20:10:00,0.0,-1.618190928918554e-171,10.905916868281455,0.0
2024-08-26 20:15:00,0.0,-1.618190928918554e-171,7.96943468801995,0.0
2024-08-26 20:20:00,0.0,-1.618190928918554e-171,5.888702120789413,0.0
2024-08-26 20:25:00,0.0,-1.618190928918554e-171,4.609746254735524,0.25849999901666665
2024-08-26 20:30:00,0.0,-1.618190928918554e-171,4.076197292866958,0.25849999901666665
2024-08-26 20:35:00,0.0,-1.618190928918554e-171,4.229689647423096,0.25849999901666665
2024-08-26 20:40:00,0.0,-1.618190928918554e-171,5.0102733537251005,0.25849999901666665
2024-08-26 20:45:00,0.0,-1.618190928918554e-171,6.356832922331637,0.25849999901666665
2024-08-26 20:50:00,0.0,-1.618190928918554e-171,8.207510211774718,0.12417777948666668
2024-08-26 20:55:00,0.0,-1.618190928918554e-171,10.500128264461013,0.12417777948666668
2024-08-26 21:00:00,0.0,-1.618190928918554e-171,13.172612816790007,0.0
2024-08-26 21:05:00,0.0,-1.618190928918554e-171,16.163408326737606,0.0
2024-08-26 21:10:00,0.0,-1.618190928918554e-171,19.41188538579169,0.0
2024-08-26 21:15:00,0.0,-1.618190928918554e-171,22.858736451578352,0.0
2024-08-26 21:20:00,0.0,-1.618190928918554e-171,26.446356988545066,0.0
2024-08-26 21:25:00,0.0,-1.618190928918554e-171,30.11920908644619,0.0
2024-08-26 21:30:00,0.0,-1.618190928918554e-171,33.82416505688335,0.0
2024-08-26 21:35:00,0.0,-1.618190928918554e-171,37.51082826037493,0.0
2024-08-26 21:40:00,0.0,-1.618190928918554e-171,41.131829039367894,0.0
2024-08-26 21:45:00,0.0,-1.618190928918554e-171,44.6430935082467,0.0
2024-08-26 21:50:00,0.0,-1.618190928918554e-171,48.004083349817556,0.0
2024-08-26 21:55:00,0.0,-1.618190928918554e-171,51.178004911284006,0.0
2024-08-26 22:00:00,0.0,-1.618190928918554e-171,54.131986217198055,0.0
2024-08-26 22:05:00,0.0,-1.618190928918554e-171,56.83722070615637,0.0
2024-08-26 22:10:00,0.0,-1.618190928918554e-171,59.269076807164545,0.0
2024-08-26 22:15:00,0.0,-1.618190928918554e-171,61.407172747013846,0.0
2024-08-26 22:20:00,0.0,-1.618190928918554e-171,63.2354161990752,0.0
2024-08-26 22:25:00,0.0,-1.618190928918554e-171,64.7420087883822,0.0
2024-08-26 22:30:00,0.0,-1.618190928918554e-171,65.91941560034293,0.0
2024-08-26 22:35:00,0.0,-1.618190928918554e-171,66.7643002420457,0.0
2024-08-26 22:40:00,0.0,-1.618190928918554e-171,67.2774262068955,0.0
2024-08-26 22:45:00,0.0,-1.618190928918554e-171,67.46352559475837,0.0
2024-08-26 22:50:00,0.0,-1.618190928918554e-171,67.33113649396158,0.0
2024-08-26 22:55:00,0.0,-1.618190928918554e-171,66.89241057209595,0.0
2024-08-26 23:00:00,0.0,-1.618190928918554e-171,66.16289266786241,0.0
2024-08-26 23:05:00,0.0,-1.618190928918554e-171,65.16127441389597,0.0
2024-08-26 23:10:00,0.0,-1.618190928918554e-171,63.90912408060127,0.0
2024-08-26 23:15:00,0.0,-1.618190928918554e-171,62.43059507649058,0.0
2024-08-26 23:20:00,0.0,-1.618190928918554e-171,60.75211566997267,0.0
2024-08-26 23:25:00,0.0,-1.618190928918554e-171,58.90206266179534,0.0
2024-08-26 23:30:00,0.0,-1.618190928918554e-171,56.91042186548647,0.0
2024-08-26 23:35:00,0.0,-1.618190928918554e-171,54.80843834868635,0.0
2024-08-26 23:40:00,0.0,-1.618190928918554e-171,52.6282594814295,0.0
2024-08-26 23:45:00,0.0,-1.618190928918554e-171,50.40257385201859,0.0
2024-08-26 23:50:00,0.0,-1.618190928918554e-171,48.16424927665842,0.0
2024-08-26 23:55:00,0.0,-1.618190928918554e-171,45.94597285113067,0.0
2024-08-27 00:00:00,0.0,-1.618190928918554e-171,43.77989637710728,0.0
2024-08-27 00:05:00,0.0,-1.618190928918554e-171,41.69729005391657,0.0
2024-08-27 00:10:00,0.0,-1.618190928918554e-171,39.72820752800093,0.0
2024-08-27 00:15:00,0.0,-1.618190928918554e-171,37.901165182720405,0.0
2024-08-27 00:20:00,0.0,-1.618190928918554e-171,36.24283845850689,0.0
2024-08-27 00:25:00,0.0,-1.618190928918554e-171,34.77777786175096,0.0
2024-08-27 00:30:00,0.0,-1.618190928918554e-171,33.52814712355896,0.0
2024-08-27 00:35:00,0.0,-1.618190928918554e-171,32.513485914106234,0.0
2024-08-27 00:40:00,0.0,-1.618190928918554e-171,31.750499039805355,0.0
2024-08-27 00:45:00,0.0,-1.618190928918554e-171,31.252874268252103,0.0
2024-08-27 00:50:00,0.0,-1.618190928918554e-171,31.031130168881003,0.0
2024-08-27 00:55:00,0.0,-1.618190928918554e-171,31.09249563597726,0.0
2024-08-27 01:00:00,0.0,-1.618190928918554e-171,31.440822058668545,0.0
2024-08-27 01:05:00,0.0,-1.618190928918554e-171,32.07652913461836,0.0
2024-08-27 01:10:00,0.0,-1.618190928918554e-171,32.996584890582646,0.0
2024-08-27 01:15:00,0.0,-1.618190928918554e-171,34.19452027242074,0.0
2024-08-27 01:20:00,0.0,-1.618190928918554e-171,35.660478296253025,0.0
2024-08-27 01:25:00,0.0,-1.618190928918554e-171,37.381297569482115,0.0
2024-08-27 01:30:00,0.0,-1.618190928918554e-171,39.340629650511005,0.0
2024-08-27 01:35:00,0.0,-1.618190928918554e-171,41.51908935209399,0.0
2024-08-27 01:40:00,0.0,-1.618190928918554e-171,43.89443705178143,0.0
2024-08-27 01:45:00,0.0,-1.618190928918554e-171,46.441791467029816,0.0
2024-08-27 01:50:00,0.0,-1.618190928918554e-171,49.13387145778515,0.0
2024-08-27 01:55:00,0.0,-1.618190928918554e-171,51.94126482852733,0.0
2024-08-27 02:00:00,0.0,-1.618190928918554e-171,54.83272216907555,0.0
2024-08-27 02:05:00,0.0,-1.618190928918554e-171,57.775473285099295,0.0
2024-08-27 02:10:00,0.0,-1.618190928918554e-171,60.73556381499712,0.0
2024-08-27 02:15:00,0.0,-1.618190928918554e-171,63.67820925476658,0.0
2024-08-27 02:20:00,0.0,-1.618190928918554e-171,66.56816355570645,0.0
2024-08-27 02:25:00,0.0,-1.618190928918554e-171,69.37009930087592,0.0
2024-08-27 02:30:00,0.0,-1.618190928918554e-171,72.04899630880746,0.0
2024-08-27 02:35:00,0.0,-1.618190928918554e-171,74.57053549929783,0.0
2024-08-27 02:40:00,0.0,-1.618190928918554e-171,76.90149470658515,0.0
2024-08-27 02:45:00,0.0,-1.618190928918554e-171,79.01014314869099,0.0
2024-08-27 02:50:00,0.0,-1.618190928918554e-171,80.86663117479515,0.0
2024-08-27 02:55:00,0.0,-1.618190928918554e-171,82.44337202181714,0.0
2024-08-27 03:00:00,0.0,-1.618190928918554e-171,83.71541224935778,0.0
2024-08-27 03:05:00,0.0,-1.618190928918554e-171,84.66078763344821,0.0
2024-08-27 03:10:00,0.0,-1.618190928918554e-171,85.26086139217915,0.0
2024-08-27 03:15:00,0.0,-1.618190928918554e-171,85.50064170423354,0.0
2024-08-27 03:20:00,0.0,-1.618190928918554e-171,85.3690756297572,0.0
2024-08-27 03:25:00,0.0,-1.618190928918554e-171,84.85931672858561,0.0
2024-08-27 03:30:00,0.0,-1.618190928918554e-171,83.96896376478922,0.0
2024-08-27 03:35:00,0.0,-1.618190928918554e-171,82.70026824708692,0.0
2024-08-27 03:40:00,0.0,-1.618190928918554e-171,81.06030859620445,0.0
2024-08-27 03:45:00,0.0,-1.618190928918554e-171,79.06112910692757,0.0
2024-08-27 03:50:00,0.0,-1.618190928918554e-171,76.71984206242034,0.0
2024-08-27 03:55:00,0.0,-1.618190928918554e-171,74.05869163564134,0.0
2024-08-27 04:00:00,0.0,-1.618190928918554e-171,71.10507854170375,0.0
2024-08-27 04:05:00,0.0,-1.618190928918554e-171,67.89154460396404,0.0
2024-08-27 04:10:00,0.0,-1.618190928918554e-171,64.4557167982905,0.0
2024-08-27 04:15:00,0.0,-1.618190928918554e-171,60.8402105643299,0.0
2024-08-27 04:20:00,0.0,-1.618190928918554e-171,57.09249255621069,0.0
2024-08-27 04:25:00,0.0,-1.618190928918554e-171,53.26470322860194,0.0
2024-08-27 04:30:00,0.0,-1.618190928918554e-171,49.41344002103443,0.0
2024-08-27 04:35:00,0.0,-1.618190928918554e-171,45.599502233143554,0.0
2024-08-27 04:40:00,0.0,-1.618190928918554e-171,41.8875988716081,0.0
2024-08-27 04:45:00,0.0,-1.618190928918554e-171,38.34602116507141,0.0
2024-08-27 04:50:00,0.0,-1.618190928918554e-171,35.04628164359761,0.0
2024-08-27 04:55:00,0.0,-1.618190928918554e-171,32.06272196025138,0.0
2024-08-27 05:00:00,0.0,-1.618190928918554e-171,29.472091918979164,0.0
2024-08-27 05:05:00,0.0,-1.618190928918554e-171,27.353102367294188,0.0
2024-08-27 05:10:00,0.0,-1.618190928918554e-171,25.785954810423547,0.0
2024-08-27 05:15:00,0.0,-1.618190928918554e-171,24.851850884446236,0.0
2024-08-27 05:20:00,0.0,-1.618190928918554e-171,24.63248490893443,0.0
2024-08-27 05:25:00,0.0,-1.618190928918554e-171,25.209522935758677,0.0
2024-08-27 05:30:00,0.0,-1.618190928918554e-171,26.6640718385564,0.0
2024-08-27 05:35:00,0.0,-1.618190928918554e-171,29.076142060577318,0.0
2024-08-27 05:40:00,0.0,-1.618190928918554e-171,32.52410774077059,0.0
2024-08-27 05:45:00,0.0,-1.618190928918554e-171,37.08416799232099,0.0
2024-08-27 05:50:00,0.0,-1.618190928918554e-171,42.82981307302038,0.0
2024-08-27 05:55:00,0.0,-1.618190928918554e-171,49.831299230744555,0.0
2024-08-27 06:00:00,0.0,-1.618190928918554e-171,58.155136035325086,107.39663412850565
2024-08-27 06:05:00,0.0,-1.618190928918554e-171,67.86358970717586,112.68847691244916
2024-08-27 06:10:00,0.0,-1.618190928918554e-171,79.01420620144873,112.68847691244916
2024-08-27 06:15:00,0.0,-1.618190928918554e-171,91.65935740559338,111.58978060709138
2024-08-27 06:20:00,0.0,-1.618190928918554e-171,105.84581380428776,108.66873614552395
2024-08-27 06:25:00,0.0,-1.618190928918554e-171,121.61434681464821,94.15908640247825
2024-08-27 06:30:00,0.0,-1.618190928918554e-171,138.99936366905482,88.13587983172125
2024-08-27 06:35:00,0.0,-1.618190928918554e-171,158.02857770019043,64.05294399734088
2024-08-27 06:40:00,0.0,-1.618190928918554e-171,178.72271645333473,49.799299501140865
2024-08-27 06:45:00,71.80000305,-1.618190928918554e-171,201.09527001239454,49.037521742007534
2024-08-27 06:50:00,94.19999695,-1.618190928918554e-171,225.15228144779937,44.64027041493353
2024-08-27 06:55:00,116.1999969,-1.618190928918554e-171,250.89218110448465,50.019552476334326
2024-08-27 07:00:00,132.3000031,-1.618190928918554e-171,278.30566628432456,410.6157580430285
2024-08-27 07:05:00,162.8999939,-1.618190928918554e-171,307.3756271299566,420.71107400049834
2024-08-27 07:10:00,205.8999939,-1.618190928918554e-171,338.07711982584453,416.8482620884947
2024-08-27 07:15:00,241.3999939,-1.618190928918554e-171,370.37738756924733,414.61072147969475
2024-08-27 07:20:00,284.8999939,-1.618190928918554e-171,404.2359289134146,330.91263921975883
2024-08-27 07:25:00,322.7999878,-1.618190928918554e-171,439.60461408634285,325.9349576625366
2024-08-27 07:30:00,360.8999939,-1.618190928918554e-171,476.4278482578024,316.74442425908813
2024-08-27 07:35:00,414.0,-1.618190928918554e-171,514.6427808471489,298.1429890285101
2024-08-27 07:40:00,461.6000061,-1.618190928918554e-171,554.1795600101333,298.1429890285101
2024-08-27 07:45:00,514.0999756,-1.618190928918554e-171,594.9616306220889,298.1429890285101
2024-08-27 07:50:00,570.0,-1.618190928918554e-171,636.9060738809314,299.2191716014387
2024-08-27 07:55:00,614.9000244,-1.618190928918554e-171,679.9239867460225,300.6320595827435
2024-08-27 08:00:00,667.2999878,-1.618190928918554e-171,723.9208984144385,1092.3861774091845
2024-08-27 08:05:00,723.5,-1.618190928918554e-171,768.7972215977342,1098.881821760482
2024-08-27 08:10:00,777.0,-1.618190928918554e-171,814.4487354039945,1092.9352219212594
2024-08-27 08:15:00,758.5,-1.618190928918554e-171,860.7670970707536,1091.2929417096163
2024-08-27 08:20:00,881.7000122,-1.618190928918554e-171,907.6403789455245,502.75593182093127
2024-08-27 08:25:00,845.2999878,-1.618190928918554e-171,954.9536273580163,497.0168078219947
2024-08-27 08:30:00,989.5,-1.618190928918554e-171,1002.5894399260771,497.0168078219947
2024-08-27 08:35:00,1077.199951,-1.618190928918554e-171,1050.4285570237305,497.0168078219947
2024-08-27 08:40:00,1043.466675,-1.618190928918554e-171,1098.350464234152,504.3721886090455
2024-08-27 08:45:00,1089.366577,-1.618190928918554e-171,1146.2340015894326,509.6017219332433
2024-08-27 08:50:00,1122.799927,-1.618190928918554e-171,1193.9579750461344,510.49465212200516
2024-08-27 08:55:00,1176.533325,-1.618190928918554e-171,1241.401767283283,509.91361540561627
2024-08-27 09:00:00,1224.666626,-1.618190928918554e-171,1288.445943143938,1343.395664642481
2024-08-27 09:05:00,1270.400024,-1.618190928918554e-171,1334.9728456575665,1479.6428715652735
2024-08-27 09:10:00,1316.366577,-1.618190928918554e-171,1380.8671793631806,1456.6796624972662
2024-08-27 09:15:00,1362.700073,-1.618190928918554e-171,1426.0165766684154,1426.9693758988597
2024-08-27 09:20:00,1410.766602,-1.618190928918554e-171,1470.3121437567343,1426.7812530966587
2024-08-27 09:25:00,1457.833374,-1.618190928918554e-171,1513.6489826585764,1434.6193915051538
2024-08-27 09:30:00,1502.699829,-1.618190928918554e-171,1555.926685832296,1466.4422942131516
2024-08-27 09:35:00,1544.466675,-1.618190928918554e-171,1597.0498005011013,1479.2511034168642
2024-08-27 09:40:00,1584.266602,-1.618190928918554e-171,1636.9282594714498,1543.5364768178488
2024-08-27 09:45:00,1624.533325,-1.618190928918554e-171,1675.4777761206528,1588.8841715528947
2024-08-27 09:50:00,1664.699829,-1.618190928918554e-171,1712.6202008252455,1616.931089129233
2024-08-27 09:55:00,1703.700073,-1.618190928918554e-171,1748.2838368149796,1630.1048600403758
2024-08-27 10:00:00,1740.133423,-1.618190928918554e-171,1782.403713710397,1891.8719916171692
2024-08-27 10:05:00,1777.666626,-1.618190928918554e-171,1814.9218168327068,1891.8719916171692
2024-08-27 10:10:00,1817.333374,-1.618190928918554e-171,1845.7872714919606,1891.8719916171692
2024-08-27 10:15:00,1857.866699,-1.618190928918554e-171,1874.9564812124509,1891.6672131777248
2024-08-27 10:20:00,1896.333374,-1.618190928918554e-171,1902.3932188462345,1891.6672131777248
2024-08-27 10:25:00,1929.033325,-1.618190928918554e-171,1928.0686711045234,1891.6672131777248
2024-08-27 10:30:00,1960.900024,-1.618190928918554e-171,1951.961435948186,1891.6672131777248
2024-08-27 10:35:00,1990.400024,-1.618190928918554e-171,1974.0574735821476,1892.2661865543175
2024-08-27 10:40:00,2021.099976,-1.618190928918554e-171,1994.3500115019724,1892.2661865543175
2024-08-27 10:45:00,2042.733398,-1.618190928918554e-171,2012.8394049622048,1893.0751542043174
2024-08-27 10:50:00,2054.966553,-1.618190928918554e-171,2029.5329539701168,1893.0751542043174
2024-08-27 10:55:00,2057.43335,-1.618190928918554e-171,2044.4446786190767,1893.0223106848887
2024-08-27 11:00:00,2057.633301,-1.618190928918554e-171,2057.595054586509,1983.3507365394742
2024-08-27 11:05:00,2057.666748,-1.618190928918554e-171,2069.010711120014,1992.2456446255662
2024-08-27 11:10:00,2059.033447,-1.618190928918554e-171,2078.7240939171284,1992.2456446255662
2024-08-27 11:15:00,2059.56665,-1.618190928918554e-171,2086.7730956804876,2009.065101496022
2024-08-27 11:20:00,2060.466797,-1.618190928918554e-171,2093.200657202303,2009.065101496022
2024-08-27 11:25:00,2059.599854,-1.618190928918554e-171,2098.0543421386883,2011.4208335660883
2024-08-27 11:30:00,2058.766846,-1.618190928918554e-171,2101.3858887682545,2011.6628636256612
2024-08-27 11:35:00,2057.333252,-1.618190928918554e-171,2103.250742141264,2011.6628636256612
2024-08-27 11:40:00,2057.166748,-1.618190928918554e-171,2103.707570217344,2022.5955699774395
2024-08-27 11:45:00,2056.466553,-1.618190928918554e-171,2102.817767623412,2022.5955699774395
2024-08-27 11:50:00,2056.300049,-1.618190928918554e-171,2100.644950698004,2025.5276085829948
2024-08-27 11:55:00,2056.133301,-1.618190928918554e-171,2097.2544477143924,2031.001968110023
2024-08-27 12:00:00,2058.900146,-1.618190928918554e-171,2092.7127878381734,2034.266262384042
2024-08-27 12:05:00,2060.233154,-1.618190928918554e-171,2087.087192788842,2035.2471750603954
2024-08-27 12:10:00,2059.900146,-1.618190928918554e-171,2080.4450747318942,2034.7362628940334
2024-08-27 12:15:00,2057.266602,-1.618190928918554e-171,2072.85354413036,2034.7419969460334
2024-08-27 12:20:00,2055.43335,-1.618190928918554e-171,2064.3789310502416,2035.4593938820494
2024-08-27 12:25:00,2053.800049,-1.618190928918554e-171,2055.086323349159,2035.5949730358805
2024-08-27 12:30:00,2005.299927,-1.618190928918554e-171,2045.039124914137,2035.5740284583683
2024-08-27 12:35:00,1980.750122,-1.618190928918554e-171,2034.2986372621872,2004.115116374254
2024-08-27 12:40:00,2049.399902,-1.618190928918554e-171,2022.9236670785585,1991.3456513526585
2024-08-27 12:45:00,2051.699707,-1.618190928918554e-171,2010.9701626089952,1958.1445269486549
2024-08-27 12:50:00,2052.466553,-1.618190928918554e-171,1998.4908812870342,1912.3289797760524
2024-08-27 12:55:00,2055.033447,-1.618190928918554e-171,1985.5350906670872,1881.1614853688636
2024-08-27 13:00:00,2055.866699,-1.618190928918554e-171,1972.1483047594688,1851.9214768823035
2024-08-27 13:05:00,2058.033447,-1.618190928918554e-171,1958.3720573032365,1796.8908944812351
2024-08-27 13:10:00,2017.200073,-1.618190928918554e-171,1944.2437133362585,1784.2756041888222
2024-08-27 13:15:00,1976.200073,-1.618190928918554e-171,1929.7963200351862,1957.0214957169226
2024-08-27 13:20:00,1933.333374,-1.618190928918554e-171,1915.0584978472484,1952.6671345876564
2024-08-27 13:25:00,2061.800049,-1.618190928918554e-171,1900.0543719338252,1965.5296097143391
2024-08-27 13:30:00,2018.866699,-1.618190928918554e-171,1884.8035443598576,1821.4050323502308
2024-08-27 13:35:00,2062.733398,-1.618190928918554e-171,1869.3211066614037,1807.6064898205098
2024-08-27 13:40:00,2062.033203,-1.618190928918554e-171,1853.6176924028343,1881.1626956371401
2024-08-27 13:45:00,2061.266846,-1.618190928918554e-171,1837.6995688223842,1915.8071769654482
2024-08-27 13:50:00,2059.699951,-1.618190928918554e-171,1821.5687664462778,1843.1094237206512
2024-08-27 13:55:00,2058.833496,-1.618190928918554e-171,1805.2232454137004,1879.2324119932503
2024-08-27 14:00:00,2057.600098,-1.618190928918554e-171,1788.6570965566743,1717.0013388401055
2024-08-27 14:05:00,2056.199951,-1.618190928918554e-171,1771.860775763723,1693.506414304424
2024-08-27 14:10:00,2056.666748,-1.618190928918554e-171,1754.821368867065,1677.4720669206165
2024-08-27 14:15:00,1928.099976,-1.618190928918554e-171,1737.5228851750371,1674.3648890431384
2024-08-27 14:20:00,1778.233398,-1.618190928918554e-171,1719.9465766633332,1686.3447029528054
2024-08-27 14:25:00,2058.800049,-1.618190928918554e-171,1702.0712802144699,1663.1286997882328
2024-08-27 14:30:00,2057.899902,-1.618190928918554e-171,1683.8737798772042,1643.6694659122797
2024-08-27 14:35:00,2057.699951,-1.618190928918554e-171,1665.3291859672427,1567.48900903434
2024-08-27 14:40:00,2056.93335,-1.618190928918554e-171,1646.4113279871985,1563.6499177973087
2024-08-27 14:45:00,2056.966553,-1.618190928918554e-171,1627.093157645943,1638.4279569228866
2024-08-27 14:50:00,1951.033325,-1.618190928918554e-171,1607.347159143191,1543.911808964842
2024-08-27 14:55:00,1950.0,-1.618190928918554e-171,1587.1457627112532,1615.2985827749537
2024-08-27 15:00:00,1871.633301,-1.618190928918554e-171,1566.4617583719644,1598.1409673157855
2024-08-27 15:05:00,1976.633301,-1.618190928918554e-171,1545.26870623956,1563.5122839833523
2024-08-27 15:10:00,1829.133301,-1.618190928918554e-171,1523.5413402060515,1515.8507496566247
2024-08-27 15:15:00,1832.699951,-1.618190928918554e-171,1501.2559614064157,1546.6579847343455
2024-08-27 15:20:00,1499.0,-1.618190928918554e-171,1478.3908184296781,1547.9596181229047
2024-08-27 15:25:00,1030.199951,-1.618190928918554e-171,1454.9264711034843,1676.624282661764
2024-08-27 15:30:00,626.1000366,-1.618190928918554e-171,1430.8461346855809,1732.3441022693157
2024-08-27 15:35:00,639.5333862,-1.618190928918554e-171,1406.1360021447804,1707.7794512243674
2024-08-27 15:40:00,1689.699951,-1.618190928918554e-171,1380.7855411502533,1610.0466933333848
2024-08-27 15:45:00,1824.400024,-1.618190928918554e-171,1354.7877640532952,1374.2767598508392
2024-08-27 15:50:00,1758.200073,-1.618190928918554e-171,1328.1394681439158,1066.6484228491777
2024-08-27 15:55:00,1791.666626,-1.618190928918554e-171,1300.8414444694213,1015.9883902002591
2024-08-27 16:00:00,1781.099976,-1.618190928918554e-171,1272.8986534223038,943.470359093639
2024-08-27 16:05:00,1796.033203,-1.618190928918554e-171,1244.3203655449356,961.9012015738557
2024-08-27 16:10:00,1799.0,-1.618190928918554e-171,1215.1202666822217,968.4894336321977
2024-08-27 16:15:00,1519.100098,-1.618190928918554e-171,1185.3165259814987,920.6163907190944
2024-08-27 16:20:00,914.4499512,-1.618190928918554e-171,1154.9318270199735,889.4345928599604
2024-08-27 16:25:00,557.2333374,-1.618190928918554e-171,1123.9933608235813,693.8285810696426
2024-08-27 16:30:00,539.0666504,-1.618190928918554e-171,1092.532781396372,699.1121953043299
2024-08-27 16:35:00,575.7000122,-1.618190928918554e-171,1060.586123817607,603.5346246982446
2024-08-27 16:40:00,521.666687,-1.618190928918554e-171,1028.1936854071043,578.821434961795
2024-08-27 16:45:00,511.7500305,-1.618190928918554e-171,995.3998711255331,606.0717243284923
2024-08-27 16:50:00,361.7999878,-1.618190928918554e-171,962.2530039550401,581.4745504253876
2024-08-27 16:55:00,268.1666565,-1.618190928918554e-171,928.8051020210905,563.5070109127938
2024-08-27 17:00:00,266.2333069,-1.618190928918554e-171,895.111623766069,663.9477271207817
2024-08-27 17:05:00,275.6999817,-1.618190928918554e-171,861.2311837561318,639.9318468667308
2024-08-27 17:10:00,283.8666687,-1.618190928918554e-171,827.225240355414,630.9655004153942
2024-08-27 17:15:00,297.8666687,-1.618190928918554e-171,793.1577585262751,562.2869862220059
2024-08-27 17:20:00,309.2666626,-1.618190928918554e-171,759.0948496899356,577.0563919282596
2024-08-27 17:25:00,314.1999817,-1.618190928918554e-171,725.1043917376292,569.7563313277476
2024-08-27 17:30:00,309.3999939,-1.618190928918554e-171,691.2556319826751,568.4799667826446
2024-08-27 17:35:00,369.7999878,-1.618190928918554e-171,657.6187759695044,555.4494000352003
2024-08-27 17:40:00,427.3999939,-1.618190928918554e-171,624.2645656490179,565.6816599624127
2024-08-27 17:45:00,456.6000061,-1.618190928918554e-171,591.2638494410766,612.4468289154555
2024-08-27 17:50:00,442.0,-1.618190928918554e-171,558.6871484218941,629.7301340329251
2024-08-27 17:55:00,429.8666687,-1.618190928918554e-171,526.604220994463,583.4733444530627
2024-08-27 18:00:00,416.5,-1.618190928918554e-171,495.08362994082773,107.19242491360116
2024-08-27 18:05:00,344.1666565,-1.618190928918554e-171,464.19231502345133,96.37088239538568
2024-08-27 18:10:00,316.5333252,-1.618190928918554e-171,433.9951742006487,93.55634238748011
2024-08-27 18:15:00,295.7666626,-1.618190928918554e-171,404.5546570303799,135.0751050907489
2024-08-27 18:20:00,286.7000122,-1.618190928918554e-171,375.930372882431,143.9605564958634
2024-08-27 18:25:00,245.6499939,-1.618190928918554e-171,348.17871730426623,131.00947110533482
2024-08-27 18:30:00,202.75,-1.618190928918554e-171,321.35251901513794,153.18125967320893
2024-08-27 18:35:00,149.1499939,-1.618190928918554e-171,295.5007107888873,152.74200230130498
2024-08-27 18:40:00,96.1000061,-1.618190928918554e-171,270.6680258628709,179.27498100757342
2024-08-27 18:45:00,62.70000076,-1.618190928918554e-171,246.89472298297397,198.39468079732865
2024-08-27 18:50:00,45.70000076,-1.618190928918554e-171,224.2163415518002,226.90318993257728
2024-08-27 18:55:00,35.5,-1.618190928918554e-171,202.66348905559366,220.76605803051837
2024-08-27 19:00:00,27.90000343,-1.618190928918554e-171,182.26166218716966,53.25910769021633
2024-08-27 19:05:00,21.5,-1.618190928918554e-171,163.03110300990986,52.15234809763411
2024-08-27 19:10:00,20.15000153,-1.618190928918554e-171,144.9866913531645,53.27204479463877
2024-08-27 19:15:00,17.54999924,-1.618190928918554e-171,128.13787385418877,52.453094139028245
2024-08-27 19:20:00,13.70000076,-1.618190928918554e-171,112.48863068479214,55.09694602519418
2024-08-27 19:25:00,0.0,-1.618190928918554e-171,98.03747958312245,54.109048644431745
2024-08-27 19:30:00,0.0,-1.618190928918554e-171,84.77751750341108,60.5786150875158
2024-08-27 19:35:00,0.0,-1.618190928918554e-171,72.6964993592082,62.87368713107137
2024-08-27 19:40:00,0.0,-1.618190928918554e-171,61.776953201076026,62.87368713107137
2024-08-27 19:45:00,0.0,-1.618190928918554e-171,51.996330949904475,51.822155857577634
2024-08-27 19:50:00,0.0,-1.618190928918554e-171,43.32719345449405,51.11706214553742
2024-08-27 19:55:00,0.0,-1.618190928918554e-171,35.73742834261693,34.596781550588986
2024-08-27 20:00:00,0.0,-1.618190928918554e-171,29.19049906432693,0.0
2024-08-27 20:05:00,0.0,-1.618190928918554e-171,23.64572314283679,0.08355555213333335
2024-08-27 20:10:00,0.0,-1.618190928918554e-171,19.058577393310262,0.08355555213333335
2024-08-27 20:15:00,0.0,-1.618190928918554e-171,15.381027811470664,0.08355555213333335
2024-08-27 20:20:00,0.0,-1.618190928918554e-171,12.561881592900491,0.0
2024-08-27 20:25:00,0.0,-1.618190928918554e-171,10.547158487796542,0.0
2024-08-27 20:30:00,0.0,-1.618190928918554e-171,9.280478696570283,0.0
2024-08-27 20:35:00,0.0,-1.618190928918554e-171,8.7034643204053,0.0
2024-08-27 20:40:00,0.0,-1.618190928918554e-171,8.756151223348734,0.0
2024-08-27 20:45:00,0.0,-1.618190928918554e-171,9.37740830017694,0.0
2024-08-27 20:50:00,0.0,-1.618190928918554e-171,10.50536078375236,0.0
2024-08-27 20:55:00,0.0,-1.618190928918554e-171,12.077814509072445,0.0
2024-08-27 21:00:00,0.0,-1.618190928918554e-171,14.03267785565596,0.0
2024-08-27 21:05:00,0.0,-1.618190928918554e-171,16.308378196858797,0.0
2024-08-27 21:10:00,0.0,-1.618190928918554e-171,18.84426972771774,0.0
2024-08-27 21:15:00,0.0,-1.618190928918554e-171,21.581029604194793,0.0
2024-08-27 21:20:00,0.0,-1.618190928918554e-171,24.461039450688435,0.0
2024-08-27 21:25:00,0.0,-1.618190928918554e-171,27.428749389008747,0.0
2024-08-27 21:30:00,0.0,-1.618190928918554e-171,30.43102194428555,0.0
2024-08-27 21:35:00,0.0,-1.618190928918554e-171,33.417453219065145,0.0
2024-08-27 21:40:00,0.0,-1.618190928918554e-171,36.340669120516516,0.0
2024-08-27 21:45:00,0.0,-1.618190928918554e-171,39.15659442994328,0.0
2024-08-27 21:50:00,0.0,-1.618190928918554e-171,41.824692826623206,0.0
2024-08-27 21:55:00,0.0,-1.618190928918554e-171,44.30817621219422,0.0
2024-08-27 22:00:00,0.0,-1.618190928918554e-171,46.57418189338429,0.0
2024-08-27 22:05:00,0.0,-1.618190928918554e-171,48.59391646372025,0.0
2024-08-27 22:10:00,0.0,-1.618190928918554e-171,50.3427654931118,0.0
2024-08-27 22:15:00,0.0,-1.618190928918554e-171,51.80036839854049,0.0
2024-08-27 22:20:00,0.0,-1.618190928918554e-171,52.95065814644856,0.0
2024-08-27 22:25:00,0.0,-1.618190928918554e-171,53.78186574229613,0.0
2024-08-27 22:30:00,0.0,-1.618190928918554e-171,54.28648971790361,0.0
2024-08-27 22:35:00,0.0,-1.618190928918554e-171,54.46123111573256,0.0
2024-08-27 22:40:00,0.0,-1.618190928918554e-171,54.30689475269496,0.0
2024-08-27 22:45:00,0.0,-1.618190928918554e-171,53.828257800533315,0.0
2024-08-27 22:50:00,0.0,-1.618190928918554e-171,53.033906996950115,0.0
2024-08-27 22:55:00,0.0,-1.618190928918554e-171,51.936046039735686,0.0
2024-08-27 23:00:00,0.0,-1.618190928918554e-171,50.550274943509116,0.0
2024-08-27 23:05:00,0.0,-1.618190928918554e-171,48.895343417386755,0.0
2024-08-27 23:10:00,0.0,-1.618190928918554e-171,46.99288041269673,0.0
2024-08-27 23:15:00,0.0,-1.618190928918554e-171,44.86710233356062,0.0
2024-08-27 23:20:00,0.0,-1.618190928918554e-171,42.54450243445223,0.0
2024-08-27 23:25:00,0.0,-1.618190928918554e-171,40.05352415371663,0.0
2024-08-27 23:30:00,0.0,-1.618190928918554e-171,37.42422124263016,0.0
2024-08-27 23:35:00,0.0,-1.618190928918554e-171,34.68790764591744,0.0
2024-08-27 23:40:00,0.0,-1.618190928918554e-171,31.876800174566185,0.0
2024-08-27 23:45:00,0.0,-1.618190928918554e-171,29.02365707281977,0.0
2024-08-27 23:50:00,0.0,-1.618190928918554e-171,26.161415607058608,0.0
2024-08-27 23:55:00,0.0,-1.618190928918554e-171,23.322831790863138,0.0
2024-08-28 00:00:00,0.0,-1.618190928918554e-171,20.540125435306372,0.0
2024-08-28 00:05:00,0.0,-1.618190928918554e-171,17.844633447704698,0.0
2024-08-28 00:10:00,0.0,-1.618190928918554e-171,15.266474595077419,0.0
2024-08-28 00:15:00,0.0,-1.618190928918554e-171,12.834228398130115,0.0
2024-08-28 00:20:00,0.0,-1.618190928918554e-171,10.574631187319282,0.0
2024-08-28 00:25:00,0.0,-1.618190928918554e-171,8.512291789928927,0.0
2024-08-28 00:30:00,0.0,-1.618190928918554e-171,6.669429442156946,0.0
2024-08-28 00:35:00,0.0,-1.618190928918554e-171,5.0656362136546464,0.0
2024-08-28 00:40:00,0.0,-1.618190928918554e-171,3.7176660490449627,0.0
2024-08-28 00:45:00,0.0,-1.618190928918554e-171,2.6392523392666365,0.0
2024-08-28 00:50:00,0.0,-1.618190928918554e-171,1.840955647557046,0.0
2024-08-28 00:55:00,0.0,-1.618190928918554e-171,1.3300431031323454,0.0
2024-08-28 01:00:00,0.0,-1.618190928918554e-171,1.1104004434318226,0.0
2024-08-28 01:05:00,0.0,-1.618190928918554e-171,1.182477824760031,0.0
2024-08-28 01:10:00,0.0,-1.618190928918554e-171,1.5432697702388851,0.0
2024-08-28 01:15:00,0.0,-1.618190928918554e-171,2.1863297990239556,0.0
2024-08-28 01:20:00,0.0,-1.618190928918554e-171,3.101819626914545,0.0
2024-08-28 01:25:00,0.0,-1.618190928918554e-171,4.276592767653137,0.0
2024-08-28 01:30:00,0.0,-1.618190928918554e-171,5.694311992193842,0.0
2024-08-28 01:35:00,0.0,-1.618190928918554e-171,7.335599826020856,0.0
2024-08-28 01:40:00,0.0,-1.618190928918554e-171,9.178220996926388,0.0
2024-08-28 01:45:00,0.0,-1.618190928918554e-171,11.197295469081483,0.0
2024-08-28 01:50:00,0.0,-1.618190928918554e-171,13.365540466039768,0.0
2024-08-28 01:55:00,0.0,-1.618190928918554e-171,15.653539551815845,0.0
2024-08-28 02:00:00,0.0,-1.618190928918554e-171,18.030036778106194,0.0
2024-08-28 02:05:00,0.0,-1.618190928918554e-171,20.46225343563034,0.0
2024-08-28 02:10:00,0.0,-1.618190928918554e-171,22.91622501295362,0.0
2024-08-28 02:15:00,0.0,-1.618190928918554e-171,25.35715558215317,0.0
2024-08-28 02:20:00,0.0,-1.618190928918554e-171,27.74978678388144,0.0
2024-08-28 02:25:00,0.0,-1.618190928918554e-171,30.05877837232796,0.0
2024-08-28 02:30:00,0.0,-1.618190928918554e-171,32.2490972367727,0.0
2024-08-28 02:35:00,0.0,-1.618190928918554e-171,34.28641165851218,0.0
2024-08-28 02:40:00,0.0,-1.618190928918554e-171,36.13748753894741,0.0
2024-08-28 02:45:00,0.0,-1.618190928918554e-171,37.770583255226185,0.0
2024-08-28 02:50:00,0.0,-1.618190928918554e-171,39.15583982720171,0.0
2024-08-28 02:55:00,0.0,-1.618190928918554e-171,40.26566305095085,0.0
2024-08-28 03:00:00,0.0,-1.618190928918554e-171,41.07509431522607,0.0
2024-08-28 03:05:00,0.0,-1.618190928918554e-171,41.562166863577026,0.0
2024-08-28 03:10:00,0.0,-1.618190928918554e-171,41.70824436277943,0.7685555436666667
2024-08-28 03:15:00,0.0,-1.618190928918554e-171,41.49833874435975,0.7685555436666667
2024-08-28 03:20:00,0.0,-1.618190928918554e-171,40.921404433913885,0.7685555436666667
2024-08-28 03:25:00,0.0,-1.618190928918554e-171,39.97060622560175,0.7685555436666667
2024-08-28 03:30:00,0.0,-1.618190928918554e-171,38.64355825769588,0.7685555436666667
2024-08-28 03:35:00,0.0,-1.618190928918554e-171,36.94253174048768,0.7685555436666667
2024-08-28 03:40:00,0.0,-1.618190928918554e-171,34.87462931339944,0.7685555436666667
2024-08-28 03:45:00,0.0,-1.618190928918554e-171,32.45192414839265,0.7685555436666667
2024-08-28 03:50:00,0.0,-1.618190928918554e-171,29.691562155954657,0.7685555436666667
2024-08-28 03:55:00,0.0,-1.618190928918554e-171,26.615825977341242,0.7685555436666667
2024-08-28 04:00:00,0.0,-1.618190928918554e-171,23.25215963439792,0.7685555436666667
2024-08-28 04:05:00,0.0,-1.618190928918554e-171,19.633153097342085,0.0
2024-08-28 04:10:00,0.0,-1.618190928918554e-171,15.796486253825407,0.0
2024-08-28 04:15:00,0.0,-1.618190928918554e-171,11.78483213627196,0.0
2024-08-28 04:20:00,0.0,-1.618190928918554e-171,7.645719527867525,0.0
2024-08-28 04:25:00,0.0,-1.618190928918554e-171,3.43135535530299,0.0
2024-08-28 04:30:00,0.0,-1.618190928918554e-171,-0.8015923299697638,0.0
2024-08-28 04:35:00,0.0,-1.618190928918554e-171,-4.992249762296765,0.0
2024-08-28 04:40:00,0.0,-1.618190928918554e-171,-9.075829896184429,0.0
2024-08-28 04:45:00,0.0,-1.618190928918554e-171,-12.983960248372517,0.0
2024-08-28 04:50:00,0.0,-1.618190928918554e-171,-16.64504416716138,0.0
2024-08-28 04:55:00,0.0,-1.618190928918554e-171,-19.98465341401568,0.0
2024-08-28 05:00:00,0.0,-1.618190928918554e-171,-22.92594960046778,0.0
2024-08-28 05:05:00,0.0,-1.618190928918554e-171,-25.390131705105397,0.0
2024-08-28 05:10:00,0.0,-1.618190928918554e-171,-27.296906996419693,0.0
2024-08-28 05:15:00,0.0,-1.618190928918554e-171,-28.564982007550416,0.0
2024-08-28 05:20:00,0.0,-1.618190928918554e-171,-29.11257055319088,0.0
2024-08-28 05:25:00,0.0,-1.618190928918554e-171,-28.857915183880444,0.0
2024-08-28 05:30:00,0.0,-1.618190928918554e-171,-27.71981865653601,0.0
2024-08-28 05:35:00,0.0,-1.618190928918554e-171,-25.61818173312071,0.0
2024-08-28 05:40:00,0.0,-1.618190928918554e-171,-22.474543608399948,0.0
2024-08-28 05:45:00,0.0,-1.618190928918554e-171,-18.212621184414147,0.0
2024-08-28 05:50:00,0.0,-1.618190928918554e-171,-12.758843459641765,0.0
2024-08-28 05:55:00,0.0,-1.618190928918554e-171,-6.042877182969582,0.0
2024-08-28 06:00:00,0.0,-1.618190928918554e-171,2.001859893915496,65.67597958743481
2024-08-28 06:05:00,0.0,-1.618190928918554e-171,11.437701878034314,67.09326109786926
2024-08-28 06:10:00,0.0,-1.618190928918554e-171,22.322257315189027,74.36180193282289
2024-08-28 06:15:00,0.0,-1.618190928918554e-171,34.70795494138177,80.98869663741199
2024-08-28 06:20:00,0.0,-1.618190928918554e-171,48.641615884568644,92.69116486654816
2024-08-28 06:25:00,0.0,-1.618190928918554e-171,64.16405556760472,92.52491407087928
2024-08-28 06:30:00,0.0,-1.618190928918554e-171,81.30971832168633,85.82101042267654
2024-08-28 06:35:00,0.0,-1.618190928918554e-171,100.10634718947848,84.4038993323632
2024-08-28 06:40:00,0.0,-1.618190928918554e-171,120.57469185275963,82.87586417566817
2024-08-28 06:45:00,67.90000153,-1.618190928918554e-171,142.72825663720238,73.81041246348184
2024-08-28 06:50:00,89.0,-1.618190928918554e-171,166.57309080972695,82.37817489959568
2024-08-28 06:55:00,106.8000031,-1.618190928918554e-171,192.10762263029937,89.15471139970202
2024-08-28 07:00:00,123.8000031,-1.618190928918554e-171,219.3225389047514,340.31302730401165
2024-08-28 07:05:00,153.0,-1.618190928918554e-171,248.20071086662026,342.22229389652284
2024-08-28 07:10:00,204.1999969,-1.618190928918554e-171,278.717167308452,404.86707479888344
2024-08-28 07:15:00,235.3000031,-1.618190928918554e-171,310.8391155638762,418.73254515155963
2024-08-28 07:20:00,272.8999939,-1.618190928918554e-171,344.52600992113105,432.5352443766153
2024-08-28 07:25:00,320.6000061,-1.618190928918554e-171,379.72966816603434,431.9562322706231
2024-08-28 07:30:00,376.2999878,-1.618190928918554e-171,416.3944347992454,405.92685278083957
2024-08-28 07:35:00,424.3999939,-1.618190928918554e-171,454.4573907633591,366.7642017909314
2024-08-28 07:40:00,478.6000061,-1.618190928918554e-171,493.84860811853486,252.25170680180264
2024-08-28 07:45:00,541.2999878,-1.618190928918554e-171,534.4914482824953,252.25170680180264
2024-08-28 07:50:00,585.7000122,-1.618190928918554e-171,576.3029021551791,382.55637863537595
2024-08-28 07:55:00,632.0,-1.618190928918554e-171,619.1939696385435,398.96198098422957
2024-08-28 08:00:00,682.5999756,-1.618190928918554e-171,663.0700769397066,1003.8601890836841
2024-08-28 08:05:00,735.2999878,-1.618190928918554e-171,707.831527908047,977.6177312296231
2024-08-28 08:10:00,793.5999756,-1.618190928918554e-171,753.3739877250234,987.2812575528051
2024-08-28 08:15:00,772.3666382,-1.618190928918554e-171,799.58899498407,988.1005093176256
2024-08-28 08:20:00,891.5,-1.618190928918554e-171,846.3644993816409,988.9490793567367
2024-08-28 08:25:00,956.2000122,-1.618190928918554e-171,893.585421005952,982.5911341597272
2024-08-28 08:30:00,933.4666138,-1.618190928918554e-171,941.1342282296861,982.5911341597272
2024-08-28 08:35:00,1098.0,-1.618190928918554e-171,988.8915299711247,1094.6560908788163
2024-08-28 08:40:00,1046.099976,-1.618190928918554e-171,1036.736678593631,1085.3080529871759
2024-08-28 08:45:00,1111.666626,-1.618190928918554e-171,1084.5483798483829,1092.9643818280701
2024-08-28 08:50:00,1145.299927,-1.618190928918554e-171,1132.2053049239478,1104.9099240429305
2024-08-28 08:55:00,1197.299927,-1.618190928918554e-171,1179.5867020421622,1128.711146708916
2024-08-28 09:00:00,1245.733276,-1.618190928918554e-171,1226.5730021935547,1546.4279152756778
2024-08-28 09:05:00,1293.199951,-1.618190928918554e-171,1273.0464161003888,1546.4279152756778
2024-08-28 09:10:00,1343.833374,-1.618190928918554e-171,1318.8915179782205,1515.3627607785731
2024-08-28 09:15:00,1392.133301,-1.618190928918554e-171,1363.9958124783557,1526.130823967663
2024-08-28 09:20:00,1440.300171,-1.618190928918554e-171,1408.2502813104113,1527.7838262678483
2024-08-28 09:25:00,1481.900024,-1.618190928918554e-171,1451.5499055157104,1527.7838262678483
2024-08-28 09:30:00,1522.166626,-1.618190928918554e-171,1493.7941610099556,1535.0497209982875
2024-08-28 09:35:00,1559.633423,-1.618190928918554e-171,1534.887482952382,1566.6182323155376
2024-08-28 09:40:00,1598.333374,-1.618190928918554e-171,1574.7396973323732,1563.8655500570535
2024-08-28 09:45:00,1634.333374,-1.618190928918554e-171,1613.2664162166882,1404.5017915625792
2024-08-28 09:50:00,1669.700073,-1.618190928918554e-171,1650.3893945500342,1401.1666780384683
2024-08-28 09:55:00,1705.166626,-1.618190928918554e-171,1686.036846460361,1447.2072754858712
2024-08-28 10:00:00,1743.533325,-1.618190928918554e-171,1720.1437188298996,1742.4817757572773
2024-08-28 10:05:00,1783.933228,-1.618190928918554e-171,1752.6519210894712,1750.065667970522
2024-08-28 10:10:00,1823.533325,-1.618190928918554e-171,1783.5105095763397,1742.4817757572773
2024-08-28 10:15:00,1861.766602,-1.618190928918554e-171,1812.6758259248263,1731.5474138162165
2024-08-28 10:20:00,1895.799927,-1.618190928918554e-171,1840.111588263158,1750.592511977624
2024-08-28 10:25:00,1927.533203,-1.618190928918554e-171,1865.788935856081,1544.1557400984095
2024-08-28 10:30:00,1955.900024,-1.618190928918554e-171,1889.6864264087205,1544.1557400984095
2024-08-28 10:35:00,1984.033325,-1.618190928918554e-171,1911.789987019823,1580.6128311519356
2024-08-28 10:40:00,2010.666626,-1.618190928918554e-171,1932.0928192118072,1580.6128311519356
2024-08-28 10:45:00,2034.266602,-1.618190928918554e-171,1950.5952591803707,1586.0195958536417
2024-08-28 10:50:00,2049.133545,-1.618190928918554e-171,1967.3045946776024,1586.0195958536417
2024-08-28 10:55:00,2055.533447,-1.618190928918554e-171,1982.2348399929908,1573.7577633700332
2024-08-28 11:00:00,2055.0,-1.618190928918554e-171,1995.406471342967,1725.7474476363545
2024-08-28 11:05:00,2053.93335,-1.618190928918554e-171,2006.846124394603,1707.5420965067467
2024-08-28 11:10:00,2053.699951,-1.618190928918554e-171,2016.5862569225296,1696.0778979476831
2024-08-28 11:15:00,2056.099854,-1.618190928918554e-171,2024.6647789137103,1668.7662479382252
2024-08-28 11:20:00,2057.93335,-1.618190928918554e-171,2031.1246532814694,1692.334661874093
2024-08-28 11:25:00,2058.833252,-1.618190928918554e-171,2036.0134701974307,1705.473667667401
2024-08-28 11:30:00,2058.233154,-1.618190928918554e-171,2039.382998374713,1710.237411793588
2024-08-28 11:35:00,2058.266602,-1.618190928918554e-171,2041.2887167651659,1719.1903954900447
2024-08-28 11:40:00,2059.06665,-1.618190928918554e-171,2041.7893301943857,1738.8985939942904
2024-08-28 11:45:00,2059.56665,-1.618190928918554e-171,2040.9462725947644,1740.3523967323215
2024-08-28 11:50:00,2059.300049,-1.618190928918554e-171,2038.8232015784374,1736.5669338277232
2024-08-28 11:55:00,2058.499756,-1.618190928918554e-171,2035.4854880841506,1681.9844963572925
2024-08-28 12:00:00,2057.366455,-1.618190928918554e-171,2030.9997048550185,1687.0941618985514
2024-08-28 12:05:00,2057.699951,-1.618190928918554e-171,2025.4331175761017,1679.1663739412184
2024-08-28 12:10:00,2057.633545,-1.618190928918554e-171,2018.8531822201821,1720.3523117397658
2024-08-28 12:15:00,2057.900146,-1.618190928918554e-171,2011.327052456407,1720.357684557485
2024-08-28 12:20:00,2057.266602,-1.618190928918554e-171,2002.9211003983187,1491.499531668265
2024-08-28 12:25:00,2058.966797,-1.618190928918554e-171,1993.7004543785747,1486.1785656199315
2024-08-28 12:30:00,2061.866699,-1.618190928918554e-171,1983.7285567099289,1768.8773327923177
2024-08-28 12:35:00,2064.93335,-1.618190928918554e-171,1973.0667448593645,1907.56611115784
2024-08-28 12:40:00,2065.766602,-1.618190928918554e-171,1961.7738585981297,1934.2074393635996
2024-08-28 12:45:00,2065.766602,-1.618190928918554e-171,1949.9058760244957,2035.332527284467
2024-08-28 12:50:00,2064.466553,-1.618190928918554e-171,1937.515580826861,2052.470606779589
2024-08-28 12:55:00,2062.900146,-1.618190928918554e-171,1924.652262927366,2056.215807568125
2024-08-28 13:00:00,2061.600098,-1.618190928918554e-171,1911.3614545940811,2047.4906677390231
2024-08-28 13:05:00,1735.550171,-1.618190928918554e-171,1897.684703397502,2018.8658252691512
2024-08-28 13:10:00,1199.650024,-1.618190928918554e-171,1883.6593836697127,1897.0408896675792
2024-08-28 13:15:00,934.7666626,-1.618190928918554e-171,1869.3185471474474,2020.6986474897767
2024-08-28 13:20:00,930.8999634,-1.618190928918554e-171,1854.6908140130301,2011.3692114791093
2024-08-28 13:25:00,880.9332886,-1.618190928918554e-171,1839.8003042799337,2001.3571591586658
2024-08-28 13:30:00,859.7000122,-1.618190928918554e-171,1824.6666099038741,1967.020205913434
2024-08-28 13:35:00,840.0333862,-1.618190928918554e-171,1809.3048074612789,1930.85959275867
2024-08-28 13:40:00,830.9332886,-1.618190928918554e-171,1793.725510688531,1905.7434998406486
2024-08-28 13:45:00,842.0,-1.618190928918554e-171,1777.9349622436473,1920.1355620837069
2024-08-28 13:50:00,992.0,-1.618190928918554e-171,1761.9351634484976,1775.8663203212602
2024-08-28 13:55:00,932.3666992,-1.618190928918554e-171,1745.7240408192797,1752.7722644213002
2024-08-28 14:00:00,2056.5,-1.618190928918554e-171,1729.2956473290963,1640.6888422554864
2024-08-28 14:05:00,2056.550293,-1.618190928918554e-171,1712.640397010162,1687.807919303807
2024-08-28 14:10:00,2055.900146,-1.618190928918554e-171,1695.7453301634102,1712.7187071148453
2024-08-28 14:15:00,2054.966797,-1.618190928918554e-171,1678.5944071261047,1762.4037253853342
2024-08-28 14:20:00,2054.149902,-1.618190928918554e-171,1661.1688278516697,1647.5687917835621
2024-08-28 14:25:00,1756.5,-1.618190928918554e-171,1643.4473744457089,1553.700169741599
2024-08-28 14:30:00,1097.949951,-1.618190928918554e-171,1625.40677385809,1467.5135544267089
2024-08-28 14:35:00,657.4499512,-1.618190928918554e-171,1607.0220773789126,1435.2955835055684
2024-08-28 14:40:00,499.4333496,-1.618190928918554e-171,1588.267053904063,1366.442089852214
2024-08-28 14:45:00,444.7666931,-1.618190928918554e-171,1569.114593417855,1319.3347738487746
2024-08-28 14:50:00,415.3666687,-1.618190928918554e-171,1549.5371176927006,1238.176001749
2024-08-28 14:55:00,453.2000122,-1.618190928918554e-171,1529.5069942710988,1174.085119554753
2024-08-28 15:00:00,427.1000061,-1.618190928918554e-171,1508.9969505839267,1449.819342886287
2024-08-28 15:05:00,560.2999878,-1.618190928918554e-171,1487.980484810724,1416.062132267531
2024-08-28 15:10:00,760.2000122,-1.618190928918554e-171,1466.4322698499147,1403.2521778888583
2024-08-28 15:15:00,742.25,-1.618190928918554e-171,1444.3285472583902,1450.4617556684332
2024-08-28 15:20:00,743.4333496,-1.618190928918554e-171,1421.6475078566596,1553.7050116385112
2024-08-28 15:25:00,960.2000122,-1.618190928918554e-171,1398.3696558149518,1685.595923667703
2024-08-28 15:30:00,1841.0,-1.618190928918554e-171,1374.478153377373,1653.8145323625133
2024-08-28 15:35:00,1620.799927,-1.618190928918554e-171,1349.9591432249563,1602.190018957168
2024-08-28 15:40:00,2056.300049,-1.618190928918554e-171,1324.8020460290047,1528.6034908393278
2024-08-28 15:45:00,1616.066772,-1.618190928918554e-171,1298.9998305309484,1474.4987381440394
2024-08-28 15:50:00,1929.950073,-1.618190928918554e-171,1272.5492541454062,1439.3678568834441
2024-08-28 15:55:00,1828.749878,-1.618190928918554e-171,1245.451071914562,1407.1789673663627
2024-08-28 16:00:00,1786.633301,-1.618190928918554e-171,1217.7102123619713,1242.3040403991074
2024-08-28 16:05:00,1747.366699,-1.618190928918554e-171,1189.3359184498468,1323.5691239324703
2024-08-28 16:10:00,1621.5,-1.618190928918554e-171,1160.3418527492038,1285.851626160702
2024-08-28 16:15:00,1539.5,-1.618190928918554e-171,1130.746165606847,1231.8967163153732
2024-08-28 16:20:00,1441.900024,-1.618190928918554e-171,1100.5715262409888,1166.5712059998777
2024-08-28 16:25:00,1394.099976,-1.618190928918554e-171,1069.845115842601,1126.1429727533455
2024-08-28 16:30:00,1335.199951,-1.618190928918554e-171,1038.5985829193771,1074.3769660760454
2024-08-28 16:35:00,1282.566772,-1.618190928918554e-171,1006.8679614574603,1168.0548667912776
2024-08-28 16:40:00,1236.199951,-1.618190928918554e-171,974.6935519490966,1156.5472412808874
2024-08-28 16:45:00,1187.833374,-1.618190928918554e-171,942.1197665416945,1035.6398384095933
2024-08-28 16:50:00,1132.5,-1.618190928918554e-171,909.1949393286048,1151.7693044963435
2024-08-28 16:55:00,1071.166626,-1.618190928918554e-171,875.9711031207762,1133.4235336086006
2024-08-28 17:00:00,1009.866638,-1.618190928918554e-171,842.5037345973044,771.1331639811284
2024-08-28 17:05:00,953.8666992,-1.618190928918554e-171,808.8514694964786,747.0841168565973
2024-08-28 17:10:00,900.1000366,-1.618190928918554e-171,775.0757903207754,717.5098159928353
2024-08-28 17:15:00,849.4666138,-1.618190928918554e-171,741.2406885097911,726.5685741682844
2024-08-28 17:20:00,801.9000854,-1.618190928918554e-171,707.4123041054366,755.4792966145595
2024-08-28 17:25:00,758.5,-1.618190928918554e-171,673.6585453159868,733.2717065030699
2024-08-28 17:30:00,716.5999146,-1.618190928918554e-171,640.048691001365,756.0240989894737
2024-08-28 17:35:00,667.999939,-1.618190928918554e-171,606.6529792612135,755.1900987228811
2024-08-28 17:40:00,618.9332886,-1.618190928918554e-171,573.5421849659109,716.116672254793
2024-08-28 17:45:00,572.8999634,-1.618190928918554e-171,540.7871894933241,708.524296161927
2024-08-28 17:50:00,548.3666382,-1.618190928918554e-171,508.4585464585103,720.9431653559096
2024-08-28 17:55:00,533.2999878,-1.618190928918554e-171,476.6260459446799,719.7704033707033
2024-08-28 18:00:00,533.0333862,-1.618190928918554e-171,445.35828105077917,340.8135877398059
2024-08-28 18:05:00,508.3000488,-1.618190928918554e-171,414.72222015736867,343.10616613319627
2024-08-28 18:10:00,499.5,-1.618190928918554e-171,384.78278770793315,241.60312960261902
2024-08-28 18:15:00,426.9000244,-1.618190928918554e-171,355.6024571098491,260.90362264210995
2024-08-28 18:20:00,350.25,-1.618190928918554e-171,327.2408586355428,277.4718940726553
2024-08-28 18:25:00,261.2000122,-1.618190928918554e-171,299.75440530592846,275.58520719660294
2024-08-28 18:30:00,178.8999939,-1.618190928918554e-171,273.1959397271478,215.38341333231983
2024-08-28 18:35:00,135.0,-1.618190928918554e-171,247.61440436354232,214.32879287095315
2024-08-28 18:40:00,122.2666626,-1.618190928918554e-171,223.05453791179445,218.05073557165608
2024-08-28 18:45:00,110.7000046,-1.618190928918554e-171,199.55659986737484,211.55231887245668
2024-08-28 18:50:00,105.5500031,-1.618190928918554e-171,177.1561255246209,225.55976601679166
2024-08-28 18:55:00,87.65000916,-1.618190928918554e-171,155.88371316941826,221.58559472902766
2024-08-28 19:00:00,57.90000534,-1.618190928918554e-171,135.7648449722636,65.13431685925447
2024-08-28 19:05:00,38.20000076,-1.618190928918554e-171,116.81974313467984,63.71971525112876
2024-08-28 19:10:00,35.84999847,-1.618190928918554e-171,99.06326203632564,65.31267985708907
2024-08-28 19:15:00,28.15000153,-1.618190928918554e-171,82.50481729776227,62.420948130364
2024-08-28 19:20:00,20.0,-1.618190928918554e-171,67.14835243886469,62.826222230005115
2024-08-28 19:25:00,13.90000057,-1.618190928918554e-171,52.99234293390356,60.880159132105476
2024-08-28 19:30:00,12.40000057,-1.618190928918554e-171,40.02983791201422,52.830112800622864
2024-08-28 19:35:00,0.0,-1.618190928918554e-171,28.24853894398305,14.424913658550446
2024-08-28 19:40:00,0.0,-1.618190928918554e-171,17.630915416495064,12.213145805439886
2024-08-28 19:45:00,0.0,-1.618190928918554e-171,8.154355371665229,13.911825645210499
2024-08-28 19:50:00,0.0,-1.618190928918554e-171,-0.20864924567447637,17.235643396698848
2024-08-28 19:55:00,0.0,-1.618190928918554e-171,-7.490284491683904,19.476592009222177
2024-08-28 20:00:00,0.0,-1.618190928918554e-171,-13.727165095475781,0.023388888033333333
2024-08-28 20:05:00,0.0,-1.618190928918554e-171,-18.96005598346737,0.023388888033333333
2024-08-28 20:10:00,0.0,-1.618190928918554e-171,-23.233566688337888,0.0
2024-08-28 20:15:00,0.0,-1.618190928918554e-171,-26.595821128317336,0.0
2024-08-28 20:20:00,0.0,-1.618190928918554e-171,-29.098105245135585,0.0
2024-08-28 20:25:00,0.0,-1.618190928918554e-171,-30.794495241823466,0.0
2024-08-28 20:30:00,0.0,-1.618190928918554e-171,-31.741469296895765,0.0
2024-08-28 20:35:00,0.0,-1.618190928918554e-171,-31.997505701671393,0.0
2024-08-28 20:40:00,0.0,-1.618190928918554e-171,-31.622670544242617,0.0
2024-08-28 20:45:00,0.0,-1.618190928918554e-171,-30.678198043978057,0.0
2024-08-28 20:50:00,0.0,-1.618190928918554e-171,-29.226066786433456,0.0
2024-08-28 20:55:00,0.0,-1.618190928918554e-171,-27.328575022930174,0.0
2024-08-28 21:00:00,0.0,-1.618190928918554e-171,-25.04791829369178,0.0
2024-08-28 21:05:00,0.0,-1.618190928918554e-171,-22.44577254343433,0.0
2024-08-28 21:10:00,0.0,-1.618190928918554e-171,-19.582885877721566,0.0
2024-08-28 21:15:00,0.0,-1.618190928918554e-171,-16.518682007212632,0.0
2024-08-28 21:20:00,0.0,-1.618190928918554e-171,-13.310878351404671,0.0
2024-08-28 21:25:00,0.0,-1.618190928918554e-171,-10.015121621274567,0.0
2024-08-28 21:30:00,0.0,-1.618190928918554e-171,-6.684643571584156,0.0
2024-08-28 21:35:00,0.0,-1.618190928918554e-171,-3.3699394923608623,0.0
2024-08-28 21:40:00,0.0,-1.618190928918554e-171,-0.11847164843783396,0.0
2024-08-28 21:45:00,0.0,-1.618190928918554e-171,3.025600031511875,0.0
2024-08-28 21:50:00,0.0,-1.618190928918554e-171,6.02165825455273,0.0
2024-08-28 21:55:00,0.0,-1.618190928918554e-171,8.832837896913999,0.0
2024-08-28 22:00:00,0.0,-1.618190928918554e-171,11.426203377230854,0.0
2024-08-28 22:05:00,0.0,-1.618190928918554e-171,13.772892683992373,0.0
2024-08-28 22:10:00,0.0,-1.618190928918554e-171,15.848227180614254,0.0
2024-08-28 22:15:00,0.0,-1.618190928918554e-171,17.631786566452,0.0
2024-08-28 22:20:00,0.0,-1.618190928918554e-171,19.107448608666132,0.0
2024-08-28 22:25:00,0.0,-1.618190928918554e-171,20.263393654062888,0.0
2024-08-28 22:30:00,0.0,-1.618190928918554e-171,21.092074079894893,0.0
2024-08-28 22:35:00,0.0,-1.618190928918554e-171,21.59014921872692,0.0
2024-08-28 22:40:00,0.0,-1.618190928918554e-171,21.75838652170924,0.0
2024-08-28 22:45:00,0.0,-1.618190928918554e-171,21.60153001113214,0.0
2024-08-28 22:50:00,0.0,-1.618190928918554e-171,21.12813732559523,0.0
2024-08-28 22:55:00,0.0,-1.618190928918554e-171,20.350386919780533,0.0
2024-08-28 23:00:00,0.0,-1.618190928918554e-171,19.283857205478096,0.0
2024-08-28 23:05:00,0.0,-1.618190928918554e-171,17.947279665595826,0.0
2024-08-28 23:10:00,0.0,-1.618190928918554e-171,16.362268137365408,0.0
2024-08-28 23:15:00,0.0,-1.618190928918554e-171,14.553026737605343,0.0
2024-08-28 23:20:00,0.0,-1.618190928918554e-171,12.546038913257464,0.0
2024-08-28 23:25:00,0.0,-1.618190928918554e-171,10.369740487607567,0.0
2024-08-28 23:30:00,0.0,-1.618190928918554e-171,8.05417939683873,0.0
2024-08-28 23:35:00,0.0,-1.618190928918554e-171,5.630665251677849,0.0
2024-08-28 23:40:00,0.0,-1.618190928918554e-171,3.1314116329810564,0.0
2024-08-28 23:45:00,0.0,-1.618190928918554e-171,0.5891742873286624,0.0
2024-08-28 23:50:00,0.0,-1.618190928918554e-171,-1.9631116460080955,0.0
2024-08-28 23:55:00,0.0,-1.618190928918554e-171,-4.492692266619878,0.0
2024-08-29 00:00:00,0.0,-1.618190928918554e-171,-6.967350255366975,0.0
2024-08-29 00:05:00,0.0,-1.618190928918554e-171,-9.35575189442839,0.0
2024-08-29 00:10:00,0.0,-1.618190928918554e-171,-11.627782656925914,0.0
2024-08-29 00:15:00,0.0,-1.618190928918554e-171,-13.754868645731937,0.0
2024-08-29 00:20:00,0.0,-1.618190928918554e-171,-15.710280820631885,0.0
2024-08-29 00:25:00,0.0,-1.618190928918554e-171,-17.46941964568123,0.0
2024-08-29 00:30:00,0.0,-1.618190928918554e-171,-19.010077394700723,0.0
2024-08-29 00:35:00,0.0,-1.618190928918554e-171,-20.31267599476839,0.0
2024-08-29 00:40:00,0.0,-1.618190928918554e-171,-21.360478188411214,0.0
2024-08-29 00:45:00,0.0,-1.618190928918554e-171,-22.13977015379682,0.0
2024-08-29 00:50:00,0.0,-1.618190928918554e-171,-22.640013908604637,0.0
2024-08-29 00:55:00,0.0,-1.618190928918554e-171,-22.85396808383642,0.0
2024-08-29 01:00:00,0.0,-1.618190928918554e-171,-22.777775908547508,0.0
2024-08-29 01:05:00,0.0,-1.618190928918554e-171,-22.41101950439926,0.0
2024-08-29 01:10:00,0.0,-1.618190928918554e-171,-21.7567399267326,0.0
2024-08-29 01:15:00,0.0,-1.618190928918554e-171,-20.82142251662991,0.0
2024-08-29 01:20:00,0.0,-1.618190928918554e-171,-19.614947664284593,0.0
2024-08-29 01:25:00,0.0,-1.618190928918554e-171,-18.15050710297932,0.0
2024-08-29 01:30:00,0.0,-1.618190928918554e-171,-16.444486334639148,0.0
2024-08-29 01:35:00,0.0,-1.618190928918554e-171,-14.516313967421352,0.0
2024-08-29 01:40:00,0.0,-1.618190928918554e-171,-12.38827908943036,0.0
2024-08-29 01:45:00,0.0,-1.618190928918554e-171,-10.08531800070703,0.0
2024-08-29 01:50:00,0.0,-1.618190928918554e-171,-7.634771956218146,0.0
2024-08-29 01:55:00,0.0,-1.618190928918554e-171,-5.066117780036527,0.0
2024-08-29 02:00:00,0.0,-1.618190928918554e-171,-2.410673442519335,0.0
2024-08-29 02:05:00,0.0,-1.618190928918554e-171,0.2987190377773821,0.0
2024-08-29 02:10:00,0.0,-1.618190928918554e-171,3.02803090006984,0.0
2024-08-29 02:15:00,0.0,-1.618190928918554e-171,5.742401384956326,0.0
2024-08-29 02:20:00,0.0,-1.618190928918554e-171,8.40650709983798,0.0
2024-08-29 02:25:00,0.0,-1.618190928918554e-171,10.984942967324969,0.0
2024-08-29 02:30:00,0.0,-1.618190928918554e-171,13.442611639451725,0.0
2024-08-29 02:35:00,0.0,-1.618190928918554e-171,15.745118170270837,0.0
2024-08-29 02:40:00,0.0,-1.618190928918554e-171,17.859166634313258,0.0
2024-08-29 02:45:00,0.0,-1.618190928918554e-171,19.75295541612968,0.0
2024-08-29 02:50:00,0.0,-1.618190928918554e-171,21.3965677560401,0.0
2024-08-29 02:55:00,0.0,-1.618190928918554e-171,22.7623542914794,0.0
2024-08-29 03:00:00,0.0,-1.618190928918554e-171,23.825304251691563,0.0
2024-08-29 03:05:00,0.0,-1.618190928918554e-171,24.563402088330808,0.0
2024-08-29 03:10:00,0.0,-1.618190928918554e-171,24.957966392125126,0.0
2024-08-29 03:15:00,0.0,-1.618190928918554e-171,24.993968065576,0.0
2024-08-29 03:20:00,0.0,-1.618190928918554e-171,24.660324852414135,0.0
2024-08-29 03:25:00,0.0,-1.618190928918554e-171,23.950169494022262,0.0
2024-08-29 03:30:00,0.0,-1.618190928918554e-171,22.861088938522922,0.0
2024-08-29 03:35:00,0.0,-1.618190928918554e-171,21.395332312706493,0.0
2024-08-29 03:40:00,0.0,-1.618190928918554e-171,19.559985424144973,0.0
2024-08-29 03:45:00,0.0,-1.618190928918554e-171,17.367110032673768,0.0
2024-08-29 03:50:00,0.0,-1.618190928918554e-171,14.833846163834348,0.0
2024-08-29 03:55:00,0.0,-1.618190928918554e-171,11.982476153779713,0.0
2024-08-29 04:00:00,0.0,-1.618190928918554e-171,8.840449340574091,0.0
2024-08-29 04:05:00,0.0,-1.618190928918554e-171,5.440366599786549,0.0
2024-08-29 04:10:00,0.0,-1.618190928918554e-171,1.8199242925824788,0.0
2024-08-29 04:15:00,0.0,-1.618190928918554e-171,-1.9781826523467996,0.0
2024-08-29 04:20:00,0.0,-1.618190928918554e-171,-5.906398219156309,0.0
2024-08-29 04:25:00,0.0,-1.618190928918554e-171,-9.912483148755218,0.0
2024-08-29 04:30:00,0.0,-1.618190928918554e-171,-13.939732116421697,0.0
2024-08-29 04:35:00,0.0,-1.618190928918554e-171,-17.927229464857813,0.0
2024-08-29 04:40:00,0.0,-1.618190928918554e-171,-21.81014189264085,0.0
2024-08-29 04:45:00,0.0,-1.618190928918554e-171,-25.5200466383179,0.0
2024-08-29 04:50:00,0.0,-1.618190928918554e-171,-28.98529313655205,0.0
2024-08-29 04:55:00,0.0,-1.618190928918554e-171,-32.131395986094525,0.0
2024-08-29 05:00:00,0.0,-1.618190928918554e-171,-34.881456814636486,0.0
2024-08-29 05:05:00,0.0,-1.618190928918554e-171,-37.15661227665609,0.0
2024-08-29 05:10:00,0.0,-1.618190928918554e-171,-38.876505412155446,0.0
2024-08-29 05:15:00,0.0,-1.618190928918554e-171,-39.959777172428964,0.0
2024-08-29 05:20:00,0.0,-1.618190928918554e-171,-40.32457493257034,0.0
2024-08-29 05:25:00,0.0,-1.618190928918554e-171,-39.88907446485509,0.0
2024-08-29 05:30:00,0.0,-1.618190928918554e-171,-38.57201199413205,0.0
2024-08-29 05:35:00,0.0,-1.618190928918554e-171,-36.29322249887786,0.0
2024-08-29 05:40:00,0.0,-1.618190928918554e-171,-32.97418072699365,0.0
2024-08-29 05:45:00,0.0,-1.618190928918554e-171,-28.538541005043253,0.0
2024-08-29 05:50:00,0.0,-1.618190928918554e-171,-22.91267217621877,0.0
2024-08-29 05:55:00,0.0,-1.618190928918554e-171,-16.026183800570394,0.0
2024-08-29 06:00:00,0.0,-1.618190928918554e-171,-7.812439924437739,79.47998568663505
2024-08-29 06:05:00,0.0,-1.618190928918554e-171,1.7909432726693346,80.86324492974616
2024-08-29 06:10:00,0.0,-1.618190928918554e-171,12.841619589025791,80.86324492974616
2024-08-29 06:15:00,0.0,-1.618190928918554e-171,25.39205802579298,81.07229256157711
2024-08-29 06:20:00,0.0,-1.618190928918554e-171,39.48911462407161,81.07229256157711
2024-08-29 06:25:00,0.0,-1.618190928918554e-171,55.173633918895135,82.581570300766
2024-08-29 06:30:00,0.0,-1.618190928918554e-171,72.48008319241501,78.51042213674377
2024-08-29 06:35:00,0.0,-1.618190928918554e-171,91.43622193466577,78.51042213674377
2024-08-29 06:40:00,71.69999695,-1.618190928918554e-171,112.06280946152121,78.98986657681044
2024-08-29 06:45:00,91.80000305,-1.618190928918554e-171,134.3733527335479,80.26701102167044
2024-08-29 06:50:00,113.1999969,-1.618190928918554e-171,158.37389629292778,97.76145398888121
2024-08-29 06:55:00,124.6999969,-1.618190928918554e-171,184.0628562980041,97.47099097326455
2024-08-29 07:00:00,144.1999969,-1.618190928918554e-171,211.43089984847126,418.73475910675137
2024-08-29 07:05:00,179.6000061,-1.618190928918554e-171,240.46087089483498,413.326688737387
2024-08-29 07:10:00,191.8000031,-1.618190928918554e-171,271.1277632265983,388.94523517127004
2024-08-29 07:15:00,247.8999939,-1.618190928918554e-171,303.39874154929515,340.6215403702452
2024-08-29 07:20:00,291.7999878,-1.618190928918554e-171,337.2332099753338,331.01876626453156
2024-08-29 07:25:00,334.7000122,-1.618190928918554e-171,372.58292859365986,361.4006617567646
2024-08-29 07:30:00,387.1000061,-1.618190928918554e-171,409.39217699400314,375.49883262660956
2024-08-29 07:35:00,434.2999878,-1.618190928918554e-171,447.59796409069776,366.5014792969001
2024-08-29 07:40:00,479.7000122,-1.618190928918554e-171,487.13028319025136,472.788720414783
2024-08-29 07:45:00,549.4000244,-1.618190928918554e-171,527.9124104029394,558.055583436516
2024-08-29 07:50:00,603.5999756,-1.618190928918554e-171,569.8612451278391,559.010488629397
2024-08-29 07:55:00,654.0,-1.618190928918554e-171,612.8876900664307,562.2063672572216
2024-08-29 08:00:00,704.0999756,-1.618190928918554e-171,656.8970688808697,1063.5216974916248
2024-08-29 08:05:00,759.0999756,-1.618190928918554e-171,701.7895780030176,991.240210399991
2024-08-29 08:10:00,812.9000244,-1.618190928918554e-171,747.4607707917854,988.7212937709006
2024-08-29 08:15:00,793.2333374,-1.618190928918554e-171,793.8020702977051,885.6893624551635
2024-08-29 08:20:00,822.9000854,-1.618190928918554e-171,840.7013071882928,892.0120839978503
2024-08-29 08:25:00,980.5,-1.618190928918554e-171,888.0432799269917,895.9100546587488
2024-08-29 08:30:00,929.6000366,-1.618190928918554e-171,935.7103331006605,962.9949849209032
2024-08-29 08:35:00,1108.900024,-1.618190928918554e-171,983.5829502858973,1031.7174451514268
2024-08-29 08:40:00,1054.666626,-1.618190928918554e-171,1031.5403577331203,1056.0087420000734
2024-08-29 08:45:00,1121.333374,-1.618190928918554e-171,1079.4611345695987,1082.0830405298377
2024-08-29 08:50:00,1155.166626,-1.618190928918554e-171,1127.2238259737908,1086.130234967441
2024-08-29 08:55:00,1210.900024,-1.618190928918554e-171,1174.7075549011383,1098.2190879822028
2024-08-29 09:00:00,1259.799927,-1.618190928918554e-171,1221.792628804359,1543.392137310184
2024-08-29 09:05:00,1307.833374,-1.618190928918554e-171,1268.3611370120884,1551.4421336669773
2024-08-29 09:10:00,1352.366577,-1.618190928918554e-171,1314.297535247857,1554.8872831455162
2024-08-29 09:15:00,1396.400024,-1.618190928918554e-171,1359.4892129933255,1522.6778041479934
2024-08-29 09:20:00,1438.933228,-1.618190928918554e-171,1403.8270406755253,1486.3121373499644
2024-08-29 09:25:00,1482.266602,-1.618190928918554e-171,1447.2058926290642,1488.26438165228
2024-08-29 09:30:00,1525.5,-1.618190928918554e-171,1489.5251430187966,1498.8627670099281
2024-08-29 09:35:00,1568.733398,-1.618190928918554e-171,1530.6891307315034,1550.8374015216045
2024-08-29 09:40:00,1612.400024,-1.618190928918554e-171,1570.6075913468333,1674.8435931927393
2024-08-29 09:45:00,1654.266602,-1.618190928918554e-171,1609.196052927499,1716.129237999562
2024-08-29 09:50:00,1693.266602,-1.618190928918554e-171,1646.3761930323558,1713.9331898895298
2024-08-29 09:55:00,1727.633423,-1.618190928918554e-171,1682.0761553560433,1713.9331898895298
2024-08-29 10:00:00,1761.966797,-1.618190928918554e-171,1716.2308237054142,1629.2134677741458
2024-08-29 10:05:00,1793.966797,-1.618190928918554e-171,1748.7820519054314,1629.2134677741458
2024-08-29 10:10:00,1823.533325,-1.618190928918554e-171,1779.6788484756619,1629.2134677741458
2024-08-29 10:15:00,1850.799927,-1.618190928918554e-171,1808.8775149347787,1907.3672378610108
2024-08-29 10:20:00,1880.200073,-1.618190928918554e-171,1836.3417373891693,1946.573996705931
2024-08-29 10:25:00,1913.333374,-1.618190928918554e-171,1862.0426309334866,1946.5459324403755
2024-08-29 10:30:00,1944.933228,-1.618190928918554e-171,1885.9587371566618,1949.3095941486426
2024-08-29 10:35:00,1971.666626,-1.618190928918554e-171,1908.075974950999,1952.2681355660502
2024-08-29 10:40:00,1996.200073,-1.618190928918554e-171,1928.3875454475913,1952.04702418205
2024-08-29 10:45:00,2017.633301,-1.618190928918554e-171,1946.8937921899314,1952.1105246842721
2024-08-29 10:50:00,2038.400024,-1.618190928918554e-171,1963.6020176965894,1953.060228188717
2024-08-29 10:55:00,2049.533203,-1.618190928918554e-171,1978.5262583412748,1953.060228188717
2024-08-29 11:00:00,2055.766602,-1.618190928918554e-171,1991.6870193989926,2021.5532844395027
2024-08-29 11:05:00,2055.93335,-1.618190928918554e-171,2003.1109722872147,2030.2940674056874
2024-08-29 11:10:00,2057.099854,-1.618190928918554e-171,2012.8306168465476,2017.3998684392109
2024-08-29 11:15:00,2057.333252,-1.618190928918554e-171,2020.8839111141806,2003.4226145990938
2024-08-29 11:20:00,2058.166748,-1.618190928918554e-171,2027.3138715777452,2026.4981586426845
2024-08-29 11:25:00,2058.333252,-1.618190928918554e-171,2032.168147075496,2034.014370193024
2024-08-29 11:30:00,2058.93335,-1.618190928918554e-171,2035.4985696634383,2043.8898509363107
2024-08-29 11:35:00,2059.333252,-1.618190928918554e-171,2037.3606857716986,2049.0068182951563
2024-08-29 11:40:00,2060.399902,-1.618190928918554e-171,2037.8132713915218,2057.2696541079185
2024-08-29 11:45:00,2061.0,-1.618190928918554e-171,2036.9178347657155,2057.0681810636424
2024-08-29 11:50:00,2061.199951,-1.618190928918554e-171,2034.7381104497513,2057.6054735091425
2024-08-29 11:55:00,2060.266602,-1.618190928918554e-171,2031.3395484374475,2057.661427761633
2024-08-29 12:00:00,2059.56665,-1.618190928918554e-171,2026.788802125858,1903.8583955281388
2024-08-29 12:05:00,2059.966797,-1.618190928918554e-171,2021.153218890041,1744.5577751369854
2024-08-29 12:10:00,2059.599854,-1.618190928918554e-171,2014.50033697105,1726.8440740125247
2024-08-29 12:15:00,2060.333252,-1.618190928918554e-171,2006.8973923109404,1688.788816901828
2024-08-29 12:20:00,2059.133301,-1.618190928918554e-171,1998.4108388631687,1632.3514290685198
2024-08-29 12:25:00,2058.733398,-1.618190928918554e-171,1989.1058858746767,1571.7740513032122
2024-08-29 12:30:00,2016.266602,-1.618190928918554e-171,1979.0460551758342,1590.7781635314504
2024-08-29 12:35:00,1975.766602,-1.618190928918554e-171,1968.2927619415582,1623.7011622837397
2024-08-29 12:40:00,1936.466675,-1.618190928918554e-171,1956.9049214314782,1638.7928980303598
2024-08-29 12:45:00,2060.300049,-1.618190928918554e-171,1944.9385846480484,1775.2553107306358
2024-08-29 12:50:00,1946.366577,-1.618190928918554e-171,1932.4466052094556,1849.8994987932126
2024-08-29 12:55:00,1988.333374,-1.618190928918554e-171,1919.4783397811668,1925.7694857959225
2024-08-29 13:00:00,1952.349976,-1.618190928918554e-171,1906.0793838060838,1919.7147459263115
2024-08-29 13:05:00,2065.199707,-1.618190928918554e-171,1892.2913443190814,1897.9823050473358
2024-08-29 13:10:00,2065.75,-1.618190928918554e-171,1878.1516511140067,1931.1670361413437
2024-08-29 13:15:00,2064.300049,-1.618190928918554e-171,1863.6934073620093,1978.2514451678005
2024-08-29 13:20:00,2061.666748,-1.618190928918554e-171,1848.9452803930435,1992.4409262506124
2024-08-29 13:25:00,2058.166748,-1.618190928918554e-171,1833.931433110454,1973.1918239780198
2024-08-29 13:30:00,2057.0,-1.618190928918554e-171,1818.671496064155,1966.3095849035121
2024-08-29 13:35:00,2057.733398,-1.618190928918554e-171,1803.1805800850366,1970.658566688752
2024-08-29 13:40:00,2059.099854,-1.618190928918554e-171,1787.4693289306654,1918.878944387581
2024-08-29 13:45:00,2059.866455,-1.618190928918554e-171,1771.544011072903,1898.5120486276107
2024-08-29 13:50:00,1954.699829,-1.618190928918554e-171,1755.4066496826613,1874.2585004403059
2024-08-29 13:55:00,1902.200073,-1.618190928918554e-171,1739.055189210288,1294.1085313905953
2024-08-29 14:00:00,2051.899902,-1.618190928918554e-171,1722.4836969261978,1239.826008115974
2024-08-29 14:05:00,2053.049805,-1.618190928918554e-171,1705.682597731008,1309.892617281474
2024-08-29 14:10:00,2054.499756,-1.618190928918554e-171,1688.6389396439542,1409.4421811405955
2024-08-29 14:15:00,2057.666504,-1.618190928918554e-171,1671.3366878802274,1624.6214779600184
2024-08-29 14:20:00,2060.5,-1.618190928918554e-171,1653.757044696916,1562.522189322136
2024-08-29 14:25:00,2062.633057,-1.618190928918554e-171,1635.8787923950533,1425.2517255073194
2024-08-29 14:30:00,2062.599854,-1.618190928918554e-171,1617.6786562638324,1381.873655200017
2024-08-29 14:35:00,2062.300049,-1.618190928918554e-171,1599.131684522132,1326.2686894234444
2024-08-29 14:40:00,1974.400024,-1.618190928918554e-171,1580.2116419721522,1315.8691976568375
2024-08-29 14:45:00,1930.949951,-1.618190928918554e-171,1560.8914138968828,1295.728581076837
2024-08-29 14:50:00,1654.5,-1.618190928918554e-171,1541.1434171836215,1262.9845511613435
2024-08-29 14:55:00,1324.933228,-1.618190928918554e-171,1520.9400146705361,1329.5302349049393
2024-08-29 15:00:00,1232.949951,-1.618190928918554e-171,1500.2539298126567,1440.100620410573
2024-08-29 15:05:00,999.9499512,-1.618190928918554e-171,1479.0586578324717,1431.7586314391408
2024-08-29 15:10:00,614.6500244,-1.618190928918554e-171,1457.3288701792073,1449.3956449534116
2024-08-29 15:15:00,415.3333435,-1.618190928918554e-171,1435.040808801751,1459.1090074077345
2024-08-29 15:20:00,391.8499756,-1.618190928918554e-171,1412.1726672098164,1511.5440653128535
2024-08-29 15:25:00,334.3333435,-1.618190928918554e-171,1388.704954948079,1560.3289117547688
2024-08-29 15:30:00,1680.699951,-1.618190928918554e-171,1364.620842522336,1631.580402987955
2024-08-29 15:35:00,1823.900024,-1.618190928918554e-171,1339.9064842959158,1606.2567592347361
2024-08-29 15:40:00,1768.866699,-1.618190928918554e-171,1314.551316196523,1595.426537878248
2024-08-29 15:45:00,1811.133301,-1.618190928918554e-171,1288.5483261285547,1537.9012409454517
2024-08-29 15:50:00,1802.933228,-1.618190928918554e-171,1261.894294754532,1523.9706087615864
2024-08-29 15:55:00,1702.833374,-1.618190928918554e-171,1234.590004811512,1502.0254992985672
2024-08-29 16:00:00,1698.566772,-1.618190928918554e-171,1206.6404169780865,1412.0754293505972
2024-08-29 16:05:00,1639.133301,-1.618190928918554e-171,1178.054811057622,1363.96223021248
2024-08-29 16:10:00,1678.933228,-1.618190928918554e-171,1148.846891235606,1362.0041654027384
2024-08-29 16:15:00,1551.666626,-1.618190928918554e-171,1119.0348543081432,1327.6537623544045
2024-08-29 16:20:00,1481.233398,-1.618190928918554e-171,1088.6414208507667,1305.2402222143126
2024-08-29 16:25:00,1401.5,-1.618190928918554e-171,1057.6938281667274,1231.8645697328286
2024-08-29 16:30:00,1371.266602,-1.618190928918554e-171,1026.2237858152669,1245.9177544892764
2024-08-29 16:35:00,1312.200073,-1.618190928918554e-171,994.2673934925275,1249.5605799183586
2024-08-29 16:40:00,1245.966675,-1.618190928918554e-171,961.8650220147249,1230.5666719977307
2024-08-29 16:45:00,1192.799927,-1.618190928918554e-171,929.061158244316,1219.5936960367487
2024-08-29 16:50:00,1161.966675,-1.618190928918554e-171,895.9042152644454,1261.8876441359394
2024-08-29 16:55:00,1124.966675,-1.618190928918554e-171,862.4463089481368,1184.7840284603305
2024-08-29 17:00:00,1067.0,-1.618190928918554e-171,828.7430026247406,807.7864342732304
2024-08-29 17:05:00,985.5666504,-1.618190928918554e-171,794.8530222982985,809.0200640333304
2024-08-29 17:10:00,907.4666138,-1.618190928918554e-171,760.8379437456524,795.3619909315272
2024-08-29 17:15:00,840.6333618,-1.618190928918554e-171,726.7618545316038,806.4498855606114
2024-08-29 17:20:00,788.2000122,-1.618190928918554e-171,692.6909931317332,692.0511251192715
2024-08-29 17:25:00,735.4332886,-1.618190928918554e-171,658.6933682562186,653.9389762174382
2024-08-29 17:30:00,682.5333252,-1.618190928918554e-171,624.8383609137179,736.2101082457033
2024-08-29 17:35:00,628.9666138,-1.618190928918554e-171,591.1963124419713,708.866628270251
2024-08-29 17:40:00,576.8666992,-1.618190928918554e-171,557.838101731907,735.0256937635033
2024-08-29 17:45:00,522.333313,-1.618190928918554e-171,524.8347144541237,812.7225184480667
2024-08-29 17:50:00,468.1333313,-1.618190928918554e-171,492.2568083951357,890.6202067137446
2024-08-29 17:55:00,415.9333496,-1.618190928918554e-171,460.1742771143503,876.7469602866108
2024-08-29 18:00:00,374.4666748,-1.618190928918554e-171,428.6558162694391,420.180151344186
2024-08-29 18:05:00,333.9333496,-1.618190928918554e-171,397.76849520709607,420.63376080229716
2024-08-29 18:10:00,317.5499878,-1.618190928918554e-171,367.5773374454277,346.25897962267567
2024-08-29 18:15:00,242.0500031,-1.618190928918554e-171,338.1449131258603,333.28723265876454
2024-08-29 18:20:00,171.1000061,-1.618190928918554e-171,309.5309464325219,332.6741028027201
2024-08-29 18:25:00,137.6333466,-1.618190928918554e-171,281.7919412900274,339.8048145139179
2024-08-29 18:30:00,122.066658,-1.618190928918554e-171,254.98082755221262,336.7388649530068
2024-08-29 18:35:00,119.7000046,-1.618190928918554e-171,229.14663121407713,149.68691889028582
2024-08-29 18:40:00,86.5,-1.618190928918554e-171,204.33417026980217,149.93206708695246
2024-08-29 18:45:00,72.90000153,-1.618190928918554e-171,180.58377909895802,145.06097227393747
2024-08-29 18:50:00,69.19999695,-1.618190928918554e-171,157.9310631319003,144.81769821805082
2024-08-29 18:55:00,57.44999695,-1.618190928918554e-171,136.40668590143636,147.4400645281623
2024-08-29 19:00:00,44.15000153,-1.618190928918554e-171,116.036189744919,63.57912816244456
2024-08-29 19:05:00,32.15000153,-1.618190928918554e-171,96.83985171968155,63.513372610157894
2024-08-29 19:10:00,23.45000076,-1.618190928918554e-171,78.83257571114778,64.13537262704678
2024-08-29 19:15:00,18.29999924,-1.618190928918554e-171,62.02382138815725,63.54085408980233
2024-08-29 19:20:00,13.80000019,-1.618190928918554e-171,46.41757084475141,63.51441771559975
2024-08-29 19:25:00,0.0,-1.618190928918554e-171,32.01233260715296,59.98936827145747
2024-08-29 19:30:00,0.0,-1.618190928918554e-171,18.801183433835643,60.30492808920335
2024-08-29 19:35:00,0.0,-1.618190928918554e-171,6.7718471697641585,59.12195571681891
2024-08-29 19:40:00,0.0,-1.618190928918554e-171,-4.093189808766809,58.964955715424466
2024-08-29 19:45:00,0.0,-1.618190928918554e-171,-13.8165275592273,59.10311126795781
2024-08-29 19:50:00,0.0,-1.618190928918554e-171,-22.42566718277688,59.22325201450781
2024-08-29 19:55:00,0.0,-1.618190928918554e-171,-29.952792433626495,60.08896496987445
2024-08-29 20:00:00,0.0,-1.618190928918554e-171,-36.43452023676101,1.9378924383166671
2024-08-29 20:05:00,0.0,-1.618190928918554e-171,-41.911621838882006,0.13248147326666665
2024-08-29 20:10:00,0.0,-1.618190928918554e-171,-46.42871697137643,0.09059258776666666
2024-08-29 20:15:00,0.0,-1.618190928918554e-171,-50.03394326781382,0.0626666641
2024-08-29 20:20:00,0.0,-1.618190928918554e-171,-52.77860354470472,0.0626666641
2024-08-29 20:25:00,0.0,-1.618190928918554e-171,-54.7167936784489,0.0626666641
2024-08-29 20:30:00,0.0,-1.618190928918554e-171,-55.90501389756825,0.0626666641
2024-08-29 20:35:00,0.0,-1.618190928918554e-171,-56.40176653717784,0.25166136535396827
2024-08-29 20:40:00,0.0,-1.618190928918554e-171,-56.26714329243161,0.0626666641
2024-08-29 20:45:00,0.0,-1.618190928918554e-171,-55.5624051249812,0.0
2024-08-29 20:50:00,0.0,-1.618190928918554e-171,-54.34955808835896,0.0
2024-08-29 20:55:00,0.0,-1.618190928918554e-171,-52.690928153609924,0.0
2024-08-29 21:00:00,0.0,-1.618190928918554e-171,-50.64873844507228,0.0
2024-08-29 21:05:00,0.0,-1.618190928918554e-171,-48.28469191359066,0.0
2024-08-29 21:10:00,0.0,-1.618190928918554e-171,-45.65956267994397,0.0
2024-08-29 21:15:00,0.0,-1.618190928918554e-171,-42.83279907986793,0.0
2024-08-29 21:20:00,0.0,-1.618190928918554e-171,-39.862141372754635,0.0
2024-08-29 21:25:00,0.0,-1.618190928918554e-171,-36.80325696958157,0.0
2024-08-29 21:30:00,0.0,-1.618190928918554e-171,-33.7093958162501,0.0
2024-08-29 21:35:00,0.0,-1.618190928918554e-171,-30.631068576865626,0.0
2024-08-29 21:40:00,0.0,-1.618190928918554e-171,-27.61574976396175,0.0
2024-08-29 21:45:00,0.0,-1.618190928918554e-171,-24.707608165939842,0.0
2024-08-29 21:50:00,0.0,-1.618190928918554e-171,-21.947266282980117,0.0
2024-08-29 21:55:00,0.0,-1.618190928918554e-171,-19.371590603605224,0.0
2024-08-29 22:00:00,0.0,-1.618190928918554e-171,-17.01351405152853,0.0
2024-08-29 22:05:00,0.0,-1.618190928918554e-171,-14.901891804578025,0.0
2024-08-29 22:10:00,0.0,-1.618190928918554e-171,-13.061391386660674,0.0
2024-08-29 22:15:00,0.0,-1.618190928918554e-171,-11.51241763758719,0.0
2024-08-29 22:20:00,0.0,-1.618190928918554e-171,-10.27107293503867,0.0
2024-08-29 22:25:00,0.0,-1.618190928918554e-171,-9.349152691021674,0.0
2024-08-29 22:30:00,0.0,-1.618190928918554e-171,-8.754175929986312,0.0
2024-08-29 22:35:00,0.0,-1.618190928918554e-171,-8.489450438902164,0.0
2024-08-29 22:40:00,0.0,-1.618190928918554e-171,-8.554171706257877,0.0
2024-08-29 22:45:00,0.0,-1.618190928918554e-171,-8.94355460960628,0.0
2024-08-29 22:50:00,0.0,-1.618190928918554e-171,-9.648996540541415,0.0
2024-08-29 22:55:00,0.0,-1.618190928918554e-171,-10.658270406747445,0.0
2024-08-29 23:00:00,0.0,-1.618190928918554e-171,-11.955745721075152,0.0
2024-08-29 23:05:00,0.0,-1.618190928918554e-171,-13.522635746701486,0.0
2024-08-29 23:10:00,0.0,-1.618190928918554e-171,-15.33726848256485,0.0
2024-08-29 23:15:00,0.0,-1.618190928918554e-171,-17.37537906778471,0.0
2024-08-29 23:20:00,0.0,-1.618190928918554e-171,-19.61042101670017,0.0
2024-08-29 23:25:00,0.0,-1.618190928918554e-171,-22.01389355440433,0.0
2024-08-29 23:30:00,0.0,-1.618190928918554e-171,-24.55568219510613,0.0
2024-08-29 23:35:00,0.0,-1.618190928918554e-171,-27.204409553380057,0.0
2024-08-29 23:40:00,0.0,-1.618190928918554e-171,-29.927793440618736,0.0
2024-08-29 23:45:00,0.0,-1.618190928918554e-171,-32.693009015874004,0.0
2024-08-29 23:50:00,0.0,-1.618190928918554e-171,-35.467051946797504,0.0
2024-08-29 23:55:00,0.0,-1.618190928918554e-171,-38.21709941284844,0.0
2024-08-30 00:00:00,0.0,-1.618190928918554e-171,-40.91086582234962,0.0
2024-08-30 00:05:00,0.0,-1.618190928918554e-171,-43.51695016462851,0.0
2024-08-30 00:10:00,0.0,-1.618190928918554e-171,-46.00517199994165,0.0
2024-08-30 00:15:00,0.0,-1.618190928918554e-171,-48.34689316214224,0.0
2024-08-30 00:20:00,0.0,-1.618190928918554e-171,-50.51532237100327,0.0
2024-08-30 00:25:00,0.0,-1.618190928918554e-171,-52.48580012198799,0.0
2024-08-30 00:30:00,0.0,-1.618190928918554e-171,-54.236061289934284,0.0
2024-08-30 00:35:00,0.0,-1.618190928918554e-171,-55.74647321292637,0.0
2024-08-30 00:40:00,0.0,-1.618190928918554e-171,-57.00024707556987,0.0
2024-08-30 00:45:00,0.0,-1.618190928918554e-171,-57.9836207199144,0.0
2024-08-30 00:50:00,0.0,-1.618190928918554e-171,-58.68601120892736,0.0
2024-08-30 00:55:00,0.0,-1.618190928918554e-171,-59.100135725848396,0.0
2024-08-30 01:00:00,0.0,-1.618190928918554e-171,-59.22209965420133,0.0
2024-08-30 01:05:00,0.0,-1.618190928918554e-171,-59.05145093971953,0.0
2024-08-30 01:10:00,0.0,-1.618190928918554e-171,-58.59120012660787,0.0
2024-08-30 01:15:00,0.0,-1.618190928918554e-171,-57.84780574452458,0.0
2024-08-30 01:20:00,0.0,-1.618190928918554e-171,-56.83112498303751,0.0
2024-08-30 01:25:00,0.0,-1.618190928918554e-171,-55.55432992541995,0.0
2024-08-30 01:30:00,0.0,-1.618190928918554e-171,-54.03378984425707,0.0
2024-08-30 01:35:00,0.0,-1.618190928918554e-171,-52.288920406346556,0.0
2024-08-30 01:40:00,0.0,-1.618190928918554e-171,-50.34200084356463,0.0
2024-08-30 01:45:00,0.0,-1.618190928918554e-171,-48.217960480918904,0.0
2024-08-30 01:50:00,0.0,-1.618190928918554e-171,-45.94413623313045,0.0
2024-08-30 01:55:00,0.0,-1.618190928918554e-171,-43.55000293850299,0.0
2024-08-30 02:00:00,0.0,-1.618190928918554e-171,-41.06687865234447,0.0
2024-08-30 02:05:00,0.0,-1.618190928918554e-171,-38.52760721290655,0.0
2024-08-30 02:10:00,0.0,-1.618190928918554e-171,-35.96622060724646,0.0
2024-08-30 02:15:00,0.0,-1.618190928918554e-171,-33.41758385418819,0.0
2024-08-30 02:20:00,0.0,-1.618190928918554e-171,-30.917025272961908,0.0
2024-08-30 02:25:00,0.0,-1.618190928918554e-171,-28.499955140069556,0.0
2024-08-30 02:30:00,0.0,-1.618190928918554e-171,-26.201475887496237,0.0
2024-08-30 02:35:00,0.0,-1.618190928918554e-171,-24.05598702953094,0.0
2024-08-30 02:40:00,0.0,-1.618190928918554e-171,-22.0967881307875,0.0
2024-08-30 02:45:00,0.0,-1.618190928918554e-171,-20.355683128585298,0.0
2024-08-30 02:50:00,0.0,-1.618190928918554e-171,-18.862589375705188,0.0
2024-08-30 02:55:00,0.0,-1.618190928918554e-171,-17.645154728976777,0.0
2024-08-30 03:00:00,0.0,-1.618190928918554e-171,-16.728385955688896,0.0
2024-08-30 03:05:00,0.0,-1.618190928918554e-171,-16.13429176082373,0.0
2024-08-30 03:10:00,0.0,-1.618190928918554e-171,-15.881543514709685,0.0
2024-08-30 03:15:00,0.0,-1.618190928918554e-171,-15.98515676187269,0.0
2024-08-30 03:20:00,0.0,-1.618190928918554e-171,-16.456196390459443,0.0
2024-08-30 03:25:00,0.0,-1.618190928918554e-171,-17.30150821081074,0.0
2024-08-30 03:30:00,0.0,-1.618190928918554e-171,-18.52347949237648,0.0
2024-08-30 03:35:00,0.0,-1.618190928918554e-171,-20.119830794909507,0.0
2024-08-30 03:40:00,0.0,-1.618190928918554e-171,-22.08344128975419,0.0
2024-08-30 03:45:00,0.0,-1.618190928918554e-171,-24.402209325228714,0.0
2024-08-30 03:50:00,0.0,-1.618190928918554e-171,-27.058950059634743,0.0
2024-08-30 03:55:00,0.0,-1.618190928918554e-171,-30.031331293000278,0.0
2024-08-30 04:00:00,0.0,-1.618190928918554e-171,-33.291848814179616,0.0
2024-08-30 04:05:00,0.0,-1.618190928918554e-171,-36.80784183401022,0.0
2024-08-30 04:10:00,0.0,-1.618190928918554e-171,-40.5415491288975,0.0
2024-08-30 04:15:00,0.0,-1.618190928918554e-171,-44.45020604666075,0.0
2024-08-30 04:20:00,0.0,-1.618190928918554e-171,-48.48618215000513,0.0
2024-08-30 04:25:00,0.0,-1.618190928918554e-171,-52.59715920304461,0.0
2024-08-30 04:30:00,0.0,-1.618190928918554e-171,-56.726348629748784,0.0
2024-08-30 04:35:00,0.0,-1.618190928918554e-171,-60.81274747328311,0.0
2024-08-30 04:40:00,0.0,-1.618190928918554e-171,-64.79143138432748,0.0
2024-08-30 04:45:00,0.0,-1.618190928918554e-171,-68.59388318932724,0.0
2024-08-30 04:50:00,0.0,-1.618190928918554e-171,-72.14835485320717,0.0
2024-08-30 04:55:00,0.0,-1.618190928918554e-171,-75.38026091901483,0.0
2024-08-30 05:00:00,0.0,-1.618190928918554e-171,-78.21260075098516,0.0
2024-08-30 05:05:00,0.0,-1.618190928918554e-171,-80.56640703983393,0.0
2024-08-30 05:10:00,0.0,-1.618190928918554e-171,-82.36121761383289,0.0
2024-08-30 05:15:00,0.0,-1.618190928918554e-171,-83.51556749421574,0.0
2024-08-30 05:20:00,0.0,-1.618190928918554e-171,-83.94749790251494,0.0
2024-08-30 05:25:00,0.0,-1.618190928918554e-171,-83.5750788139875,0.0
2024-08-30 05:30:00,0.0,-1.618190928918554e-171,-82.31694151473633,0.0
2024-08-30 05:35:00,0.0,-1.618190928918554e-171,-80.0928174837252,0.0
2024-08-30 05:40:00,0.0,-1.618190928918554e-171,-76.82407997038226,0.0
2024-08-30 05:45:00,0.0,-1.618190928918554e-171,-72.43428433029302,0.0
2024-08-30 05:50:00,0.0,-1.618190928918554e-171,-66.84970354173271,0.0
2024-08-30 05:55:00,0.0,-1.618190928918554e-171,-59.99985493383357,0.0
2024-08-30 06:00:00,0.0,-1.618190928918554e-171,-51.81801449327578,54.08564174916465
2024-08-30 06:05:00,0.0,-1.618190928918554e-171,-42.241714993239725,39.48004935353541
2024-08-30 06:10:00,0.0,-1.618190928918554e-171,-31.213224436349694,37.062410230832384
2024-08-30 06:15:00,0.0,-1.618190928918554e-171,-18.68000122935734,37.062410230832384
2024-08-30 06:20:00,0.0,-1.618190928918554e-171,-4.595122838530822,37.062410230832384
2024-08-30 06:25:00,0.0,-1.618190928918554e-171,11.082315318568345,45.308369534487944
2024-08-30 06:30:00,0.0,-1.618190928918554e-171,28.38683363456799,48.43536026557221
2024-08-30 06:35:00,0.0,-1.618190928918554e-171,47.34623757960937,47.724651245167436
2024-08-30 06:40:00,0.0,-1.618190928918554e-171,67.98132491368881,49.85247347421189
2024-08-30 06:45:00,64.59999847,-1.618190928918554e-171,90.30563324261402,52.94100783008172
2024-08-30 06:50:00,83.40000153,-1.618190928918554e-171,114.32522981162919,52.94100783008172
2024-08-30 06:55:00,98.90000153,-1.618190928918554e-171,140.0385452946583,50.27818349622649
2024-08-30 07:00:00,120.5,-1.618190928918554e-171,167.4362530958506,241.47649264168257
2024-08-30 07:05:00,145.6000061,-1.618190928918554e-171,196.5011950106355,240.2884409787047
2024-08-30 07:10:00,181.1000061,-1.618190928918554e-171,227.20835434505352,362.13768409801094
2024-08-30 07:15:00,205.6999969,-1.618190928918554e-171,259.5248769430664,362.13768409801094
2024-08-30 07:20:00,245.6000061,-1.618190928918554e-171,293.41013975278616,362.13768409801094
2024-08-30 07:25:00,287.7000122,-1.618190928918554e-171,328.81586751635507,402.75368875086383
2024-08-30 07:30:00,349.0,-1.618190928918554e-171,365.68629643379563,402.75368875086383
2024-08-30 07:35:00,397.0,-1.618190928918554e-171,403.95838433048897,402.75368875086383
2024-08-30 07:40:00,454.3999939,-1.618190928918554e-171,443.5620657243061,410.6138076145353
2024-08-30 07:45:00,527.0,-1.618190928918554e-171,484.4205508006938,410.6138076145353
2024-08-30 07:50:00,602.2000122,-1.618190928918554e-171,526.450666115646,410.6138076145353
2024-08-30 07:55:00,660.4000244,-1.618190928918554e-171,569.5632350222961,399.8452807647814
2024-08-30 08:00:00,716.7999878,-1.618190928918554e-171,613.663495752476,939.7377500814481
2024-08-30 08:05:00,770.0999756,-1.618190928918554e-171,658.6515536744593,922.6047065072313
2024-08-30 08:10:00,824.2000122,-1.618190928918554e-171,704.4228660613949,922.6047065072313
2024-08-30 08:15:00,805.1000366,-1.618190928918554e-171,750.8687551079881,1014.2065594533674
2024-08-30 08:20:00,926.0999756,-1.618190928918554e-171,797.8769466969692,1046.4782483079985
2024-08-30 08:25:00,890.2999878,-1.618190928918554e-171,845.3321309653738,1049.041338094665
2024-08-30 08:30:00,941.2666016,-1.618190928918554e-171,893.1165413857542,1094.5251013977472
2024-08-30 08:35:00,1082.5,-1.618190928918554e-171,941.1105480750851,1094.5251013977472
2024-08-30 08:40:00,1152.199951,-1.618190928918554e-171,989.1932620602167,1104.332892907033
2024-08-30 08:45:00,1126.366699,-1.618190928918554e-171,1037.243146433353,1051.5346799916383
2024-08-30 08:50:00,1165.666626,-1.618190928918554e-171,1085.1386297090648,1053.591777657416
2024-08-30 08:55:00,1197.43335,-1.618190928918554e-171,1132.7587184942442,977.5895205196152
2024-08-30 09:00:00,1247.233276,-1.618190928918554e-171,1179.9836046937223,1495.433333784723
2024-08-30 09:05:00,1291.299927,-1.618190928918554e-171,1226.6952636309786,1495.1591623286986
2024-08-30 09:10:00,1333.266602,-1.618190928918554e-171,1272.7780388875308,1492.8003049116276
2024-08-30 09:15:00,1374.033325,-1.618190928918554e-171,1318.119210548718,1445.410075555826
2024-08-30 09:20:00,1417.466675,-1.618190928918554e-171,1362.6095427924092,1501.6732500511696
2024-08-30 09:25:00,1462.5,-1.618190928918554e-171,1406.1438074146504,1468.1077418108507
2024-08-30 09:30:00,1507.199829,-1.618190928918554e-171,1448.6212802762527,1465.942775031095
2024-08-30 09:35:00,1543.466675,-1.618190928918554e-171,1489.9462066079275,1469.2388451887891
2024-08-30 09:40:00,1559.699829,-1.618190928918554e-171,1530.0282335935412,1531.8130218252252
2024-08-30 09:45:00,1727.800049,-1.618190928918554e-171,1568.7828062807523,1676.4659811130568
2024-08-30 09:50:00,1651.200073,-1.618190928918554e-171,1606.1315252146187,1701.4914862558003
2024-08-30 09:55:00,1718.699829,-1.618190928918554e-171,1642.0024632716281,1698.9488461951016
2024-08-30 10:00:00,1742.799927,-1.618190928918554e-171,1676.3304400091681,1913.2280357148184
2024-08-30 10:05:00,1795.899902,-1.618190928918554e-171,1709.0572517018759,1909.050597677485
2024-08-30 10:10:00,1816.0,-1.618190928918554e-171,1740.1318561884466,1934.6711771543607
2024-08-30 10:15:00,1814.5,-1.618190928918554e-171,1769.5105115291976,1961.3554850953294
2024-08-30 10:20:00,1807.866699,-1.618190928918554e-171,1797.1568673923102,1976.647609593162
2024-08-30 10:25:00,1818.300171,-1.618190928918554e-171,1823.0420097290018,1976.3009436064958
2024-08-30 10:30:00,1853.166626,-1.618190928918554e-171,1847.1444581545024,1976.3009436064958
2024-08-30 10:35:00,1900.133301,-1.618190928918554e-171,1869.4501167938201,1975.8715456735645
2024-08-30 10:40:00,1949.733398,-1.618190928918554e-171,1889.9521790325455,1977.372878002453
2024-08-30 10:45:00,1997.966675,-1.618190928918554e-171,1908.6509875632817,1982.6694738340195
2024-08-30 10:50:00,2034.866699,-1.618190928918554e-171,1925.5538508162435,1981.3923857299087
2024-08-30 10:55:00,2055.366699,-1.618190928918554e-171,1940.6748175653158,1981.3923857299087
2024-08-30 11:00:00,2060.666748,-1.618190928918554e-171,1954.0344117064144,1997.669421697638
2024-08-30 11:05:00,2060.800049,-1.618190928918554e-171,1965.6593291852366,1997.669421697638
2024-08-30 11:10:00,2059.599854,-1.618190928918554e-171,1975.5820999649015,1997.7084212631935
2024-08-30 11:15:00,2058.43335,-1.618190928918554e-171,1983.8407173564945,2001.1768112887771
2024-08-30 11:20:00,2057.399902,-1.618190928918554e-171,1990.4782379156065,2012.8357534254285
2024-08-30 11:25:00,2056.800049,-1.618190928918554e-171,1995.5423549030293,2012.8357534254285
2024-08-30 11:30:00,2057.033203,-1.618190928918554e-171,1999.0849486552452,2012.8357534254285
2024-08-30 11:35:00,2056.93335,-1.618190928918554e-171,2001.161617309783,2018.5345158974096
2024-08-30 11:40:00,2057.966797,-1.618190928918554e-171,2001.8311914530243,2017.2422839100282
2024-08-30 11:45:00,2058.06665,-1.618190928918554e-171,2001.1552363221806,2017.2422839100282
2024-08-30 11:50:00,2053.06665,-1.618190928918554e-171,1999.1975453496111,2017.5359599244343
2024-08-30 11:55:00,2043.666626,-1.618190928918554e-171,1996.0236287571447,2017.5359599244343
2024-08-30 12:00:00,2035.700073,-1.618190928918554e-171,1991.7002010054143,2020.2742015722927
2024-08-30 12:05:00,2042.566772,-1.618190928918554e-171,1986.2946708297882,2020.3631455311809
2024-08-30 12:10:00,2053.033447,-1.618190928918554e-171,1979.8746376362283,2034.7963004520593
2024-08-30 12:15:00,2061.533447,-1.618190928918554e-171,1972.5073978166229,2038.3321693917815
2024-08-30 12:20:00,2060.466553,-1.618190928918554e-171,1964.2594645871197,2038.8124772611477
2024-08-30 12:25:00,2057.699951,-1.618190928918554e-171,1955.1961047520304,2044.9492680778599
2024-08-30 12:30:00,2056.333252,-1.618190928918554e-171,1945.3808956033508,2052.0059273638863
2024-08-30 12:35:00,2055.300049,-1.618190928918554e-171,1934.8753052100162,1975.3442901638941
2024-08-30 12:40:00,2057.06665,-1.618190928918554e-171,1923.7382987473186,1965.8993188778823
2024-08-30 12:45:00,2058.166748,-1.618190928918554e-171,1912.0259738165664,1953.2358678938938
2024-08-30 12:50:00,2060.166748,-1.618190928918554e-171,1899.7912269822689,1881.8111668034414
2024-08-30 12:55:00,2060.099854,-1.618190928918554e-171,1887.0834538512652,1816.788417548962
2024-08-30 13:00:00,2060.100098,-1.618190928918554e-171,1873.9482845782811,1730.4677351631744
2024-08-30 13:05:00,2058.500244,-1.618190928918554e-171,1860.4273563938723,1788.693410171303
2024-08-30 13:10:00,2059.100098,-1.618190928918554e-171,1846.5581246699871,1791.3201444703798
2024-08-30 13:15:00,2059.866699,-1.618190928918554e-171,1832.373713273186,1724.4141422484336
2024-08-30 13:20:00,2060.533447,-1.618190928918554e-171,1817.9028053492136,1657.2319424016175
2024-08-30 13:25:00,2059.166748,-1.618190928918554e-171,1803.1695745747609,1599.6985629158708
2024-08-30 13:30:00,2058.099854,-1.618190928918554e-171,1788.1936572505333,1526.3921032826877
2024-08-30 13:35:00,2059.333252,-1.618190928918554e-171,1772.9901649499543,1466.705448089346
2024-08-30 13:40:00,2060.133301,-1.618190928918554e-171,1757.5697371656497,1301.102153652956
2024-08-30 13:45:00,2060.366699,-1.618190928918554e-171,1741.9386333014306,999.169152395526
2024-08-30 13:50:00,2057.466553,-1.618190928918554e-171,1726.0988626808266,1057.542714958715
2024-08-30 13:55:00,2058.43335,-1.618190928918554e-171,1710.0483513565166,1046.8248846779534
2024-08-30 14:00:00,2059.56665,-1.618190928918554e-171,1693.781143838983,908.5246113040246
2024-08-30 14:05:00,2063.400146,-1.618190928918554e-171,1677.2876381759495,801.2564128223086
2024-08-30 14:10:00,2063.333496,-1.618190928918554e-171,1660.5548516521462,768.2589592360446
2024-08-30 14:15:00,2062.966797,-1.618190928918554e-171,1643.5667152327824,598.523814326799
2024-08-30 14:20:00,2055.466553,-1.618190928918554e-171,1626.3043937392786,760.448464342014
2024-08-30 14:25:00,2046.033203,-1.618190928918554e-171,1608.746629144295,762.039224701191
2024-08-30 14:30:00,2038.449951,-1.618190928918554e-171,1590.8701039475995,672.35295899321
2024-08-30 14:35:00,1733.449829,-1.618190928918554e-171,1572.6498214485441,711.3853451876602
2024-08-30 14:40:00,1287.199951,-1.618190928918554e-171,1554.0594998752472,745.9410196951136
2024-08-30 14:45:00,1335.900024,-1.618190928918554e-171,1535.0719766512284,1010.3142240982652
2024-08-30 14:50:00,1526.699951,-1.618190928918554e-171,1515.6596199362948,1126.0904285070974
2024-08-30 14:55:00,1402.233398,-1.618190928918554e-171,1495.7947434585315,1150.4424742599963
2024-08-30 15:00:00,1399.599976,-1.618190928918554e-171,1475.4500215139738,659.1942489238984
2024-08-30 15:05:00,1298.666626,-1.618190928918554e-171,1454.5989006268987,653.9320944474196
2024-08-30 15:10:00,1267.599976,-1.618190928918554e-171,1433.2160043190358,686.7608608462214
2024-08-30 15:15:00,1165.166626,-1.618190928918554e-171,1411.2775279433881,712.7260736753649
2024-08-30 15:20:00,1401.699951,-1.618190928918554e-171,1388.761619991817,712.8677893612474
2024-08-30 15:25:00,1398.5,-1.618190928918554e-171,1365.6487470135262,437.197599104824
2024-08-30 15:30:00,1404.766602,-1.618190928918554e-171,1341.922038881245,423.8790932349246
2024-08-30 15:35:00,1383.266602,-1.618190928918554e-171,1317.5676120326846,408.60075780998517
2024-08-30 15:40:00,1332.900024,-1.618190928918554e-171,1292.5748674705976,364.9295944332264
2024-08-30 15:45:00,1304.133301,-1.618190928918554e-171,1266.9367613994762,342.13670685262684
2024-08-30 15:50:00,1250.700073,-1.618190928918554e-171,1240.650046421945,336.88693276964364
2024-08-30 15:55:00,1239.433228,-1.618190928918554e-171,1213.7154808681387,339.38887974619826
2024-08-30 16:00:00,1123.900024,-1.618190928918554e-171,1186.138005003416,377.4056756566332
2024-08-30 16:05:00,1058.200073,-1.618190928918554e-171,1157.926882211556,408.00716915983736
2024-08-30 16:10:00,944.4332886,-1.618190928918554e-171,1129.0958045096554,419.73177167505906
2024-08-30 16:15:00,906.0,-1.618190928918554e-171,1099.662960761813,385.56275211656015
2024-08-30 16:20:00,869.0999756,-1.618190928918554e-171,1069.6510678794903,379.33842930833947
2024-08-30 16:25:00,748.9498901,-1.618190928918554e-171,1039.0873638407704,385.9062462747959
2024-08-30 16:30:00,566.5333252,-1.618190928918554e-171,1008.0035630796461,384.75240148645605
2024-08-30 16:35:00,523.7666626,-1.618190928918554e-171,976.4357743403821,381.8376185669264
2024-08-30 16:40:00,564.7000122,-1.618190928918554e-171,944.4243814563551,375.03313879634123
2024-08-30 16:45:00,535.7666626,-1.618190928918554e-171,912.0138883259639,339.84871262969455
2024-08-30 16:50:00,558.7333374,-1.618190928918554e-171,879.2527286463512,332.2628783472068
2024-08-30 16:55:00,560.2000122,-1.618190928918554e-171,846.1930424220732,342.01231282670597
2024-08-30 17:00:00,565.666687,-1.618190928918554e-171,812.8904202907589,533.4173173584401
2024-08-30 17:05:00,549.7000122,-1.618190928918554e-171,779.4036184951891,513.1013194186872
2024-08-30 17:10:00,520.2000122,-1.618190928918554e-171,745.7942456656797,514.7762652374764
2024-08-30 17:15:00,477.8999939,-1.618190928918554e-171,712.1264243882913,513.6325367266605
2024-08-30 17:20:00,442.3666687,-1.618190928918554e-171,678.4664301723017,480.5843609672968
2024-08-30 17:25:00,403.3333435,-1.618190928918554e-171,644.8823101873451,477.7340347980383
2024-08-30 17:30:00,375.9333496,-1.618190928918554e-171,611.4434849949382,490.9596735213828
2024-08-30 17:35:00,353.0,-1.618190928918554e-171,578.2203362066546,488.0282929541251
2024-08-30 17:40:00,341.3999939,-1.618190928918554e-171,545.2837831253602,511.686317091119
2024-08-30 17:45:00,329.9666748,-1.618190928918554e-171,512.7048518021529,521.5923984431694
2024-08-30 17:50:00,316.166687,-1.618190928918554e-171,480.55423959391635,530.8374539658496
2024-08-30 17:55:00,302.1000061,-1.618190928918554e-171,448.9018786989878,543.2111852314105
2024-08-30 18:00:00,285.8999939,-1.618190928918554e-171,417.8165018072793,285.3887020572989
2024-08-30 18:05:00,265.8666687,-1.618190928918554e-171,387.36521338186145,353.7608952936639
2024-08-30 18:10:00,244.5999908,-1.618190928918554e-171,357.6130696137274,263.1333251934013
2024-08-30 18:15:00,222.8666534,-1.618190928918554e-171,328.62267055878175,287.8028520866109
2024-08-30 18:20:00,201.8333282,-1.618190928918554e-171,300.4537671580759,278.50085050499604
2024-08-30 18:25:00,182.0,-1.618190928918554e-171,273.16288645354837,259.3804225081345
2024-08-30 18:30:00,162.8666687,-1.618190928918554e-171,246.80297750267312,274.1706285584486
2024-08-30 18:35:00,147.0666656,-1.618190928918554e-171,221.42308122999054,258.4440160611415
2024-08-30 18:40:00,130.8333282,-1.618190928918554e-171,197.06802599546285,261.3864082979192
2024-08-30 18:45:00,124.3000031,-1.618190928918554e-171,173.77815162121954,259.1965261831098
2024-08-30 18:50:00,104.4499969,-1.618190928918554e-171,151.5890639700195,243.86445929511456
2024-08-30 18:55:00,82.65000916,-1.618190928918554e-171,130.53142161939857,237.40233356344004
2024-08-30 19:00:00,60.40000153,-1.618190928918554e-171,110.63075646495837,75.13025470231388
2024-08-30 19:05:00,42.84999847,-1.618190928918554e-171,91.90732948808491,75.13025470231388
2024-08-30 19:10:00,30.60000038,-1.618190928918554e-171,74.37602269320878,75.13025470231388
2024-08-30 19:15:00,22.84999847,-1.618190928918554e-171,58.046268132262725,66.42404940444511
2024-08-30 19:20:00,18.5,-1.618190928918554e-171,42.922014330333845,60.857072276849784
2024-08-30 19:25:00,0.0,-1.618190928918554e-171,29.001730478729165,22.84587374101893
2024-08-30 19:30:00,0.0,-1.618190928918554e-171,16.278448154322327,60.53602673489758
2024-08-30 19:35:00,0.0,-1.618190928918554e-171,4.739840322162811,36.05182852595695
2024-08-30 19:40:00,0.0,-1.618190928918554e-171,-5.631663142903986,45.222085049187875
2024-08-30 19:45:00,0.0,-1.618190928918554e-171,-14.858724217736977,60.509410966435524
2024-08-30 19:50:00,0.0,-1.618190928918554e-171,-22.968911155271435,62.59428672261415
2024-08-30 19:55:00,0.0,-1.618190928918554e-171,-29.99447990260774,63.67147258198289
2024-08-30 20:00:00,0.0,-1.618190928918554e-171,-35.97212432317996,0.9910762135361904
2024-08-30 20:05:00,0.0,-1.618190928918554e-171,-40.94269709029263,1.3098428658028571
2024-08-30 20:10:00,0.0,-1.618190928918554e-171,-44.9509034870514,0.4991798978984127
2024-08-30 20:15:00,0.0,-1.618190928918554e-171,-48.04497053775682,0.4991798978984127
2024-08-30 20:20:00,0.0,-1.618190928918554e-171,-50.27629388453752,0.4991798978984127
2024-08-30 20:25:00,0.0,-1.618190928918554e-171,-51.69906528746443,0.8658909974150794
2024-08-30 20:30:00,0.0,-1.618190928918554e-171,-52.36988352893933,0.4991798978984127
2024-08-30 20:35:00,0.0,-1.618190928918554e-171,-52.34735174072826,0.9818994355650794
2024-08-30 20:40:00,0.0,-1.618190928918554e-171,-51.691664234755706,0.5484391653095239
2024-08-30 20:45:00,0.0,-1.618190928918554e-171,-50.46418598619456,0.48988361314285706
2024-08-30 20:50:00,0.0,-1.618190928918554e-171,-48.727027989639915,0.48988361314285706
2024-08-30 20:55:00,0.0,-1.618190928918554e-171,-46.542621679965805,0.48988361314285706
2024-08-30 21:00:00,0.0,-1.618190928918554e-171,-43.97329573042053,0.0
2024-08-30 21:05:00,0.0,-1.618190928918554e-171,-41.080858256635295,0.0
2024-08-30 21:10:00,0.0,-1.618190928918554e-171,-37.926187796715816,0.0
2024-08-30 21:15:00,0.0,-1.618190928918554e-171,-34.568835884368134,0.0
2024-08-30 21:20:00,0.0,-1.618190928918554e-171,-31.066644414066797,0.0
2024-08-30 21:25:00,0.0,-1.618190928918554e-171,-27.47538046166718,0.0
2024-08-30 21:30:00,0.0,-1.618190928918554e-171,-23.848391331894167,0.0
2024-08-30 21:35:00,0.0,-1.618190928918554e-171,-20.236282376754215,0.24435183208333333
2024-08-30 21:40:00,0.0,-1.618190928918554e-171,-16.68661986559393,0.22340738933333332
2024-08-30 21:45:00,0.0,-1.618190928918554e-171,-13.243661079465657,0.0
2024-08-30 21:50:00,0.0,-1.618190928918554e-171,-9.948113538552384,0.0
2024-08-30 21:55:00,0.0,-1.618190928918554e-171,-6.836925050947711,0.0
2024-08-30 22:00:00,0.0,-1.618190928918554e-171,-3.9431059533307145,0.0
2024-08-30 22:05:00,0.0,-1.618190928918554e-171,-1.2955848095126608,0.0
2024-08-30 22:10:00,0.0,-1.618190928918554e-171,1.0809016445855908,0.0
2024-08-30 22:15:00,0.0,-1.618190928918554e-171,3.1658835840878297,0.22340738933333332
2024-08-30 22:20:00,0.0,-1.618190928918554e-171,4.943197937272621,0.0
2024-08-30 22:25:00,0.0,-1.618190928918554e-171,6.400992886998908,0.0
2024-08-30 22:30:00,0.0,-1.618190928918554e-171,7.531697268135215,0.0
2024-08-30 22:35:00,0.0,-1.618190928918554e-171,8.331955356536524,0.0
2024-08-30 22:40:00,0.0,-1.618190928918554e-171,8.802527830244355,0.0
2024-08-30 22:45:00,0.0,-1.618190928918554e-171,8.948159950026328,0.0
2024-08-30 22:50:00,0.0,-1.618190928918554e-171,8.777418278814462,0.0
2024-08-30 22:55:00,0.0,-1.618190928918554e-171,8.30249747108246,0.0
2024-08-30 23:00:00,0.0,-1.618190928918554e-171,7.5389989781121844,0.0
2024-08-30 23:05:00,0.0,-1.618190928918554e-171,6.505683642601972,0.0
2024-08-30 23:10:00,0.0,-1.618190928918554e-171,5.224200443665791,0.0
2024-08-30 23:15:00,0.0,-1.618190928918554e-171,3.7187937976752155,0.0
2024-08-30 23:20:00,0.0,-1.618190928918554e-171,2.0159920047156303,0.0
2024-08-30 23:25:00,0.0,-1.618190928918554e-171,0.14427958685115264,0.0
2024-08-30 23:30:00,0.0,-1.618190928918554e-171,-1.8662436293846012,0.0
2024-08-30 23:35:00,0.0,-1.618190928918554e-171,-3.984213700985547,0.0
2024-08-30 23:40:00,0.0,-1.618190928918554e-171,-6.177361006621687,0.08644444786666665
2024-08-30 23:45:00,0.0,-1.618190928918554e-171,-8.412872765658403,0.08644444786666665
2024-08-30 23:50:00,0.0,-1.618190928918554e-171,-10.657756578650853,0.08644444786666665
2024-08-30 23:55:00,0.0,-1.618190928918554e-171,-12.879201786174002,0.0
2024-08-31 00:00:00,0.0,-1.618190928918554e-171,-15.044935547569603,0.0
2024-08-31 00:05:00,0.0,-1.618190928918554e-171,-17.12357054740791,0.0
2024-08-31 00:10:00,0.0,-1.618190928918554e-171,-19.084941322935617,0.0
2024-08-31 00:15:00,0.0,-1.618190928918554e-171,-20.90042629249395,0.0
2024-08-31 00:20:00,0.0,-1.618190928918554e-171,-22.543252679528216,0.0
2024-08-31 00:25:00,0.0,-1.618190928918554e-171,-23.988781668180764,0.0
2024-08-31 00:30:00,0.0,-1.618190928918554e-171,-25.214771314732978,0.0
2024-08-31 00:35:00,0.0,-1.618190928918554e-171,-26.20161482767461,0.0
2024-08-31 00:40:00,0.0,-1.618190928918554e-171,-26.932552186451584,0.0
2024-08-31 00:45:00,0.0,-1.618190928918554e-171,-27.393853129046402,0.0
2024-08-31 00:50:00,0.0,-1.618190928918554e-171,-27.574969865617607,0.0
2024-08-31 00:55:00,0.0,-1.618190928918554e-171,-27.468658103210664,0.0
2024-08-31 01:00:00,0.0,-1.618190928918554e-171,-27.071065206536517,0.0
2024-08-31 01:05:00,0.0,-1.618190928918554e-171,-26.38178461276411,0.0
2024-08-31 01:10:00,0.0,-1.618190928918554e-171,-25.403875889298718,0.0
2024-08-31 01:15:00,0.0,-1.618190928918554e-171,-24.143850079008033,0.0
2024-08-31 01:20:00,0.0,-1.618190928918554e-171,-22.61162036514681,0.0
2024-08-31 01:25:00,0.0,-1.618190928918554e-171,-20.820418163419323,0.0
2024-08-31 01:30:00,0.0,-1.618190928918554e-171,-18.786675332193344,0.0
2024-08-31 01:35:00,0.0,-1.618190928918554e-171,-16.52987319638338,0.0
2024-08-31 01:40:00,0.0,-1.618190928918554e-171,-14.072359539630288,0.0
2024-08-31 01:45:00,0.0,-1.618190928918554e-171,-11.439134896062699,0.0
2024-08-31 01:50:00,0.0,-1.618190928918554e-171,-8.657609808924873,0.0
2024-08-31 01:55:00,0.0,-1.618190928918554e-171,-5.757334884499739,0.0
2024-08-31 02:00:00,0.0,-1.618190928918554e-171,-2.7697057560133116,0.0
2024-08-31 02:05:00,0.0,-1.618190928918554e-171,0.2723546417952713,0.0
2024-08-31 02:10:00,0.0,-1.618190928918554e-171,3.334734092918135,0.0
2024-08-31 02:15:00,0.0,-1.618190928918554e-171,6.382486555374092,0.0
2024-08-31 02:20:00,0.0,-1.618190928918554e-171,9.380202302730046,0.0
2024-08-31 02:25:00,0.0,-1.618190928918554e-171,12.292389632778656,0.0
2024-08-31 02:30:00,0.0,-1.618190928918554e-171,15.083865094652227,0.0
2024-08-31 02:35:00,0.0,-1.618190928918554e-171,17.72014896141795,0.0
2024-08-31 02:40:00,0.0,-1.618190928918554e-171,20.16786267145652,0.0
2024-08-31 02:45:00,0.0,-1.618190928918554e-171,22.395124922105087,0.0
2024-08-31 02:50:00,0.0,-1.618190928918554e-171,24.371943017064364,0.0
2024-08-31 02:55:00,0.0,-1.618190928918554e-171,26.07059619543884,0.0
2024-08-31 03:00:00,0.0,-1.618190928918554e-171,27.466007587885574,0.0
2024-08-31 03:05:00,0.0,-1.618190928918554e-171,28.536101566426343,0.0
2024-08-31 03:10:00,0.0,-1.618190928918554e-171,29.26214338036422,0.0
2024-08-31 03:15:00,0.0,-1.618190928918554e-171,29.629057952415028,0.0
2024-08-31 03:20:00,0.0,-1.618190928918554e-171,29.62572504148208,0.0
2024-08-31 03:25:00,0.0,-1.618190928918554e-171,29.24524792589276,0.0
2024-08-31 03:30:00,0.0,-1.618190928918554e-171,28.485193119868,0.0
2024-08-31 03:35:00,0.0,-1.618190928918554e-171,27.347798752354613,0.0
2024-08-31 03:40:00,0.0,-1.618190928918554e-171,25.840149456117466,0.0
2024-08-31 03:45:00,0.0,-1.618190928918554e-171,23.974315902176418,0.0
2024-08-31 03:50:00,0.0,-1.618190928918554e-171,21.76745732313566,0.0
2024-08-31 03:55:00,0.0,-1.618190928918554e-171,19.241885719338953,0.0
2024-08-31 04:00:00,0.0,-1.618190928918554e-171,16.425090548995577,0.0
2024-08-31 04:05:00,0.0,-1.618190928918554e-171,13.349723302765412,0.0
2024-08-31 04:10:00,0.0,-1.618190928918554e-171,10.053541260041051,0.0
2024-08-31 04:15:00,0.0,-1.618190928918554e-171,6.579310447809554,0.0
2024-08-31 04:20:00,0.0,-1.618190928918554e-171,2.9746678139879417,0.0
2024-08-31 04:25:00,0.0,-1.618190928918554e-171,-0.7080569262046198,0.0
2024-08-31 04:30:00,0.0,-1.618190928918554e-171,-4.4120589596719455,0.0
2024-08-31 04:35:00,0.0,-1.618190928918554e-171,-8.076314579588608,0.0
2024-08-31 04:40:00,0.0,-1.618190928918554e-171,-11.635874518153113,0.0
2024-08-31 04:45:00,0.0,-1.618190928918554e-171,-15.022192780305407,0.0
2024-08-31 04:50:00,0.0,-1.618190928918554e-171,-18.16348903676387,0.0
2024-08-31 04:55:00,0.0,-1.618190928918554e-171,-20.985142421034737,0.0
2024-08-31 05:00:00,0.0,-1.618190928918554e-171,-23.410114213640508,0.0
2024-08-31 05:05:00,0.0,-1.618190928918554e-171,-25.359396798604724,0.0
2024-08-31 05:10:00,0.0,-1.618190928918554e-171,-26.75248596503684,0.0
2024-08-31 05:15:00,0.0,-1.618190928918554e-171,-27.507873449971537,0.0
2024-08-31 05:20:00,0.0,-1.618190928918554e-171,-27.54355647127719,0.0
2024-08-31 05:25:00,0.0,-1.618190928918554e-171,-26.77756080331034,0.0
2024-08-31 05:30:00,0.0,-1.618190928918554e-171,-25.128473876845856,0.0
2024-08-31 05:35:00,0.0,-1.618190928918554e-171,-22.515984227277613,0.0
2024-08-31 05:40:00,0.0,-1.618190928918554e-171,-18.861423586260788,0.0
2024-08-31 05:45:00,0.0,-1.618190928918554e-171,-14.088307799401438,0.0
2024-08-31 05:50:00,0.0,-1.618190928918554e-171,-8.122872876832274,0.0
2024-08-31 05:55:00,0.0,-1.618190928918554e-171,-0.8946022434762163,0.0
2024-08-31 06:00:00,0.0,-1.618190928918554e-171,7.663258416626474,15.06759641686098
2024-08-31 06:05:00,0.0,-1.618190928918554e-171,17.613202516644062,15.06759641686098
2024-08-31 06:10:00,0.0,-1.618190928918554e-171,29.012983665184798,18.679952068594314
2024-08-31 06:15:00,0.0,-1.618190928918554e-171,41.91516000200009,21.08994417581495
2024-08-31 06:20:00,0.0,-1.618190928918554e-171,56.36666515626031,56.31470317950648
2024-08-31 06:25:00,0.0,-1.618190928918554e-171,72.4084088518434,121.46689754144496
2024-08-31 06:30:00,0.0,-1.618190928918554e-171,90.07491043903944,135.87074188940534
2024-08-31 06:35:00,0.0,-1.618190928918554e-171,109.39396767495664,156.8757909362373
2024-08-31 06:40:00,84.5,-1.618190928918554e-171,130.38636375741282,156.8757909362373
2024-08-31 06:45:00,123.0,-1.618190928918554e-171,153.0656145724561,156.8757909362373
2024-08-31 06:50:00,135.6999969,-1.618190928918554e-171,177.43775826900645,151.22553469033258
2024-08-31 06:55:00,161.6999969,-1.618190928918554e-171,203.50118896815593,151.22553469033258
2024-08-31 07:00:00,150.6666718,-1.618190928918554e-171,231.24653577380735,419.0794932822895
2024-08-31 07:05:00,201.6000061,-1.618190928918554e-171,260.6565885317118,419.0794932822895
2024-08-31 07:10:00,197.8000031,-1.618190928918554e-171,291.7062708389714,418.28935996793393
2024-08-31 07:15:00,294.6000061,-1.618190928918554e-171,324.3626611119423,418.28935996793393
2024-08-31 07:20:00,331.8999939,-1.618190928918554e-171,358.5850612146969,411.1691822676927
2024-08-31 07:25:00,313.2333374,-1.618190928918554e-171,394.32511334011696,411.1691822676927
2024-08-31 07:30:00,316.1333313,-1.618190928918554e-171,431.52696375609474,410.4547656876094
2024-08-31 07:35:00,431.7999878,-1.618190928918554e-171,470.12747316907354,384.14926069292403
2024-08-31 07:40:00,468.7999878,-1.618190928918554e-171,510.05647218678155,383.5469759817574
2024-08-31 07:45:00,551.2000122,-1.618190928918554e-171,551.2370604740761,383.5469759817574
2024-08-31 07:50:00,626.4000244,-1.618190928918554e-171,593.5859479462241,383.5469759817574
2024-08-31 07:55:00,681.7999878,-1.618190928918554e-171,637.0138354181137,385.7566259960107
2024-08-31 08:00:00,733.9000244,-1.618190928918554e-171,681.4258332291697,720.7292255109994
2024-08-31 08:05:00,712.0999146,-1.618190928918554e-171,726.7219139722654,720.7292255109994
2024-08-31 08:10:00,735.7666626,-1.618190928918554e-171,772.7973976280697,720.7292255109994
2024-08-31 08:15:00,747.7666016,-1.618190928918554e-171,819.5434653224074,720.7292255109994
2024-08-31 08:20:00,845.4000244,-1.618190928918554e-171,866.847698443689,717.732722431755
2024-08-31 08:25:00,815.1333008,-1.618190928918554e-171,914.5946400265688,705.9649088040078
2024-08-31 08:30:00,971.0999756,-1.618190928918554e-171,962.6663740770141,700.2788167603792
2024-08-31 08:35:00,911.2333374,-1.618190928918554e-171,1010.9431198248316,694.6950909302458
2024-08-31 08:40:00,1134.400024,-1.618190928918554e-171,1059.3038364406586,694.6950909302458
2024-08-31 08:45:00,1055.533325,-1.618190928918554e-171,1107.6268348760843,693.9568132405792
2024-08-31 08:50:00,1143.633423,-1.618190928918554e-171,1155.790391801912,693.6448076660458
2024-08-31 08:55:00,1177.43335,-1.618190928918554e-171,1203.6733629390146,695.4953110441792
2024-08-31 09:00:00,1342.300049,-1.618190928918554e-171,1251.1557909896278,1292.5717931598526
2024-08-31 09:05:00,1304.5,-1.618190928918554e-171,1298.1195040862815,1310.8254915195232
2024-08-31 09:10:00,1363.033325,-1.618190928918554e-171,1344.4487015602838,1278.5114109269675
2024-08-31 09:15:00,1401.433228,-1.618190928918554e-171,1390.0305225382415,1227.2975277011478
2024-08-31 09:20:00,1604.699951,-1.618190928918554e-171,1434.7555942939355,1224.430334628291
2024-08-31 09:25:00,1533.566772,-1.618190928918554e-171,1478.5185561025153,1220.1051322276242
2024-08-31 09:30:00,1569.466675,-1.618190928918554e-171,1521.2185563290952,1222.1722854068364
2024-08-31 09:35:00,1555.0,-1.618190928918554e-171,1562.7597182034456,1258.5823846182318
2024-08-31 09:40:00,1776.5,-1.618190928918554e-171,1603.0515727508794,1278.2654130885167
2024-08-31 09:45:00,1687.533325,-1.618190928918554e-171,1642.009455251671,1204.281758594285
2024-08-31 09:50:00,1772.266602,-1.618190928918554e-171,1679.5548631408944,1194.7325713126627
2024-08-31 09:55:00,1797.400024,-1.618190928918554e-171,1715.6157732875067,1192.7361627791117
2024-08-31 10:00:00,1852.433228,-1.618190928918554e-171,1750.126916398782,1423.207057557973
2024-08-31 10:05:00,1859.900024,-1.618190928918554e-171,1783.0300075440557,981.6483653215965
2024-08-31 10:10:00,2060.699951,-1.618190928918554e-171,1814.2739310506413,995.4712676114058
2024-08-31 10:15:00,1947.133423,-1.618190928918554e-171,1843.8148793494072,991.2533196578728
2024-08-31 10:20:00,2020.633301,-1.618190928918554e-171,1871.616444446976,991.2238473404283
2024-08-31 10:25:00,2019.633301,-1.618190928918554e-171,1897.6496626335652,989.5377363580949
2024-08-31 10:30:00,2057.833252,-1.618190928918554e-171,1921.893011948858,989.5377363580949
2024-08-31 10:35:00,2057.549805,-1.618190928918554e-171,1944.332362808692,996.7987753596974
2024-08-31 10:40:00,1807.999878,-1.618190928918554e-171,1964.9608828331482,988.0280251343639
2024-08-31 10:45:00,1227.699951,-1.618190928918554e-171,1983.7788966602375,990.9353577495862
2024-08-31 10:50:00,1465.0,-1.618190928918554e-171,2000.7937022077072,998.744902279279
2024-08-31 10:55:00,2060.899902,-1.618190928918554e-171,2016.01934509182,992.4494633138123
2024-08-31 11:00:00,1911.899902,-1.618190928918554e-171,2029.4763530312932,983.3028793666642
2024-08-31 11:05:00,1961.866577,-1.618190928918554e-171,2041.1914326075664,1419.8949735316696
2024-08-31 11:10:00,1912.350098,-1.618190928918554e-171,2051.1971307583703,1434.6435132521076
2024-08-31 11:15:00,2061.700195,-1.618190928918554e-171,2059.531463819623,1442.4245837685542
2024-08-31 11:20:00,1721.533325,-1.618190928918554e-171,2066.237516972681,1512.88982377428
2024-08-31 11:25:00,1753.533325,-1.618190928918554e-171,2071.36301729142,1506.0269228310394
2024-08-31 11:30:00,2057.399902,-1.618190928918554e-171,2074.9598836337605,1569.7477627434114
2024-08-31 11:35:00,2057.0,-1.618190928918554e-171,2077.0837569021373,1686.3326356751893
2024-08-31 11:40:00,2057.199951,-1.618190928918554e-171,2077.793514184868,1688.4258076186898
2024-08-31 11:45:00,2057.833252,-1.618190928918554e-171,2077.1507704780734,1696.0436632383428
2024-08-31 11:50:00,2059.300049,-1.618190928918554e-171,2075.219371680865,1692.7796110464544
2024-08-31 11:55:00,2060.149902,-1.618190928918554e-171,2072.064882687745,1694.074010703925
2024-08-31 12:00:00,1821.300049,-1.618190928918554e-171,2067.754074296083,1759.3420694764427
2024-08-31 12:05:00,1343.25,-1.618190928918554e-171,2062.3544127562777,1759.2989206064426
2024-08-31 12:10:00,1537.099976,-1.618190928918554e-171,2055.9335556180176,1752.9520921425537
2024-08-31 12:15:00,2064.5,-1.618190928918554e-171,2048.558857560575,1748.2693876881094
2024-08-31 12:20:00,2063.900146,-1.618190928918554e-171,2040.2968897448632,1750.2722175198824
2024-08-31 12:25:00,2063.733154,-1.618190928918554e-171,2031.2129760742423,1740.7450188710675
2024-08-31 12:30:00,2063.350098,-1.618190928918554e-171,2021.3707496974716,1760.357659052877
2024-08-31 12:35:00,1797.999878,-1.618190928918554e-171,2010.8317328052913,1748.7254362253375
2024-08-31 12:40:00,1342.949951,-1.618190928918554e-171,1999.6549426278177,1754.689300750626
2024-08-31 12:45:00,1814.800049,-1.618190928918554e-171,1987.89652631918,1764.6061856400886
2024-08-31 12:50:00,2061.899902,-1.618190928918554e-171,1975.609427189827,1684.4329394870097
2024-08-31 12:55:00,1938.333374,-1.618190928918554e-171,1962.8430844806994,1729.7428127884812
2024-08-31 13:00:00,2020.366577,-1.618190928918554e-171,1949.6431685527436,1722.7211724438084
2024-08-31 13:05:00,2000.0,-1.618190928918554e-171,1936.0513532796285,1754.90474249488
2024-08-31 13:10:00,2020.833374,-1.618190928918554e-171,1922.1051268270833,1756.5369698016582
2024-08-31 13:15:00,2000.800049,-1.618190928918554e-171,1907.8376418855519,1798.2965814606039
2024-08-31 13:20:00,1691.699951,-1.618190928918554e-171,1893.2776063731305,1551.5508659487555
2024-08-31 13:25:00,1257.033325,-1.618190928918554e-171,1878.4492145769368,1551.524598532089
2024-08-31 13:30:00,1169.299927,-1.618190928918554e-171,1863.3721192263754,1547.1904003802485
2024-08-31 13:35:00,1158.566772,-1.618190928918554e-171,1848.0614441721254,1580.0448039051146
2024-08-31 13:40:00,2054.100098,-1.618190928918554e-171,1832.5278371048678,1589.4188299844318
2024-08-31 13:45:00,1977.199951,-1.618190928918554e-171,1816.7775615849184,1610.050805101094
2024-08-31 13:50:00,1968.333374,-1.618190928918554e-171,1800.8126272388915,1636.0906300572244
2024-08-31 13:55:00,1916.566772,-1.618190928918554e-171,1784.6309566729105,1849.6526064897623
2024-08-31 14:00:00,1806.966675,-1.618190928918554e-171,1768.2265875330393,1819.6940847612584
2024-08-31 14:05:00,2053.399902,-1.618190928918554e-171,1751.589907657209,1560.9196955773177
2024-08-31 14:10:00,1732.5,-1.618190928918554e-171,1734.7079212117408,1552.1043460882697
2024-08-31 14:15:00,2050.550049,-1.618190928918554e-171,1717.5645433241907,1511.4026064471013
2024-08-31 14:20:00,2050.749756,-1.618190928918554e-171,1700.140920628335,1365.3742824140893
2024-08-31 14:25:00,2051.766602,-1.618190928918554e-171,1682.415774924444,1378.9729018518913
2024-08-31 14:30:00,1969.0,-1.618190928918554e-171,1664.3657668602225,1381.8747160842854
2024-08-31 14:35:00,1971.900024,-1.618190928918554e-171,1645.9658767138149,1373.8271436255254
2024-08-31 14:40:00,1911.933228,-1.618190928918554e-171,1627.1897988082703,1397.215065221887
2024-08-31 14:45:00,1951.033203,-1.618190928918554e-171,1608.0103462495326,1258.9706414695036
2024-08-31 14:50:00,1895.300049,-1.618190928918554e-171,1588.3998628820611,1227.5370029520068
2024-08-31 14:55:00,1614.550049,-1.618190928918554e-171,1568.3306385486424,1165.1802688260027
2024-08-31 15:00:00,964.1999512,-1.618190928918554e-171,1547.7753244716127,1151.9831247985007
2024-08-31 15:05:00,525.1999512,-1.618190928918554e-171,1526.7073453952582,1021.817384331288
2024-08-31 15:10:00,416.3333435,-1.618190928918554e-171,1505.1013047683011,832.9700148941032
2024-08-31 15:15:00,434.8666687,-1.618190928918554e-171,1482.9333799275341,794.2617605188503
2024-08-31 15:20:00,483.0,-1.618190928918554e-171,1460.1817038375832,972.2259544917039
2024-08-31 15:25:00,539.5,-1.618190928918554e-171,1436.8267303225118,736.798420201081
2024-08-31 15:30:00,593.2999878,-1.618190928918554e-171,1412.8515798323508,806.3588941022471
2024-08-31 15:35:00,664.5999756,-1.618190928918554e-171,1388.2423628112492,676.3870074438152
2024-08-31 15:40:00,764.5,-1.618190928918554e-171,1362.9884781469887,538.8891205088942
2024-08-31 15:45:00,716.2666626,-1.618190928918554e-171,1337.0828840907238,520.6872188046013
2024-08-31 15:50:00,978.5999756,-1.618190928918554e-171,1310.5223395788603,546.1999054979038
2024-08-31 15:55:00,1933.0,-1.618190928918554e-171,1283.307613913876,541.6501641540026
2024-08-31 16:00:00,1694.400146,-1.618190928918554e-171,1255.443662991009,782.0991280626595
2024-08-31 16:05:00,1594.799927,-1.618190928918554e-171,1226.9397708371712,781.2863526370631
2024-08-31 16:10:00,1425.699951,-1.618190928918554e-171,1197.8096550637608,781.008817734606
2024-08-31 16:15:00,1563.0,-1.618190928918554e-171,1168.0715351939962,762.6262537146455
2024-08-31 16:20:00,1502.799927,-1.618190928918554e-171,1137.7481639235873,787.6753953822251
2024-08-31 16:25:00,1482.733398,-1.618190928918554e-171,1106.8668201086543,1191.661828219112
2024-08-31 16:30:00,1353.866699,-1.618190928918554e-171,1075.4592641342633,1188.328551385117
2024-08-31 16:35:00,1298.766724,-1.618190928918554e-171,1043.5616555782299,1203.7932606083466
2024-08-31 16:40:00,1392.199951,-1.618190928918554e-171,1011.2144340910377,1210.454687955639
2024-08-31 16:45:00,1334.766724,-1.618190928918554e-171,978.4621639629046,1201.2546626930466
2024-08-31 16:50:00,1363.5,-1.618190928918554e-171,945.3533438494994,1169.960998662861
2024-08-31 16:55:00,1206.300049,-1.618190928918554e-171,911.940182860303,1171.7290857732164
2024-08-31 17:00:00,988.5499878,-1.618190928918554e-171,878.2783449010764,383.9377269365838
2024-08-31 17:05:00,817.8666992,-1.618190928918554e-171,844.4266630370935,704.0567269847365
2024-08-31 17:10:00,848.2666016,-1.618190928918554e-171,810.4468261698842,705.5485051438476
2024-08-31 17:15:00,772.2999878,-1.618190928918554e-171,776.4030402370174,710.9448470037906
2024-08-31 17:20:00,709.2000122,-1.618190928918554e-171,742.3616667033456,710.9448470037906
2024-08-31 17:25:00,646.4333496,-1.618190928918554e-171,708.3908410137687,710.1690322509653
2024-08-31 17:30:00,633.9499512,-1.618190928918554e-171,674.5600738082024,711.2408655449017
2024-08-31 17:35:00,566.0,-1.618190928918554e-171,640.9398382656588,709.3472032113715
2024-08-31 17:40:00,390.1500244,-1.618190928918554e-171,607.6011463329214,571.3626814488043
2024-08-31 17:45:00,241.5,-1.618190928918554e-171,574.6151171233001,571.3626814488043
2024-08-31 17:50:00,187.4000092,-1.618190928918554e-171,542.0525413291094,569.9061945738838
2024-08-31 17:55:00,189.1333466,-1.618190928918554e-171,509.9834440747526,569.9061945738838
2024-08-31 18:00:00,193.9333496,-1.618190928918554e-171,478.47665024692157,331.4234062497974
2024-08-31 18:05:00,191.8000031,-1.618190928918554e-171,447.59935521511846,335.57459120501966
2024-08-31 18:10:00,183.6333466,-1.618190928918554e-171,417.4167045572702,282.7404779145314
2024-08-31 18:15:00,174.5333252,-1.618190928918554e-171,387.9913855762491,280.83024257810285
2024-08-31 18:20:00,165.8000031,-1.618190928918554e-171,359.38323401789614,105.32666498849808
2024-08-31 18:25:00,156.7333221,-1.618190928918554e-171,331.6488588823153,166.10969002248757
2024-08-31 18:30:00,146.6666565,-1.618190928918554e-171,304.8412879727101,168.13190466959867
2024-08-31 18:35:00,132.3999939,-1.618190928918554e-171,279.00963742791316,157.62516764055195
2024-08-31 18:40:00,125.8999939,-1.618190928918554e-171,254.19880689179763,190.1153485843469
2024-08-31 18:45:00,105.4000015,-1.618190928918554e-171,230.44920342446542,190.05258663615643
2024-08-31 18:50:00,84.80000305,-1.618190928918554e-171,207.7964956606158,287.1515959533149
2024-08-31 18:55:00,65.05000305,-1.618190928918554e-171,186.27140036231268,231.12824112422726
2024-08-31 19:00:00,48.75,-1.618190928918554e-171,165.89950276130628,63.34328856726864
2024-08-31 19:05:00,35.25,-1.618190928918554e-171,146.7011122543395,63.34328856726864
2024-08-31 19:10:00,24.0,-1.618190928918554e-171,128.69115423148037,64.38730179965383
2024-08-31 19:15:00,16.25,-1.618190928918554e-171,111.87909890465276,64.38730179965383
2024-08-31 19:20:00,12.83333302,-1.618190928918554e-171,96.26892785910879,59.02994996914827
2024-08-31 19:25:00,0.0,-1.618190928918554e-171,81.8591381436415,59.02994996914827
2024-08-31 19:30:00,0.0,-1.618190928918554e-171,68.64278405767197,57.617999707357775
2024-08-31 19:35:00,0.0,-1.618190928918554e-171,56.607556220122866,58.97865686445018
2024-08-31 19:40:00,0.0,-1.618190928918554e-171,45.73589726421868,59.346190698359386
2024-08-31 19:45:00,0.0,-1.618190928918554e-171,36.00515315316767,59.346190698359386
2024-08-31 19:50:00,0.0,-1.618190928918554e-171,27.387758986089406,59.162261081239386
2024-08-31 19:55:00,0.0,-1.618190928918554e-171,19.851457797246397,59.972200256682235
2024-08-31 20:00:00,0.0,-1.618190928918554e-171,13.35955056350459,0.16256296817111113
2024-08-31 20:05:00,0.0,-1.618190928918554e-171,7.871175643106424,0.018711110426666667
2024-08-31 20:10:00,0.0,-1.618190928918554e-171,3.341615227236892,0.10493333626
2024-08-31 20:15:00,0.0,-1.618190928918554e-171,-0.27737341476371435,0.018711110426666667
2024-08-31 20:20:00,0.0,-1.618190928918554e-171,-3.037204450594353,0.19228889718666664
2024-08-31 20:25:00,0.0,-1.618190928918554e-171,-4.9920906518153885,0.10606667135333332
2024-08-31 20:30:00,0.0,-1.618190928918554e-171,-6.198653839008479,0.10606667135333332
2024-08-31 20:35:00,0.0,-1.618190928918554e-171,-6.715521855821449,0.10606667135333332
2024-08-31 20:40:00,0.0,-1.618190928918554e-171,-6.602914941289736,0.0
2024-08-31 20:45:00,0.0,-1.618190928918554e-171,-5.92222480995412,0.0
2024-08-31 20:50:00,0.0,-1.618190928918554e-171,-4.7355895558462295,0.0
2024-08-31 20:55:00,0.0,-1.618190928918554e-171,-3.1054676702605626,0.0
2024-08-31 21:00:00,0.0,-1.618190928918554e-171,-1.0942143665412616,0.0
2024-08-31 21:05:00,0.0,-1.618190928918554e-171,1.236336602330797,0.0
2024-08-31 21:10:00,0.0,-1.618190928918554e-171,3.8252823952693404,0.0
2024-08-31 21:15:00,0.0,-1.618190928918554e-171,6.613048913968805,0.0
2024-08-31 21:20:00,0.0,-1.618190928918554e-171,9.541773811079393,0.0
2024-08-31 21:25:00,0.0,-1.618190928918554e-171,12.555672075132486,0.0
2024-08-31 21:30:00,0.0,-1.618190928918554e-171,15.601381292891823,0.0
2024-08-31 21:35:00,0.0,-1.618190928918554e-171,18.628284180268,0.0
2024-08-31 21:40:00,0.0,-1.618190928918554e-171,21.588806012990972,1.5973333402222223
2024-08-31 21:45:00,0.0,-1.618190928918554e-171,24.438684792819913,1.5973333402222223
2024-08-31 21:50:00,0.0,-1.618190928918554e-171,27.13721226933023,0.0
2024-08-31 21:55:00,0.0,-1.618190928918554e-171,29.647444115831483,0.0
2024-08-31 22:00:00,0.0,-1.618190928918554e-171,31.936377840619134,0.0
2024-08-31 22:05:00,0.0,-1.618190928918554e-171,33.975097263928866,0.0
2024-08-31 22:10:00,0.0,-1.618190928918554e-171,35.738882652021395,0.0
2024-08-31 22:15:00,0.0,-1.618190928918554e-171,37.207285897168894,0.0
2024-08-31 22:20:00,0.0,-1.618190928918554e-171,38.36417038288671,0.0
2024-08-31 22:25:00,0.0,-1.618190928918554e-171,39.19771549507808,0.0
2024-08-31 22:30:00,0.0,-1.618190928918554e-171,39.70038598153292,0.0
2024-08-31 22:35:00,0.0,-1.618190928918554e-171,39.86886667063679,0.0
2024-08-31 22:40:00,0.0,-1.618190928918554e-171,39.70396332897096,0.0
2024-08-31 22:45:00,0.0,-1.618190928918554e-171,39.210470704490184,0.0
2024-08-31 22:50:00,0.0,-1.618190928918554e-171,38.39700906964274,0.0
2024-08-31 22:55:00,0.0,-1.618190928918554e-171,37.27583082396338,1.5973333402222223
2024-08-31 23:00:00,0.0,-1.618190928918554e-171,35.86259894850177,1.5973333402222223
2024-08-31 23:05:00,0.0,-1.618190928918554e-171,34.176139364376176,0.0
2024-08-31 23:10:00,0.0,-1.618190928918554e-171,32.23816938338927,0.0
2024-08-31 23:15:00,0.0,-1.618190928918554e-171,30.073004713035914,0.0
2024-08-31 23:20:00,0.0,-1.618190928918554e-171,27.70724757952536,0.0
2024-08-31 23:25:00,0.0,-1.618190928918554e-171,25.169458724491673,0.0
2024-08-31 23:30:00,0.0,-1.618190928918554e-171,22.48981613979965,0.0
2024-08-31 23:35:00,0.0,-1.618190928918554e-171,19.699763506330477,0.0
2024-08-31 23:40:00,0.0,-1.618190928918554e-171,16.831651415110304,0.0
2024-08-31 23:45:00,0.0,-1.618190928918554e-171,13.918374423983929,0.0
2024-08-31 23:50:00,0.0,-1.618190928918554e-171,10.99300718994104,0.0
2024-08-31 23:55:00,0.0,-1.618190928918554e-171,8.088442712171778,0.0
2024-09-01 00:00:00,0.0,-1.618190928918554e-171,5.237035891551069,0.0
2024-09-01 00:05:00,0.0,-1.618190928918554e-171,2.470255464903481,0.0
2024-09-01 00:10:00,0.0,-1.618190928918554e-171,-0.18165267363730808,0.0
2024-09-01 00:15:00,0.0,-1.618190928918554e-171,-2.6899878269844906,0.0
2024-09-01 00:20:00,0.0,-1.618190928918554e-171,-5.02789974025201,0.0
2024-09-01 00:25:00,0.0,-1.618190928918554e-171,-7.170674054183004,0.0
2024-09-01 00:30:00,0.0,-1.618190928918554e-171,-9.095995469378394,0.0
2024-09-01 00:35:00,0.0,-1.618190928918554e-171,-10.784186314001785,0.0
2024-09-01 00:40:00,0.0,-1.618190928918554e-171,-12.218418340772695,0.0
2024-09-01 00:45:00,0.0,-1.618190928918554e-171,-13.384895927045696,0.0
2024-09-01 00:50:00,0.0,-1.618190928918554e-171,-14.273008947689295,0.0
2024-09-01 00:55:00,0.0,-1.618190928918554e-171,-14.87545392100513,0.0
2024-09-01 01:00:00,0.0,-1.618190928918554e-171,-15.188322268435995,0.0
2024-09-01 01:05:00,0.0,-1.618190928918554e-171,-15.211154785580298,0.0
2024-09-01 01:10:00,0.0,-1.618190928918554e-171,-14.94696172730299,0.0
2024-09-01 01:15:00,0.0,-1.618190928918554e-171,-14.402208143878687,0.0
2024-09-01 01:20:00,0.0,-1.618190928918554e-171,-13.586764492555448,0.0
2024-09-01 01:25:00,0.0,-1.618190928918554e-171,-12.51382264811863,0.0
2024-09-01 01:30:00,0.0,-1.618190928918554e-171,-11.199778016186075,0.0
2024-09-01 01:35:00,0.0,-1.618190928918554e-171,-9.664078370904063,0.0
2024-09-01 01:40:00,0.0,-1.618190928918554e-171,-7.9290406959151944,0.0
2024-09-01 01:45:00,0.0,-1.618190928918554e-171,-6.019637251984656,0.0
2024-09-01 01:50:00,0.0,-1.618190928918554e-171,-3.963252584340535,0.0
2024-09-01 01:55:00,0.0,-1.618190928918554e-171,-1.7894133104692918,0.0
2024-09-01 02:00:00,0.0,-1.618190928918554e-171,0.4705072078503343,0.0
2024-09-01 02:05:00,0.0,-1.618190928918554e-171,2.7836069270711077,0.0
2024-09-01 02:10:00,0.0,-1.618190928918554e-171,5.11579345848085,0.0
2024-09-01 02:15:00,0.0,-1.618190928918554e-171,7.432139912602731,0.0
2024-09-01 02:20:00,0.0,-1.618190928918554e-171,9.697255385353632,0.0
2024-09-01 02:25:00,0.0,-1.618190928918554e-171,11.875667073358509,0.0
2024-09-01 02:30:00,0.0,-1.618190928918554e-171,13.9322108860938,0.0
2024-09-01 02:35:00,0.0,-1.618190928918554e-171,15.83242732518368,0.0
2024-09-01 02:40:00,0.0,-1.618190928918554e-171,17.54295932081126,0.0
2024-09-01 02:45:00,0.0,-1.618190928918554e-171,19.031948725835385,0.0
2024-09-01 02:50:00,0.0,-1.618190928918554e-171,20.26942806641189,0.0
2024-09-01 02:55:00,0.0,-1.618190928918554e-171,21.227704250869934,0.0
2024-09-01 03:00:00,0.0,-1.618190928918554e-171,21.881730902568158,0.0
2024-09-01 03:05:00,0.0,-1.618190928918554e-171,22.209466079663727,0.0
2024-09-01 03:10:00,0.0,-1.618190928918554e-171,22.192212241098364,0.0
2024-09-01 03:15:00,0.0,-1.618190928918554e-171,21.814935368585093,0.0
2024-09-01 03:20:00,0.0,-1.618190928918554e-171,21.06656043475651,0.0
2024-09-01 03:25:00,0.0,-1.618190928918554e-171,19.94024033612281,0.0
2024-09-01 03:30:00,0.0,-1.618190928918554e-171,18.433595877746704,0.0
2024-09-01 03:35:00,0.0,-1.618190928918554e-171,16.548924337753967,0.0
2024-09-01 03:40:00,0.0,-1.618190928918554e-171,14.293374543657936,0.0
2024-09-01 03:45:00,0.0,-1.618190928918554e-171,11.67908653023703,0.0
2024-09-01 03:50:00,0.0,-1.618190928918554e-171,8.723294189979246,0.0
2024-09-01 03:55:00,0.0,-1.618190928918554e-171,5.4483894997566376,0.6020000203333333
2024-09-01 04:00:00,0.0,-1.618190928918554e-171,1.8819472834660502,0.6020000203333333
2024-09-01 04:05:00,0.0,-1.618190928918554e-171,-1.9432902891303911,0.6020000203333333
2024-09-01 04:10:00,0.0,-1.618190928918554e-171,-5.98946996890974,0.6020000203333333
2024-09-01 04:15:00,0.0,-1.618190928918554e-171,-10.213724576589616,0.6020000203333333
2024-09-01 04:20:00,0.0,-1.618190928918554e-171,-14.568311006525654,0.6020000203333333
2024-09-01 04:25:00,0.0,-1.618190928918554e-171,-19.00078851975419,0.6020000203333333
2024-09-01 04:30:00,0.0,-1.618190928918554e-171,-23.454236678647828,0.6020000203333333
2024-09-01 04:35:00,0.0,-1.618190928918554e-171,-27.867511796760468,0.6020000203333333
2024-09-01 04:40:00,0.0,-1.618190928918554e-171,-32.1755405944656,0.6020000203333333
2024-09-01 04:45:00,0.0,-1.618190928918554e-171,-36.30964934990116,0.6020000203333333
2024-09-01 04:50:00,0.0,-1.618190928918554e-171,-40.197926689790094,0.6020000203333333
2024-09-01 04:55:00,0.0,-1.618190928918554e-171,-43.76561776835694,0.6020000203333333
2024-09-01 05:00:00,0.0,-1.618190928918554e-171,-46.935547417634275,0.6020000203333333
2024-09-01 05:05:00,0.0,-1.618190928918554e-171,-49.62856954795487,0.6020000203333333
2024-09-01 05:10:00,0.0,-1.618190928918554e-171,-51.7640399397691,0.6020000203333333
2024-09-01 05:15:00,0.0,-1.618190928918554e-171,-53.260309306425825,0.6020000203333333
2024-09-01 05:20:00,0.0,-1.618190928918554e-171,-54.035233330728374,0.6020000203333333
2024-09-01 05:25:00,0.0,-1.618190928918554e-171,-54.0066963002803,0.6020000203333333
2024-09-01 05:30:00,0.0,-1.618190928918554e-171,-53.09314474724297,0.6020000203333333
2024-09-01 05:35:00,0.0,-1.618190928918554e-171,-51.214127455822265,0.6020000203333333
2024-09-01 05:40:00,0.0,-1.618190928918554e-171,-48.290838106144186,0.6020000203333333
2024-09-01 05:45:00,0.0,-1.618190928918554e-171,-44.246656765760626,0.6020000203333333
2024-09-01 05:50:00,0.0,-1.618190928918554e-171,-39.007686464769606,0.6020000203333333
2024-09-01 05:55:00,0.0,-1.618190928918554e-171,-32.503281025349175,0.6020000203333333
2024-09-01 06:00:00,0.0,-1.618190928918554e-171,-24.666560405823905,11.062557288920635
2024-09-01 06:05:00,0.0,-1.618190928918554e-171,-15.434909874829499,11.382557288920635
2024-09-01 06:10:00,0.0,-1.618190928918554e-171,-4.750459409687374,11.382557288920635
2024-09-01 06:15:00,0.0,-1.618190928918554e-171,7.439460204196277,4.738888948122222
2024-09-01 06:20:00,0.0,-1.618190928918554e-171,21.181887815069185,4.738888948122222
2024-09-01 06:25:00,0.0,-1.618190928918554e-171,36.51783217284359,3.0294000599
2024-09-01 06:30:00,0.0,-1.618190928918554e-171,53.48190504139437,3.850288952161111
2024-09-01 06:35:00,0.0,-1.618190928918554e-171,72.10198964667785,11.640375589416031
2024-09-01 06:40:00,0.0,-1.618190928918554e-171,92.39894739140522,66.32557231397318
2024-09-01 06:45:00,0.0,-1.618190928918554e-171,114.38636489389604,66.32557231397318
2024-09-01 06:50:00,0.0,-1.618190928918554e-171,138.07034328079445,7.501915309118253
2024-09-01 06:55:00,0.0,-1.618190928918554e-171,163.44933170564408,4.755304163157143
2024-09-01 07:00:00,0.0,-1.618190928918554e-171,190.51400631981227,84.51496164320814
2024-09-01 07:05:00,0.0,-1.618190928918554e-171,219.2471958640099,84.51496164320814
2024-09-01 07:10:00,0.0,-1.618190928918554e-171,249.62385476284854,84.51496164320814
2024-09-01 07:15:00,0.0,-1.618190928918554e-171,281.6110839923947,84.51496164320814
2024-09-01 07:20:00,0.0,-1.618190928918554e-171,315.16820007090433,84.80407750579147
2024-09-01 07:25:00,0.0,-1.618190928918554e-171,350.24685174634374,81.25645302163844
2024-09-01 07:30:00,0.0,-1.618190928918554e-171,386.7911841544575,67.73333735856326
2024-09-01 07:35:00,76.0,-1.618190928918554e-171,424.73804924996847,59.785120866818666
2024-09-01 07:40:00,99.09999847,-1.618190928918554e-171,464.01726156614745,63.94699320387643
2024-09-01 07:45:00,122.9000015,-1.618190928918554e-171,504.5518977638799,71.68851144234839
2024-09-01 07:50:00,173.8000031,-1.618190928918554e-171,546.2586379270208,205.73686427343856
2024-09-01 07:55:00,199.3999939,-1.618190928918554e-171,589.0481468544788,208.0541295308438
2024-09-01 08:00:00,186.9000092,-1.618190928918554e-171,632.8254929899684,437.9021301803054
2024-09-01 08:05:00,242.1999969,-1.618190928918554e-171,677.4906015968056,451.34216868239326
2024-09-01 08:10:00,279.2999878,-1.618190928918554e-171,722.9387404116995,451.34216868239326
2024-09-01 08:15:00,300.3999939,-1.618190928918554e-171,769.0610339845614,471.95968832215243
2024-09-01 08:20:00,292.9666443,-1.618190928918554e-171,815.7450032327921,471.95968832215243
2024-09-01 08:25:00,370.2000122,-1.618190928918554e-171,862.8751273845519,566.16678739877
2024-09-01 08:30:00,340.7333374,-1.618190928918554e-171,910.3334240171883,566.16678739877
2024-09-01 08:35:00,530.7999878,-1.618190928918554e-171,958.0000438109062,560.9911731413478
2024-09-01 08:40:00,612.7000122,-1.618190928918554e-171,1005.7538760145577,525.7407359869075
2024-09-01 08:45:00,569.0,-1.618190928918554e-171,1053.473160588796,557.1810847179519
2024-09-01 08:50:00,576.666687,-1.618190928918554e-171,1101.0361032100345,537.4583657260647
2024-09-01 08:55:00,601.2999878,-1.618190928918554e-171,1148.321488897629,539.2313435092647
2024-09-01 09:00:00,573.4333496,-1.618190928918554e-171,1195.2092905895158,1531.2219161572527
2024-09-01 09:05:00,580.833313,-1.618190928918554e-171,1241.58126838677,1531.2219161572527
2024-09-01 09:10:00,641.9000244,-1.618190928918554e-171,1287.3215557077287,1581.7192420109254
2024-09-01 09:15:00,609.2666626,-1.618190928918554e-171,1332.3172286942327,1575.1444729880047
2024-09-01 09:20:00,625.1000366,-1.618190928918554e-171,1376.458854796536,1569.3336138446157
2024-09-01 09:25:00,612.0,-1.618190928918554e-171,1419.641017447823,1575.0912107506158
2024-09-01 09:30:00,697.9000244,-1.618190928918554e-171,1461.7628135273535,1402.4283484888667
2024-09-01 09:35:00,644.7666626,-1.618190928918554e-171,1502.7283196282308,1409.3148130479333
2024-09-01 09:40:00,660.4666138,-1.618190928918554e-171,1542.447025424821,1404.843709180467
2024-09-01 09:45:00,636.833313,-1.618190928918554e-171,1580.834230509684,1396.417727330689
2024-09-01 09:50:00,726.5,-1.618190928918554e-171,1617.8114027819533,1394.7634123632688
2024-09-01 09:55:00,1001.799988,-1.618190928918554e-171,1653.306495787768,1384.2404195172467
2024-09-01 10:00:00,1083.300049,-1.618190928918554e-171,1687.2542236684135,1370.648013900933
2024-09-01 10:05:00,1044.0,-1.618190928918554e-171,1719.596291745287,1423.9646342376275
2024-09-01 10:10:00,1066.566772,-1.618190928918554e-171,1750.2815817544376,1435.1092629573004
2024-09-01 10:15:00,1020.033264,-1.618190928918554e-171,1779.2662905819611,1434.8742598801894
2024-09-01 10:20:00,965.5999146,-1.618190928918554e-171,1806.5140221246286,1441.234906211053
2024-09-01 10:25:00,893.4333496,-1.618190928918554e-171,1831.9958318284923,1434.1311467032085
2024-09-01 10:30:00,849.7333374,-1.618190928918554e-171,1855.690224180836,1446.2330008465253
2024-09-01 10:35:00,832.8000488,-1.618190928918554e-171,1877.5831033667603,1472.595764397956
2024-09-01 10:40:00,733.7999878,-1.618190928918554e-171,1897.6676779121262,1494.6621400830402
2024-09-01 10:45:00,697.7999878,-1.618190928918554e-171,1915.944320419138,1491.893541359553
2024-09-01 10:50:00,734.666687,-1.618190928918554e-171,1932.4203835697629,1496.8396381324294
2024-09-01 10:55:00,742.833313,-1.618190928918554e-171,1947.1099743056336,1532.5578666872602
2024-09-01 11:00:00,769.0332642,-1.618190928918554e-171,1960.0336880646134,1512.4822675582786
2024-09-01 11:05:00,776.6000366,-1.618190928918554e-171,1971.2183050808549,1521.364666367223
2024-09-01 11:10:00,1106.400024,-1.618190928918554e-171,1980.696451637106,1533.2185299340651
2024-09-01 11:15:00,1070.400024,-1.618190928918554e-171,1988.5062286719017,1559.0190321611258
2024-09-01 11:20:00,1048.700073,-1.618190928918554e-171,1994.6908108427374,1616.470404614866
2024-09-01 11:25:00,993.7999878,-1.618190928918554e-171,1999.2980190922874,1598.2518055647229
2024-09-01 11:30:00,940.7666626,-1.618190928918554e-171,2002.379870118338,1611.9223248718654
2024-09-01 11:35:00,873.5666504,-1.618190928918554e-171,2003.9921061283476,1623.3404049715866
2024-09-01 11:40:00,808.9333496,-1.618190928918554e-171,2004.1937084893332,1611.2668915899098
2024-09-01 11:45:00,731.8999634,-1.618190928918554e-171,2003.0463989158588,1576.378623537585
2024-09-01 11:50:00,696.0,-1.618190928918554e-171,2000.614131987482,1575.9804982387755
2024-09-01 11:55:00,571.5999756,-1.618190928918554e-171,1996.962582659778,1580.3945516907752
2024-09-01 12:00:00,444.3333435,-1.618190928918554e-171,1992.1586326916486,1260.3951648219818
2024-09-01 12:05:00,416.1666565,-1.618190928918554e-171,1986.2698596380199,1267.8290266460929
2024-09-01 12:10:00,397.4333496,-1.618190928918554e-171,1979.364032198416,1275.3595588159596
2024-09-01 12:15:00,400.8999939,-1.618190928918554e-171,1971.5086155116728,1277.2807200306263
2024-09-01 12:20:00,381.3999939,-1.618190928918554e-171,1962.7702900398874,1299.47912557765
2024-09-01 12:25:00,521.7000122,-1.618190928918554e-171,1953.2144873663096,1299.7719402478722
2024-09-01 12:30:00,528.25,-1.618190928918554e-171,1942.9049461660904,1297.8278339042054
2024-09-01 12:35:00,613.0,-1.618190928918554e-171,1931.9032916811007,1330.4475948608379
2024-09-01 12:40:00,568.5333862,-1.618190928918554e-171,1920.2686412022122,1331.825670487229
2024-09-01 12:45:00,845.2000122,-1.618190928918554e-171,1908.057238672123,1344.6610214227092
2024-09-01 12:50:00,1731.199951,-1.618190928918554e-171,1895.3221204827835,1369.228535219234
2024-09-01 12:55:00,1757.250122,-1.618190928918554e-171,1882.1128150079671,1448.3419465816758
2024-09-01 13:00:00,2064.399902,-1.618190928918554e-171,1868.4750775162572,1469.9188477537266
2024-09-01 13:05:00,1932.5,-1.618190928918554e-171,1854.4506622791257,1471.6941540384994
2024-09-01 13:10:00,2007.099976,-1.618190928918554e-171,1840.077133193888,1422.0729246951992
2024-09-01 13:15:00,1721.299927,-1.618190928918554e-171,1825.3877138498153,1383.2611167857003
2024-09-01 13:20:00,1185.550049,-1.618190928918554e-171,1810.4111781155907,1363.3825237279675
2024-09-01 13:25:00,831.1999512,-1.618190928918554e-171,1795.1717811826998,1339.3244673176782
2024-09-01 13:30:00,791.666687,-1.618190928918554e-171,1779.689231687521,1345.7211632930114
2024-09-01 13:35:00,770.4500122,-1.618190928918554e-171,1763.9787042911812,1349.4757503964117
2024-09-01 13:40:00,667.0667114,-1.618190928918554e-171,1748.0508925355516,1167.6683182118663
2024-09-01 13:45:00,736.4000244,-1.618190928918554e-171,1731.9121009183712,1181.991271563219
2024-09-01 13:50:00,670.5667114,-1.618190928918554e-171,1715.5643752073065,1187.7450573645635
2024-09-01 13:55:00,673.2000122,-1.618190928918554e-171,1699.0056696147606,1199.555785540725
2024-09-01 14:00:00,617.3666382,-1.618190928918554e-171,1682.230048905543,1209.633507839922
2024-09-01 14:05:00,583.8999634,-1.618190928918554e-171,1665.2279239495592,1204.2784245754774
2024-09-01 14:10:00,627.5,-1.618190928918554e-171,1647.9863180153582,1202.1880652497885
2024-09-01 14:15:00,1250.800049,-1.618190928918554e-171,1630.4891617525536,1247.131066735142
2024-09-01 14:20:00,1225.25,-1.618190928918554e-171,1612.717614017768,1185.5364730155995
2024-09-01 14:25:00,1216.700073,-1.618190928918554e-171,1594.6504059337944,1245.2255321316386
2024-09-01 14:30:00,1339.5,-1.618190928918554e-171,1576.264204940943,1213.3342208411034
2024-09-01 14:35:00,1209.900024,-1.618190928918554e-171,1557.5339959110875,1140.4323449415704
2024-09-01 14:40:00,1151.266724,-1.618190928918554e-171,1538.4334760072868,1130.669344993201
2024-09-01 14:45:00,2056.100098,-1.618190928918554e-171,1518.935459817733,1151.6984091435402
2024-09-01 14:50:00,2055.600098,-1.618190928918554e-171,1499.0122917489505,1136.6445263055514
2024-09-01 14:55:00,2055.43335,-1.618190928918554e-171,1478.6362616371885,1139.897135837174
2024-09-01 15:00:00,1997.900024,-1.618190928918554e-171,1457.7800206901713,1094.1981563047405
2024-09-01 15:05:00,1969.300049,-1.618190928918554e-171,1436.4169938998152,1094.166153732229
2024-09-01 15:10:00,1658.050171,-1.618190928918554e-171,1414.5217857286307,1032.8117957849797
2024-09-01 15:15:00,1370.699951,-1.618190928918554e-171,1392.0705756661969,982.368515989694
2024-09-01 15:20:00,1039.400024,-1.618190928918554e-171,1369.041500305812,974.2392469763603
2024-09-01 15:25:00,648.25,-1.618190928918554e-171,1345.4150191072558,984.4926917662596
2024-09-01 15:30:00,469.4500122,-1.618190928918554e-171,1321.1742602707182,981.8303393025566
2024-09-01 15:35:00,379.0,-1.618190928918554e-171,1296.305344684201,1002.5676405811614
2024-09-01 15:40:00,299.9500122,-1.618190928918554e-171,1270.7976844952025,871.988861855145
2024-09-01 15:45:00,228.6499939,-1.618190928918554e-171,1244.6442543840071,875.6994752700772
2024-09-01 15:50:00,172.0999908,-1.618190928918554e-171,1217.8418331317507,979.6249979919463
2024-09-01 15:55:00,154.1999969,-1.618190928918554e-171,1190.3912134285526,1004.9366977848566
2024-09-01 16:00:00,151.1666718,-1.618190928918554e-171,1162.2973784433836,546.6297413663916
2024-09-01 16:05:00,152.8666687,-1.618190928918554e-171,1133.5696433573441,531.5221804984313
2024-09-01 16:10:00,155.3666534,-1.618190928918554e-171,1104.2217609642603,589.2416121545457
2024-09-01 16:15:00,156.3000031,-1.618190928918554e-171,1074.2719900919349,707.6782485354103
2024-09-01 16:20:00,147.4666595,-1.618190928918554e-171,1043.7431268901514,714.2113327358182
2024-09-01 16:25:00,142.7999878,-1.618190928918554e-171,1012.6624977369112,739.7880939533261
2024-09-01 16:30:00,109.4499969,-1.618190928918554e-171,981.0619146547331,741.0070093755087
2024-09-01 16:35:00,78.2666626,-1.618190928918554e-171,948.9775928923657,778.7659373144821
2024-09-01 16:40:00,70.20000458,-1.618190928918554e-171,916.4500315799481,773.1213908961856
2024-09-01 16:45:00,65.3666687,-1.618190928918554e-171,883.5238582363108,1354.0762010803098
2024-09-01 16:50:00,62.03333664,-1.618190928918554e-171,850.2476381737515,656.9969422132713
2024-09-01 16:55:00,59.60000229,-1.618190928918554e-171,816.6736505876523,735.8752550155897
2024-09-01 17:00:00,57.70000076,-1.618190928918554e-171,782.8576323186301,777.3441284872356
2024-09-01 17:05:00,55.56666565,-1.618190928918554e-171,748.8584922414158,818.8270568340505
2024-09-01 17:10:00,53.06666565,-1.618190928918554e-171,714.7379973851112,642.1440644425429
2024-09-01 17:15:00,50.20000076,-1.618190928918554e-171,680.5604338930656,640.0910669732133
2024-09-01 17:20:00,46.76666641,-1.618190928918554e-171,646.3922451423366,640.0910669732133
2024-09-01 17:25:00,43.43333435,-1.618190928918554e-171,612.3016496966535,640.0910669732133
2024-09-01 17:30:00,39.89999771,-1.618190928918554e-171,578.3582423315776,640.0910669732133
2024-09-01 17:35:00,37.29999924,-1.618190928918554e-171,544.632580736825,444.18730915679095
2024-09-01 17:40:00,33.73333359,-1.618190928918554e-171,511.19576141975244,440.4444392156798
2024-09-01 17:45:00,32.34999847,-1.618190928918554e-171,478.1189876381258,439.82424318416867
2024-09-01 17:50:00,25.24999809,-1.618190928918554e-171,445.47313339873267,431.1498144198262
2024-09-01 17:55:00,18.43333435,-1.618190928918554e-171,413.3283057554494,391.0501470991239
2024-09-01 18:00:00,17.03333282,-1.618190928918554e-171,381.7534098247288,88.6210912703916
2024-09-01 18:05:00,16.96666718,-1.618190928918554e-171,350.81571905046616,147.27079054858694
2024-09-01 18:10:00,17.13333321,-1.618190928918554e-171,320.58045440040274,189.22047209912643
2024-09-01 18:15:00,17.43333435,-1.618190928918554e-171,291.11037556695396,252.62440638617798
2024-09-01 18:20:00,17.76666641,-1.618190928918554e-171,262.4653871828629,252.708198824178
2024-09-01 18:25:00,17.86666679,-1.618190928918554e-171,234.7021633663077,270.4108331500153
2024-09-01 18:30:00,17.80000114,-1.618190928918554e-171,207.87379282849284,239.9783906391217
2024-09-01 18:35:00,17.70000076,-1.618190928918554e-171,182.02944806972815,172.60972939483622
2024-09-01 18:40:00,17.80000114,-1.618190928918554e-171,157.2140803078973,219.87601663441964
2024-09-01 18:45:00,17.63333321,-1.618190928918554e-171,133.46814299703232,102.96250233372653
2024-09-01 18:50:00,17.16666603,-1.618190928918554e-171,110.82734582844844,102.91170615668686
2024-09-01 18:55:00,16.06666756,-1.618190928918554e-171,89.32244096306029,91.47316781746447
2024-09-01 19:00:00,14.83333302,-1.618190928918554e-171,68.9790433454021,34.059478938191546
2024-09-01 19:05:00,13.63333416,-1.618190928918554e-171,49.817486098412495,34.059478938191546
2024-09-01 19:10:00,12.93333435,-1.618190928918554e-171,31.852712319227518,34.059478938191546
2024-09-01 19:15:00,12.69999981,-1.618190928918554e-171,15.094203808186402,35.10121877963987
2024-09-01 19:20:00,0.0,-1.618190928918554e-171,-0.45405238824161664,35.49619233425733
2024-09-01 19:25:00,0.0,-1.618190928918554e-171,-14.793559911462241,35.66962362044495
2024-09-01 19:30:00,0.0,-1.618190928918554e-171,-27.93127126994112,35.66962362044495
2024-09-01 19:35:00,0.0,-1.618190928918554e-171,-39.87950861760861,35.60744583460495
2024-09-01 19:40:00,0.0,-1.618190928918554e-171,-50.65584804423134,45.06492118574549
2024-09-01 19:45:00,0.0,-1.618190928918554e-171,-60.28296801606306,48.44939230294359
2024-09-01 19:50:00,0.0,-1.618190928918554e-171,-68.78846345363155,48.689200618914384
2024-09-01 19:55:00,0.0,-1.618190928918554e-171,-76.20462664783425,48.4185280416308
2024-09-01 20:00:00,0.0,-1.618190928918554e-171,-82.56819702936403,0.04144444466666667
2024-09-01 20:05:00,0.0,-1.618190928918554e-171,-87.92008143850676,0.04144444466666667
2024-09-01 20:10:00,0.0,-1.618190928918554e-171,-92.30504736261037,0.04144444466666667
2024-09-01 20:15:00,0.0,-1.618190928918554e-171,-95.771391333457,0.0
2024-09-01 20:20:00,0.0,-1.618190928918554e-171,-98.37058512402352,0.0
2024-09-01 20:25:00,0.0,-1.618190928918554e-171,-100.15690248440484,0.0
2024-09-01 20:30:00,0.0,-1.618190928918554e-171,-101.18702921776381,0.04144444466666667
2024-09-01 20:35:00,0.0,-1.618190928918554e-171,-101.51965974665086,0.0
2024-09-01 20:40:00,0.0,-1.618190928918554e-171,-101.2150830312485,0.0
2024-09-01 20:45:00,0.0,-1.618190928918554e-171,-100.33476125462349,0.0
2024-09-01 20:50:00,0.0,-1.618190928918554e-171,-98.94090427355736,0.0
2024-09-01 20:55:00,0.0,-1.618190928918554e-171,-97.09604320352358,0.0
2024-09-01 21:00:00,0.0,-1.618190928918554e-171,-94.86260630607548,0.0
2024-09-01 21:05:00,0.0,-1.618190928918554e-171,-92.30250040151986,0.0
2024-09-01 21:10:00,0.0,-1.618190928918554e-171,-89.47670095067392,0.0
2024-09-01 21:15:00,0.0,-1.618190928918554e-171,-86.44485387909107,0.0
2024-09-01 21:20:00,0.0,-1.618190928918554e-171,-83.26489211867462,0.0
2024-09-01 21:25:00,0.0,-1.618190928918554e-171,-79.9926696855345,0.0
2024-09-01 21:30:00,0.0,-1.618190928918554e-171,-76.68161605741501,0.0
2024-09-01 21:35:00,0.0,-1.618190928918554e-171,-73.38241329885908,0.0
2024-09-01 21:40:00,0.0,-1.618190928918554e-171,-70.1426983445273,0.0
2024-09-01 21:45:00,0.0,-1.618190928918554e-171,-67.00679254209096,0.0
2024-09-01 21:50:00,0.0,-1.618190928918554e-171,-64.01546039166287,0.0
2024-09-01 21:55:00,0.0,-1.618190928918554e-171,-61.205699145950256,0.0
2024-09-01 22:00:00,0.0,-1.618190928918554e-171,-58.610560725466016,0.0
2024-09-01 22:05:00,0.0,-1.618190928918554e-171,-56.25900708974394,0.0
2024-09-01 22:10:00,0.0,-1.618190928918554e-171,-54.17579999086651,0.0
2024-09-01 22:15:00,0.0,-1.618190928918554e-171,-52.38142570635228,0.0
2024-09-01 22:20:00,0.0,-1.618190928918554e-171,-50.892055145739526,0.0
2024-09-01 22:25:00,0.0,-1.618190928918554e-171,-49.71953932653185,0.0
2024-09-01 22:30:00,0.0,-1.618190928918554e-171,-48.871440044124675,0.0
2024-09-01 22:35:00,0.0,-1.618190928918554e-171,-48.35109522195945,0.0
2024-09-01 22:40:00,0.0,-1.618190928918554e-171,-48.157718151893846,0.0
2024-09-01 22:45:00,0.0,-1.618190928918554e-171,-48.28652958434044,0.0
2024-09-01 22:50:00,0.0,-1.618190928918554e-171,-48.72892135185947,0.0
2024-09-01 22:55:00,0.0,-1.618190928918554e-171,-49.472649963352374,0.0
2024-09-01 23:00:00,0.0,-1.618190928918554e-171,-50.5020583657485,0.0
2024-09-01 23:05:00,0.0,-1.618190928918554e-171,-51.79832385676278,0.0
2024-09-01 23:10:00,0.0,-1.618190928918554e-171,-53.339729887786326,0.0
2024-09-01 23:15:00,0.0,-1.618190928918554e-171,-55.101959370858005,0.0
2024-09-01 23:20:00,0.0,-1.618190928918554e-171,-57.0584068669781,0.0
2024-09-01 23:25:00,0.0,-1.618190928918554e-171,-59.18050692351073,0.0
2024-09-01 23:30:00,0.0,-1.618190928918554e-171,-61.43807569027504,0.0
2024-09-01 23:35:00,0.0,-1.618190928918554e-171,-63.79966282852126,0.0
2024-09-01 23:40:00,0.0,-1.618190928918554e-171,-66.23291066881806,0.0
2024-09-01 23:45:00,0.0,-1.618190928918554e-171,-68.7049174978951,0.0
2024-09-01 23:50:00,0.0,-1.618190928918554e-171,-71.1826018396454,0.0
2024-09-01 23:55:00,0.0,-1.618190928918554e-171,-73.63306452229276,0.0
2024-09-02 00:00:00,0.0,-1.618190928918554e-171,-76.02394554031467,0.0
2024-09-02 00:05:00,0.0,-1.618190928918554e-171,-78.32377242835496,0.0
2024-09-02 00:10:00,0.0,-1.618190928918554e-171,-80.50229729992314,0.0
2024-09-02 00:15:00,0.0,-1.618190928918554e-171,-82.530819530483,0.0
2024-09-02 00:20:00,0.0,-1.618190928918554e-171,-84.38249130714445,0.0
2024-09-02 00:25:00,0.0,-1.618190928918554e-171,-86.03260337480083,0.0
2024-09-02 00:30:00,0.0,-1.618190928918554e-171,-87.45884846246875,0.0
2024-09-02 00:35:00,0.0,-1.618190928918554e-171,-88.64156010171297,0.0
2024-09-02 00:40:00,0.0,-1.618190928918554e-171,-89.5639246126215,0.0
2024-09-02 00:45:00,0.0,-1.618190928918554e-171,-90.21216453846728,0.0
2024-09-02 00:50:00,0.0,-1.618190928918554e-171,-90.57569160445117,0.0
2024-09-02 00:55:00,0.0,-1.618190928918554e-171,-90.64722805418832,0.0
2024-09-02 01:00:00,0.0,-1.618190928918554e-171,-90.42289494179515,0.0
2024-09-02 01:05:00,0.0,-1.618190928918554e-171,-89.90226668823286,0.0
2024-09-02 01:10:00,0.0,-1.618190928918554e-171,-89.08839117198298,0.0
2024-09-02 01:15:00,0.0,-1.618190928918554e-171,-87.98777505131041,0.0
2024-09-02 01:20:00,0.0,-1.618190928918554e-171,-86.61033431065701,0.0
2024-09-02 01:25:00,0.0,-1.618190928918554e-171,-84.96931021556667,0.0
2024-09-02 01:30:00,0.0,-1.618190928918554e-171,-83.08115125732088,0.0
2024-09-02 01:35:00,0.0,-1.618190928918554e-171,-80.96536186970062,0.0
2024-09-02 01:40:00,0.0,-1.618190928918554e-171,-78.64431907034954,0.0
2024-09-02 01:45:00,0.0,-1.618190928918554e-171,-76.14305828816815,0.0
2024-09-02 01:50:00,0.0,-1.618190928918554e-171,-73.48903015509188,0.0
2024-09-02 01:55:00,0.0,-1.618190928918554e-171,-70.7118299769049,0.0
2024-09-02 02:00:00,0.0,-1.618190928918554e-171,-67.84290213483139,0.6020000203333333
2024-09-02 02:05:00,0.0,-1.618190928918554e-171,-64.91522166590998,0.6020000203333333
2024-09-02 02:10:00,0.0,-1.618190928918554e-171,-61.96295559900651,0.6020000203333333
2024-09-02 02:15:00,0.0,-1.618190928918554e-171,-59.021106735908965,0.6020000203333333
2024-09-02 02:20:00,0.0,-1.618190928918554e-171,-56.12514278382567,0.6020000203333333
2024-09-02 02:25:00,0.0,-1.618190928918554e-171,-53.310613846657226,0.6020000203333333
2024-09-02 02:30:00,0.0,-1.618190928918554e-171,-50.612761406048456,0.6020000203333333
2024-09-02 02:35:00,0.0,-1.618190928918554e-171,-48.06612204948888,0.6020000203333333
2024-09-02 02:40:00,0.0,-1.618190928918554e-171,-45.70412921034335,0.6020000203333333
2024-09-02 02:45:00,0.0,-1.618190928918554e-171,-43.558716266263275,0.6020000203333333
2024-09-02 02:50:00,0.0,-1.618190928918554e-171,-41.65992439416569,0.6020000203333333
2024-09-02 02:55:00,0.0,-1.618190928918554e-171,-40.035518459318645,0.6020000203333333
2024-09-02 03:00:00,0.0,-1.618190928918554e-171,-38.710614301358326,0.6020000203333333
2024-09-02 03:05:00,0.0,-1.618190928918554e-171,-37.70732064225532,0.6020000203333333
2024-09-02 03:10:00,0.0,-1.618190928918554e-171,-37.04439878275948,0.6020000203333333
2024-09-02 03:15:00,0.0,-1.618190928918554e-171,-36.736943124218904,0.6020000203333333
2024-09-02 03:20:00,0.0,-1.618190928918554e-171,-36.79608543285322,0.6020000203333333
2024-09-02 03:25:00,0.0,-1.618190928918554e-171,-37.22872559298004,0.6020000203333333
2024-09-02 03:30:00,0.0,-1.618190928918554e-171,-38.03729139147365,0.6020000203333333
2024-09-02 03:35:00,0.0,-1.618190928918554e-171,-39.21952974141109,0.6020000203333333
2024-09-02 03:40:00,0.0,-1.618190928918554e-171,-40.76833141463705,0.6020000203333333
2024-09-02 03:45:00,0.0,-1.618190928918554e-171,-42.67159123252328,0.6020000203333333
2024-09-02 03:50:00,0.0,-1.618190928918554e-171,-44.91210532242435,0.6020000203333333
2024-09-02 03:55:00,0.0,-1.618190928918554e-171,-47.46750680821754,0.6020000203333333
2024-09-02 04:00:00,0.0,-1.618190928918554e-171,-50.310241033218524,0.6020000203333333
2024-09-02 04:05:00,0.0,-1.618190928918554e-171,-53.40758106015215,0.6020000203333333
2024-09-02 04:10:00,0.0,-1.618190928918554e-171,-56.72168398509595,0.6020000203333333
2024-09-02 04:15:00,0.0,-1.618190928918554e-171,-60.209688216333966,0.6020000203333333
2024-09-02 04:20:00,0.0,-1.618190928918554e-171,-63.82385156942042,0.6020000203333333
2024-09-02 04:25:00,0.0,-1.618190928918554e-171,-67.51172977520862,0.6020000203333333
2024-09-02 04:30:00,0.0,-1.618190928918554e-171,-71.21639461245267,0.6020000203333333
2024-09-02 04:35:00,0.0,-1.618190928918554e-171,-74.87669063734324,0.6020000203333333
2024-09-02 04:40:00,0.0,-1.618190928918554e-171,-78.42752909915187,0.6020000203333333
2024-09-02 04:45:00,0.0,-1.618190928918554e-171,-81.8002174592575,0.6020000203333333
2024-09-02 04:50:00,0.0,-1.618190928918554e-171,-84.92282253169664,0.6020000203333333
2024-09-02 04:55:00,0.0,-1.618190928918554e-171,-87.72056506349259,0.6020000203333333
2024-09-02 05:00:00,0.0,-1.618190928918554e-171,-90.11624330735928,0.6020000203333333
2024-09-02 05:05:00,0.0,-1.618190928918554e-171,-92.03068289841701,0.6020000203333333
2024-09-02 05:10:00,0.0,-1.618190928918554e-171,-93.38321009387055,0.6020000203333333
2024-09-02 05:15:00,0.0,-1.618190928918554e-171,-94.0921453523529,0.6020000203333333
2024-09-02 05:20:00,0.0,-1.618190928918554e-171,-94.07531389196079,0.6020000203333333
2024-09-02 05:25:00,0.0,-1.618190928918554e-171,-93.25056984695183,0.6020000203333333
2024-09-02 05:30:00,0.0,-1.618190928918554e-171,-91.5363304509244,0.6020000203333333
2024-09-02 05:35:00,0.0,-1.618190928918554e-171,-88.85211659079881,0.6020000203333333
2024-09-02 05:40:00,0.0,-1.618190928918554e-171,-85.11909600673228,0.6020000203333333
2024-09-02 05:45:00,0.0,-1.618190928918554e-171,-80.26062531411755,0.6020000203333333
2024-09-02 05:50:00,0.0,-1.618190928918554e-171,-74.20278715675505,0.6020000203333333
2024-09-02 05:55:00,0.0,-1.618190928918554e-171,-66.87491852788173,0.6020000203333333
2024-09-02 06:00:00,0.0,-1.618190928918554e-171,-58.210126681200585,11.486877783451112
2024-09-02 06:05:00,0.0,-1.618190928918554e-171,-48.145788758623205,11.486877783451112
2024-09-02 06:10:00,0.0,-1.618190928918554e-171,-36.62403171652235,11.486877783451112
2024-09-02 06:15:00,0.0,-1.618190928918554e-171,-23.592188887593707,11.486877783451112
2024-09-02 06:20:00,0.0,-1.618190928918554e-171,-9.003229938413586,11.486877783451112
2024-09-02 06:25:00,0.0,-1.618190928918554e-171,7.183838968369444,11.330222159183336
2024-09-02 06:30:00,0.0,-1.618190928918554e-171,25.003607925673442,11.330222159183336
2024-09-02 06:35:00,0.0,-1.618190928918554e-171,44.483931377545304,10.702999945461114
2024-09-02 06:40:00,0.0,-1.618190928918554e-171,65.6456346067792,10.702999945461114
2024-09-02 06:45:00,0.0,-1.618190928918554e-171,88.50226039340933,20.480932253575634
2024-09-02 06:50:00,62.29999924,-1.618190928918554e-171,113.05985821634737,20.480932253575634
2024-09-02 06:55:00,86.40000153,-1.618190928918554e-171,139.31681755866776,20.480932253575634
2024-09-02 07:00:00,86.09999847,-1.618190928918554e-171,167.2637467322147,357.5297483174779
2024-09-02 07:05:00,85.63333893,-1.618190928918554e-171,196.88339851230944,357.5297483174779
2024-09-02 07:10:00,84.76667023,-1.618190928918554e-171,228.15064298572025,357.5297483174779
2024-09-02 07:15:00,95.19999695,-1.618190928918554e-171,261.032488749433,357.5297483174779
2024-09-02 07:20:00,107.9000015,-1.618190928918554e-171,295.48815165631464,350.2810998503528
2024-09-02 07:25:00,102.5666733,-1.618190928918554e-171,331.46917187903534,348.63012723407815
2024-09-02 07:30:00,138.1000061,-1.618190928918554e-171,368.9195780793683,348.63012723407815
2024-09-02 07:35:00,151.1999969,-1.618190928918554e-171,407.77609820836705,350.2356826540782
2024-09-02 07:40:00,169.0,-1.618190928918554e-171,447.96841539684823,349.0167849083871
2024-09-02 07:45:00,160.9333344,-1.618190928918554e-171,489.4194677997137,346.6526101879981
2024-09-02 07:50:00,166.8333282,-1.618190928918554e-171,532.0457904073625,345.64813183892676
2024-09-02 07:55:00,186.3000031,-1.618190928918554e-171,575.7578965806418,345.64813183892676
2024-09-02 08:00:00,175.9000092,-1.618190928918554e-171,620.4606974852652,855.9869135301583
2024-09-02 08:05:00,176.3333282,-1.618190928918554e-171,666.053955673823,855.9869135301583
2024-09-02 08:10:00,168.1999969,-1.618190928918554e-171,712.4327714098822,855.9869135301583
2024-09-02 08:15:00,195.1000061,-1.618190928918554e-171,759.4880972144765,855.9869135301583
2024-09-02 08:20:00,176.5999908,-1.618190928918554e-171,807.1072783118408,881.2410945441162
2024-09-02 08:25:00,213.1999969,-1.618190928918554e-171,855.1746149494631,881.2410945441162
2024-09-02 08:30:00,243.1999969,-1.618190928918554e-171,903.5719430933104,880.6417241726161
2024-09-02 08:35:00,286.2999878,-1.618190928918554e-171,952.1792298983902,880.6417241726161
2024-09-02 08:40:00,266.2333374,-1.618190928918554e-171,1000.8751794746898,880.6417241726161
2024-09-02 08:45:00,280.1000061,-1.618190928918554e-171,1049.5378461421778,880.6417241726161
2024-09-02 08:50:00,328.8999939,-1.618190928918554e-171,1098.0452495703794,880.6417241726161
2024-09-02 08:55:00,308.6666565,-1.618190928918554e-171,1146.27598940197,880.6417241726161
2024-09-02 09:00:00,320.1333313,-1.618190928918554e-171,1194.1098542894047,972.5345261940764
2024-09-02 09:05:00,391.7999878,-1.618190928918554e-171,1241.428421756437,979.2522296124113
2024-09-02 09:10:00,367.6000061,-1.618190928918554e-171,1288.115645114739,1164.9031364858886
2024-09-02 09:15:00,440.2999878,-1.618190928918554e-171,1334.0584231504388,1099.7952987070746
2024-09-02 09:20:00,624.2999878,-1.618190928918554e-171,1379.1471495561475,1053.3282285819437
2024-09-02 09:25:00,747.2000122,-1.618190928918554e-171,1423.2762380374502,1046.3918134987152
2024-09-02 09:30:00,693.8999634,-1.618190928918554e-171,1466.3446202736257,1046.3918134987152
2024-09-02 09:35:00,843.2999878,-1.618190928918554e-171,1508.256212669543,983.5386912464954
2024-09-02 09:40:00,781.0,-1.618190928918554e-171,1548.920350269131,948.7783746067728
2024-09-02 09:45:00,812.4666138,-1.618190928918554e-171,1588.2521838597654,943.8460964352172
2024-09-02 09:50:00,761.333313,-1.618190928918554e-171,1626.173038744048,934.5136374684396
2024-09-02 09:55:00,747.25,-1.618190928918554e-171,1662.6107325349396,934.1917855939952
2024-09-02 10:00:00,592.2333374,-1.618190928918554e-171,1697.4998502610342,1031.6753963288186
2024-09-02 10:05:00,672.7000122,-1.618190928918554e-171,1730.7819753328556,1053.2375015689643
2024-09-02 10:10:00,881.4000244,-1.618190928918554e-171,1762.4058747265638,1053.2375015689643
2024-09-02 10:15:00,1443.099976,-1.618190928918554e-171,1792.3276381867477,1053.2375015689643
2024-09-02 10:20:00,1460.899902,-1.618190928918554e-171,1820.510769875654,1028.4546297261518
2024-09-02 10:25:00,1466.833374,-1.618190928918554e-171,1846.9262331853924,1028.4546297261518
2024-09-02 10:30:00,1417.666626,-1.618190928918554e-171,1871.5524481297152,1028.4546297261518
2024-09-02 10:35:00,1387.149902,-1.618190928918554e-171,1894.3752419633704,1040.3089319771575
2024-09-02 10:40:00,1063.56665,-1.618190928918554e-171,1915.3877538004474,1092.6830197119498
2024-09-02 10:45:00,913.2000122,-1.618190928918554e-171,1934.5902940724745,1097.8089833559497
2024-09-02 10:50:00,844.0,-1.618190928918554e-171,1951.9901604880308,1162.181972605496
2024-09-02 10:55:00,787.25,-1.618190928918554e-171,1967.6014119177596,1162.1861661692737
2024-09-02 11:00:00,582.75,-1.618190928918554e-171,1981.444602374821,1240.1504166049542
2024-09-02 11:05:00,420.0,-1.618190928918554e-171,1993.5464770200717,1254.253295902224
2024-09-02 11:10:00,476.0,-1.618190928918554e-171,2003.939633047068,1254.5611860455572
2024-09-02 11:15:00,559.0,-1.618190928918554e-171,2012.66214796977,1255.1097472490794
2024-09-02 11:20:00,605.5999756,-1.618190928918554e-171,2019.7571782032628,1260.1069356586352
2024-09-02 11:25:00,572.5666504,-1.618190928918554e-171,2025.2725312637174,1261.5748357253017
2024-09-02 11:30:00,572.8666382,-1.618190928918554e-171,2029.2602147517475,1273.2983422905577
2024-09-02 11:35:00,557.5333252,-1.618190928918554e-171,2031.7759656453745,1319.7684047453351
2024-09-02 11:40:00,560.0666504,-1.618190928918554e-171,2032.8787634428602,1319.7684047453351
2024-09-02 11:45:00,557.2333374,-1.618190928918554e-171,2032.630330863453,1295.1117330276484
2024-09-02 11:50:00,523.9667358,-1.618190928918554e-171,2031.0946258375536,1295.5767866700241
2024-09-02 11:55:00,505.5999756,-1.618190928918554e-171,2028.3373285014734,1292.3140294564244
2024-09-02 12:00:00,406.8999634,-1.618190928918554e-171,2024.425327126241,1283.5827436540467
2024-09-02 12:05:00,345.2000122,-1.618190928918554e-171,2019.4262065531354,1283.7826769833134
2024-09-02 12:10:00,388.5,-1.618190928918554e-171,2013.4077430614382,1284.4709436391356
2024-09-02 12:15:00,461.8999939,-1.618190928918554e-171,2006.437409170652,1294.3018793602625
2024-09-02 12:20:00,551.5999756,-1.618190928918554e-171,1998.581892006166,1260.9571846343476
2024-09-02 12:25:00,717.7000122,-1.618190928918554e-171,1989.906628649157,1260.9571846343476
2024-09-02 12:30:00,948.7000122,-1.618190928918554e-171,1980.475361664029,1282.5095407700364
2024-09-02 12:35:00,1178.400024,-1.618190928918554e-171,1970.3497181156472,1269.5441035158603
2024-09-02 12:40:00,1188.000122,-1.618190928918554e-171,1959.5888147162452,1260.3793894689159
2024-09-02 12:45:00,1900.599976,-1.618190928918554e-171,1948.2488919705424,1247.3587999529161
2024-09-02 12:50:00,1779.899902,-1.618190928918554e-171,1936.382979729292,1264.1892516647085
2024-09-02 12:55:00,2057.199951,-1.618190928918554e-171,1924.04059637045,1308.110671774407
2024-09-02 13:00:00,1839.333374,-1.618190928918554e-171,1911.2674834401662,1288.9696749048435
2024-09-02 13:05:00,1886.799927,-1.618190928918554e-171,1898.1053775455398,1307.7186711404877
2024-09-02 13:10:00,1929.199951,-1.618190928918554e-171,1884.5918208007504,1312.6058831775988
2024-09-02 13:15:00,2059.800049,-1.618190928918554e-171,1870.7600107326775,1395.8239330176957
2024-09-02 13:20:00,1994.5,-1.618190928918554e-171,1856.6386907478698,1428.030101681651
2024-09-02 13:25:00,2037.333374,-1.618190928918554e-171,1842.252081161705,1368.900487404276
2024-09-02 13:30:00,2035.366577,-1.618190928918554e-171,1827.6198512143992,1417.0887572186866
2024-09-02 13:35:00,2055.166504,-1.618190928918554e-171,1812.757131755843,1427.3333931636828
2024-09-02 13:40:00,2053.733154,-1.618190928918554e-171,1797.67456807057,1620.6426061396162
2024-09-02 13:45:00,1981.666626,-1.618190928918554e-171,1782.3784121264812,1689.4672917444386
2024-09-02 13:50:00,1874.533203,-1.618190928918554e-171,1766.8706530210673,1694.6365250073277
2024-09-02 13:55:00,1690.233398,-1.618190928918554e-171,1751.149184268732,1708.4222064278592
2024-09-02 14:00:00,1557.799927,-1.618190928918554e-171,1735.208006186083,1495.3077403078937
2024-09-02 14:05:00,1394.233398,-1.618190928918554e-171,1719.0374616516908,1479.877518428222
2024-09-02 14:10:00,1330.433472,-1.618190928918554e-171,1702.6245027030186,1485.248662389875
2024-09-02 14:15:00,1483.099976,-1.618190928918554e-171,1685.9529857633108,1480.3514448325593
2024-09-02 14:20:00,1390.599976,-1.618190928918554e-171,1669.003992915954,1478.4347783714481
2024-09-02 14:25:00,2051.899902,-1.618190928918554e-171,1651.756176198598,1542.8868892046833
2024-09-02 14:30:00,1875.550049,-1.618190928918554e-171,1634.186122097855,1520.4438917642228
2024-09-02 14:35:00,1770.266602,-1.618190928918554e-171,1616.268733047963,1500.805364646545
2024-09-02 14:40:00,1629.450073,-1.618190928918554e-171,1597.9776226418908,1559.190667648781
2024-09-02 14:45:00,1683.400024,-1.618190928918554e-171,1579.285521317472,1558.6890886046033
2024-09-02 14:50:00,1664.250122,-1.618190928918554e-171,1560.1646889896608,1565.0638957912972
2024-09-02 14:55:00,1657.866699,-1.618190928918554e-171,1540.5873312774343,1537.5871354024716
2024-09-02 15:00:00,1645.099854,-1.618190928918554e-171,1520.5260157371983,1446.7162840883002
2024-09-02 15:05:00,1464.099976,-1.618190928918554e-171,1499.9540847755386,1416.662405514017
2024-09-02 15:10:00,1074.900146,-1.618190928918554e-171,1478.8460616904845,1428.4052137167948
2024-09-02 15:15:00,779.9667358,-1.618190928918554e-171,1457.1780466956677,1402.4132296845166
2024-09-02 15:20:00,736.5999756,-1.618190928918554e-171,1434.9280994108426,1340.7313689216764
2024-09-02 15:25:00,631.2999268,-1.618190928918554e-171,1412.0766049013816,1354.6248001137553
2024-09-02 15:30:00,473.0500183,-1.618190928918554e-171,1388.6066199970755,1354.6248001137553
2024-09-02 15:35:00,331.5,-1.618190928918554e-171,1364.5041975399483,1272.005687677568
2024-09-02 15:40:00,224.0666656,-1.618190928918554e-171,1339.7586852881009,1271.7026081809986
2024-09-02 15:45:00,193.1999969,-1.618190928918554e-171,1314.3629974065148,1250.258635883876
2024-09-02 15:50:00,183.5666656,-1.618190928918554e-171,1288.3138563603272,1238.2699889186379
2024-09-02 15:55:00,178.0500031,-1.618190928918554e-171,1261.6120029485423,1225.436470032971
2024-09-02 16:00:00,143.9499969,-1.618190928918554e-171,1234.2623729723316,1152.9324426865767
2024-09-02 16:05:00,99.69999695,-1.618190928918554e-171,1206.2742389999182,1152.9324426865767
2024-09-02 16:10:00,86.94999695,-1.618190928918554e-171,1177.6613159746285,1152.9324426865767
2024-09-02 16:15:00,86.6333313,-1.618190928918554e-171,1148.4418299077515,1149.9702206676877
2024-09-02 16:20:00,86.2666626,-1.618190928918554e-171,1118.6385489262354,1151.5842643373387
2024-09-02 16:25:00,87.36666107,-1.618190928918554e-171,1088.2787764577176,1150.6716352151166
2024-09-02 16:30:00,89.06667328,-1.618190928918554e-171,1057.3943063942045,1138.48523656787
2024-09-02 16:35:00,90.36666107,-1.618190928918554e-171,1026.0213406906166,1138.48523656787
2024-09-02 16:40:00,90.1333313,-1.618190928918554e-171,994.200369902449,1133.5465339708676
2024-09-02 16:45:00,89.1333313,-1.618190928918554e-171,961.976017436949,1133.5465339708676
2024-09-02 16:50:00,87.90000153,-1.618190928918554e-171,929.3968489697963,788.3169523102968
2024-09-02 16:55:00,84.59999847,-1.618190928918554e-171,896.5151481050572,774.3368362896921
2024-09-02 17:00:00,82.8500061,-1.618190928918554e-171,863.386659981185,845.085691365893
2024-09-02 17:05:00,72.96666718,-1.618190928918554e-171,830.0703053674474,796.0940574801311
2024-09-02 17:10:00,109.0,-1.618190928918554e-171,796.6278664504002,796.0940574801311
2024-09-02 17:15:00,98.15000916,-1.618190928918554e-171,763.1236474054384,804.4258822951313
2024-09-02 17:20:00,96.43332672,-1.618190928918554e-171,729.6241122372718,797.4431519004003
2024-09-02 17:25:00,89.2666626,-1.618190928918554e-171,696.1975023535274,800.3774487162835
2024-09-02 17:30:00,148.6999969,-1.618190928918554e-171,662.9134370733123,808.888764260839
2024-09-02 17:35:00,223.5,-1.618190928918554e-171,629.84250002212,808.888764260839
2024-09-02 17:40:00,219.5500183,-1.618190928918554e-171,597.055814474532,784.4240283839943
2024-09-02 17:45:00,215.6333466,-1.618190928918554e-171,564.6246110972587,774.1652505123276
2024-09-02 17:50:00,204.4333496,-1.618190928918554e-171,532.6197911607007,774.1652505123276
2024-09-02 17:55:00,189.1333466,-1.618190928918554e-171,501.1114887340853,760.3938404545278
2024-09-02 18:00:00,170.5333252,-1.618190928918554e-171,470.16863502683947,94.33045884289443
2024-09-02 18:05:00,154.9000092,-1.618190928918554e-171,439.85852830437034,94.48170698863666
2024-09-02 18:10:00,140.2666626,-1.618190928918554e-171,410.2464126839356,100.7336262046601
2024-09-02 18:15:00,134.3999939,-1.618190928918554e-171,381.3950687988138,100.32625908431048
2024-09-02 18:20:00,114.3500137,-1.618190928918554e-171,353.36441982779627,266.5540640484703
2024-09-02 18:25:00,93.79999542,-1.618190928918554e-171,326.2111554569841,266.6350764183592
2024-09-02 18:30:00,77.94999695,-1.618190928918554e-171,299.9883767300835,258.17584166491474
2024-09-02 18:35:00,60.86666489,-1.618190928918554e-171,274.7452648860574,258.25685403480367
2024-09-02 18:40:00,52.3666687,-1.618190928918554e-171,250.52677598072634,259.4315124673433
2024-09-02 18:45:00,49.69999695,-1.618190928918554e-171,227.37336414618733,265.8009386327259
2024-09-02 18:50:00,41.09999847,-1.618190928918554e-171,205.3207352612797,258.9081366578537
2024-09-02 18:55:00,32.34999847,-1.618190928918554e-171,184.39963312262967,258.9081366578537
2024-09-02 19:00:00,25.09999847,-1.618190928918554e-171,164.63565943365077,140.92036921428496
2024-09-02 19:05:00,20.0,-1.618190928918554e-171,146.0491291263505,144.0358348707294
2024-09-02 19:10:00,14.96666718,-1.618190928918554e-171,128.654961992723,140.92036921428496
2024-09-02 19:15:00,13.19999981,-1.618190928918554e-171,112.46261146598182,140.92036921428496
2024-09-02 19:20:00,0.0,-1.618190928918554e-171,97.47603096498328,124.51544536791026
2024-09-02 19:25:00,0.0,-1.618190928918554e-171,83.69367809020416,124.51544536791026
2024-09-02 19:30:00,0.0,-1.618190928918554e-171,71.10855647433746,124.51544536791026
2024-09-02 19:35:00,0.0,-1.618190928918554e-171,59.70829502016165,125.86134698646582
2024-09-02 19:40:00,0.0,-1.618190928918554e-171,49.47526381442189,121.92136353503996
2024-09-02 19:45:00,0.0,-1.618190928918554e-171,40.38672576653832,118.33088652847883
2024-09-02 19:50:00,0.0,-1.618190928918554e-171,32.41502279705769,118.6661642808566
2024-09-02 19:55:00,0.0,-1.618190928918554e-171,25.527795103646742,117.87089576477527
2024-09-02 20:00:00,0.0,-1.618190928918554e-171,19.688231654977418,274.1401095955293
2024-09-02 20:05:00,0.0,-1.618190928918554e-171,14.855350215516633,274.07214663114036
2024-09-02 20:10:00,0.0,-1.618190928918554e-171,10.984304421605328,274.07214663114036
2024-09-02 20:15:00,0.0,-1.618190928918554e-171,8.026715727340282,275.1748453411276
2024-09-02 20:20:00,0.0,-1.618190928918554e-171,5.931027558069072,275.1748453411276
2024-09-02 20:25:00,0.0,-1.618190928918554e-171,4.642878990148301,2.6385347905885728
2024-09-02 20:30:00,0.0,-1.618190928918554e-171,4.10549502368016,2.6385347905885728
2024-09-02 20:35:00,0.0,-1.618190928918554e-171,4.260090490464002,2.5970903459219064
2024-09-02 20:40:00,0.0,-1.618190928918554e-171,5.046284508707568,2.5277199775885726
2024-09-02 20:45:00,0.0,-1.618190928918554e-171,6.402522261671554,2.5277199775885726
2024-09-02 20:50:00,0.0,-1.618190928918554e-171,8.266500969021633,2.5970903459219064
2024-09-02 20:55:00,0.0,-1.618190928918554e-171,10.575596743386201,2.6385347905885728
2024-09-02 21:00:00,0.0,-1.618190928918554e-171,13.26728913706718,1.4001591721544449
2024-09-02 21:05:00,0.0,-1.618190928918554e-171,16.279580159720016,1.4001591721544449
2024-09-02 21:10:00,0.0,-1.618190928918554e-171,19.5514046139311,1.5677147141544447
2024-09-02 21:15:00,0.0,-1.618190928918554e-171,23.02302868406413,0.5561185163822224
2024-09-02 21:20:00,0.0,-1.618190928918554e-171,26.63643378771489,0.5281925927155557
2024-09-02 21:25:00,0.0,-1.618190928918554e-171,30.335682850789887,0.5281925927155557
2024-09-02 21:30:00,0.0,-1.618190928918554e-171,34.067266335480255,0.5281925927155557
2024-09-02 21:35:00,0.0,-1.618190928918554e-171,37.780425389817985,0.8534074085111113
2024-09-02 21:40:00,0.0,-1.618190928918554e-171,41.42744990455172,0.8116296324444447
2024-09-02 21:45:00,0.0,-1.618190928918554e-171,44.96394923458024,0.6124074110777781
2024-09-02 21:50:00,0.0,-1.618190928918554e-171,48.349093718015425,0.6124074110777781
2024-09-02 21:55:00,0.0,-1.618190928918554e-171,51.54582527451191,0.524962965777778
2024-09-02 22:00:00,0.0,-1.618190928918554e-171,54.5210356900535,0.524962965777778
2024-09-02 22:05:00,0.0,-1.618190928918554e-171,57.24571138773245,0.524962965777778
2024-09-02 22:10:00,0.0,-1.618190928918554e-171,59.69504378835611,0.524962965777778
2024-09-02 22:15:00,0.0,-1.618190928918554e-171,61.848504654189426,0.524962965777778
2024-09-02 22:20:00,0.0,-1.618190928918554e-171,63.689886028853024,0.524962965777778
2024-09-02 22:25:00,0.0,-1.618190928918554e-171,65.20730476628988,0.524962965777778
2024-09-02 22:30:00,0.0,-1.618190928918554e-171,66.39317182423487,0.524962965777778
2024-09-02 22:35:00,0.0,-1.618190928918554e-171,67.24412685656509,0.524962965777778
2024-09-02 22:40:00,0.0,-1.618190928918554e-171,67.76093886879302,0.524962965777778
2024-09-02 22:45:00,0.0,-1.618190928918554e-171,67.94837399692958,0.524962965777778
2024-09-02 22:50:00,0.0,-1.618190928918554e-171,67.81503171423348,0.524962965777778
2024-09-02 22:55:00,0.0,-1.618190928918554e-171,67.37315104244561,0.524962965777778
2024-09-02 23:00:00,0.0,-1.618190928918554e-171,66.6383885666693,0.524962965777778
2024-09-02 23:05:00,0.0,-1.618190928918554e-171,65.6295702651784,0.524962965777778
2024-09-02 23:10:00,0.0,-1.618190928918554e-171,64.36841944269145,0.524962965777778
2024-09-02 23:15:00,0.0,-1.618190928918554e-171,62.87926310295724,0.524962965777778
2024-09-02 23:20:00,0.0,-1.618190928918554e-171,61.18871946380231,0.524962965777778
2024-09-02 23:25:00,0.0,-1.618190928918554e-171,59.32536927529551,0.524962965777778
2024-09-02 23:30:00,0.0,-1.618190928918554e-171,57.31941385990278,0.524962965777778
2024-09-02 23:35:00,0.0,-1.618190928918554e-171,55.20232284069741,0.524962965777778
2024-09-02 23:40:00,0.0,-1.618190928918554e-171,53.006474620653115,0.524962965777778
2024-09-02 23:45:00,0.0,-1.618190928918554e-171,50.76479272306229,0.524962965777778
2024-09-02 23:50:00,0.0,-1.618190928918554e-171,48.51038115597856,0.524962965777778
2024-09-02 23:55:00,0.0,-1.618190928918554e-171,46.276161936462564,0.524962965777778
2024-09-03 00:00:00,0.0,-1.618190928918554e-171,44.094517906184166,0.0
2024-09-03 00:05:00,0.0,-1.618190928918554e-171,41.99694399678033,0.0
2024-09-03 00:10:00,0.0,-1.618190928918554e-171,40.01370980877281,0.0
2024-09-03 00:15:00,0.0,-1.618190928918554e-171,38.17353666321065,0.0
2024-09-03 00:20:00,0.0,-1.618190928918554e-171,36.503291675035506,0.0
2024-09-03 00:25:00,0.0,-1.618190928918554e-171,35.027701765135824,0.0
2024-09-03 00:30:00,0.0,-1.618190928918554e-171,33.769089938192614,0.0
2024-09-03 00:35:00,0.0,-1.618190928918554e-171,32.747136247042114,0.0
2024-09-03 00:40:00,0.0,-1.618190928918554e-171,31.97866554215235,0.0
2024-09-03 00:45:00,0.0,-1.618190928918554e-171,31.47746391743245,0.0
2024-09-03 00:50:00,0.0,-1.618190928918554e-171,31.25412552898602,0.0
2024-09-03 00:55:00,0.0,-1.618190928918554e-171,31.315931178612118,0.0
2024-09-03 01:00:00,0.0,-1.618190928918554e-171,31.66675992864896,0.0
2024-09-03 01:05:00,0.0,-1.618190928918554e-171,32.30703445335732,0.0
2024-09-03 01:10:00,0.0,-1.618190928918554e-171,33.23370098572165,0.0
2024-09-03 01:15:00,0.0,-1.618190928918554e-171,34.44024395098753,0.0
2024-09-03 01:20:00,0.0,-1.618190928918554e-171,35.91673551180207,0.0
2024-09-03 01:25:00,0.0,-1.618190928918554e-171,37.649919687485394,0.0
2024-09-03 01:30:00,0.0,-1.618190928918554e-171,39.62333052398713,0.0
2024-09-03 01:35:00,0.0,-1.618190928918554e-171,41.81744352727655,0.0
2024-09-03 01:40:00,0.0,-1.618190928918554e-171,44.209859233788116,0.0
2024-09-03 01:45:00,0.0,-1.618190928918554e-171,46.77551756304879,0.0
2024-09-03 01:50:00,0.0,-1.618190928918554e-171,49.486941312294064,0.0
2024-09-03 01:55:00,0.0,-1.618190928918554e-171,52.314506932339455,0.0
2024-09-03 02:00:00,0.0,-1.618190928918554e-171,55.2267404451863,0.0
2024-09-03 02:05:00,0.0,-1.618190928918554e-171,58.190636172104774,0.0
2024-09-03 02:10:00,0.0,-1.618190928918554e-171,61.17199575924347,0.0
2024-09-03 02:15:00,0.0,-1.618190928918554e-171,64.13578474862832,0.0
2024-09-03 02:20:00,0.0,-1.618190928918554e-171,67.04650382461773,0.0
2024-09-03 02:25:00,0.0,-1.618190928918554e-171,69.86857172216003,0.6020000203333333
2024-09-03 02:30:00,0.0,-1.618190928918554e-171,72.56671662338022,0.6020000203333333
2024-09-03 02:35:00,0.0,-1.618190928918554e-171,75.10637285299156,0.6020000203333333
2024-09-03 02:40:00,0.0,-1.618190928918554e-171,77.45407953417978,0.6020000203333333
2024-09-03 02:45:00,0.0,-1.618190928918554e-171,79.57787789655862,0.6020000203333333
2024-09-03 02:50:00,0.0,-1.618190928918554e-171,81.44770381829758,0.2206666565
2024-09-03 02:55:00,0.0,-1.618190928918554e-171,83.03577233264602,0.2206666565
2024-09-03 03:00:00,0.0,-1.618190928918554e-171,84.31695071450973,0.0
2024-09-03 03:05:00,0.0,-1.618190928918554e-171,85.26911694058714,0.0
2024-09-03 03:10:00,0.0,-1.618190928918554e-171,85.87350034012678,0.0
2024-09-03 03:15:00,0.0,-1.618190928918554e-171,86.11500139546918,0.0
2024-09-03 03:20:00,0.0,-1.618190928918554e-171,85.98248777736377,0.0
2024-09-03 03:25:00,0.0,-1.618190928918554e-171,85.46906387127605,0.0
2024-09-03 03:30:00,0.0,-1.618190928918554e-171,84.57231122521483,0.0
2024-09-03 03:35:00,0.0,-1.618190928918554e-171,83.29449755177558,0.0
2024-09-03 03:40:00,0.0,-1.618190928918554e-171,81.64275216222312,0.0
2024-09-03 03:45:00,0.0,-1.618190928918554e-171,79.62920592082071,0.0
2024-09-03 03:50:00,0.0,-1.618190928918554e-171,77.27109409454724,0.0
2024-09-03 03:55:00,0.0,-1.618190928918554e-171,74.59082071297716,0.0
2024-09-03 04:00:00,0.0,-1.618190928918554e-171,71.6159833948447,0.0
2024-09-03 04:05:00,0.0,-1.618190928918554e-171,68.37935780530466,0.0
2024-09-03 04:10:00,0.0,-1.618190928918554e-171,64.9188412959604,0.0
2024-09-03 04:15:00,0.0,-1.618190928918554e-171,61.277355525445685,0.0
2024-09-03 04:20:00,0.0,-1.618190928918554e-171,57.50270820106841,0.0
2024-09-03 04:25:00,0.0,-1.618190928918554e-171,53.64741443526767,0.0
2024-09-03 04:30:00,0.0,-1.618190928918554e-171,49.7684783242336,0.0
2024-09-03 04:35:00,0.0,-1.618190928918554e-171,45.927136014070825,0.0
2024-09-03 04:40:00,0.0,-1.618190928918554e-171,42.18856144385273,0.0
2024-09-03 04:45:00,0.0,-1.618190928918554e-171,38.621536508277785,0.0
2024-09-03 04:50:00,0.0,-1.618190928918554e-171,35.298087527869065,0.0
2024-09-03 04:55:00,0.0,-1.618190928918554e-171,32.29309028636775,0.0
2024-09-03 05:00:00,0.0,-1.618190928918554e-171,29.683846007267757,0.0
2024-09-03 05:05:00,0.0,-1.618190928918554e-171,27.549631019278745,0.0
2024-09-03 05:10:00,0.0,-1.618190928918554e-171,25.971223044972078,0.0
2024-09-03 05:15:00,0.0,-1.618190928918554e-171,25.030407081771678,0.0
2024-09-03 05:20:00,0.0,-1.618190928918554e-171,24.809464369390295,0.0
2024-09-03 05:25:00,0.0,-1.618190928918554e-171,25.39064765322555,0.0
2024-09-03 05:30:00,0.0,-1.618190928918554e-171,26.855646478201912,0.0
2024-09-03 05:35:00,0.0,-1.618190928918554e-171,29.285046072583718,0.0
2024-09-03 05:40:00,0.0,-1.618190928918554e-171,32.75778359703049,0.0
2024-09-03 05:45:00,0.0,-1.618190928918554e-171,37.35060555230596,0.0
2024-09-03 05:50:00,0.0,-1.618190928918554e-171,43.137530105457685,0.0
2024-09-03 05:55:00,0.0,-1.618190928918554e-171,50.189318186853185,0.0
2024-09-03 06:00:00,0.0,-1.618190928918554e-171,58.57295710579378,4.129622281852223
2024-09-03 06:05:00,0.0,-1.618190928918554e-171,68.35116034437802,4.129622281852223
2024-09-03 06:10:00,0.0,-1.618190928918554e-171,79.58188718687369,4.129622281852223
2024-09-03 06:15:00,0.0,-1.618190928918554e-171,92.31788567164568,4.129622281852223
2024-09-03 06:20:00,0.0,-1.618190928918554e-171,106.60626221617369,4.129622281852223
2024-09-03 06:25:00,0.0,-1.618190928918554e-171,122.48808101350039,4.129622281852223
2024-09-03 06:30:00,0.0,-1.618190928918554e-171,139.99799637973234,3.3847333829633333
2024-09-03 06:35:00,0.0,-1.618190928918554e-171,159.1639206285341,3.3847333829633333
2024-09-03 06:40:00,0.0,-1.618190928918554e-171,180.00673009186667,3.3847333829633333
2024-09-03 06:45:00,0.0,-1.618190928918554e-171,202.540011645699,3.3847333829633333
2024-09-03 06:50:00,0.0,-1.618190928918554e-171,226.76985162704779,3.3847333829633333
2024-09-03 06:55:00,89.40000153,-1.618190928918554e-171,252.69466902996416,2.7369555457966666
2024-09-03 07:00:00,105.8000031,-1.618190928918554e-171,280.30509413712423,71.87315920997162
2024-09-03 07:05:00,162.1999969,-1.618190928918554e-171,309.58389406443024,76.38348535678718
2024-09-03 07:10:00,224.8000031,-1.618190928918554e-171,340.5059456618587,84.51096656041472
2024-09-03 07:15:00,225.5,-1.618190928918554e-171,373.0382566711396,136.53568280068376
2024-09-03 07:20:00,348.7000122,-1.618190928918554e-171,407.14003455329777,193.1207040485966
2024-09-03 07:25:00,346.0500183,-1.618190928918554e-171,442.7628036411004,194.80542334209022
2024-09-03 07:30:00,345.1666565,-1.618190928918554e-171,479.85056959672886,194.80542334209022
2024-09-03 07:35:00,343.3999939,-1.618190928918554e-171,518.340030191005,198.21683234562022
2024-09-03 07:40:00,285.4999695,-1.618190928918554e-171,558.1608316634123,198.21683234562022
2024-09-03 07:45:00,241.1999969,-1.618190928918554e-171,599.2358687979853,200.01364873409747
2024-09-03 07:50:00,224.6333466,-1.618190928918554e-171,641.4816270203276,211.75246017247895
2024-09-03 07:55:00,210.3000031,-1.618190928918554e-171,684.8085645096304,211.75246017247895
2024-09-03 08:00:00,210.3000031,-1.618190928918554e-171,729.1215317075774,1235.4490491567733
2024-09-03 08:05:00,328.7999878,-1.618190928918554e-171,774.3202258200109,1250.3624353143764
2024-09-03 08:10:00,330.8999939,-1.618190928918554e-171,820.2996771723061,1250.3624353143764
2024-09-03 08:15:00,363.0,-1.618190928918554e-171,866.9507646183612,1257.326700708951
2024-09-03 08:20:00,651.0999756,-1.618190928918554e-171,914.1607563476672,1257.326700708951
2024-09-03 08:25:00,727.0,-1.618190928918554e-171,961.8138729343979,1243.036149478727
2024-09-03 08:30:00,689.0333862,-1.618190928918554e-171,1009.7918684624556,1243.036149478727
2024-09-03 08:35:00,680.166687,-1.618190928918554e-171,1057.9746265898264,1219.6044266265048
2024-09-03 08:40:00,617.166687,-1.618190928918554e-171,1106.2407671218266,1219.6044266265048
2024-09-03 08:45:00,559.2999878,-1.618190928918554e-171,1154.4682597058297,1138.35108787431
2024-09-03 08:50:00,517.166687,-1.618190928918554e-171,1202.5350396771091,1181.3786909914857
2024-09-03 08:55:00,609.5,-1.618190928918554e-171,1250.3196232483558,1179.7682399187
2024-09-03 09:00:00,1055.400024,-1.618190928918554e-171,1297.7017173012334,1181.2452546521224
2024-09-03 09:05:00,1544.199951,-1.618190928918554e-171,1344.562819689279,1181.2452546521224
2024-09-03 09:10:00,1422.0,-1.618190928918554e-171,1390.7868067527513,1190.2597916399359
2024-09-03 09:15:00,1346.866699,-1.618190928918554e-171,1436.2605037443063,1240.9225466406992
2024-09-03 09:20:00,1248.199951,-1.618190928918554e-171,1480.874234658486,1226.0642253627911
2024-09-03 09:25:00,971.3499146,-1.618190928918554e-171,1524.5223480485815,1221.5861785637878
2024-09-03 09:30:00,667.3999634,-1.618190928918554e-171,1567.1037151762678,1172.337450971392
2024-09-03 09:35:00,625.7333374,-1.618190928918554e-171,1608.5221976528587,1191.2532591912852
2024-09-03 09:40:00,774.7999878,-1.618190928918554e-171,1648.6870813817438,1261.9323240627332
2024-09-03 09:45:00,783.5999146,-1.618190928918554e-171,1687.513474367219,1286.2050772146938
2024-09-03 09:50:00,789.7999878,-1.618190928918554e-171,1724.922665707071,1304.1264881393436
2024-09-03 09:55:00,1085.900024,-1.618190928918554e-171,1760.8424437129959,1348.497614846756
2024-09-03 10:00:00,2056.600098,-1.618190928918554e-171,1795.2073714132864,1333.5942108737124
2024-09-03 10:05:00,1813.900146,-1.618190928918554e-171,1827.9590175080225,1283.6828660929093
2024-09-03 10:10:00,1735.433228,-1.618190928918554e-171,1859.046141980919,1283.6828660929093
2024-09-03 10:15:00,1574.849976,-1.618190928918554e-171,1888.4248353198473,1303.198131180957
2024-09-03 10:20:00,1526.200073,-1.618190928918554e-171,1916.058610275029,1236.9682808488485
2024-09-03 10:25:00,2055.600098,-1.618190928918554e-171,1941.9184467025693,1232.134578591293
2024-09-03 10:30:00,2056.5,-1.618190928918554e-171,1965.9827890127046,1232.134578591293
2024-09-03 10:35:00,2056.333252,-1.618190928918554e-171,1988.237496647206,1300.6514824934836
2024-09-03 10:40:00,2056.5,-1.618190928918554e-171,2008.6757486083438,1310.1095691847538
2024-09-03 10:45:00,2056.049805,-1.618190928918554e-171,2027.2979028404422,1300.0067740565473
2024-09-03 10:50:00,1833.150024,-1.618190928918554e-171,2044.1113119265392,1280.703500658747
2024-09-03 10:55:00,2056.600098,-1.618190928918554e-171,2059.1300968068513,1280.0105029367066
2024-09-03 11:00:00,2057.299805,-1.618190928918554e-171,2072.3748803689246,1312.2633708292808
2024-09-03 11:05:00,2030.466797,-1.618190928918554e-171,2083.8724832811868,1403.3092403409305
2024-09-03 11:10:00,1982.700073,-1.618190928918554e-171,2093.6555844233194,1392.0063699829195
2024-09-03 11:15:00,1916.433228,-1.618190928918554e-171,2101.762348821869,1343.8241672385923
2024-09-03 11:20:00,1884.700073,-1.618190928918554e-171,2108.2360258274575,1338.737771520536
2024-09-03 11:25:00,1788.799927,-1.618190928918554e-171,2113.124520875183,1323.3549220217515
2024-09-03 11:30:00,1753.599854,-1.618190928918554e-171,2116.4799439932817,1241.4316661952835
2024-09-03 11:35:00,1445.599854,-1.618190928918554e-171,2118.358138603929,1229.8181188449057
2024-09-03 11:40:00,1207.099976,-1.618190928918554e-171,2118.8181941867256,1230.829463266739
2024-09-03 11:45:00,1979.900024,-1.618190928918554e-171,2117.9219464518637,1222.661888348339
2024-09-03 11:50:00,1711.099976,-1.618190928918554e-171,2115.7334688004985,1118.0623580041106
2024-09-03 11:55:00,1620.900024,-1.618190928918554e-171,2112.318558826845,1569.1294059027625
2024-09-03 12:00:00,1441.400146,-1.618190928918554e-171,2107.7442236696543,1603.9032294395088
2024-09-03 12:05:00,1170.199951,-1.618190928918554e-171,2102.078167953898,1605.1914866113057
2024-09-03 12:10:00,847.0500488,-1.618190928918554e-171,2095.3882881473305,1776.0948886786844
2024-09-03 12:15:00,704.8499756,-1.618190928918554e-171,2087.7421768064637,1794.6422180860982
2024-09-03 12:20:00,532.7999878,-1.618190928918554e-171,2079.206640516179,1815.357753580351
2024-09-03 12:25:00,385.5,-1.618190928918554e-171,2069.8472346770736,1789.655944665285
2024-09-03 12:30:00,290.9333191,-1.618190928918554e-171,2059.727818673452,1772.74788085303
2024-09-03 12:35:00,273.9666748,-1.618190928918554e-171,2048.910134355822,1772.5129617382513
2024-09-03 12:40:00,284.5666504,-1.618190928918554e-171,2037.4534108551834,1779.7461000648677
2024-09-03 12:45:00,263.7666931,-1.618190928918554e-171,2025.4139983257762,1780.7734888930393
2024-09-03 12:50:00,260.6500244,-1.618190928918554e-171,2012.8450331567333,1747.3935292333401
2024-09-03 12:55:00,197.5,-1.618190928918554e-171,1999.796136824125,1723.121487233666
2024-09-03 13:00:00,175.3999939,-1.618190928918554e-171,1986.3131502590877,1521.1287560012463
2024-09-03 13:05:00,252.8000031,-1.618190928918554e-171,1972.4379055632296,1508.1810866619503
2024-09-03 13:10:00,353.7999878,-1.618190928918554e-171,1958.2080361582118,1435.9780636939831
2024-09-03 13:15:00,322.6499939,-1.618190928918554e-171,1943.6568266168083,1403.8169535651562
2024-09-03 13:20:00,318.6999817,-1.618190928918554e-171,1928.8131029688857,1380.5636304607594
2024-09-03 13:25:00,285.8999939,-1.618190928918554e-171,1913.701163672655,1027.9027042262173
2024-09-03 13:30:00,330.7000122,-1.618190928918554e-171,1898.3407516040193,1469.152686575737
2024-09-03 13:35:00,292.1333313,-1.618190928918554e-171,1882.7470666996983,1284.4821692415771
2024-09-03 13:40:00,308.4333191,-1.618190928918554e-171,1866.9308189277483,1252.2118663601102
2024-09-03 13:45:00,348.8999939,-1.618190928918554e-171,1850.898320543799,1323.2243651871927
2024-09-03 13:50:00,399.2000122,-1.618190928918554e-171,1834.651616684778,1321.3999669799093
2024-09-03 13:55:00,377.2333069,-1.618190928918554e-171,1818.1886528463897,1317.2160560190753
2024-09-03 14:00:00,453.1000061,-1.618190928918554e-171,1801.503477443299,1298.7770821394613
2024-09-03 14:05:00,496.1000061,-1.618190928918554e-171,1784.586477831923,1284.6209421221042
2024-09-03 14:10:00,535.5,-1.618190928918554e-171,1767.4246471113242,1169.5899013418737
2024-09-03 14:15:00,694.2000122,-1.618190928918554e-171,1750.0018797620805,1208.6157172616915
2024-09-03 14:20:00,820.7999878,-1.618190928918554e-171,1732.299293131335,1209.745703923512
2024-09-03 14:25:00,900.0,-1.618190928918554e-171,1714.29557214135,1208.323608584912
2024-09-03 14:30:00,961.5,-1.618190928918554e-171,1695.9673340903782,1204.2898216493409
2024-09-03 14:35:00,1133.599976,-1.618190928918554e-171,1677.2895105983398,1414.304256340723
2024-09-03 14:40:00,1378.0,-1.618190928918554e-171,1658.2357432287856,1430.7403447294523
2024-09-03 14:45:00,1773.099976,-1.618190928918554e-171,1638.7787894601645,1432.0931381713567
2024-09-03 14:50:00,1749.800049,-1.618190928918554e-171,1618.8909359074148,1465.9660342151476
2024-09-03 14:55:00,1742.0,-1.618190928918554e-171,1598.5444148338186,1467.922832907503
2024-09-03 15:00:00,1654.699829,-1.618190928918554e-171,1577.7118208789097,1360.7742452409814
2024-09-03 15:05:00,1618.799927,-1.618190928918554e-171,1556.3665243078674,1292.8300349204778
2024-09-03 15:10:00,1211.06665,-1.618190928918554e-171,1534.483077595933,1266.0806835659719
2024-09-03 15:15:00,1062.166626,-1.618190928918554e-171,1512.0376117194453,1281.2627548914054
2024-09-03 15:20:00,1191.099976,-1.618190928918554e-171,1489.0082190980565,1292.6774451846497
2024-09-03 15:25:00,1110.5,-1.618190928918554e-171,1465.3753199903658,1277.2468978178956
2024-09-03 15:30:00,1114.133301,-1.618190928918554e-171,1441.1220091540092,1273.8474975894956
2024-09-03 15:35:00,1075.649902,-1.618190928918554e-171,1416.2343804569118,1278.9916903575843
2024-09-03 15:40:00,949.5,-1.618190928918554e-171,1390.7018259686301,1215.705455337897
2024-09-03 15:45:00,689.333313,-1.618190928918554e-171,1364.517307910138,1130.7938139496357
2024-09-03 15:50:00,608.7333374,-1.618190928918554e-171,1337.6776006201005,1135.2485412221968
2024-09-03 15:55:00,573.5999756,-1.618190928918554e-171,1310.1835008944684,1178.1794175243112
2024-09-03 16:00:00,534.0,-1.618190928918554e-171,1282.0400047462033,727.3593436927456
2024-09-03 16:05:00,489.4666748,-1.618190928918554e-171,1253.2564493963598,734.2482330703344
2024-09-03 16:10:00,439.6666565,-1.618190928918554e-171,1223.846619005214,783.689091655603
2024-09-03 16:15:00,417.0999756,-1.618190928918554e-171,1193.828813244467,781.1379876722029
2024-09-03 16:20:00,324.1000061,-1.618190928918554e-171,1163.2258786502784,1279.2411535706508
2024-09-03 16:25:00,286.1000061,-1.618190928918554e-171,1132.0652015466253,1203.3028045341327
2024-09-03 16:30:00,274.6666565,-1.618190928918554e-171,1100.3786633354953,1203.3028045341327
2024-09-03 16:35:00,259.6000061,-1.618190928918554e-171,1068.202557843235,1184.17315080775
2024-09-03 16:40:00,245.0333405,-1.618190928918554e-171,1035.5774718801351,1186.860898975261
2024-09-03 16:45:00,233.8333282,-1.618190928918554e-171,1002.5481293058847,1130.6543028306812
2024-09-03 16:50:00,229.366684,-1.618190928918554e-171,969.1632001531872,1136.9523130031384
2024-09-03 16:55:00,233.2666626,-1.618190928918554e-171,935.4750761296652,1136.315451105348
2024-09-03 17:00:00,235.0333252,-1.618190928918554e-171,901.5396139557101,901.2433415224396
2024-09-03 17:05:00,233.6666718,-1.618190928918554e-171,867.4158491505999,1022.9397001263657
2024-09-03 17:10:00,224.7666626,-1.618190928918554e-171,833.1656814205045,971.3553282813183
2024-09-03 17:15:00,212.4000092,-1.618190928918554e-171,798.8535350924448,969.6627184832358
2024-09-03 17:20:00,197.3333282,-1.618190928918554e-171,764.5459963328914,936.2896554660341
2024-09-03 17:25:00,181.6333466,-1.618190928918554e-171,730.3114304829428,964.4202658215207
2024-09-03 17:30:00,168.7333221,-1.618190928918554e-171,696.2195821096337,971.293378753496
2024-09-03 17:35:00,162.3999939,-1.618190928918554e-171,662.3411608983236,969.4992631861073
2024-09-03 17:40:00,133.3333282,-1.618190928918554e-171,628.7474167828555,942.1674000394988
2024-09-03 17:45:00,118.4666672,-1.618190928918554e-171,595.5097069205668,939.7076272807641
2024-09-03 17:50:00,111.9000015,-1.618190928918554e-171,562.699058776148,936.5499500601288
2024-09-03 17:55:00,107.2333374,-1.618190928918554e-171,530.3857316422319,925.4772002305542
2024-09-03 18:00:00,101.0333328,-1.618190928918554e-171,498.6387806348566,288.2906617939814
2024-09-03 18:05:00,93.76667023,-1.618190928918554e-171,467.5256260888632,288.2906617939814
2024-09-03 18:10:00,90.25,-1.618190928918554e-171,437.11163200776053,288.0595790157481
2024-09-03 18:15:00,75.09999847,-1.618190928918554e-171,407.4596963101101,114.16798232420949
2024-09-03 18:20:00,58.95000076,-1.618190928918554e-171,378.62985635344705,114.41692120769282
2024-09-03 18:25:00,45.29999924,-1.618190928918554e-171,350.6789125857263,113.35590488822523
2024-09-03 18:30:00,40.0,-1.618190928918554e-171,323.6600730098291,113.35590488822523
2024-09-03 18:35:00,36.39999771,-1.618190928918554e-171,297.6226217011901,113.35590488822523
2024-09-03 18:40:00,33.09999847,-1.618190928918554e-171,272.61161303953077,112.50545652601569
2024-09-03 18:45:00,29.73333168,-1.618190928918554e-171,248.66759477517186,123.71044945592718
2024-09-03 18:50:00,27.3666687,-1.618190928918554e-171,225.82636143001594,125.4300320781533
2024-09-03 18:55:00,24.76666832,-1.618190928918554e-171,204.1187401812339,132.96062015946973
2024-09-03 19:00:00,23.75000191,-1.618190928918554e-171,183.57041072359826,33.94514704634035
2024-09-03 19:05:00,19.79999924,-1.618190928918554e-171,164.20176037446683,33.94514704634035
2024-09-03 19:10:00,15.65000057,-1.618190928918554e-171,146.0277757247507,33.94514704634035
2024-09-03 19:15:00,12.59999943,-1.618190928918554e-171,129.05797115062765,33.94514704634035
2024-09-03 19:20:00,0.0,-1.618190928918554e-171,113.29635531115056,33.94514704634035
2024-09-03 19:25:00,0.0,-1.618190928918554e-171,98.74143520971494,34.59511861499869
2024-09-03 19:30:00,0.0,-1.618190928918554e-171,85.38625814167088,34.59511861499869
2024-09-03 19:35:00,0.0,-1.618190928918554e-171,73.21849100744683,34.59511861499869
2024-09-03 19:40:00,0.0,-1.618190928918554e-171,62.22053630065492,34.56277293363573
2024-09-03 19:45:00,0.0,-1.618190928918554e-171,52.369683964898236,34.56277293363573
2024-09-03 19:50:00,0.0,-1.618190928918554e-171,43.63829772321435,34.56277293363573
2024-09-03 19:55:00,0.0,-1.618190928918554e-171,35.994034552620825,34.56277293363573
2024-09-03 20:00:00,0.0,-1.618190928918554e-171,29.400095473102848,1.6635877192655562
2024-09-03 20:05:00,0.0,-1.618190928918554e-171,23.815505821615726,1.6635877192655562
2024-09-03 20:10:00,0.0,-1.618190928918554e-171,19.195422635354902,1.6635877192655562
2024-09-03 20:15:00,0.0,-1.618190928918554e-171,15.491466955636746,1.6635877192655562
2024-09-03 20:20:00,0.0,-1.618190928918554e-171,12.652078328912749,1.6635877192655562
2024-09-03 20:25:00,0.0,-1.618190928918554e-171,10.622888852885746,1.6635877192655562
2024-09-03 20:30:00,0.0,-1.618190928918554e-171,9.347113855917975,1.6635877192655562
2024-09-03 20:35:00,0.0,-1.618190928918554e-171,8.76595620736104,1.6635877192655562
2024-09-03 20:40:00,0.0,-1.618190928918554e-171,8.819021184574732,1.6635877192655562
2024-09-03 20:45:00,0.0,-1.618190928918554e-171,9.444738703716498,1.4643099423822228
2024-09-03 20:50:00,0.0,-1.618190928918554e-171,10.58078969127202,1.4643099423822228
2024-09-03 20:55:00,0.0,-1.618190928918554e-171,12.164533388328717,1.5061988278822227
2024-09-03 21:00:00,0.0,-1.618190928918554e-171,14.13343232258984,1.2496406403100004
2024-09-03 21:05:00,0.0,-1.618190928918554e-171,16.425471749472525,0.10747036234333333
2024-09-03 21:10:00,0.0,-1.618190928918554e-171,18.979570406117258,0.10747036234333333
2024-09-03 21:15:00,0.0,-1.618190928918554e-171,21.735979495919278,0.07248888480444445
2024-09-03 21:20:00,0.0,-1.618190928918554e-171,24.636666933908522,0.04456296113777778
2024-09-03 21:25:00,0.0,-1.618190928918554e-171,27.62568399455526,0.04456296113777778
2024-09-03 21:30:00,0.0,-1.618190928918554e-171,30.649511667346133,0.04456296113777778
2024-09-03 21:35:00,0.0,-1.618190928918554e-171,33.657384175362274,0.04456296113777778
2024-09-03 21:40:00,0.0,-1.618190928918554e-171,36.601587278523,0.04456296113777778
2024-09-03 21:45:00,0.0,-1.618190928918554e-171,39.43772932228736,0.04456296113777778
2024-09-03 21:50:00,0.0,-1.618190928918554e-171,42.12498295180158,0.04456296113777778
2024-09-03 21:55:00,0.0,-1.618190928918554e-171,44.62629595219028,0.04456296113777778
2024-09-03 22:00:00,0.0,-1.618190928918554e-171,46.90856969929958,0.0
2024-09-03 22:05:00,0.0,-1.618190928918554e-171,48.94280407958666,0.0
2024-09-03 22:10:00,0.0,-1.618190928918554e-171,50.7042079570629,0.0
2024-09-03 22:15:00,0.0,-1.618190928918554e-171,52.172274588418524,0.0
2024-09-03 22:20:00,0.0,-1.618190928918554e-171,53.33082160923518,0.0
2024-09-03 22:25:00,0.0,-1.618190928918554e-171,54.16799555040877,0.0
2024-09-03 22:30:00,0.0,-1.618190928918554e-171,54.67624111303501,0.2866666666666667
2024-09-03 22:35:00,0.0,-1.618190928918554e-171,54.85223567945864,0.2866666666666667
2024-09-03 22:40:00,0.0,-1.618190928918554e-171,54.69678986969158,0.0
2024-09-03 22:45:00,0.0,-1.618190928918554e-171,54.214715177937535,0.0
2024-09-03 22:50:00,0.0,-1.618190928918554e-171,53.41466001522767,0.0
2024-09-03 22:55:00,0.0,-1.618190928918554e-171,52.30891571727287,0.0
2024-09-03 23:00:00,0.0,-1.618190928918554e-171,50.91319432430407,0.0
2024-09-03 23:05:00,0.0,-1.618190928918554e-171,49.246380171963054,0.0
2024-09-03 23:10:00,0.0,-1.618190928918554e-171,47.33025752112891,0.0
2024-09-03 23:15:00,0.0,-1.618190928918554e-171,45.18921664333176,0.0
2024-09-03 23:20:00,0.0,-1.618190928918554e-171,42.84994102150256,0.0
2024-09-03 23:25:00,0.0,-1.618190928918554e-171,40.34107830137214,0.0
2024-09-03 23:30:00,0.0,-1.618190928918554e-171,37.69289802085901,0.0
2024-09-03 23:35:00,0.0,-1.618190928918554e-171,34.93693893582316,0.0
2024-09-03 23:40:00,0.0,-1.618190928918554e-171,32.10564915793522,0.0
2024-09-03 23:45:00,0.0,-1.618190928918554e-171,29.23202211350974,0.0
2024-09-03 23:50:00,0.0,-1.618190928918554e-171,26.34923152877703,0.0
2024-09-03 23:55:00,0.0,-1.618190928918554e-171,23.490268588176225,0.0
2024-09-04 00:00:00,0.0,-1.618190928918554e-171,20.687584393778504,0.0
2024-09-04 00:05:00,0.0,-1.618190928918554e-171,17.97274083795575,0.0
2024-09-04 00:10:00,0.0,-1.618190928918554e-171,15.376072873620258,0.0
2024-09-04 00:15:00,0.0,-1.618190928918554e-171,12.92636521593655,0.0
2024-09-04 00:20:00,0.0,-1.618190928918554e-171,10.650546101310907,0.0
2024-09-04 00:25:00,0.0,-1.618190928918554e-171,8.57340102629845,0.0
2024-09-04 00:30:00,0.0,-1.618190928918554e-171,6.717308708965451,0.0
2024-09-04 00:35:00,0.0,-1.618190928918554e-171,5.102001855990487,0.0
2024-09-04 00:40:00,0.0,-1.618190928918554e-171,3.7443546679395387,0.0
2024-09-04 00:45:00,0.0,-1.618190928918554e-171,2.6581991014662063,0.0
2024-09-04 00:50:00,0.0,-1.618190928918554e-171,1.8541715240213956,0.0
2024-09-04 00:55:00,0.0,-1.618190928918554e-171,1.3395911962943017,0.0
2024-09-04 01:00:00,0.0,-1.618190928918554e-171,1.1183717443437424,0.0
2024-09-04 01:05:00,0.0,-1.618190928918554e-171,1.1909665179685667,0.0
2024-09-04 01:10:00,0.0,-1.618190928918554e-171,1.5543484577189708,0.0
2024-09-04 01:15:00,0.0,-1.618190928918554e-171,2.2020247722532296,0.0
2024-09-04 01:20:00,0.0,-1.618190928918554e-171,3.124086533956227,0.0
2024-09-04 01:25:00,0.0,-1.618190928918554e-171,4.3072928612026935,0.0
2024-09-04 01:30:00,0.0,-1.618190928918554e-171,5.735189226938028,0.0
2024-09-04 01:35:00,0.0,-1.618190928918554e-171,7.3882590335094855,0.0
2024-09-04 01:40:00,0.0,-1.618190928918554e-171,9.244107377316013,0.0
2024-09-04 01:45:00,0.0,-1.618190928918554e-171,11.277675606729963,0.0
2024-09-04 01:50:00,0.0,-1.618190928918554e-171,13.46148507469268,0.0
2024-09-04 01:55:00,0.0,-1.618190928918554e-171,15.765908177013891,0.0
2024-09-04 02:00:00,0.0,-1.618190928918554e-171,18.15946458091929,0.0
2024-09-04 02:05:00,0.0,-1.618190928918554e-171,20.60914027261296,0.0
2024-09-04 02:10:00,0.0,-1.618190928918554e-171,23.080726922979125,0.0
2024-09-04 02:15:00,0.0,-1.618190928918554e-171,25.539178830685824,0.0
2024-09-04 02:20:00,0.0,-1.618190928918554e-171,27.948984534548,0.0
2024-09-04 02:25:00,0.0,-1.618190928918554e-171,30.27455010991128,0.0
2024-09-04 02:30:00,0.0,-1.618190928918554e-171,32.480590974740984,0.0
2024-09-04 02:35:00,0.0,-1.618190928918554e-171,34.5325289776387,0.0
2024-09-04 02:40:00,0.0,-1.618190928918554e-171,36.39689146687033,0.6020000203333333
2024-09-04 02:45:00,0.0,-1.618190928918554e-171,38.041708987377156,0.6020000203333333
2024-09-04 02:50:00,0.0,-1.618190928918554e-171,39.436908241299854,0.6020000203333333
2024-09-04 02:55:00,0.0,-1.618190928918554e-171,40.554696967902935,0.6020000203333333
2024-09-04 03:00:00,0.0,-1.618190928918554e-171,41.36993742044814,0.6020000203333333
2024-09-04 03:05:00,0.0,-1.618190928918554e-171,41.86050518546865,0.6020000203333333
2024-09-04 03:10:00,0.0,-1.618190928918554e-171,42.00763018052684,0.6020000203333333
2024-09-04 03:15:00,0.0,-1.618190928918554e-171,41.796216778555,0.6020000203333333
2024-09-04 03:20:00,0.0,-1.618190928918554e-171,41.215140146803385,0.6020000203333333
2024-09-04 03:25:00,0.0,-1.618190928918554e-171,40.25751604363899,0.6020000203333333
2024-09-04 03:30:00,0.0,-1.618190928918554e-171,38.92094151425219,0.6020000203333333
2024-09-04 03:35:00,0.0,-1.618190928918554e-171,37.207704090201126,0.6020000203333333
2024-09-04 03:40:00,0.0,-1.618190928918554e-171,35.12495743464019,0.6020000203333333
2024-09-04 03:45:00,0.0,-1.618190928918554e-171,32.68486139684026,0.6020000203333333
2024-09-04 03:50:00,0.0,-1.618190928918554e-171,29.90468499352244,0.6020000203333333
2024-09-04 03:55:00,0.0,-1.618190928918554e-171,26.806870831273457,0.6020000203333333
2024-09-04 04:00:00,0.0,-1.618190928918554e-171,23.41905994494401,0.6020000203333333
2024-09-04 04:05:00,0.0,-1.618190928918554e-171,19.77407625151543,0.6020000203333333
2024-09-04 04:10:00,0.0,-1.618190928918554e-171,15.909870116598972,0.6020000203333333
2024-09-04 04:15:00,0.0,-1.618190928918554e-171,11.869420890878631,0.6020000203333333
2024-09-04 04:20:00,0.0,-1.618190928918554e-171,7.700598506338426,0.6020000203333333
2024-09-04 04:25:00,0.0,-1.618190928918554e-171,3.455984644205484,0.6020000203333333
2024-09-04 04:30:00,0.0,-1.618190928918554e-171,-0.8073459109527893,0.6020000203333333
2024-09-04 04:35:00,0.0,-1.618190928918554e-171,-5.028082442655175,0.6020000203333333
2024-09-04 04:40:00,0.0,-1.618190928918554e-171,-9.140972908687285,0.2206666565
2024-09-04 04:45:00,0.0,-1.618190928918554e-171,-13.077154069469781,0.2206666565
2024-09-04 04:50:00,0.0,-1.618190928918554e-171,-16.764515400218002,0.0
2024-09-04 04:55:00,0.0,-1.618190928918554e-171,-20.128094468068625,0.0
2024-09-04 05:00:00,0.0,-1.618190928918554e-171,-23.090501394766402,0.0
2024-09-04 05:05:00,0.0,-1.618190928918554e-171,-25.57236960718879,0.0
2024-09-04 05:10:00,0.0,-1.618190928918554e-171,-27.4928300940941,0.0
2024-09-04 05:15:00,0.0,-1.618190928918554e-171,-28.770005966315498,0.0
2024-09-04 05:20:00,0.0,-1.618190928918554e-171,-29.321524058503453,0.0
2024-09-04 05:25:00,0.0,-1.618190928918554e-171,-29.065040183403045,0.0
2024-09-04 05:30:00,0.0,-1.618190928918554e-171,-27.918774362773735,0.0
2024-09-04 05:35:00,0.0,-1.618190928918554e-171,-25.802052539052827,0.0
2024-09-04 05:40:00,0.0,-1.618190928918554e-171,-22.635850829761416,0.0
2024-09-04 05:45:00,0.0,-1.618190928918554e-171,-18.343338718274936,0.0
2024-09-04 05:50:00,0.0,-1.618190928918554e-171,-12.850417240509092,0.0
2024-09-04 05:55:00,0.0,-1.618190928918554e-171,-6.086248443058433,0.0
2024-09-04 06:00:00,0.0,-1.618190928918554e-171,2.0162276990099426,8.698537543698253
2024-09-04 06:05:00,0.0,-1.618190928918554e-171,11.51979258136785,8.698537543698253
2024-09-04 06:10:00,0.0,-1.618190928918554e-171,22.482468104998787,8.698537543698253
2024-09-04 06:15:00,0.0,-1.618190928918554e-171,34.957059188303894,8.698537543698253
2024-09-04 06:20:00,0.0,-1.618190928918554e-171,48.99072288129314,8.698537543698253
2024-09-04 06:25:00,0.0,-1.618190928918554e-171,64.62456742730134,8.698537543698253
2024-09-04 06:30:00,0.0,-1.618190928918554e-171,81.89328424436124,8.698537543698253
2024-09-04 06:35:00,0.0,-1.618190928918554e-171,100.82481536392733,8.698537543698253
2024-09-04 06:40:00,0.0,-1.618190928918554e-171,121.44005926216869,8.698537543698253
2024-09-04 06:45:00,0.0,-1.618190928918554e-171,143.75261705715593,8.698537543698253
2024-09-04 06:50:00,0.0,-1.618190928918554e-171,167.7685813007099,8.698537543698253
2024-09-04 06:55:00,0.0,-1.618190928918554e-171,193.48636884695583,10.216648611378254
2024-09-04 07:00:00,0.0,-1.618190928918554e-171,220.89659952643385,91.92711341781155
2024-09-04 07:05:00,0.0,-1.618190928918554e-171,249.98202151880483,91.89746262084725
2024-09-04 07:10:00,0.0,-1.618190928918554e-171,280.7174842691243,93.12702259002386
2024-09-04 07:15:00,0.0,-1.618190928918554e-171,313.0699596392458,93.12702259002386
2024-09-04 07:20:00,0.0,-1.618190928918554e-171,346.99861080507196,93.12702259002386
2024-09-04 07:25:00,0.0,-1.618190928918554e-171,382.45490963870617,93.12702259002386
2024-09-04 07:30:00,0.0,-1.618190928918554e-171,419.38280109792606,95.11340595349053
2024-09-04 07:35:00,0.0,-1.618190928918554e-171,457.71891445958175,95.11340595349053
2024-09-04 07:40:00,0.0,-1.618190928918554e-171,497.3928197958535,95.11340595349053
2024-09-04 07:45:00,60.20000076,-1.618190928918554e-171,538.327328490476,95.11340595349053
2024-09-04 07:50:00,68.80000305,-1.618190928918554e-171,580.4388355473908,95.11340595349053
2024-09-04 07:55:00,80.5,-1.618190928918554e-171,623.637702073721,97.6960873635794
2024-09-04 08:00:00,74.76667023,-1.618190928918554e-171,667.8286754773023,1166.4219610661244
2024-09-04 08:05:00,128.1999969,-1.618190928918554e-171,712.9113440543861,1164.2825443132451
2024-09-04 08:10:00,129.2999878,-1.618190928918554e-171,758.780624152868,1181.9028587136227
2024-09-04 08:15:00,128.4666595,-1.618190928918554e-171,805.3272759290232,1183.4158614447813
2024-09-04 08:20:00,127.8000107,-1.618190928918554e-171,852.4384448973744,1210.9778168952646
2024-09-04 08:25:00,120.2000046,-1.618190928918554e-171,899.9982252336002,1201.3675707231332
2024-09-04 08:30:00,116.8999939,-1.618190928918554e-171,947.8882418150642,1201.2569596213002
2024-09-04 08:35:00,93.59999847,-1.618190928918554e-171,995.9882467326647,1201.2569596213002
2024-09-04 08:40:00,85.7666626,-1.618190928918554e-171,1044.1767265124963,1201.5983739797334
2024-09-04 08:45:00,87.93332672,-1.618190928918554e-171,1092.3315164574215,1197.147085331037
2024-09-04 08:50:00,86.5,-1.618190928918554e-171,1140.3304170468336,1189.7461491709005
2024-09-04 08:55:00,87.59999847,-1.618190928918554e-171,1188.0518099639694,989.255361214955
2024-09-04 09:00:00,98.0,-1.618190928918554e-171,1235.3752681556389,971.5878826451507
2024-09-04 09:05:00,92.86666107,-1.618190928918554e-171,1282.1821570859104,972.2153453090397
2024-09-04 09:10:00,108.8000031,-1.618190928918554e-171,1328.356222652893,986.6435801950212
2024-09-04 09:15:00,100.0666733,-1.618190928918554e-171,1373.7841623577206,984.3859040126086
2024-09-04 09:20:00,101.6333313,-1.618190928918554e-171,1418.3561755349117,971.8476619532795
2024-09-04 09:25:00,95.80001068,-1.618190928918554e-171,1461.9664896838701,1041.7700164513963
2024-09-04 09:30:00,92.53333282,-1.618190928918554e-171,1504.5138594269888,1078.221306314383
2024-09-04 09:35:00,114.6999969,-1.618190928918554e-171,1545.9020342061124,1068.572350181772
2024-09-04 09:40:00,162.5,-1.618190928918554e-171,1586.0401930129924,1154.6871746287027
2024-09-04 09:45:00,156.2000122,-1.618190928918554e-171,1624.8433423993097,1171.3031704263337
2024-09-04 09:50:00,154.0999908,-1.618190928918554e-171,1662.2326760029025,1171.857822356572
2024-09-04 09:55:00,140.9666595,-1.618190928918554e-171,1698.1358928436268,1171.857822356572
2024-09-04 10:00:00,136.5,-1.618190928918554e-171,1732.4874731208574,1420.9021621069928
2024-09-04 10:05:00,108.8999863,-1.618190928918554e-171,1765.2289095275921,1414.225714194803
2024-09-04 10:10:00,126.5999985,-1.618190928918554e-171,1796.308892953054,1412.9313625203586
2024-09-04 10:15:00,217.1000061,-1.618190928918554e-171,1825.6834518722396,1412.3807698034698
2024-09-04 10:20:00,278.2999878,-1.618190928918554e-171,1853.3160441842615,1412.3807698034698
2024-09-04 10:25:00,245.7666626,-1.618190928918554e-171,1879.177602188094,1356.3540188880895
2024-09-04 10:30:00,258.1333313,-1.618190928918554e-171,1903.246529855221,1356.3540188880895
2024-09-04 10:35:00,237.0,-1.618190928918554e-171,1925.5086534367242,1384.2467267573911
2024-09-04 10:40:00,225.7333221,-1.618190928918554e-171,1945.9571258091669,1382.1095368102945
2024-09-04 10:45:00,210.8000031,-1.618190928918554e-171,1964.5922857156047,1376.7059591899015
2024-09-04 10:50:00,236.6000061,-1.618190928918554e-171,1981.4214733439533,1382.1388110364517
2024-09-04 10:55:00,310.0,-1.618190928918554e-171,1996.458803684509,1378.68805396469
2024-09-04 11:00:00,376.6000061,-1.618190928918554e-171,2009.7249000165514,1376.5316250765836
2024-09-04 11:05:00,346.5,-1.618190928918554e-171,2021.2465892772454,1367.4740639314994
2024-09-04 11:10:00,365.6333313,-1.618190928918554e-171,2031.0565622716254,1352.115770574917
2024-09-04 11:15:00,432.3999939,-1.618190928918554e-171,2039.1930011489026,1335.0518438961947
2024-09-04 11:20:00,617.7999878,-1.618190928918554e-171,2045.6991772372983,1284.7629022173255
2024-09-04 11:25:00,734.5999756,-1.618190928918554e-171,2050.6230223166876,1289.4733962090145
2024-09-04 11:30:00,682.7666016,-1.618190928918554e-171,2054.0166766819266,1264.2051310229517
2024-09-04 11:35:00,708.4666138,-1.618190928918554e-171,2055.936017503814,1264.2151036945963
2024-09-04 11:40:00,678.1333618,-1.618190928918554e-171,2056.44017094298,1229.2281793320913
2024-09-04 11:45:00,640.2999878,-1.618190928918554e-171,2055.591011866662,1219.9469233097673
2024-09-04 11:50:00,590.5333252,-1.618190928918554e-171,2053.452654760648,1206.9588413894342
2024-09-04 11:55:00,994.4000244,-1.618190928918554e-171,2050.090939716503,1148.8617177327383
2024-09-04 12:00:00,928.5499878,-1.618190928918554e-171,2045.5729172688389,1146.4645107509602
2024-09-04 12:05:00,928.333313,-1.618190928918554e-171,2039.966335831346,1151.5189109177602
2024-09-04 12:10:00,858.166687,-1.618190928918554e-171,2033.33913549489,1146.4645107509602
2024-09-04 12:15:00,841.833313,-1.618190928918554e-171,2025.7589518385705,1146.4645107509602
2024-09-04 12:20:00,780.0,-1.618190928918554e-171,2017.2926333040991,1146.9543329387382
2024-09-04 12:25:00,750.5667114,-1.618190928918554e-171,2008.005775587411,1146.9543329387382
2024-09-04 12:30:00,690.4333496,-1.618190928918554e-171,1997.9622762897786,1161.948256442229
2024-09-04 12:35:00,623.9332886,-1.618190928918554e-171,1987.2239130409464,1161.948256442229
2024-09-04 12:40:00,554.4666138,-1.618190928918554e-171,1975.849947850622,1205.4150195360342
2024-09-04 12:45:00,581.0999756,-1.618190928918554e-171,1963.896760518072,1206.5208375894656
2024-09-04 12:50:00,717.9000244,-1.618190928918554e-171,1951.4175135054484,1220.3658152881312
2024-09-04 12:55:00,988.7999878,-1.618190928918554e-171,1938.4618504384946,1220.0021916197238
2024-09-04 13:00:00,1103.900024,-1.618190928918554e-171,1925.0756303085088,1224.6890816118423
2024-09-04 13:05:00,1054.200073,-1.618190928918554e-171,1911.3006988403406,1229.4297521477383
2024-09-04 13:10:00,1076.0,-1.618190928918554e-171,1897.1746985420798,1230.3437522697384
2024-09-04 13:15:00,1045.466675,-1.618190928918554e-171,1882.7309183347943,1237.1557273138021
2024-09-04 13:20:00,1047.033325,-1.618190928918554e-171,1867.9981837816656,1237.2782829778023
2024-09-04 13:25:00,1047.699951,-1.618190928918554e-171,1853.0007879454954,1243.6644253057943
2024-09-04 13:30:00,1516.099976,-1.618190928918554e-171,1837.7584634053364,1243.6644253057943
2024-09-04 13:35:00,1464.899902,-1.618190928918554e-171,1822.2863949186346,1242.9492782381815
2024-09-04 13:40:00,1434.233276,-1.618190928918554e-171,1806.595272390922,1242.9492782381815
2024-09-04 13:45:00,1358.833374,-1.618190928918554e-171,1790.6913832879368,1246.3046296655582
2024-09-04 13:50:00,1310.266724,-1.618190928918554e-171,1774.5767433084166,1246.3412222084473
2024-09-04 13:55:00,1253.133301,-1.618190928918554e-171,1758.2492641013139,1269.1093430900996
2024-09-04 14:00:00,1227.633301,-1.618190928918554e-171,1741.7029559937523,1269.0144465108813
2024-09-04 14:05:00,1209.666626,-1.618190928918554e-171,1724.9281642559756,1264.0997599803702
2024-09-04 14:10:00,1641.5,-1.618190928918554e-171,1707.9118362234906,1329.9941053663752
2024-09-04 14:15:00,2057.600098,-1.618190928918554e-171,1690.637817172162,1341.6399180044434
2024-09-04 14:20:00,2058.5,-1.618190928918554e-171,1673.0871721911567,1369.5296088676105
2024-09-04 14:25:00,2058.800049,-1.618190928918554e-171,1655.2385311761839,1463.7030439324824
2024-09-04 14:30:00,2018.833374,-1.618190928918554e-171,1637.0684541240535,1463.7030439324824
2024-09-04 14:35:00,1998.550049,-1.618190928918554e-171,1618.551813352664,1463.902737453435
2024-09-04 14:40:00,2058.199951,-1.618190928918554e-171,1599.6621895867522,1463.902737453435
2024-09-04 14:45:00,1700.166626,-1.618190928918554e-171,1580.3722783364472,1463.902737453435
2024-09-04 14:50:00,1740.666626,-1.618190928918554e-171,1560.6543035476036,1539.0424136826912
2024-09-04 14:55:00,1581.899902,-1.618190928918554e-171,1540.4804345422717,1558.4017169549497
2024-09-04 15:00:00,1246.25,-1.618190928918554e-171,1519.8232031210016,1755.6757504543436
2024-09-04 15:05:00,861.8000488,-1.618190928918554e-171,1498.6559173648257,1755.6757504543436
2024-09-04 15:10:00,2057.899902,-1.618190928918554e-171,1476.953068503154,1755.6757504543436
2024-09-04 15:15:00,1751.949829,-1.618190928918554e-171,1454.690727695684,1737.222467456325
2024-09-04 15:20:00,2046.149902,-1.618190928918554e-171,1431.8469292952961,1747.7957268353248
2024-09-04 15:25:00,1634.866577,-1.618190928918554e-171,1408.4020377081076,1747.7957268353248
2024-09-04 15:30:00,2033.650024,-1.618190928918554e-171,1384.339094352678,1747.7957268353248
2024-09-04 15:35:00,1634.433228,-1.618190928918554e-171,1359.644142604077,1747.8435904715475
2024-09-04 15:40:00,1632.300171,-1.618190928918554e-171,1334.3065272513045,1751.645291915177
2024-09-04 15:45:00,1432.0,-1.618190928918554e-171,1308.3191666559737,1751.645291915177
2024-09-04 15:50:00,1066.800049,-1.618190928918554e-171,1281.6787950069956,1751.645291915177
2024-09-04 15:55:00,1990.800049,-1.618190928918554e-171,1254.386172817049,1751.645291915177
2024-09-04 16:00:00,1985.550049,-1.618190928918554e-171,1226.446264017105,1525.9863122936167
2024-09-04 16:05:00,1983.800171,-1.618190928918554e-171,1197.8683779294718,1527.4680158498834
2024-09-04 16:10:00,1980.300049,-1.618190928918554e-171,1168.6662751898739,1527.4680158498834
2024-09-04 16:15:00,1674.449951,-1.618190928918554e-171,1138.8582364006406,1527.4680158498834
2024-09-04 16:20:00,1050.300049,-1.618190928918554e-171,1108.4670934690553,1522.120959848939
2024-09-04 16:25:00,1082.900024,-1.618190928918554e-171,1077.520222612136,1522.120959848939
2024-09-04 16:30:00,967.3000488,-1.618190928918554e-171,1046.0494994450933,1520.0424178606393
2024-09-04 16:35:00,914.8666992,-1.618190928918554e-171,1014.0912164811915,1520.0424178606393
2024-09-04 16:40:00,830.8499756,-1.618190928918554e-171,981.6859633832973,1520.0424178606393
2024-09-04 16:45:00,634.75,-1.618190928918554e-171,948.8784709242461,1520.0424178606393
2024-09-04 16:50:00,397.7999878,-1.618190928918554e-171,915.7174199905252,1437.5319918096143
2024-09-04 16:55:00,291.1000061,-1.618190928918554e-171,882.2552166831855,1403.7393894301474
2024-09-04 17:00:00,239.5666504,-1.618190928918554e-171,848.5477356862351,875.9784307903187
2024-09-04 17:05:00,235.3333282,-1.618190928918554e-171,814.654033412658,875.9784307903187
2024-09-04 17:10:00,238.7333221,-1.618190928918554e-171,780.636033425879,875.9784307903187
2024-09-04 17:15:00,232.3999786,-1.618190928918554e-171,746.5581862515015,875.9784307903187
2024-09-04 17:20:00,231.9333344,-1.618190928918554e-171,712.4871064135558,875.9784307903187
2024-09-04 17:25:00,230.5,-1.618190928918554e-171,678.4911892261705,882.8014527539855
2024-09-04 17:30:00,231.5499878,-1.618190928918554e-171,644.6402105803578,918.1152700559376
2024-09-04 17:35:00,200.8999939,-1.618190928918554e-171,611.0049124205404,919.4049298903501
2024-09-04 17:40:00,144.3999939,-1.618190928918554e-171,577.6565773064706,919.4049298903501
2024-09-04 17:45:00,110.4333267,-1.618190928918554e-171,544.6665950734438,919.4049298903501
2024-09-04 17:50:00,114.4666672,-1.618190928918554e-171,512.106025433423,919.4049298903501
2024-09-04 17:55:00,112.3333359,-1.618190928918554e-171,480.0451590787382,919.4049298903501
2024-09-04 18:00:00,105.9333267,-1.618190928918554e-171,448.5530811326626,306.97337949863686
2024-09-04 18:05:00,101.9500046,-1.618190928918554e-171,417.697240324076,306.97337949863686
2024-09-04 18:10:00,78.25,-1.618190928918554e-171,387.543026790639,306.97337949863686
2024-09-04 18:15:00,56.43333435,-1.618190928918554e-171,358.1533620320329,306.97337949863686
2024-09-04 18:20:00,50.93333435,-1.618190928918554e-171,329.5883040204837,307.00378695493134
2024-09-04 18:25:00,47.93333054,-1.618190928918554e-171,301.9046703872966,307.15385736327573
2024-09-04 18:30:00,45.59999466,-1.618190928918554e-171,275.1556827329671,307.2348697331646
2024-09-04 18:35:00,43.23333359,-1.618190928918554e-171,249.39063453347566,307.2348697331646
2024-09-04 18:40:00,42.46667099,-1.618190928918554e-171,224.65458533639966,307.0171351928837
2024-09-04 18:45:00,47.0,-1.618190928918554e-171,200.98808335323523,305.6106160570107
2024-09-04 18:50:00,45.16666794,-1.618190928918554e-171,178.42691871769983,305.68271770421353
2024-09-04 18:55:00,46.09999847,-1.618190928918554e-171,157.00190907607015,305.6106160570107
2024-09-04 19:00:00,40.70000076,-1.618190928918554e-171,136.73871934857596,153.28867794783702
2024-09-04 19:05:00,29.84999847,-1.618190928918554e-171,117.65771668730255,153.28867794783702
2024-09-04 19:10:00,20.25,-1.618190928918554e-171,99.7738619403786,150.4933703864005
2024-09-04 19:15:00,0.0,-1.618190928918554e-171,83.09663817481645,144.7044079812894
2024-09-04 19:20:00,0.0,-1.618190928918554e-171,67.63001710665779,144.7044079812894
2024-09-04 19:25:00,0.0,-1.618190928918554e-171,53.37246319219512,144.7044079812894
2024-09-04 19:30:00,0.0,-1.618190928918554e-171,40.31697557993461,144.7044079812894
2024-09-04 19:35:00,0.0,-1.618190928918554e-171,28.45116756176086,150.86691705565957
2024-09-04 19:40:00,0.0,-1.618190928918554e-171,17.757382675694608,150.87313985210403
2024-09-04 19:45:00,0.0,-1.618190928918554e-171,8.212846678846358,150.87313985210403
2024-09-04 19:50:00,0.0,-1.618190928918554e-171,-0.21014588584655963,150.17605832943735
2024-09-04 19:55:00,0.0,-1.618190928918554e-171,-7.544012025060225,156.8566114102439
2024-09-04 20:00:00,0.0,-1.618190928918554e-171,-13.825629198783409,85.27670847743957
2024-09-04 20:05:00,0.0,-1.618190928918554e-171,-19.096054804223073,85.96756720366179
2024-09-04 20:10:00,0.0,-1.618190928918554e-171,-23.400218433449876,85.27670847743957
2024-09-04 20:15:00,0.0,-1.618190928918554e-171,-26.786589265258105,85.96756720366179
2024-09-04 20:20:00,0.0,-1.618190928918554e-171,-29.306821176319083,85.49367308351279
2024-09-04 20:25:00,0.0,-1.618190928918554e-171,-31.01537831385075,89.0942293135128
2024-09-04 20:30:00,0.0,-1.618190928918554e-171,-31.96914402434804,96.92408712484612
2024-09-04 20:35:00,0.0,-1.618190928918554e-171,-32.22701610629414,96.92408712484612
2024-09-04 20:40:00,0.0,-1.618190928918554e-171,-31.84949153533247,95.7213463539239
2024-09-04 20:45:00,0.0,-1.618190928918554e-171,-30.89824380679197,96.47357189752137
2024-09-04 20:50:00,0.0,-1.618190928918554e-171,-29.435696085614232,96.14273491061026
2024-09-04 20:55:00,0.0,-1.618190928918554e-171,-27.524593522482913,93.81516093484359
2024-09-04 21:00:00,0.0,-1.618190928918554e-171,-25.227577784973832,91.42026006000613
2024-09-04 21:05:00,0.0,-1.618190928918554e-171,-22.606767229239633,92.10763296345056
2024-09-04 21:10:00,0.0,-1.618190928918554e-171,-19.723345705110862,91.42026006000613
2024-09-04 21:15:00,0.0,-1.618190928918554e-171,-16.637163163945083,91.42026006000613
2024-09-04 21:20:00,0.0,-1.618190928918554e-171,-13.406351020093537,1.0025406596333337
2024-09-04 21:25:00,0.0,-1.618190928918554e-171,-10.086955119084141,1.0025406596333337
2024-09-04 21:30:00,0.0,-1.618190928918554e-171,-6.732589038753498,1.0234851023833336
2024-09-04 21:35:00,0.0,-1.618190928918554e-171,-3.3941102229981968,1.0234851023833336
2024-09-04 21:40:00,0.0,-1.618190928918554e-171,-0.11932137812031578,1.0234851023833336
2024-09-04 21:45:00,0.0,-1.618190928918554e-171,3.0473008526105723,1.0234851023833336
2024-09-04 21:50:00,0.0,-1.618190928918554e-171,6.064847853777847,1.0025406596333337
2024-09-04 21:55:00,0.0,-1.618190928918554e-171,8.896190109626097,0.9187628886333337
2024-09-04 22:00:00,0.0,-1.618190928918554e-171,11.508155825697845,1.2369295482833338
2024-09-04 22:05:00,0.0,-1.618190928918554e-171,13.871676000156382,1.2369295482833338
2024-09-04 22:10:00,0.0,-1.618190928918554e-171,15.961895014547574,1.2369295482833338
2024-09-04 22:15:00,0.0,-1.618190928918554e-171,17.758246127037374,1.2369295482833338
2024-09-04 22:20:00,0.0,-1.618190928918554e-171,19.244491497530998,1.2369295482833338
2024-09-04 22:25:00,0.0,-1.618190928918554e-171,20.408726721778997,0.9187628886333337
2024-09-04 22:30:00,0.0,-1.618190928918554e-171,21.24335006879895,0.9187628886333337
2024-09-04 22:35:00,0.0,-1.618190928918554e-171,21.744996938128423,1.1700962016333336
2024-09-04 22:40:00,0.0,-1.618190928918554e-171,21.914440307640657,0.027925923666666665
2024-09-04 22:45:00,0.0,-1.618190928918554e-171,21.756458252794182,0.027925923666666665
2024-09-04 22:50:00,0.0,-1.618190928918554e-171,21.27966981074005,0.0
2024-09-04 22:55:00,0.0,-1.618190928918554e-171,20.49634080502298,0.0
2024-09-04 23:00:00,0.0,-1.618190928918554e-171,19.422161400309303,0.0
2024-09-04 23:05:00,0.0,-1.618190928918554e-171,18.075997440573957,0.0
2024-09-04 23:10:00,0.0,-1.618190928918554e-171,16.479617804089887,0.0
2024-09-04 23:15:00,0.0,-1.618190928918554e-171,14.657400208499347,0.0
2024-09-04 23:20:00,0.0,-1.618190928918554e-171,12.636018065554731,0.0
2024-09-04 23:25:00,0.0,-1.618190928918554e-171,10.444111140108875,0.0
2024-09-04 23:30:00,0.0,-1.618190928918554e-171,8.111942893756645,0.0
2024-09-04 23:35:00,0.0,-1.618190928918554e-171,5.671047482328227,0.0
2024-09-04 23:40:00,0.0,-1.618190928918554e-171,3.1538695390839533,0.0
2024-09-04 23:45:00,0.0,-1.618190928918554e-171,0.5933997222831291,0.0
2024-09-04 23:50:00,0.0,-1.618190928918554e-171,-1.9771906185114974,0.0
2024-09-04 23:55:00,0.0,-1.618190928918554e-171,-4.524912680136043,0.0
2024-09-05 00:00:00,0.0,-1.618190928918554e-171,-7.017318095369333,0.0
2024-09-05 00:05:00,0.0,-1.618190928918554e-171,-9.422848422225968,0.0
2024-09-05 00:10:00,0.0,-1.618190928918554e-171,-11.711173187749573,0.0
2024-09-05 00:15:00,0.0,-1.618190928918554e-171,-13.853513562853617,0.0
2024-09-05 00:20:00,0.0,-1.618190928918554e-171,-15.822948846693604,0.0
2024-09-05 00:25:00,0.0,-1.618190928918554e-171,-17.594703080745322,0.0
2024-09-05 00:30:00,0.0,-1.618190928918554e-171,-19.146409303714083,0.0
2024-09-05 00:35:00,0.0,-1.618190928918554e-171,-20.458349049539585,0.0
2024-09-05 00:40:00,0.0,-1.618190928918554e-171,-21.513665047580464,0.0
2024-09-05 00:45:00,0.0,-1.618190928918554e-171,-22.298545147457236,0.0
2024-09-05 00:50:00,0.0,-1.618190928918554e-171,-22.802375814430455,0.0
2024-09-05 00:55:00,0.0,-1.618190928918554e-171,-23.01786377145817,0.0
2024-09-05 01:00:00,0.0,-1.618190928918554e-171,-22.94112460670815,0.0
2024-09-05 01:05:00,0.0,-1.618190928918554e-171,-22.571737475294633,0.0
2024-09-05 01:10:00,0.0,-1.618190928918554e-171,-21.91276525041411,0.0
2024-09-05 01:15:00,0.0,-1.618190928918554e-171,-20.970739815369676,0.0
2024-09-05 01:20:00,0.0,-1.618190928918554e-171,-19.75561243274659,0.0
2024-09-05 01:25:00,0.0,-1.618190928918554e-171,-18.280669458754907,0.0
2024-09-05 01:30:00,0.0,-1.618190928918554e-171,-16.562413919462845,0.0
2024-09-05 01:35:00,0.0,-1.618190928918554e-171,-14.62041376868595,0.0
2024-09-05 01:40:00,0.0,-1.618190928918554e-171,-12.477117950542157,0.0
2024-09-05 01:45:00,0.0,-1.618190928918554e-171,-10.157641603552465,0.0
2024-09-05 01:50:00,0.0,-1.618190928918554e-171,-7.689522064097149,0.0
2024-09-05 01:55:00,0.0,-1.618190928918554e-171,-5.102447549977652,0.0
2024-09-05 02:00:00,0.0,-1.618190928918554e-171,-2.4279606260330118,0.0
2024-09-05 02:05:00,0.0,-1.618190928918554e-171,0.3008611750135718,0.0
2024-09-05 02:10:00,0.0,-1.618190928918554e-171,3.0497450608171293,0.0
2024-09-05 02:15:00,0.0,-1.618190928918554e-171,5.783580284818403,0.0
2024-09-05 02:20:00,0.0,-1.618190928918554e-171,8.466790152087551,0.0
2024-09-05 02:25:00,0.0,-1.618190928918554e-171,11.063715699692352,0.0
2024-09-05 02:30:00,0.0,-1.618190928918554e-171,13.53900790515213,0.0
2024-09-05 02:35:00,0.0,-1.618190928918554e-171,15.858025188110389,0.0
2024-09-05 02:40:00,0.0,-1.618190928918554e-171,17.98723287367087,0.0
2024-09-05 02:45:00,0.0,-1.618190928918554e-171,19.894601316639864,0.0
2024-09-05 02:50:00,0.0,-1.618190928918554e-171,21.549999242012436,0.6020000203333333
2024-09-05 02:55:00,0.0,-1.618190928918554e-171,22.925579042578377,0.6020000203333333
2024-09-05 03:00:00,0.0,-1.618190928918554e-171,23.996150616573097,0.6020000203333333
2024-09-05 03:05:00,0.0,-1.618190928918554e-171,24.739540574893816,0.6020000203333333
2024-09-05 03:10:00,0.0,-1.618190928918554e-171,25.136933571589196,0.6020000203333333
2024-09-05 03:15:00,0.0,-1.618190928918554e-171,25.17319276608895,0.6020000203333333
2024-09-05 03:20:00,0.0,-1.618190928918554e-171,24.837156462582314,0.6020000203333333
2024-09-05 03:25:00,0.0,-1.618190928918554e-171,24.121908187434553,0.6020000203333333
2024-09-05 03:30:00,0.0,-1.618190928918554e-171,23.025017617961087,0.6020000203333333
2024-09-05 03:35:00,0.0,-1.618190928918554e-171,21.548750027350398,0.6020000203333333
2024-09-05 03:40:00,0.0,-1.618190928918554e-171,19.700242075284063,0.6020000203333333
2024-09-05 03:45:00,0.0,-1.618190928918554e-171,17.491642025917493,0.6020000203333333
2024-09-05 03:50:00,0.0,-1.618190928918554e-171,14.940212848641215,0.6020000203333333
2024-09-05 03:55:00,0.0,-1.618190928918554e-171,12.068396667287445,0.6020000203333333
2024-09-05 04:00:00,0.0,-1.618190928918554e-171,8.90383968110126,0.6020000203333333
2024-09-05 04:05:00,0.0,-1.618190928918554e-171,5.479376546777362,0.6020000203333333
2024-09-05 04:10:00,0.0,-1.618190928918554e-171,1.8329739450311946,0.6020000203333333
2024-09-05 04:15:00,0.0,-1.618190928918554e-171,-1.9923670343195918,0.6020000203333333
2024-09-05 04:20:00,0.0,-1.618190928918554e-171,-5.948749379312208,0.6020000203333333
2024-09-05 04:25:00,0.0,-1.618190928918554e-171,-9.98355922946676,0.6020000203333333
2024-09-05 04:30:00,0.0,-1.618190928918554e-171,-14.039684675797286,0.6020000203333333
2024-09-05 04:35:00,0.0,-1.618190928918554e-171,-18.055773256714726,0.6020000203333333
2024-09-05 04:40:00,0.0,-1.618190928918554e-171,-21.966526818822643,0.6020000203333333
2024-09-05 04:45:00,0.0,-1.618190928918554e-171,-25.70303198202542,0.6020000203333333
2024-09-05 04:50:00,0.0,-1.618190928918554e-171,-29.193124460733507,0.6020000203333333
2024-09-05 04:55:00,0.0,-1.618190928918554e-171,-32.36178478321201,0.6020000203333333
2024-09-05 05:00:00,0.0,-1.618190928918554e-171,-35.1315632307386,0.6020000203333333
2024-09-05 05:05:00,0.0,-1.618190928918554e-171,-37.42303102286296,0.6020000203333333
2024-09-05 05:10:00,0.0,-1.618190928918554e-171,-39.15525506951412,0.6020000203333333
2024-09-05 05:15:00,0.0,-1.618190928918554e-171,-40.24629301541369,0.6020000203333333
2024-09-05 05:20:00,0.0,-1.618190928918554e-171,-40.61370538261715,0.6020000203333333
2024-09-05 05:25:00,0.0,-1.618190928918554e-171,-40.17508132733703,0.6020000203333333
2024-09-05 05:30:00,0.0,-1.618190928918554e-171,-38.84857445951869,0.6020000203333333
2024-09-05 05:35:00,0.0,-1.618190928918554e-171,-36.55344505355222,0.2206666565
2024-09-05 05:40:00,0.0,-1.618190928918554e-171,-33.210604897396315,0.2206666565
2024-09-05 05:45:00,0.0,-1.618190928918554e-171,-28.743161005924897,0.0
2024-09-05 05:50:00,0.0,-1.618190928918554e-171,-23.076954376966953,0.0
2024-09-05 05:55:00,0.0,-1.618190928918554e-171,-16.1410899694775,0.0
2024-09-05 06:00:00,0.0,-1.618190928918554e-171,-7.868454154659252,6.724581977401587
2024-09-05 06:05:00,0.0,-1.618190928918554e-171,1.803784070515203,6.724581977401587
2024-09-05 06:10:00,0.0,-1.618190928918554e-171,12.933691762222578,6.724581977401587
2024-09-05 06:15:00,0.0,-1.618190928918554e-171,25.574114006932767,6.724581977401587
2024-09-05 06:20:00,0.0,-1.618190928918554e-171,39.772242675638736,8.060415306696031
2024-09-05 06:25:00,0.0,-1.618190928918554e-171,55.56921503200973,8.060415306696031
2024-09-05 06:30:00,0.0,-1.618190928918554e-171,72.99974535657819,8.060415306696031
2024-09-05 06:35:00,106.5999985,-1.618190928918554e-171,92.09179202934024,8.060415306696031
2024-09-05 06:40:00,99.30000305,-1.618190928918554e-171,112.86626311808415,8.060415306696031
2024-09-05 06:45:00,96.8666687,-1.618190928918554e-171,135.3367622547607,8.060415306696031
2024-09-05 06:50:00,92.0,-1.618190928918554e-171,159.50937720392233,77.77014939924852
2024-09-05 06:55:00,74.90000153,-1.618190928918554e-171,185.38251263878985,77.77014939924852
2024-09-05 07:00:00,76.69999695,-1.618190928918554e-171,212.94676861508708,422.4759372729052
2024-09-05 07:05:00,71.56666565,-1.618190928918554e-171,242.1848659598345,422.4759372729052
2024-09-05 07:10:00,73.23332977,-1.618190928918554e-171,273.0716190470549,422.4759372729052
2024-09-05 07:15:00,114.6999969,-1.618190928918554e-171,305.5739570464351,422.4759372729052
2024-09-05 07:20:00,130.8999939,-1.618190928918554e-171,339.6509928967657,422.4759372729052
2024-09-05 07:25:00,150.6000061,-1.618190928918554e-171,375.25414071443873,418.2313646462626
2024-09-05 07:30:00,140.7666626,-1.618190928918554e-171,412.327280489877,418.2313646462626
2024-09-05 07:35:00,137.1000061,-1.618190928918554e-171,450.80696941839227,414.99781307345324
2024-09-05 07:40:00,130.3500061,-1.618190928918554e-171,490.62269879604213,414.99781307345324
2024-09-05 07:45:00,159.1000061,-1.618190928918554e-171,531.6971945715333,414.99781307345324
2024-09-05 07:50:00,149.6000061,-1.618190928918554e-171,573.9467602744385,414.99781307345324
2024-09-05 07:55:00,224.6000061,-1.618190928918554e-171,617.2816597482198,414.99781307345324
2024-09-05 08:00:00,361.8999939,-1.618190928918554e-171,661.6065378252974,278.93156787368116
2024-09-05 08:05:00,412.0,-1.618190928918554e-171,706.8208753301323,278.93156787368116
2024-09-05 08:10:00,438.1000061,-1.618190928918554e-171,752.8194767709185,444.414974536972
2024-09-05 08:15:00,425.0333252,-1.618190928918554e-171,799.4929867169982,445.0636570565673
2024-09-05 08:20:00,409.2666931,-1.618190928918554e-171,846.7284316287974,444.8666013247894
2024-09-05 08:25:00,378.6000061,-1.618190928918554e-171,894.4097840317452,444.8666013247894
2024-09-05 08:30:00,342.7000427,-1.618190928918554e-171,942.4185449602745,445.1758310154229
2024-09-05 08:35:00,334.6666565,-1.618190928918554e-171,990.6343412429242,448.7985217702894
2024-09-05 08:40:00,408.0,-1.618190928918554e-171,1038.9355331423142,449.37917916962266
2024-09-05 08:45:00,512.4000244,-1.618190928918554e-171,1087.1998294551624,449.37917916962266
2024-09-05 08:50:00,461.2000427,-1.618190928918554e-171,1135.3049045346042,422.81301105169024
2024-09-05 08:55:00,492.3000183,-1.618190928918554e-171,1183.1290148331332,428.621790329206
2024-09-05 09:00:00,483.6333313,-1.618190928918554e-171,1230.5516097368775,426.6990495523568
2024-09-05 09:05:00,494.2333069,-1.618190928918554e-171,1277.4539333278476,426.6990495523568
2024-09-05 09:10:00,466.9333496,-1.618190928918554e-171,1323.7196130306309,426.6990495523568
2024-09-05 09:15:00,453.1666565,-1.618190928918554e-171,1369.2352310877254,426.6990495523568
2024-09-05 09:20:00,594.5,-1.618190928918554e-171,1413.8908756488725,430.0898328228295
2024-09-05 09:25:00,557.1499634,-1.618190928918554e-171,1457.580667482648,430.0898328228295
2024-09-05 09:30:00,524.9000244,-1.618190928918554e-171,1500.2032594699097,430.0898328228295
2024-09-05 09:35:00,495.4333191,-1.618190928918554e-171,1541.662304792465,430.0898328228295
2024-09-05 09:40:00,483.25,-1.618190928918554e-171,1581.8668920464859,430.0898328228295
2024-09-05 09:45:00,423.3333435,-1.618190928918554e-171,1620.731943822748,430.0898328228295
2024-09-05 09:50:00,375.3999939,-1.618190928918554e-171,1658.178576321293,430.2721291010517
2024-09-05 09:55:00,364.5666504,-1.618190928918554e-171,1694.1344182209075,430.2721291010517
2024-09-05 10:00:00,353.6666565,-1.618190928918554e-171,1728.5338866540462,430.64443165418436
2024-09-05 10:05:00,349.3499756,-1.618190928918554e-171,1761.318418730182,436.1862630136788
2024-09-05 10:10:00,296.1666565,-1.618190928918554e-171,1792.4366575557044,437.57197978504547
2024-09-05 10:15:00,255.2999878,-1.618190928918554e-171,1821.844591519917,442.15891290816927
2024-09-05 10:20:00,247.0,-1.618190928918554e-171,1849.5056465408188,440.62451762632236
2024-09-05 10:25:00,319.7999878,-1.618190928918554e-171,1875.39073078436,441.54892518038736
2024-09-05 10:30:00,282.4666748,-1.618190928918554e-171,1899.4782321490716,438.8374861860612
2024-09-05 10:35:00,296.1333313,-1.618190928918554e-171,1921.75396870883,438.69101005452944
2024-09-05 10:40:00,281.1666565,-1.618190928918554e-171,1942.2110930399988,440.232629868952
2024-09-05 10:45:00,281.8666687,-1.618190928918554e-171,1960.8499512406374,418.79761902763886
2024-09-05 10:50:00,262.6000061,-1.618190928918554e-171,1977.6778983329339,411.00651848274043
2024-09-05 10:55:00,251.9333496,-1.618190928918554e-171,1992.7090714412388,409.18750909076005
2024-09-05 11:00:00,271.3999939,-1.618190928918554e-171,2005.964122969976,418.0957458404682
2024-09-05 11:05:00,349.2999878,-1.618190928918554e-171,2017.469915659538,428.48401289984616
2024-09-05 11:10:00,411.1000061,-1.618190928918554e-171,2027.2591824514473,427.8193462874017
2024-09-05 11:15:00,546.2999878,-1.618190928918554e-171,2035.3701536096708,427.8193462874017
2024-09-05 11:20:00,592.2000122,-1.618190928918554e-171,2041.8461540940796,428.294642714735
2024-09-05 11:25:00,573.8999634,-1.618190928918554e-171,2046.735174435137,428.294642714735
2024-09-05 11:30:00,808.2000122,-1.618190928918554e-171,2050.089418339864,428.02625661823765
2024-09-05 11:35:00,791.0,-1.618190928918554e-171,2051.9648305338783,437.95926599924246
2024-09-05 11:40:00,793.3999634,-1.618190928918554e-171,2052.4206084215725,437.95926599924246
2024-09-05 11:45:00,796.9333496,-1.618190928918554e-171,2051.5187012626134,455.85866432378845
2024-09-05 11:50:00,1049.599976,-1.618190928918554e-171,2049.3233005671495,455.85866432378845
2024-09-05 11:55:00,938.7333374,-1.618190928918554e-171,2045.9003255769828,460.0400426363329
2024-09-05 12:00:00,974.5999146,-1.618190928918554e-171,2041.316907556773,462.8478040027311
2024-09-05 12:05:00,914.166687,-1.618190928918554e-171,2035.6408767168055,456.9119197919867
2024-09-05 12:10:00,871.0666504,-1.618190928918554e-171,2028.9402554985497,458.2379196496533
2024-09-05 12:15:00,1052.400024,-1.618190928918554e-171,2021.2827618537747,458.21958505797556
2024-09-05 12:20:00,928.1333008,-1.618190928918554e-171,2012.7353261642406,458.21958505797556
2024-09-05 12:25:00,982.9499512,-1.618190928918554e-171,2003.3636251405237,456.5012464347756
2024-09-05 12:30:00,811.75,-1.618190928918554e-171,1993.231636006724,446.5536618941893
2024-09-05 12:35:00,540.3500366,-1.618190928918554e-171,1982.4012142062581,477.13929528498306
2024-09-05 12:40:00,495.1000061,-1.618190928918554e-171,1970.9316973559303,508.34810762108526
2024-09-05 12:45:00,482.3500061,-1.618190928918554e-171,1958.8795382426908,1181.6903787665256
2024-09-05 12:50:00,556.2999878,-1.618190928918554e-171,1946.2979693994391,511.8126351471647
2024-09-05 12:55:00,502.9666748,-1.618190928918554e-171,1933.2367012993966,543.5909622821614
2024-09-05 13:00:00,513.8666992,-1.618190928918554e-171,1919.741656238137,561.1622767499229
2024-09-05 13:05:00,477.5333252,-1.618190928918554e-171,1905.854739514595,556.1183380552782
2024-09-05 13:10:00,740.9000244,-1.618190928918554e-171,1891.6136492252094,552.7659119036671
2024-09-05 13:15:00,1535.300049,-1.618190928918554e-171,1877.0517258523332,532.5518569714521
2024-09-05 13:20:00,1336.700195,-1.618190928918554e-171,1862.1978422229067,523.7074861814293
2024-09-05 13:25:00,1264.099976,-1.618190928918554e-171,1847.0763344530053,520.6125046841331
2024-09-05 13:30:00,1128.5,-1.618190928918554e-171,1831.706973816371,523.232189754096
2024-09-05 13:35:00,867.1499634,-1.618190928918554e-171,1816.10497947019,524.4025009561553
2024-09-05 13:40:00,626.1000366,-1.618190928918554e-171,1800.2810714793932,536.4791145908483
2024-09-05 13:45:00,580.3999634,-1.618190928918554e-171,1784.2415632619038,537.1191163635747
2024-09-05 13:50:00,577.4333496,-1.618190928918554e-171,1767.9884925061178,546.3975994679058
2024-09-05 13:55:00,526.166687,-1.618190928918554e-171,1751.519788945346,513.6517606750355
2024-09-05 14:00:00,502.5666504,-1.618190928918554e-171,1734.8294773456173,644.0185804088161
2024-09-05 14:05:00,560.2999878,-1.618190928918554e-171,1717.9079139908924,495.4521981408345
2024-09-05 14:10:00,487.5666504,-1.618190928918554e-171,1700.7420541030237,598.1506237323548
2024-09-05 14:15:00,495.5,-1.618190928918554e-171,1683.3157479516399,473.21370096222023
2024-09-05 14:20:00,463.1000061,-1.618190928918554e-171,1665.610063119158,550.1180820244523
2024-09-05 14:25:00,484.8500061,-1.618190928918554e-171,1647.603629842729,502.31887773595525
2024-09-05 14:30:00,523.7999878,-1.618190928918554e-171,1629.2730066180316,526.2010681721462
2024-09-05 14:35:00,510.3333435,-1.618190928918554e-171,1610.5930628651497,401.0722747595511
2024-09-05 14:40:00,584.7000122,-1.618190928918554e-171,1591.5373753416939,468.30219394796075
2024-09-05 14:45:00,546.5333252,-1.618190928918554e-171,1572.0786350722406,500.24114331447385
2024-09-05 14:50:00,556.3666992,-1.618190928918554e-171,1552.1890612333057,507.7260005944094
2024-09-05 14:55:00,529.9333496,-1.618190928918554e-171,1531.8408186502504,508.31863617058076
2024-09-05 15:00:00,517.6333618,-1.618190928918554e-171,1511.0064353110663,511.4213975991411
2024-09-05 15:05:00,478.3000183,-1.618190928918554e-171,1489.6592165064317,566.0296919902411
2024-09-05 15:10:00,445.2333069,-1.618190928918554e-171,1467.773652200557,721.8358403608006
2024-09-05 15:15:00,412.7666931,-1.618190928918554e-171,1445.3258141018168,793.6462712816333
2024-09-05 15:20:00,394.9000244,-1.618190928918554e-171,1422.2937394769117,829.0285585333323
2024-09-05 15:25:00,377.0,-1.618190928918554e-171,1398.6577982271604,837.1485680722881
2024-09-05 15:30:00,350.7333069,-1.618190928918554e-171,1374.4010402845104,839.292260146948
2024-09-05 15:35:00,407.0,-1.618190928918554e-171,1349.5095208376615,834.9307303912813
2024-09-05 15:40:00,361.1000061,-1.618190928918554e-171,1323.9726001376603,844.1186005528019
2024-09-05 15:45:00,377.7666931,-1.618190928918554e-171,1297.7832158968615,845.1186674677575
2024-09-05 15:50:00,466.2000122,-1.618190928918554e-171,1270.938125740382,850.945183874721
2024-09-05 15:55:00,418.8000183,-1.618190928918554e-171,1243.4381180794558,856.9218219219084
2024-09-05 16:00:00,435.4666443,-1.618190928918554e-171,1215.2881891791787,1364.6616214929484
2024-09-05 16:05:00,420.0999756,-1.618190928918554e-171,1186.4976854331746,1357.2374800523469
2024-09-05 16:10:00,377.4000244,-1.618190928918554e-171,1157.0804092229357,1373.523480039093
2024-09-05 16:15:00,309.3999939,-1.618190928918554e-171,1127.0546878822533,1374.2747396684263
2024-09-05 16:20:00,300.5,-1.618190928918554e-171,1096.4434047886282,1403.3398552493054
2024-09-05 16:25:00,300.0333252,-1.618190928918554e-171,1065.2739925442045,1399.5318931933057
2024-09-05 16:30:00,292.8666687,-1.618190928918554e-171,1033.5783879964104,1398.3428190288612
2024-09-05 16:35:00,278.666687,-1.618190928918554e-171,1001.3929495776204,1398.3428190288612
2024-09-05 16:40:00,263.0666809,-1.618190928918554e-171,968.758337479964,1398.3428190288612
2024-09-05 16:45:00,249.9666748,-1.618190928918554e-171,935.7193574024434,1378.5747191050943
2024-09-05 16:50:00,247.3000031,-1.618190928918554e-171,902.3247694311052,1378.5747191050943
2024-09-05 16:55:00,235.3333282,-1.618190928918554e-171,868.6270629434724,1378.5747191050943
2024-09-05 17:00:00,231.7999878,-1.618190928918554e-171,834.68219949149,498.24488292250356
2024-09-05 17:05:00,190.3000031,-1.618190928918554e-171,800.5493259569072,498.24488292250356
2024-09-05 17:10:00,150.7999878,-1.618190928918554e-171,766.290459411551,495.6152440403925
2024-09-05 17:15:00,144.1999969,-1.618190928918554e-171,731.9701467091896,483.8540977438145
2024-09-05 17:20:00,176.6000061,-1.618190928918554e-171,697.655101018565,482.0295135536192
2024-09-05 17:25:00,162.5,-1.618190928918554e-171,663.4138184357947,483.90439785976474
2024-09-05 17:30:00,172.8000031,-1.618190928918554e-171,629.3161771610348,475.5372258111743
2024-09-05 17:35:00,172.0333252,-1.618190928918554e-171,595.4330226219406,463.8970666418117
2024-09-05 17:40:00,166.4666748,-1.618190928918554e-171,561.8357416247362,465.3133348084339
2024-09-05 17:45:00,220.5,-1.618190928918554e-171,528.5958285244365,430.4356926811275
2024-09-05 17:50:00,253.6999969,-1.618190928918554e-171,495.7844474326092,444.3225195980168
2024-09-05 17:55:00,232.4666748,-1.618190928918554e-171,463.47199274959115,439.58736037936063
2024-09-05 18:00:00,229.5333252,-1.618190928918554e-171,431.72765238216243,122.47131707671498
2024-09-05 18:05:00,208.5666656,-1.618190928918554e-171,400.6189762649156,514.6329041388416
2024-09-05 18:10:00,201.2499847,-1.618190928918554e-171,370.21145385653153,523.4157672641014
2024-09-05 18:15:00,170.2000122,-1.618190928918554e-171,340.56810357106883,523.4595418161316
2024-09-05 18:20:00,122.3500061,-1.618190928918554e-171,311.74907758500865,563.7977576154625
2024-09-05 18:25:00,83.84999084,-1.618190928918554e-171,283.8112846506589,563.7977576154625
2024-09-05 18:30:00,63.84999847,-1.618190928918554e-171,256.8080338540244,563.4877897183671
2024-09-05 18:35:00,48.66666794,-1.618190928918554e-171,230.78870244085084,563.4877897183671
2024-09-05 18:40:00,45.44999695,-1.618190928918554e-171,205.79842949612518,570.6347699535429
2024-09-05 18:45:00,40.34999847,-1.618190928918554e-171,181.87783835666772,570.9462434915431
2024-09-05 18:50:00,31.94999886,-1.618190928918554e-171,159.062789518734,567.8919523482098
2024-09-05 18:55:00,25.70000076,-1.618190928918554e-171,137.38416616385706,567.8919523482098
2024-09-05 19:00:00,21.14999771,-1.618190928918554e-171,116.86769357674848,420.10401779496874
2024-09-05 19:05:00,16.70000076,-1.618190928918554e-171,97.5337940293104,420.10401779496874
2024-09-05 19:10:00,13.30000019,-1.618190928918554e-171,79.39747811923266,422.4503515139687
2024-09-05 19:15:00,0.0,-1.618190928918554e-171,62.46827320308978,424.4266529914449
2024-09-05 19:20:00,0.0,-1.618190928918554e-171,46.75018982555808,424.4266529914449
2024-09-05 19:25:00,0.0,-1.618190928918554e-171,32.241725730824264,70.70910624110125
2024-09-05 19:30:00,0.0,-1.618190928918554e-171,18.935907975767776,70.70910624110125
2024-09-05 19:35:00,0.0,-1.618190928918554e-171,6.820372346586544,70.70910624110125
2024-09-05 19:40:00,0.0,-1.618190928918554e-171,-4.122520368499526,70.70910624110125
2024-09-05 19:45:00,0.0,-1.618190928918554e-171,-13.915532260375453,70.70910624110125
2024-09-05 19:50:00,0.0,-1.618190928918554e-171,-22.586361580353866,70.18454332145237
2024-09-05 19:55:00,0.0,-1.618190928918554e-171,-30.16742278023557,70.18454332145237
2024-09-05 20:00:00,0.0,-1.618190928918554e-171,-36.69559526236573,1.2668395800500003
2024-09-05 20:05:00,0.0,-1.618190928918554e-171,-42.21194248564459,1.2668395800500003
2024-09-05 20:10:00,0.0,-1.618190928918554e-171,-46.76140400058946,1.2668395800500003
2024-09-05 20:15:00,0.0,-1.618190928918554e-171,-50.39246242797041,1.2668395800500003
2024-09-05 20:20:00,0.0,-1.618190928918554e-171,-53.15678827874489,1.2668395800500003
2024-09-05 20:25:00,0.0,-1.618190928918554e-171,-55.10886510764041,1.2668395800500003
2024-09-05 20:30:00,0.0,-1.618190928918554e-171,-56.30559805675097,1.2668395800500003
2024-09-05 20:35:00,0.0,-1.618190928918554e-171,-56.80590871211424,1.266728470616667
2024-09-05 20:40:00,0.0,-1.618190928918554e-171,-56.670319398053806,1.344869218303334
2024-09-05 20:45:00,0.0,-1.618190928918554e-171,-55.96053009526028,1.344869218303334
2024-09-05 20:50:00,0.0,-1.618190928918554e-171,-54.7389911773354,1.2157358813100003
2024-09-05 20:55:00,0.0,-1.618190928918554e-171,-53.068475256723424,1.2157358813100003
2024-09-05 21:00:00,0.0,-1.618190928918554e-171,-51.01165132108869,0.9187628886333337
2024-09-05 21:05:00,0.0,-1.618190928918554e-171,-48.630664486315176,0.9187628886333337
2024-09-05 21:10:00,0.0,-1.618190928918554e-171,-45.98672434147268,0.9187628886333337
2024-09-05 21:15:00,0.0,-1.618190928918554e-171,-43.139705218642135,0.9187628886333337
2024-09-05 21:20:00,0.0,-1.618190928918554e-171,-40.14776110027128,1.142170277966667
2024-09-05 21:25:00,0.0,-1.618190928918554e-171,-37.06695827532722,0.0
2024-09-05 21:30:00,0.0,-1.618190928918554e-171,-33.95092824992634,0.0
2024-09-05 21:35:00,0.0,-1.618190928918554e-171,-30.850543591684833,0.0
2024-09-05 21:40:00,0.0,-1.618190928918554e-171,-27.813618983148302,0.0
2024-09-05 21:45:00,0.0,-1.618190928918554e-171,-24.884639669035085,0.0
2024-09-05 21:50:00,0.0,-1.618190928918554e-171,-22.104519213608807,0.0
2024-09-05 21:55:00,0.0,-1.618190928918554e-171,-19.510388232503274,113.96191950153994
2024-09-05 22:00:00,0.0,-1.618190928918554e-171,-17.13541560806263,107.45006509468492
2024-09-05 22:05:00,0.0,-1.618190928918554e-171,-15.008663240445097,107.51584287488492
2024-09-05 22:10:00,0.0,-1.618190928918554e-171,-13.154975382349097,88.39273707060795
2024-09-05 22:15:00,0.0,-1.618190928918554e-171,-11.594903046788115,78.24965380063578
2024-09-05 22:20:00,0.0,-1.618190928918554e-171,-10.344663962923361,41.50669648339116
2024-09-05 22:25:00,0.0,-1.618190928918554e-171,-9.416138030232887,0.0
2024-09-05 22:30:00,0.0,-1.618190928918554e-171,-8.816898123174967,0.0
2024-09-05 22:35:00,0.0,-1.618190928918554e-171,-8.550275702530419,0.0
2024-09-05 22:40:00,0.0,-1.618190928918554e-171,-8.61546046753909,0.0
2024-09-05 22:45:00,0.0,-1.618190928918554e-171,-9.007632985518873,0.0
2024-09-05 22:50:00,0.0,-1.618190928918554e-171,-9.718128990626171,0.0
2024-09-05 22:55:00,0.0,-1.618190928918554e-171,-10.73463375830649,0.0
2024-09-05 23:00:00,0.0,-1.618190928918554e-171,-12.041404794624889,0.0
2024-09-05 23:05:00,0.0,-1.618190928918554e-171,-13.619520738863887,0.0
2024-09-05 23:10:00,0.0,-1.618190928918554e-171,-15.447154298242438,0.0
2024-09-05 23:15:00,0.0,-1.618190928918554e-171,-17.499866744209488,0.0
2024-09-05 23:20:00,0.0,-1.618190928918554e-171,-19.75092137992961,20.72344456632931
2024-09-05 23:25:00,0.0,-1.618190928918554e-171,-22.171613222815495,23.92126118563375
2024-09-05 23:30:00,0.0,-1.618190928918554e-171,-24.731612010343458,35.1931613750229
2024-09-05 23:35:00,0.0,-1.618190928918554e-171,-27.39931555445321,52.77369277218095
2024-09-05 23:40:00,0.0,-1.618190928918554e-171,-30.14221036076744,85.89623293625239
2024-09-05 23:45:00,0.0,-1.618190928918554e-171,-32.927236420559005,114.8705442940323
2024-09-05 23:50:00,0.0,-1.618190928918554e-171,-35.72115293750473,126.01645025232247
2024-09-05 23:55:00,0.0,-1.618190928918554e-171,-38.490901937196796,127.48435033505581
2024-09-06 00:00:00,0.0,-1.618190928918554e-171,-41.20396652075413,0.6020000203333333
2024-09-06 00:05:00,0.0,-1.618190928918554e-171,-43.82872071490796,0.6020000203333333
2024-09-06 00:10:00,0.0,-1.618190928918554e-171,-46.334767864905906,0.6020000203333333
2024-09-06 00:15:00,0.0,-1.618190928918554e-171,-48.69326464021246,0.6020000203333333
2024-09-06 00:20:00,0.0,-1.618190928918554e-171,-50.87722783720286,0.6020000203333333
2024-09-06 00:25:00,0.0,-1.618190928918554e-171,-52.861821284216056,0.6020000203333333
2024-09-06 00:30:00,0.0,-1.618190928918554e-171,-54.62462037260098,0.6020000203333333
2024-09-06 00:35:00,0.0,-1.618190928918554e-171,-56.145851799973556,0.6020000203333333
2024-09-06 00:40:00,0.0,-1.618190928918554e-171,-57.4086064915034,0.6020000203333333
2024-09-06 00:45:00,0.0,-1.618190928918554e-171,-58.39902371463981,0.6020000203333333
2024-09-06 00:50:00,0.0,-1.618190928918554e-171,-59.1064447360436,0.6020000203333333
2024-09-06 00:55:00,0.0,-1.618190928918554e-171,-59.52353458563783,0.6020000203333333
2024-09-06 01:00:00,0.0,-1.618190928918554e-171,-59.64637076721718,0.6020000203333333
2024-09-06 01:05:00,0.0,-1.618190928918554e-171,-59.47449801029357,0.6020000203333333
2024-09-06 01:10:00,0.0,-1.618190928918554e-171,-59.01094844945935,0.6020000203333333
2024-09-06 01:15:00,0.0,-1.618190928918554e-171,-58.26222690884692,0.6020000203333333
2024-09-06 01:20:00,0.0,-1.618190928918554e-171,-57.23826120523982,0.6020000203333333
2024-09-06 01:25:00,0.0,-1.618190928918554e-171,-55.95231781732334,0.6020000203333333
2024-09-06 01:30:00,0.0,-1.618190928918554e-171,-54.42088330269747,0.6020000203333333
2024-09-06 01:35:00,0.0,-1.618190928918554e-171,-52.663512438049544,0.6020000203333333
2024-09-06 01:40:00,0.0,-1.618190928918554e-171,-50.70264407772986,0.6020000203333333
2024-09-06 01:45:00,0.0,-1.618190928918554e-171,-48.563386153781835,0.6020000203333333
2024-09-06 01:50:00,0.0,-1.618190928918554e-171,-46.27327142517278,0.6020000203333333
2024-09-06 01:55:00,0.0,-1.618190928918554e-171,-43.86198589992258,0.6020000203333333
2024-09-06 02:00:00,0.0,-1.618190928918554e-171,-41.36107199478061,0.6020000203333333
2024-09-06 02:05:00,0.0,-1.618190928918554e-171,-38.803608837072304,0.6020000203333333
2024-09-06 02:10:00,0.0,-1.618190928918554e-171,-36.22387221806145,0.6020000203333333
2024-09-06 02:15:00,0.0,-1.618190928918554e-171,-33.656976916855385,0.6020000203333333
2024-09-06 02:20:00,0.0,-1.618190928918554e-171,-31.13850433316922,0.6020000203333333
2024-09-06 02:25:00,0.0,-1.618190928918554e-171,-28.70411840579585,0.6020000203333333
2024-09-06 02:30:00,0.0,-1.618190928918554e-171,-26.389173020889938,0.6020000203333333
2024-09-06 02:35:00,0.0,-1.618190928918554e-171,-24.22831410703837,0.6020000203333333
2024-09-06 02:40:00,0.0,-1.618190928918554e-171,-22.255079760548824,0.6020000203333333
2024-09-06 02:45:00,0.0,-1.618190928918554e-171,-20.50150173165076,0.6020000203333333
2024-09-06 02:50:00,0.0,-1.618190928918554e-171,-18.997711673875525,0.6020000203333333
2024-09-06 02:55:00,0.0,-1.618190928918554e-171,-17.771555474203478,0.6020000203333333
2024-09-06 03:00:00,0.0,-1.618190928918554e-171,-16.848219020700846,0.6020000203333333
2024-09-06 03:05:00,0.0,-1.618190928918554e-171,-16.249868644775237,0.6020000203333333
2024-09-06 03:10:00,0.0,-1.618190928918554e-171,-15.995309452221106,0.6020000203333333
2024-09-06 03:15:00,0.0,-1.618190928918554e-171,-16.099664513823814,0.6020000203333333
2024-09-06 03:20:00,0.0,-1.618190928918554e-171,-16.574077962203692,0.6020000203333333
2024-09-06 03:25:00,0.0,-1.618190928918554e-171,-17.425444610604703,0.6020000203333333
2024-09-06 03:30:00,0.0,-1.618190928918554e-171,-18.656168799616466,0.6020000203333333
2024-09-06 03:35:00,0.0,-1.618190928918554e-171,-20.26395474285315,0.6020000203333333
2024-09-06 03:40:00,0.0,-1.618190928918554e-171,-22.24163056045746,0.6020000203333333
2024-09-06 03:45:00,0.0,-1.618190928918554e-171,-24.577007900448507,0.6020000203333333
2024-09-06 03:50:00,0.0,-1.618190928918554e-171,-27.252778776968025,0.6020000203333333
2024-09-06 03:55:00,0.0,-1.618190928918554e-171,-30.24645102021197,0.6020000203333333
2024-09-06 04:00:00,0.0,-1.618190928918554e-171,-33.53032335211625,0.6020000203333333
2024-09-06 04:05:00,0.0,-1.618190928918554e-171,-37.07150102835197,0.6020000203333333
2024-09-06 04:10:00,0.0,-1.618190928918554e-171,-40.831952305800954,0.6020000203333333
2024-09-06 04:15:00,0.0,-1.618190928918554e-171,-44.7686061929541,0.6020000203333333
2024-09-06 04:20:00,0.0,-1.618190928918554e-171,-48.83349106068898,0.6020000203333333
2024-09-06 04:25:00,0.0,-1.618190928918554e-171,-52.97391390157387,0.6020000203333333
2024-09-06 04:30:00,0.0,-1.618190928918554e-171,-57.13267937085045,0.6020000203333333
2024-09-06 04:35:00,0.0,-1.618190928918554e-171,-61.24834753007349,0.6020000203333333
2024-09-06 04:40:00,0.0,-1.618190928918554e-171,-65.25552900186983,0.6020000203333333
2024-09-06 04:45:00,0.0,-1.618190928918554e-171,-69.08521581872844,0.6020000203333333
2024-09-06 04:50:00,0.0,-1.618190928918554e-171,-72.66514605409233,0.6020000203333333
2024-09-06 04:55:00,0.0,-1.618190928918554e-171,-75.92020001031861,0.6020000203333333
2024-09-06 05:00:00,0.0,-1.618190928918554e-171,-78.77282553681626,0.6020000203333333
2024-09-06 05:05:00,0.0,-1.618190928918554e-171,-81.14348972629607,0.6020000203333333
2024-09-06 05:10:00,0.0,-1.618190928918554e-171,-82.95115410955331,0.6020000203333333
2024-09-06 05:15:00,0.0,-1.618190928918554e-171,-84.11377023552059,0.6020000203333333
2024-09-06 05:20:00,0.0,-1.618190928918554e-171,-84.54879232541013,0.6020000203333333
2024-09-06 05:25:00,0.0,-1.618190928918554e-171,-84.17370356756149,0.6020000203333333
2024-09-06 05:30:00,0.0,-1.618190928918554e-171,-82.90655248664778,0.6020000203333333
2024-09-06 05:35:00,0.0,-1.618190928918554e-171,-80.6664957030487,0.6020000203333333
2024-09-06 05:40:00,0.0,-1.618190928918554e-171,-77.37434335487353,0.6020000203333333
2024-09-06 05:45:00,0.0,-1.618190928918554e-171,-72.95310333661523,0.6020000203333333
2024-09-06 05:50:00,0.0,-1.618190928918554e-171,-67.32852063562459,0.6020000203333333
2024-09-06 05:55:00,0.0,-1.618190928918554e-171,-60.42960784049325,0.6020000203333333
2024-09-06 06:00:00,0.0,-1.618190928918554e-171,-52.189163107135435,35.847259312465155
2024-09-06 06:05:00,0.0,-1.618190928918554e-171,-42.54427190154165,35.847259312465155
2024-09-06 06:10:00,0.0,-1.618190928918554e-171,-31.436788823513407,35.847259312465155
2024-09-06 06:15:00,0.0,-1.618190928918554e-171,-18.813796063211107,35.527259312465155
2024-09-06 06:20:00,0.0,-1.618190928918554e-171,-4.62803512254542,35.527259312465155
2024-09-06 06:25:00,0.0,-1.618190928918554e-171,11.16169143880116,35.527259312465155
2024-09-06 06:30:00,0.0,-1.618190928918554e-171,28.59015113929619,35.527259312465155
2024-09-06 06:35:00,0.0,-1.618190928918554e-171,47.6853484787432,35.527259312465155
2024-09-06 06:40:00,0.0,-1.618190928918554e-171,68.46823005058108,35.527259312465155
2024-09-06 06:45:00,0.0,-1.618190928918554e-171,90.95243029376708,35.527259312465155
2024-09-06 06:50:00,0.0,-1.618190928918554e-171,115.14405977994572,35.527259312465155
2024-09-06 06:55:00,0.0,-1.618190928918554e-171,141.04153781338434,35.527259312465155
2024-09-06 07:00:00,0.0,-1.618190928918554e-171,168.63547086968683,507.5376368513942
2024-09-06 07:05:00,0.0,-1.618190928918554e-171,197.90857772539061,109.06530132188787
2024-09-06 07:10:00,0.0,-1.618190928918554e-171,228.83566238272843,109.06530132188787
2024-09-06 07:15:00,0.0,-1.618190928918554e-171,261.383635260476,109.06530132188787
2024-09-06 07:20:00,50.5,-1.618190928918554e-171,295.5115822265187,109.06530132188787
2024-09-06 07:25:00,63.0,-1.618190928918554e-171,331.17088216099773,109.06530132188787
2024-09-06 07:30:00,94.80000305,-1.618190928918554e-171,368.3053717551905,109.06530132188787
2024-09-06 07:35:00,105.5,-1.618190928918554e-171,406.8515572137536,109.06530132188787
2024-09-06 07:40:00,98.96666718,-1.618190928918554e-171,446.73887113595026,109.06530132188787
2024-09-06 07:45:00,98.5,-1.618190928918554e-171,487.88997363696063,109.06530132188787
2024-09-06 07:50:00,137.8999939,-1.618190928918554e-171,530.221095460781,109.06530132188787
2024-09-06 07:55:00,133.9499969,-1.618190928918554e-171,573.6424212767437,109.06530132188787
2024-09-06 08:00:00,132.6333313,-1.618190928918554e-171,618.0585104531294,93.14027510700313
2024-09-06 08:05:00,130.0,-1.618190928918554e-171,663.3687529409128,93.14027510700313
2024-09-06 08:10:00,124.7000046,-1.618190928918554e-171,709.4678571599251,93.14027510700313
2024-09-06 08:15:00,154.8999939,-1.618190928918554e-171,756.2463669201974,93.14027510700313
2024-09-06 08:20:00,137.8333282,-1.618190928918554e-171,803.5912039817974,93.14027510700313
2024-09-06 08:25:00,145.3999939,-1.618190928918554e-171,851.3862326000501,93.14027510700313
2024-09-06 08:30:00,277.5,-1.618190928918554e-171,899.5128427999446,93.14027510700313
2024-09-06 08:35:00,271.5,-1.618190928918554e-171,947.8505479139961,93.14027510700313
2024-09-06 08:40:00,271.5666809,-1.618190928918554e-171,996.2775931748533,93.14027510700313
2024-09-06 08:45:00,314.6000061,-1.618190928918554e-171,1044.6715712698178,93.14027510700313
2024-09-06 08:50:00,290.0333557,-1.618190928918554e-171,1092.9100400436707,93.14027510700313
2024-09-06 08:55:00,288.9666748,-1.618190928918554e-171,1140.8711396200322,93.14027510700313
2024-09-06 09:00:00,408.8999939,-1.618190928918554e-171,1188.434203887086,1008.0229110728427
2024-09-06 09:05:00,377.1000061,-1.618190928918554e-171,1235.48036296901,1008.0229110728427
2024-09-06 09:10:00,366.5,-1.618190928918554e-171,1281.8931321900143,1008.0229110728427
2024-09-06 09:15:00,334.6333313,-1.618190928918554e-171,1327.5589844486585,1134.609516681814
2024-09-06 09:20:00,387.7000122,-1.618190928918554e-171,1372.3679016431633,1134.609516681814
2024-09-06 09:25:00,479.7000122,-1.618190928918554e-171,1416.2139021382047,1134.609516681814
2024-09-06 09:30:00,623.4000244,-1.618190928918554e-171,1458.9955404142875,1134.609516681814
2024-09-06 09:35:00,788.5,-1.618190928918554e-171,1500.6163761549117,1134.609516681814
2024-09-06 09:40:00,705.9666138,-1.618190928918554e-171,1540.985409498302,1134.609516681814
2024-09-06 09:45:00,717.0,-1.618190928918554e-171,1580.017480074265,1134.609516681814
2024-09-06 09:50:00,897.2000122,-1.618190928918554e-171,1617.63362709105,1134.609516681814
2024-09-06 09:55:00,866.3499756,-1.618190928918554e-171,1653.7614084297873,1134.609516681814
2024-09-06 10:00:00,856.0666504,-1.618190928918554e-171,1688.3351769892488,943.1496818475301
2024-09-06 10:05:00,791.8999634,-1.618190928918554e-171,1721.296312341624,943.1496818475301
2024-09-06 10:10:00,743.2666016,-1.618190928918554e-171,1752.5934069271852,943.1496818475301
2024-09-06 10:15:00,1235.699951,-1.618190928918554e-171,1782.1824056815497,943.1496818475301
2024-09-06 10:20:00,1505.5,-1.618190928918554e-171,1810.0266980911658,943.1496818475301
2024-09-06 10:25:00,1347.266602,-1.618190928918554e-171,1836.0971631801347,943.1496818475301
2024-09-06 10:30:00,2060.300049,-1.618190928918554e-171,1860.3721668740543,943.1496818475301
2024-09-06 10:35:00,1835.349854,-1.618190928918554e-171,1882.8375124905288,943.1496818475301
2024-09-06 10:40:00,1793.266724,-1.618190928918554e-171,1903.4863448110823,943.1496818475301
2024-09-06 10:45:00,1659.75,-1.618190928918554e-171,1922.3190091169386,943.1496818475301
2024-09-06 10:50:00,1436.5,-1.618190928918554e-171,1939.342866316096,943.1496818475301
2024-09-06 10:55:00,1107.599976,-1.618190928918554e-171,1954.5720659187364,943.1496818475301
2024-09-06 11:00:00,2052.300049,-1.618190928918554e-171,1968.0272789323885,1007.223941621705
2024-09-06 11:05:00,1820.350098,-1.618190928918554e-171,1979.7353926051458,1007.223941621705
2024-09-06 11:10:00,1743.033325,-1.618190928918554e-171,1989.7291699783702,1007.223941621705
2024-09-06 11:15:00,1588.400024,-1.618190928918554e-171,1998.0468765609169,1007.223941621705
2024-09-06 11:20:00,1514.549927,-1.618190928918554e-171,2004.7318773595675,1007.223941621705
2024-09-06 11:25:00,1314.699951,-1.618190928918554e-171,2009.8322072825206,1007.223941621705
2024-09-06 11:30:00,1325.933228,-1.618190928918554e-171,2013.4001183007701,1007.223941621705
2024-09-06 11:35:00,1268.966675,-1.618190928918554e-171,2015.4916067942536,1007.223941621705
2024-09-06 11:40:00,1290.000122,-1.618190928918554e-171,2016.1659247272607,1007.223941621705
2024-09-06 11:45:00,1236.866699,-1.618190928918554e-171,2015.4850783102609,1007.223941621705
2024-09-06 11:50:00,1194.200073,-1.618190928918554e-171,2013.5133178846959,1007.223941621705
2024-09-06 11:55:00,1165.400024,-1.618190928918554e-171,2010.3166228709968,1007.223941621705
2024-09-06 12:00:00,981.9333496,-1.618190928918554e-171,2005.962185545396,1086.2256330956477
2024-09-06 12:05:00,1313.5,-1.618190928918554e-171,2000.517897424036,1086.2256330956477
2024-09-06 12:10:00,2060.699951,-1.618190928918554e-171,1994.0518420510653,1086.2256330956477
2024-09-06 12:15:00,1873.899902,-1.618190928918554e-171,1986.6317977807855,1086.2256330956477
2024-09-06 12:20:00,1757.266602,-1.618190928918554e-171,1978.324754176593,459.05326178712073
2024-09-06 12:25:00,1605.550049,-1.618190928918554e-171,1969.1964454581582,459.05326178712073
2024-09-06 12:30:00,1209.050049,-1.618190928918554e-171,1959.3109042327494,459.05326178712073
2024-09-06 12:35:00,808.5499878,-1.618190928918554e-171,1948.730038757825,470.4413711346462
2024-09-06 12:40:00,624.8999634,-1.618190928918554e-171,1937.5132364946783,513.4315864056949
2024-09-06 12:45:00,701.7999878,-1.618190928918554e-171,1925.7169967739437,513.4315864056949
2024-09-06 12:50:00,854.2000122,-1.618190928918554e-171,1913.394594968034,509.2848519978601
2024-09-06 12:55:00,1081.099976,-1.618190928918554e-171,1900.5957804168504,508.05085776556
2024-09-06 13:00:00,1229.099976,-1.618190928918554e-171,1887.366510041506,502.7977108684024
2024-09-06 13:05:00,1170.666626,-1.618190928918554e-171,1873.748719243983,510.0090065270771
2024-09-06 13:10:00,1758.699951,-1.618190928918554e-171,1859.7801316187413,506.66015731409135
2024-09-06 13:15:00,1983.599976,-1.618190928918554e-171,1845.494108240496,507.6016099796532
2024-09-06 13:20:00,1882.566528,-1.618190928918554e-171,1830.919537648122,507.6016099796532
2024-09-06 13:25:00,1958.099976,-1.618190928918554e-171,1816.0807666444384,507.6016099796532
2024-09-06 13:30:00,1958.933472,-1.618190928918554e-171,1800.9975721484489,507.24232111707545
2024-09-06 13:35:00,1898.733398,-1.618190928918554e-171,1785.6851739316785,507.24232111707545
2024-09-06 13:40:00,1924.299927,-1.618190928918554e-171,1770.1542877142003,721.3393111576182
2024-09-06 13:45:00,1864.366699,-1.618190928918554e-171,1754.4112177237528,730.6542190904038
2024-09-06 13:50:00,1976.0,-1.618190928918554e-171,1738.4579876875662,736.0761186894038
2024-09-06 13:55:00,1889.966675,-1.618190928918554e-171,1722.2925088239558,743.5565684079925
2024-09-06 14:00:00,1931.800049,-1.618190928918554e-171,1705.9087830193084,819.7028499082029
2024-09-06 14:05:00,1657.75,-1.618190928918554e-171,1689.2971395825627,800.8032243944174
2024-09-06 14:10:00,1196.75,-1.618190928918554e-171,1672.4445028644525,807.2739636608522
2024-09-06 14:15:00,1137.199951,-1.618190928918554e-171,1655.3346887893233,693.1331071373736
2024-09-06 14:20:00,1008.366699,-1.618190928918554e-171,1637.9487273415773,613.0943072277761
2024-09-06 14:25:00,1056.700073,-1.618190928918554e-171,1620.265208305763,521.5020918200044
2024-09-06 14:30:00,997.5333862,-1.618190928918554e-171,1602.2606472533407,479.2252263447946
2024-09-06 14:35:00,962.333313,-1.618190928918554e-171,1583.909868533179,506.77656454098013
2024-09-06 14:40:00,897.5333862,-1.618190928918554e-171,1565.1864022247096,821.0688227160687
2024-09-06 14:45:00,874.5666504,-1.618190928918554e-171,1546.0628912986608,986.3031237645432
2024-09-06 14:50:00,852.9333496,-1.618190928918554e-171,1526.5115061081217,1029.282268955979
2024-09-06 14:55:00,978.7000122,-1.618190928918554e-171,1506.5043621802777,1227.719386364398
2024-09-06 15:00:00,898.0999146,-1.618190928918554e-171,1486.013938205188,1108.483511129768
2024-09-06 15:05:00,913.833313,-1.618190928918554e-171,1465.0134906199758,1108.483511129768
2024-09-06 15:10:00,881.4000854,-1.618190928918554e-171,1443.4774613041118,1124.7633098423235
2024-09-06 15:15:00,777.4667358,-1.618190928918554e-171,1421.381875207431,1124.7633098423235
2024-09-06 15:20:00,697.8666992,-1.618190928918554e-171,1398.704724424223,1124.7633098423235
2024-09-06 15:25:00,1089.699951,-1.618190928918554e-171,1375.4263356866586,1122.4701771113237
2024-09-06 15:30:00,2058.399902,-1.618190928918554e-171,1351.529718132125,1122.4701771113237
2024-09-06 15:35:00,1871.299927,-1.618190928918554e-171,1327.0008888594775,1124.497973471768
2024-09-06 15:40:00,1920.233276,-1.618190928918554e-171,1301.8291729836874,1123.6302516101016
2024-09-06 15:45:00,1782.033203,-1.618190928918554e-171,1276.007476386438,1136.0804361926791
2024-09-06 15:50:00,1739.866577,-1.618190928918554e-171,1249.5325284383807,1121.4323997873933
2024-09-06 15:55:00,1600.75,-1.618190928918554e-171,1222.4050929642306,1120.7715429126313
2024-09-06 16:00:00,1268.900146,-1.618190928918554e-171,1194.6301456322283,1094.10973508533
2024-09-06 16:05:00,895.7999878,-1.618190928918554e-171,1166.2170162127034,874.7818307259246
2024-09-06 16:10:00,874.499939,-1.618190928918554e-171,1137.1794947856056,877.6819420645913
2024-09-06 16:15:00,715.8666992,-1.618190928918554e-171,1107.5359004881066,887.2084445465691
2024-09-06 16:20:00,689.3499756,-1.618190928918554e-171,1077.3091129165919,879.2113603083801
2024-09-06 16:25:00,606.9000244,-1.618190928918554e-171,1046.5265650996207,888.4574541661804
2024-09-06 16:30:00,494.1999817,-1.618190928918554e-171,1015.2201985681708,888.4574541661804
2024-09-06 16:35:00,471.9333496,-1.618190928918554e-171,983.4263806148282,873.6082961814421
2024-09-06 16:40:00,478.4666748,-1.618190928918554e-171,951.1857842425826,872.1805183694421
2024-09-06 16:45:00,463.4000244,-1.618190928918554e-171,918.5432319812293,1199.8350888302725
2024-09-06 16:50:00,408.2999573,-1.618190928918554e-171,885.5475043237733,875.0139072447755
2024-09-06 16:55:00,314.8999939,-1.618190928918554e-171,852.2511145696344,1379.1479419132158
2024-09-06 17:00:00,260.9666748,-1.618190928918554e-171,818.7100513669893,431.93916327876127
2024-09-06 17:05:00,263.0666504,-1.618190928918554e-171,784.9834916437937,431.73767687821316
2024-09-06 17:10:00,256.1000061,-1.618190928918554e-171,751.1334850443982,421.3074993934613
2024-09-06 17:15:00,241.2333374,-1.618190928918554e-171,717.2246132890705,422.2922328225279
2024-09-06 17:20:00,234.8499908,-1.618190928918554e-171,683.3236263416369,468.2274486407225
2024-09-06 17:25:00,185.3500061,-1.618190928918554e-171,649.4990585244134,476.8168840749521
2024-09-06 17:30:00,124.5999985,-1.618190928918554e-171,615.8208273994111,476.9055993287409
2024-09-06 17:35:00,138.6999969,-1.618190928918554e-171,582.3598183637018,472.61511390610764
2024-09-06 17:40:00,188.8999939,-1.618190928918554e-171,549.1874584999948,493.95125699208984
2024-09-06 17:45:00,189.5499878,-1.618190928918554e-171,516.375282224226,481.33433615795104
2024-09-06 17:50:00,189.7666626,-1.618190928918554e-171,483.99449304708924,481.0436787838677
2024-09-06 17:55:00,183.0,-1.618190928918554e-171,452.11552375105276,499.6556025521916
2024-09-06 18:00:00,179.3999939,-1.618190928918554e-171,420.8075990366609,122.89770350226752
2024-09-06 18:05:00,140.5666656,-1.618190928918554e-171,390.13830371475444,122.94320349465086
2024-09-06 18:10:00,124.5666733,-1.618190928918554e-171,360.17315965386064,123.13309250199529
2024-09-06 18:15:00,114.5666733,-1.618190928918554e-171,330.97521499821215,126.28930789653505
2024-09-06 18:20:00,104.1999893,-1.618190928918554e-171,302.60464837406045,123.49267071569955
2024-09-06 18:25:00,96.00000763,-1.618190928918554e-171,275.11839142355905,127.66019276985188
2024-09-06 18:30:00,83.94999695,-1.618190928918554e-171,248.5697721854911,124.93304449067968
2024-09-06 18:35:00,63.25,-1.618190928918554e-171,223.00818258257553,125.37547235248377
2024-09-06 18:40:00,42.0,-1.618190928918554e-171,198.47877181077502,138.4754569451739
2024-09-06 18:45:00,33.46666336,-1.618190928918554e-171,175.022168393555,138.4754569451739
2024-09-06 18:50:00,31.23333168,-1.618190928918554e-171,152.6742330010253,138.4754569451739
2024-09-06 18:55:00,30.10000229,-1.618190928918554e-171,131.4658435995377,138.4754569451739
2024-09-06 19:00:00,23.04999924,-1.618190928918554e-171,111.42271478335094,61.73412266908542
2024-09-06 19:05:00,15.36666775,-1.618190928918554e-171,92.56525244483511,58.6871412474632
2024-09-06 19:10:00,13.36666584,-1.618190928918554e-171,74.90844508605886,58.405639417465416
2024-09-06 19:15:00,0.0,-1.618190928918554e-171,58.461792131304335,59.88317064413335
2024-09-06 19:20:00,0.0,-1.618190928918554e-171,43.22927032493372,59.88317064413335
2024-09-06 19:25:00,0.0,-1.618190928918554e-171,29.209337785815105,60.43466696075113
2024-09-06 19:30:00,0.0,-1.618190928918554e-171,16.394976126991576,60.477689181377805
2024-09-06 19:35:00,0.0,-1.618190928918554e-171,4.773769968514234,56.86640548203652
2024-09-06 19:40:00,0.0,-1.618190928918554e-171,-5.671976668646165,60.477689181377805
2024-09-06 19:45:00,0.0,-1.618190928918554e-171,-14.965088076436931,60.28844474377446
2024-09-06 19:50:00,0.0,-1.618190928918554e-171,-23.133329937254036,59.88317064413335
2024-09-06 19:55:00,0.0,-1.618190928918554e-171,-30.209189176681242,59.88317064413335
2024-09-06 20:00:00,0.0,-1.618190928918554e-171,-36.22962241717059,0.3331243467650794
2024-09-06 20:05:00,0.0,-1.618190928918554e-171,-41.23577482972656,0.3331243467650794
2024-09-06 20:10:00,0.0,-1.618190928918554e-171,-45.27267180027983,0.5217539889095238
2024-09-06 20:15:00,0.0,-1.618190928918554e-171,-48.38888562826046,0.5217539889095238
2024-09-06 20:20:00,0.0,-1.618190928918554e-171,-50.63617994095606,0.5217539889095238
2024-09-06 20:25:00,0.0,-1.618190928918554e-171,-52.06913445921756,0.5217539889095238
2024-09-06 20:30:00,0.0,-1.618190928918554e-171,-52.74475318532885,0.5217539889095238
2024-09-06 20:35:00,0.0,-1.618190928918554e-171,-52.72205878163438,0.5217539889095238
2024-09-06 20:40:00,0.0,-1.618190928918554e-171,-52.061676491567006,0.5217539889095238
2024-09-06 20:45:00,0.0,-1.618190928918554e-171,-50.82541059217266,0.5217539889095238
2024-09-06 20:50:00,0.0,-1.618190928918554e-171,-49.07581670874178,0.5217539889095238
2024-09-06 20:55:00,0.0,-1.618190928918554e-171,-46.87577321047299,0.5217539889095238
2024-09-06 21:00:00,0.0,-1.618190928918554e-171,-44.28805493482691,0.0
2024-09-06 21:05:00,0.0,-1.618190928918554e-171,-41.374912466372024,0.0
2024-09-06 21:10:00,0.0,-1.618190928918554e-171,-38.197660101095906,0.0
2024-09-06 21:15:00,0.0,-1.618190928918554e-171,-34.81627568488815,0.0
2024-09-06 21:20:00,0.0,-1.618190928918554e-171,-31.289015133063224,0.0
2024-09-06 21:25:00,0.0,-1.618190928918554e-171,-27.67204471739568,0.0
2024-09-06 21:30:00,0.0,-1.618190928918554e-171,-24.019093589729454,0.0
2024-09-06 21:35:00,0.0,-1.618190928918554e-171,-20.38112933030475,0.22340738933333332
2024-09-06 21:40:00,0.0,-1.618190928918554e-171,-16.806058674905977,0.0
2024-09-06 21:45:00,0.0,-1.618190928918554e-171,-13.338455679506882,0.0
2024-09-06 21:50:00,0.0,-1.618190928918554e-171,-10.019319235514672,0.0
2024-09-06 21:55:00,0.0,-1.618190928918554e-171,-6.8858615923944315,0.0
2024-09-06 22:00:00,0.0,-1.618190928918554e-171,-3.9713293559925,0.0
2024-09-06 22:05:00,0.0,-1.618190928918554e-171,-1.3048581281032543,0.0
2024-09-06 22:10:00,0.0,-1.618190928918554e-171,1.0886383135900946,0.0
2024-09-06 22:15:00,0.0,-1.618190928918554e-171,3.188543653389434,0.0
2024-09-06 22:20:00,0.0,-1.618190928918554e-171,4.978579153337936,0.0
2024-09-06 22:25:00,0.0,-1.618190928918554e-171,6.446808189651776,0.0
2024-09-06 22:30:00,0.0,-1.618190928918554e-171,7.585605430663722,0.0
2024-09-06 22:35:00,0.0,-1.618190928918554e-171,8.391591158633481,0.0
2024-09-06 22:40:00,0.0,-1.618190928918554e-171,8.865531520731514,0.0
2024-09-06 22:45:00,0.0,-1.618190928918554e-171,9.012205769571644,0.0
2024-09-06 22:50:00,0.0,-1.618190928918554e-171,8.84024180228781,0.0
2024-09-06 22:55:00,0.0,-1.618190928918554e-171,8.361921585281387,0.0
2024-09-06 23:00:00,0.0,-1.618190928918554e-171,7.592958253264145,0.0
2024-09-06 23:05:00,0.0,-1.618190928918554e-171,6.552246950463786,0.0
2024-09-06 23:10:00,0.0,-1.618190928918554e-171,5.261591624506804,0.0
2024-09-06 23:15:00,0.0,-1.618190928918554e-171,3.745410233543312,0.0
2024-09-06 23:20:00,0.0,-1.618190928918554e-171,2.030420966267687,0.0
2024-09-06 23:25:00,0.0,-1.618190928918554e-171,0.14531222924912962,0.0
2024-09-06 23:30:00,0.0,-1.618190928918554e-171,-1.8796007079007997,0.0
2024-09-06 23:35:00,0.0,-1.618190928918554e-171,-4.012729418042033,0.0
2024-09-06 23:40:00,0.0,-1.618190928918554e-171,-6.221573301755669,0.0
2024-09-06 23:45:00,0.0,-1.618190928918554e-171,-8.473084738537832,0.0
2024-09-06 23:50:00,0.0,-1.618190928918554e-171,-10.734035192589175,0.0
2024-09-06 23:55:00,0.0,-1.618190928918554e-171,-12.971379175481937,0.0
2024-09-07 00:00:00,0.0,-1.618190928918554e-171,-15.15261286977794,0.0
2024-09-07 00:05:00,0.0,-1.618190928918554e-171,-17.24612432428253,0.0
2024-09-07 00:10:00,0.0,-1.618190928918554e-171,-19.221532189451636,0.0
2024-09-07 00:15:00,0.0,-1.618190928918554e-171,-21.05001004871956,0.0
2024-09-07 00:20:00,0.0,-1.618190928918554e-171,-22.704593524642398,0.7685555436666667
2024-09-07 00:25:00,0.0,-1.618190928918554e-171,-24.160467476748696,0.7685555436666667
2024-09-07 00:30:00,0.0,-1.618190928918554e-171,-25.39523079807836,0.8954444717777779
2024-09-07 00:35:00,0.0,-1.618190928918554e-171,-26.389136376609944,1.2026667073333335
2024-09-07 00:40:00,0.0,-1.618190928918554e-171,-27.12530427933548,0.6020000203333333
2024-09-07 00:45:00,0.0,-1.618190928918554e-171,-27.58990598026321,0.6020000203333333
2024-09-07 00:50:00,0.0,-1.618190928918554e-171,-27.77231823597944,0.6020000203333333
2024-09-07 00:55:00,0.0,-1.618190928918554e-171,-27.66524492455683,0.6020000203333333
2024-09-07 01:00:00,0.0,-1.618190928918554e-171,-27.264805859953878,0.6020000203333333
2024-09-07 01:05:00,0.0,-1.618190928918554e-171,-26.57059159315852,0.6020000203333333
2024-09-07 01:10:00,0.0,-1.618190928918554e-171,-25.585683606292594,0.6020000203333333
2024-09-07 01:15:00,0.0,-1.618190928918554e-171,-24.316639571798934,0.6020000203333333
2024-09-07 01:20:00,0.0,-1.618190928918554e-171,-22.773443620408983,0.6020000203333333
2024-09-07 01:25:00,0.0,-1.618190928918554e-171,-20.969421901561752,0.6020000203333333
2024-09-07 01:30:00,0.0,-1.618190928918554e-171,-18.921123873165183,0.6020000203333333
2024-09-07 01:35:00,0.0,-1.618190928918554e-171,-16.648170311994537,0.6020000203333333
2024-09-07 01:40:00,0.0,-1.618190928918554e-171,-14.173068938338565,0.6020000203333333
2024-09-07 01:45:00,0.0,-1.618190928918554e-171,-11.520999227354823,0.6020000203333333
2024-09-07 01:50:00,0.0,-1.618190928918554e-171,-8.719567896342868,0.6020000203333333
2024-09-07 01:55:00,0.0,-1.618190928918554e-171,-5.7985370405720795,0.6020000203333333
2024-09-07 02:00:00,0.0,-1.618190928918554e-171,-2.7895269849908515,0.6020000203333333
2024-09-07 02:05:00,0.0,-1.618190928918554e-171,0.2743037244015201,0.6020000203333333
2024-09-07 02:10:00,0.0,-1.618190928918554e-171,3.3585987408254776,0.6020000203333333
2024-09-07 02:15:00,0.0,-1.618190928918554e-171,6.428161939140403,0.6020000203333333
2024-09-07 02:20:00,0.0,-1.618190928918554e-171,9.447330185896524,0.6020000203333333
2024-09-07 02:25:00,0.0,-1.618190928918554e-171,12.380357796772698,0.6020000203333333
2024-09-07 02:30:00,0.0,-1.618190928918554e-171,15.191809542023291,0.6020000203333333
2024-09-07 02:35:00,0.0,-1.618190928918554e-171,17.846958957109752,0.6020000203333333
2024-09-07 02:40:00,0.0,-1.618190928918554e-171,20.312188632634193,0.6020000203333333
2024-09-07 02:45:00,0.0,-1.618190928918554e-171,22.555389124914463,0.6020000203333333
2024-09-07 02:50:00,0.0,-1.618190928918554e-171,24.546353126358664,0.6020000203333333
2024-09-07 02:55:00,0.0,-1.618190928918554e-171,26.257161518474046,0.6020000203333333
2024-09-07 03:00:00,0.0,-1.618190928918554e-171,27.662557996870046,0.6020000203333333
2024-09-07 03:05:00,0.0,-1.618190928918554e-171,28.740308987444557,0.6020000203333333
2024-09-07 03:10:00,0.0,-1.618190928918554e-171,29.471545687830588,0.6020000203333333
2024-09-07 03:15:00,0.0,-1.618190928918554e-171,29.841085182491543,0.6020000203333333
2024-09-07 03:20:00,0.0,-1.618190928918554e-171,29.837727665823913,0.6020000203333333
2024-09-07 03:25:00,0.0,-1.618190928918554e-171,29.45452710103201,0.6020000203333333
2024-09-07 03:30:00,0.0,-1.618190928918554e-171,28.68903261469697,0.6020000203333333
2024-09-07 03:35:00,0.0,-1.618190928918554e-171,27.54349838018999,0.6020000203333333
2024-09-07 03:40:00,0.0,-1.618190928918554e-171,26.025059756122168,0.6020000203333333
2024-09-07 03:45:00,0.0,-1.618190928918554e-171,24.145873818878446,0.6020000203333333
2024-09-07 03:50:00,0.0,-1.618190928918554e-171,21.923222621349762,0.6020000203333333
2024-09-07 03:55:00,0.0,-1.618190928918554e-171,19.379577839655152,0.6020000203333333
2024-09-07 04:00:00,0.0,-1.618190928918554e-171,16.542625681384237,0.6020000203333333
2024-09-07 04:05:00,0.0,-1.618190928918554e-171,13.445251291754214,0.6020000203333333
2024-09-07 04:10:00,0.0,-1.618190928918554e-171,10.125482164473864,0.6020000203333333
2024-09-07 04:15:00,0.0,-1.618190928918554e-171,6.626390362033404,0.6020000203333333
2024-09-07 04:20:00,0.0,-1.618190928918554e-171,2.995953723126998,0.6020000203333333
2024-09-07 04:25:00,0.0,-1.618190928918554e-171,-0.7131235714996272,0.6020000203333333
2024-09-07 04:30:00,0.0,-1.618190928918554e-171,-4.443630225283632,0.6020000203333333
2024-09-07 04:35:00,0.0,-1.618190928918554e-171,-8.134105866134709,0.6020000203333333
2024-09-07 04:40:00,0.0,-1.618190928918554e-171,-11.719136473266774,0.6020000203333333
2024-09-07 04:45:00,0.0,-1.618190928918554e-171,-15.129685577513849,0.6020000203333333
2024-09-07 04:50:00,0.0,-1.618190928918554e-171,-18.293459235447724,0.6020000203333333
2024-09-07 04:55:00,0.0,-1.618190928918554e-171,-21.13530263749845,0.6020000203333333
2024-09-07 05:00:00,0.0,-1.618190928918554e-171,-23.577625840048807,0.6020000203333333
2024-09-07 05:05:00,0.0,-1.618190928918554e-171,-25.54085591871828,0.6020000203333333
2024-09-07 05:10:00,0.0,-1.618190928918554e-171,-26.943912652489516,0.6020000203333333
2024-09-07 05:15:00,0.0,-1.618190928918554e-171,-27.704704593360727,0.6020000203333333
2024-09-07 05:20:00,0.0,-1.618190928918554e-171,-27.740642243048356,0.6020000203333333
2024-09-07 05:25:00,0.0,-1.618190928918554e-171,-26.96916487286962,0.6020000203333333
2024-09-07 05:30:00,0.0,-1.618190928918554e-171,-25.30827743684774,0.6020000203333333
2024-09-07 05:35:00,0.0,-1.618190928918554e-171,-22.67709388202743,0.6020000203333333
2024-09-07 05:40:00,0.0,-1.618190928918554e-171,-18.99638311422498,0.6020000203333333
2024-09-07 05:45:00,0.0,-1.618190928918554e-171,-14.18911379900358,0.6020000203333333
2024-09-07 05:50:00,0.0,-1.618190928918554e-171,-8.180994223002974,0.6020000203333333
2024-09-07 05:55:00,0.0,-1.618190928918554e-171,-0.9010033409847875,0.6020000203333333
2024-09-07 06:00:00,0.0,-1.618190928918554e-171,7.718090708074259,11.382557288920635
2024-09-07 06:05:00,0.0,-1.618190928918554e-171,17.739228388521084,11.382557288920635
2024-09-07 06:10:00,0.0,-1.618190928918554e-171,29.220576440353742,11.382557288920635
2024-09-07 06:15:00,0.0,-1.618190928918554e-171,42.215068953196884,11.382557288920635
2024-09-07 06:20:00,0.0,-1.618190928918554e-171,56.769975257610895,11.382557288920635
2024-09-07 06:25:00,0.0,-1.618190928918554e-171,72.9264976719503,11.062557288920635
2024-09-07 06:30:00,0.0,-1.618190928918554e-171,90.71940241438087,11.062557288920635
2024-09-07 06:35:00,0.0,-1.618190928918554e-171,110.17668601131372,11.062557288920635
2024-09-07 06:40:00,0.0,-1.618190928918554e-171,131.31928024052544,11.062557288920635
2024-09-07 06:45:00,0.0,-1.618190928918554e-171,154.16079754846606,11.46700173336508
2024-09-07 06:50:00,0.0,-1.618190928918554e-171,178.70731920773636,11.46700173336508
2024-09-07 06:55:00,0.0,-1.618190928918554e-171,204.95722767218214,11.46700173336508
2024-09-07 07:00:00,0.0,-1.618190928918554e-171,232.90108488460928,151.8275988638504
2024-09-07 07:05:00,0.0,-1.618190928918554e-171,262.52155742591077,148.04360314668483
2024-09-07 07:10:00,0.0,-1.618190928918554e-171,293.79338934598036,148.04360314668483
2024-09-07 07:15:00,0.0,-1.618190928918554e-171,326.6834233954896,148.04360314668483
2024-09-07 07:20:00,0.0,-1.618190928918554e-171,361.1506701172954,148.04360314668483
2024-09-07 07:25:00,0.0,-1.618190928918554e-171,397.1464256070006,158.02873651256994
2024-09-07 07:30:00,0.0,-1.618190928918554e-171,434.614436384476,158.02873651256994
2024-09-07 07:35:00,69.5,-1.618190928918554e-171,473.49111131339413,158.07609205131277
2024-09-07 07:40:00,69.75,-1.618190928918554e-171,513.7057788384207,159.6325429383033
2024-09-07 07:45:00,69.83333588,-1.618190928918554e-171,555.1809883406399,162.33573363700327
2024-09-07 07:50:00,75.19999695,-1.618190928918554e-171,597.8328537165958,162.33573363700327
2024-09-07 07:55:00,71.96666718,-1.618190928918554e-171,641.5714367884345,166.46237289664768
2024-09-07 08:00:00,72.23332977,-1.618190928918554e-171,686.301168928087,287.98426053015766
2024-09-07 08:05:00,135.6000061,-1.618190928918554e-171,731.9213069810104,287.98426053015766
2024-09-07 08:10:00,189.6000061,-1.618190928918554e-171,778.3264219395767,287.98426053015766
2024-09-07 08:15:00,252.8999939,-1.618190928918554e-171,825.4069163039416,248.7494095093382
2024-09-07 08:20:00,249.9000092,-1.618190928918554e-171,873.0495671295306,248.7494095093382
2024-09-07 08:25:00,249.0666504,-1.618190928918554e-171,921.1380913551784,235.21731404139524
2024-09-07 08:30:00,288.2000122,-1.618190928918554e-171,969.5537293472383,235.21731404139524
2024-09-07 08:35:00,379.5,-1.618190928918554e-171,1018.1758433288743,239.76740813278585
2024-09-07 08:40:00,330.3333435,-1.618190928918554e-171,1066.8825264979232,239.76740813278585
2024-09-07 08:45:00,347.8666687,-1.618190928918554e-171,1115.551219176198,274.7949986829135
2024-09-07 08:50:00,313.3999939,-1.618190928918554e-171,1164.0593271564828,274.7949986829135
2024-09-07 08:55:00,302.5,-1.618190928918554e-171,1212.284839566091,292.74968206474205
2024-09-07 09:00:00,279.0,-1.618190928918554e-171,1260.1069408133005,292.1670844596071
2024-09-07 09:05:00,274.3000183,-1.618190928918554e-171,1307.406613672309,297.1532928733166
2024-09-07 09:10:00,261.8666687,-1.618190928918554e-171,1354.0672290298774,299.8500501595972
2024-09-07 09:15:00,254.3999786,-1.618190928918554e-171,1399.9751186451826,313.2820756328447
2024-09-07 09:20:00,387.8999939,-1.618190928918554e-171,1445.0201273581713,362.64849582014085
2024-09-07 09:25:00,413.1000061,-1.618190928918554e-171,1489.0961407549107,371.5486754831026
2024-09-07 09:30:00,475.3999939,-1.618190928918554e-171,1532.1015857548666,371.214896147432
2024-09-07 09:35:00,747.9000244,-1.618190928918554e-171,1573.9398997580397,363.15827315678274
2024-09-07 09:40:00,721.4000244,-1.618190928918554e-171,1614.5199666539318,361.2144895467637
2024-09-07 09:45:00,712.5333862,-1.618190928918554e-171,1653.7565161197065,361.15181453142696
2024-09-07 09:50:00,694.8499756,-1.618190928918554e-171,1691.5704840807189,385.249154255879
2024-09-07 09:55:00,577.5,-1.618190928918554e-171,1727.889332256585,416.34934763267194
2024-09-07 10:00:00,497.0999756,-1.618190928918554e-171,1762.6473245370976,429.5940818835408
2024-09-07 10:05:00,469.9333496,-1.618190928918554e-171,1795.7857591327752,429.5940818835408
2024-09-07 10:10:00,490.7999878,-1.618190928918554e-171,1827.2531548213333,423.1239074681075
2024-09-07 10:15:00,468.3666687,-1.618190928918554e-171,1857.0053907595657,424.50962423947414
2024-09-07 10:20:00,468.3999939,-1.618190928918554e-171,1885.0057986261463,395.0322415706901
2024-09-07 10:25:00,616.2000122,-1.618190928918554e-171,1911.225207640905,398.2356497258861
2024-09-07 10:30:00,686.5999756,-1.618190928918554e-171,1935.6419420133916,384.2494298679011
2024-09-07 10:35:00,776.5,-1.618190928918554e-171,1958.2417712153851,379.3143930870125
2024-09-07 10:40:00,1482.099976,-1.618190928918554e-171,1979.0178141270965,379.5827791835098
2024-09-07 10:45:00,1358.75,-1.618190928918554e-171,1997.970397834675,379.94288433470086
2024-09-07 10:50:00,1332.033325,-1.618190928918554e-171,2015.106872637664,379.46758790736754
2024-09-07 10:55:00,1421.900024,-1.618190928918554e-171,2030.4413847204169,380.1890164472883
2024-09-07 11:00:00,1316.333374,-1.618190928918554e-171,2043.9946088298639,409.99960493651497
2024-09-07 11:05:00,2031.599976,-1.618190928918554e-171,2055.793442703068,409.99960493651497
2024-09-07 11:10:00,2033.050049,-1.618190928918554e-171,2065.870666248872,409.81099945597043
2024-09-07 11:15:00,2035.833374,-1.618190928918554e-171,2074.2645678881686,409.81099945597043
2024-09-07 11:20:00,2041.466675,-1.618190928918554e-171,2081.0185411432553,423.23172071297927
2024-09-07 11:25:00,2048.0,-1.618190928918554e-171,2086.1806546308167,423.23172071297927
2024-09-07 11:30:00,2051.300049,-1.618190928918554e-171,2089.8031987329377,425.5349850226238
2024-09-07 11:35:00,2059.550049,-1.618190928918554e-171,2091.942212496717,425.5349850226238
2024-09-07 11:40:00,1723.099976,-1.618190928918554e-171,2092.656994299682,425.5349850226238
2024-09-07 11:45:00,1742.866699,-1.618190928918554e-171,2092.0096000097546,425.51721786185715
2024-09-07 11:50:00,1581.800049,-1.618190928918554e-171,2090.0643323359823,425.51721786185715
2024-09-07 11:55:00,2058.899902,-1.618190928918554e-171,2086.88722529525,420.5040958526071
2024-09-07 12:00:00,2056.849854,-1.618190928918554e-171,2082.5455274120113,428.7198094149513
2024-09-07 12:05:00,2056.166748,-1.618190928918554e-171,2077.1071876351684,428.7198094149513
2024-09-07 12:10:00,2054.833252,-1.618190928918554e-171,2070.64034757479,429.1233832608402
2024-09-07 12:15:00,1986.033325,-1.618190928918554e-171,2063.2128438037935,429.1233832608402
2024-09-07 12:20:00,1823.966675,-1.618190928918554e-171,2054.891723739334,422.5388280476609
2024-09-07 12:25:00,1708.5,-1.618190928918554e-171,2045.742778653512,422.5388280476609
2024-09-07 12:30:00,2060.0,-1.618190928918554e-171,2035.8300969292986,418.4635631473816
2024-09-07 12:35:00,2058.800049,-1.618190928918554e-171,2025.2156408929548,431.6986120982524
2024-09-07 12:40:00,2057.233398,-1.618190928918554e-171,2013.9588500033026,480.8386271980978
2024-09-07 12:45:00,2054.766846,-1.618190928918554e-171,2002.1162730756162,468.9375592576791
2024-09-07 12:50:00,2052.93335,-1.618190928918554e-171,1989.7412321973004,469.1097814121236
2024-09-07 12:55:00,2053.100098,-1.618190928918554e-171,1976.8835202615376,437.87628579262537
2024-09-07 13:00:00,2053.833252,-1.618190928918554e-171,1963.5891343783271,425.96032975303353
2024-09-07 13:05:00,2054.600098,-1.618190928918554e-171,1949.9000465403356,406.857864146487
2024-09-07 13:10:00,2055.733398,-1.618190928918554e-171,1935.854013097536,411.2460076228813
2024-09-07 13:15:00,2057.233398,-1.618190928918554e-171,1921.4844239119357,400.9812247842432
2024-09-07 13:20:00,2060.399902,-1.618190928918554e-171,1906.8201922634769,455.9759753870864
2024-09-07 13:25:00,2050.533447,-1.618190928918554e-171,1891.8856855358692,456.24209735490535
2024-09-07 13:30:00,2040.533203,-1.618190928918554e-171,1876.7006970402301,462.85071763246395
2024-09-07 13:35:00,2028.633423,-1.618190928918554e-171,1861.2804588380532,440.01833043520526
2024-09-07 13:40:00,2039.933228,-1.618190928918554e-171,1845.6356947885238,428.1434029924095
2024-09-07 13:45:00,2049.56665,-1.618190928918554e-171,1829.7727132812329,416.54540654973937
2024-09-07 13:50:00,2047.133301,-1.618190928918554e-171,1813.693538324573,415.5659394186639
2024-09-07 13:55:00,2032.366699,-1.618190928918554e-171,1797.396077688466,422.71691343189235
2024-09-07 14:00:00,2013.566772,-1.618190928918554e-171,1780.8743263871388,554.6815550586467
2024-09-07 14:05:00,2026.133423,-1.618190928918554e-171,1764.1186035180442,635.5754308838672
2024-09-07 14:10:00,2042.133423,-1.618190928918554e-171,1747.1158203144644,682.1717515953089
2024-09-07 14:15:00,2063.533447,-1.618190928918554e-171,1729.849776867846,758.9043650614046
2024-09-07 14:20:00,2065.199951,-1.618190928918554e-171,1712.3014849950716,691.653888685485
2024-09-07 14:25:00,1963.266602,-1.618190928918554e-171,1694.449514284842,662.791150942802
2024-09-07 14:30:00,1960.599976,-1.618190928918554e-171,1676.270358505642,660.593415266802
2024-09-07 14:35:00,1959.233398,-1.618190928918554e-171,1657.7388189932276,653.4188636692076
2024-09-07 14:40:00,2059.133301,-1.618190928918554e-171,1638.8284019430894,648.1364961582118
2024-09-07 14:45:00,2060.5,-1.618190928918554e-171,1619.5117260343563,695.6698804743392
2024-09-07 14:50:00,1929.0,-1.618190928918554e-171,1599.7609373305881,654.4228550508876
2024-09-07 14:55:00,1863.549927,-1.618190928918554e-171,1579.5481275087232,646.6406323203321
2024-09-07 15:00:00,1458.849976,-1.618190928918554e-171,1558.845752219724,618.9618971939788
2024-09-07 15:05:00,1179.949951,-1.618190928918554e-171,1537.6270461593547,603.6082446740626
2024-09-07 15:10:00,936.9666138,-1.618190928918554e-171,1515.866431176689,603.6082446740626
2024-09-07 15:15:00,836.3999634,-1.618190928918554e-171,1493.5399142505003,845.7625704321987
2024-09-07 15:20:00,817.4666138,-1.618190928918554e-171,1470.6254719977806,852.3576769014728
2024-09-07 15:25:00,796.5,-1.618190928918554e-171,1447.1034184776818,881.3458813981712
2024-09-07 15:30:00,905.7999878,-1.618190928918554e-171,1422.956753460681,922.6223313090417
2024-09-07 15:35:00,856.6999512,-1.618190928918554e-171,1398.171488095932,912.1311855208344
2024-09-07 15:40:00,844.2333374,-1.618190928918554e-171,1372.7369454973475,966.2438383474638
2024-09-07 15:45:00,768.9333496,-1.618190928918554e-171,1346.6460336009916,990.5577644474765
2024-09-07 15:50:00,706.9333496,-1.618190928918554e-171,1319.8954882118649,986.525597820143
2024-09-07 15:55:00,681.000061,-1.618190928918554e-171,1292.4860841845564,987.2606983080335
2024-09-07 16:00:00,682.2000122,-1.618190928918554e-171,1264.4228129052053,962.7916688434154
2024-09-07 16:05:00,679.0333862,-1.618190928918554e-171,1235.7150248637545,983.905435582493
2024-09-07 16:10:00,682.333313,-1.618190928918554e-171,1206.3765358174337,985.5052858837597
2024-09-07 16:15:00,675.833313,-1.618190928918554e-171,1176.425695649202,937.0113159866838
2024-09-07 16:20:00,670.166687,-1.618190928918554e-171,1145.885419829889,985.8872365445746
2024-09-07 16:25:00,649.6333008,-1.618190928918554e-171,1114.7831823797421,991.8274314290413
2024-09-07 16:30:00,638.4333496,-1.618190928918554e-171,1083.1509708175943,982.5817747189375
2024-09-07 16:35:00,597.6000366,-1.618190928918554e-171,1051.025203433942,982.5817747189375
2024-09-07 16:40:00,1306.900024,-1.618190928918554e-171,1018.4466091198481,987.4264767872044
2024-09-07 16:45:00,1264.050049,-1.618190928918554e-171,985.4600709211743,942.5884217639842
2024-09-07 16:50:00,1234.266724,-1.618190928918554e-171,952.114434382746,905.5394927665324
2024-09-07 16:55:00,1153.333374,-1.618190928918554e-171,918.4622820310052,884.6267058933656
2024-09-07 17:00:00,1077.333252,-1.618190928918554e-171,884.5596759083368,200.97010100086368
2024-09-07 17:05:00,991.833313,-1.618190928918554e-171,850.4658698513905,202.33776100031554
2024-09-07 17:10:00,917.333313,-1.618190928918554e-171,816.2429939676289,203.12383659764885
2024-09-07 17:15:00,848.9333496,-1.618190928918554e-171,781.955713392277,1048.5772886338527
2024-09-07 17:20:00,786.5666504,-1.618190928918554e-171,747.6708641966102,1069.9629946539749
2024-09-07 17:25:00,734.7666626,-1.618190928918554e-171,713.4570691124541,1070.413067559127
2024-09-07 17:30:00,677.6000366,-1.618190928918554e-171,679.384335894686,1060.7177190263656
2024-09-07 17:35:00,619.166687,-1.618190928918554e-171,645.5236417139797,1030.867751347337
2024-09-07 17:40:00,567.9000244,-1.618190928918554e-171,611.9465063521757,1029.0549355858689
2024-09-07 17:45:00,510.8333435,-1.618190928918554e-171,578.7245575272015,1032.463867890215
2024-09-07 17:50:00,458.1000061,-1.618190928918554e-171,545.9290921625819,1034.6593119416593
2024-09-07 17:55:00,409.3333435,-1.618190928918554e-171,513.6306361497225,1030.376156605365
2024-09-07 18:00:00,391.3500366,-1.618190928918554e-171,481.89850653755093,1002.6634702430097
2024-09-07 18:05:00,345.1000061,-1.618190928918554e-171,450.8003792051169,1015.3875881435098
2024-09-07 18:10:00,261.7000122,-1.618190928918554e-171,420.4018655713819,279.9107956493136
2024-09-07 18:15:00,191.25,-1.618190928918554e-171,390.7661011942915,287.5942447335146
2024-09-07 18:20:00,142.6499939,-1.618190928918554e-171,361.95334969386164,285.0912878005132
2024-09-07 18:25:00,107.5666733,-1.618190928918554e-171,334.02062478686884,287.12263177089915
2024-09-07 18:30:00,94.59999847,-1.618190928918554e-171,307.02133350827194,284.5838344473209
2024-09-07 18:35:00,89.94999695,-1.618190928918554e-171,281.0049431032789,300.68041057044996
2024-09-07 18:40:00,74.6499939,-1.618190928918554e-171,256.0166742865292,305.68342354135115
2024-09-07 18:45:00,60.15000534,-1.618190928918554e-171,232.09722298974648,290.44188870191596
2024-09-07 18:50:00,46.80000305,-1.618190928918554e-171,209.28251284080687,285.99051781837983
2024-09-07 18:55:00,34.34999847,-1.618190928918554e-171,187.60348018531568,240.60234226856656
2024-09-07 19:00:00,24.15000153,-1.618190928918554e-171,167.08589313527276,17.060302828308576
2024-09-07 19:05:00,17.29999924,-1.618190928918554e-171,147.75020623686012,14.305300708920477
2024-09-07 19:10:00,13.33333302,-1.618190928918554e-171,129.6114515273294,11.019545253571346
2024-09-07 19:15:00,12.53333378,-1.618190928918554e-171,112.67916684461835,11.801222569214442
2024-09-07 19:20:00,0.0,-1.618190928918554e-171,96.9573621657951,43.62890515025724
2024-09-07 19:25:00,0.0,-1.618190928918554e-171,82.44452368921371,11.41837072700333
2024-09-07 19:30:00,0.0,-1.618190928918554e-171,69.13365596550182,10.567449516121505
2024-09-07 19:35:00,0.0,-1.618190928918554e-171,57.012361484490256,20.674300098277183
2024-09-07 19:40:00,0.0,-1.618190928918554e-171,46.06295724953784,17.386088467046438
2024-09-07 19:45:00,0.0,-1.618190928918554e-171,36.26262712109512,12.811649386156668
2024-09-07 19:50:00,0.0,-1.618190928918554e-171,27.58360901223942,12.579871609023336
2024-09-07 19:55:00,0.0,-1.618190928918554e-171,19.99341518049677,10.237050754327061
2024-09-07 20:00:00,0.0,-1.618190928918554e-171,13.455084106835582,0.3000185257444445
2024-09-07 20:05:00,0.0,-1.618190928918554e-171,7.927461869182586,0.3000185257444445
2024-09-07 20:10:00,0.0,-1.618190928918554e-171,3.3655107965016064,0.3000185257444445
2024-09-07 20:15:00,0.0,-1.618190928918554e-171,-0.2793568753082724,0.3000185257444445
2024-09-07 20:20:00,0.0,-1.618190928918554e-171,-3.0589230560335747,0.3000185257444445
2024-09-07 20:25:00,0.0,-1.618190928918554e-171,-5.027788228657838,0.3679391633539683
2024-09-07 20:30:00,0.0,-1.618190928918554e-171,-6.242979191445934,0.47986509700952384
2024-09-07 20:35:00,0.0,-1.618190928918554e-171,-6.763543054654278,0.5286428711428571
2024-09-07 20:40:00,0.0,-1.618190928918554e-171,-6.650130750127401,0.4350873190095238
2024-09-07 20:45:00,0.0,-1.618190928918554e-171,-5.964573021931828,0.4350873190095238
2024-09-07 20:50:00,0.0,-1.618190928918554e-171,-4.7694523434515785,0.4350873190095238
2024-09-07 20:55:00,0.0,-1.618190928918554e-171,-3.1276738643697444,0.4350873190095238
2024-09-07 21:00:00,0.0,-1.618190928918554e-171,-1.1020387078608926,0.0
2024-09-07 21:05:00,0.0,-1.618190928918554e-171,1.2451771811885806,0.0
2024-09-07 21:10:00,0.0,-1.618190928918554e-171,3.8526354621695553,0.0
2024-09-07 21:15:00,0.0,-1.618190928918554e-171,6.66033601223709,0.0
2024-09-07 21:20:00,0.0,-1.618190928918554e-171,9.61000273662954,0.0
2024-09-07 21:25:00,0.0,-1.618190928918554e-171,12.645451706508085,0.0
2024-09-07 21:30:00,0.0,-1.618190928918554e-171,15.712938945087057,0.0
2024-09-07 21:35:00,0.0,-1.618190928918554e-171,18.76148522417801,0.0
2024-09-07 21:40:00,0.0,-1.618190928918554e-171,21.74317564109452,0.0
2024-09-07 21:45:00,0.0,-1.618190928918554e-171,24.613431710672838,0.0
2024-09-07 21:50:00,0.0,-1.618190928918554e-171,27.331254110015248,0.0
2024-09-07 21:55:00,0.0,-1.618190928918554e-171,29.85943435758454,0.0
2024-09-07 22:00:00,0.0,-1.618190928918554e-171,32.16473400071904,0.0
2024-09-07 22:05:00,0.0,-1.618190928918554e-171,34.21803011354611,0.0
2024-09-07 22:10:00,0.0,-1.618190928918554e-171,35.99442622552801,0.0
2024-09-07 22:15:00,0.0,-1.618190928918554e-171,37.47332804423507,0.0
2024-09-07 22:20:00,0.0,-1.618190928918554e-171,38.63848359373997,0.0
2024-09-07 22:25:00,0.0,-1.618190928918554e-171,39.477987763667706,0.0
2024-09-07 22:30:00,0.0,-1.618190928918554e-171,39.984251447511205,0.0
2024-09-07 22:35:00,0.0,-1.618190928918554e-171,40.15393579530886,0.0
2024-09-07 22:40:00,0.0,-1.618190928918554e-171,39.987852360106,0.0
2024-09-07 22:45:00,0.0,-1.618190928918554e-171,39.49083019860655,0.0
2024-09-07 22:50:00,0.0,-1.618190928918554e-171,38.67155124320281,0.0
2024-09-07 22:55:00,0.0,-1.618190928918554e-171,37.54235552382677,0.0
2024-09-07 23:00:00,0.0,-1.618190928918554e-171,36.119018034186304,0.0
2024-09-07 23:05:00,0.0,-1.618190928918554e-171,34.420499328427944,0.0
2024-09-07 23:10:00,0.0,-1.618190928918554e-171,32.46867201257318,0.0
2024-09-07 23:15:00,0.0,-1.618190928918554e-171,30.288025671124792,0.0
2024-09-07 23:20:00,0.0,-1.618190928918554e-171,27.905352752271785,0.0
2024-09-07 23:25:00,0.0,-1.618190928918554e-171,25.349418219792057,0.0
2024-09-07 23:30:00,0.0,-1.618190928918554e-171,22.650615847701605,0.0
2024-09-07 23:35:00,0.0,-1.618190928918554e-171,19.840614145722455,0.0
2024-09-07 23:40:00,0.0,-1.618190928918554e-171,16.951995015252404,0.0
2024-09-07 23:45:00,0.0,-1.618190928918554e-171,14.01788820563995,0.14407407977777778
2024-09-07 23:50:00,0.0,-1.618190928918554e-171,11.0716048658622,0.14407407977777778
2024-09-07 23:55:00,0.0,-1.618190928918554e-171,8.146273157736207,937.5580052930314
2024-09-08 00:00:00,0.0,-1.618190928918554e-171,5.2744793260599065,0.7685555436666667
2024-09-08 00:05:00,0.0,-1.618190928918554e-171,2.4879170816264837,0.7685555436666667
2024-09-08 00:10:00,0.0,-1.618190928918554e-171,-0.18295143240430062,0.7685555436666667
2024-09-08 00:15:00,0.0,-1.618190928918554e-171,-2.70922032878504,0.7685555436666667
2024-09-08 00:20:00,0.0,-1.618190928918554e-171,-5.06384739357227,0.7685555436666667
2024-09-08 00:25:00,0.0,-1.618190928918554e-171,-7.221941582365668,0.7685555436666667
2024-09-08 00:30:00,0.0,-1.618190928918554e-171,-9.161028070229278,0.7685555436666667
2024-09-08 00:35:00,0.0,-1.618190928918554e-171,-10.861288501930222,0.7685555436666667
2024-09-08 00:40:00,0.0,-1.618190928918554e-171,-12.305774351277979,0.7685555436666667
2024-09-08 00:45:00,0.0,-1.618190928918554e-171,-13.48059136625071,0.7685555436666667
2024-09-08 00:50:00,0.0,-1.618190928918554e-171,-14.375053601411565,0.7685555436666667
2024-09-08 00:55:00,0.0,-1.618190928918554e-171,-14.981805364388174,0.7685555436666667
2024-09-08 01:00:00,0.0,-1.618190928918554e-171,-15.296910166089386,0.7685555436666667
2024-09-08 01:05:00,0.0,-1.618190928918554e-171,-15.319905537147337,0.7685555436666667
2024-09-08 01:10:00,0.0,-1.618190928918554e-171,-15.053823275952098,0.7685555436666667
2024-09-08 01:15:00,0.0,-1.618190928918554e-171,-14.505174678848203,0.7685555436666667
2024-09-08 01:20:00,0.0,-1.618190928918554e-171,-13.683900781747623,0.7685555436666667
2024-09-08 01:25:00,0.0,-1.618190928918554e-171,-12.603287805502942,0.7685555436666667
2024-09-08 01:30:00,0.0,-1.618190928918554e-171,-11.279848378625406,0.7685555436666667
2024-09-08 01:35:00,0.0,-1.618190928918554e-171,-9.73316934228802,0.7685555436666667
2024-09-08 01:40:00,0.0,-1.618190928918554e-171,-7.985727235281139,0.7685555436666667
2024-09-08 01:45:00,0.0,-1.618190928918554e-171,-6.062672875672071,0.7685555436666667
2024-09-08 01:50:00,0.0,-1.618190928918554e-171,-3.9915865892830835,0.7685555436666667
2024-09-08 01:55:00,0.0,-1.618190928918554e-171,-1.8022061021390685,0.8954444717777779
2024-09-08 02:00:00,0.0,-1.618190928918554e-171,0.47387092498567907,1.2026667073333335
2024-09-08 02:05:00,0.0,-1.618190928918554e-171,2.8035072204530977,1.2026667073333335
2024-09-08 02:10:00,0.0,-1.618190928918554e-171,5.15236666685568,0.6020000203333333
2024-09-08 02:15:00,0.0,-1.618190928918554e-171,7.485272675820869,0.6020000203333333
2024-09-08 02:20:00,0.0,-1.618190928918554e-171,9.76658133305798,0.6020000203333333
2024-09-08 02:25:00,0.0,-1.618190928918554e-171,11.960566245955638,0.6020000203333333
2024-09-08 02:30:00,0.0,-1.618190928918554e-171,14.03181194241779,0.6020000203333333
2024-09-08 02:35:00,0.0,-1.618190928918554e-171,15.945612583407694,0.6020000203333333
2024-09-08 02:40:00,0.0,-1.618190928918554e-171,17.668372644842677,0.6020000203333333
2024-09-08 02:45:00,0.0,-1.618190928918554e-171,19.168006242715972,0.6020000203333333
2024-09-08 02:50:00,0.0,-1.618190928918554e-171,20.41433168666228,0.6020000203333333
2024-09-08 02:55:00,0.0,-1.618190928918554e-171,21.379457930375494,0.6020000203333333
2024-09-08 03:00:00,0.0,-1.618190928918554e-171,22.038159565721156,0.6020000203333333
2024-09-08 03:05:00,0.0,-1.618190928918554e-171,22.368237103464512,0.6020000203333333
2024-09-08 03:10:00,0.0,-1.618190928918554e-171,22.350859355689405,0.6020000203333333
2024-09-08 03:15:00,0.0,-1.618190928918554e-171,21.970884865925083,0.6020000203333333
2024-09-08 03:20:00,0.0,-1.618190928918554e-171,21.217159450495487,0.6020000203333333
2024-09-08 03:25:00,0.0,-1.618190928918554e-171,20.082787095307328,0.6020000203333333
2024-09-08 03:30:00,0.0,-1.618190928918554e-171,18.565371623061118,0.6020000203333333
2024-09-08 03:35:00,0.0,-1.618190928918554e-171,16.66722676343445,0.6020000203333333
2024-09-08 03:40:00,0.0,-1.618190928918554e-171,14.395552476560301,0.6020000203333333
2024-09-08 03:45:00,0.0,-1.618190928918554e-171,11.762575609630487,0.6020000203333333
2024-09-08 03:50:00,0.0,-1.618190928918554e-171,8.785653280523018,0.6020000203333333
2024-09-08 03:55:00,0.0,-1.618190928918554e-171,5.487337562160434,0.6020000203333333
2024-09-08 04:00:00,0.0,-1.618190928918554e-171,1.8954004251515018,0.6020000203333333
2024-09-08 04:05:00,0.0,-1.618190928918554e-171,-1.9571818922695654,0.6020000203333333
2024-09-08 04:10:00,0.0,-1.618190928918554e-171,-6.032285513344556,0.6020000203333333
2024-09-08 04:15:00,0.0,-1.618190928918554e-171,-10.286736823344377,0.6020000203333333
2024-09-08 04:20:00,0.0,-1.618190928918554e-171,-14.672451404190205,0.6020000203333333
2024-09-08 04:25:00,0.0,-1.618190928918554e-171,-19.13661364432271,0.6020000203333333
2024-09-08 04:30:00,0.0,-1.618190928918554e-171,-23.621896210921406,0.6020000203333333
2024-09-08 04:35:00,0.0,-1.618190928918554e-171,-28.066718339882996,0.6020000203333333
2024-09-08 04:40:00,0.0,-1.618190928918554e-171,-32.4055415911427,0.6020000203333333
2024-09-08 04:45:00,0.0,-1.618190928918554e-171,-36.56920135040331,0.6020000203333333
2024-09-08 04:50:00,0.0,-1.618190928918554e-171,-40.48527221567091,0.6020000203333333
2024-09-08 04:55:00,0.0,-1.618190928918554e-171,-44.07846498976054,0.6020000203333333
2024-09-08 05:00:00,0.0,-1.618190928918554e-171,-47.27105287782448,0.6020000203333333
2024-09-08 05:05:00,0.0,-1.618190928918554e-171,-49.98332405159757,0.6020000203333333
2024-09-08 05:10:00,0.0,-1.618190928918554e-171,-52.13405788646473,0.6020000203333333
2024-09-08 05:15:00,0.0,-1.618190928918554e-171,-53.641021484610796,0.6020000203333333
2024-09-08 05:20:00,0.0,-1.618190928918554e-171,-54.42148340496431,0.6020000203333333
2024-09-08 05:25:00,0.0,-1.618190928918554e-171,-54.3927410200588,0.6020000203333333
2024-09-08 05:30:00,0.0,-1.618190928918554e-171,-53.47265797294247,0.6020000203333333
2024-09-08 05:35:00,0.0,-1.618190928918554e-171,-51.580208045918,0.6020000203333333
2024-09-08 05:40:00,0.0,-1.618190928918554e-171,-48.63602168281889,0.6020000203333333
2024-09-08 05:45:00,0.0,-1.618190928918554e-171,-44.56293135974986,0.6020000203333333
2024-09-08 05:50:00,0.0,-1.618190928918554e-171,-39.28651196830701,0.6020000203333333
2024-09-08 05:55:00,0.0,-1.618190928918554e-171,-32.735612456685686,0.6020000203333333
2024-09-08 06:00:00,0.0,-1.618190928918554e-171,-24.842874818542505,11.062557288920635
2024-09-08 06:05:00,0.0,-1.618190928918554e-171,-15.545236874601171,11.062557288920635
2024-09-08 06:10:00,0.0,-1.618190928918554e-171,-4.784415036825197,11.062557288920635
2024-09-08 06:15:00,0.0,-1.618190928918554e-171,7.492636249331787,11.062557288920635
2024-09-08 06:20:00,0.0,-1.618190928918554e-171,21.333291948464115,11.062557288920635
2024-09-08 06:25:00,0.0,-1.618190928918554e-171,36.77885381420985,11.062557288920635
2024-09-08 06:30:00,0.0,-1.618190928918554e-171,53.864180885231896,11.062557288920635
2024-09-08 06:35:00,0.0,-1.618190928918554e-171,72.61735556685329,11.062557288920635
2024-09-08 06:40:00,0.0,-1.618190928918554e-171,93.05938824689403,11.062557288920635
2024-09-08 06:45:00,0.0,-1.618190928918554e-171,115.20396252770216,11.062557288920635
2024-09-08 06:50:00,65.19999695,-1.618190928918554e-171,139.0572230186895,11.062557288920635
2024-09-08 06:55:00,84.69999695,-1.618190928918554e-171,164.6176076563619,11.062557288920635
2024-09-08 07:00:00,136.1000061,-1.618190928918554e-171,191.8757258243173,208.5699570428491
2024-09-08 07:05:00,159.3000031,-1.618190928918554e-171,220.8142833979777,207.19856841345228
2024-09-08 07:10:00,191.1000061,-1.618190928918554e-171,251.4080556622607,207.19856841345228
2024-09-08 07:15:00,218.1000061,-1.618190928918554e-171,283.623908321424,207.19856841345228
2024-09-08 07:20:00,272.1000061,-1.618190928918554e-171,317.420866982882,207.19856841345228
2024-09-08 07:25:00,301.8999939,-1.618190928918554e-171,352.7502346935775,207.19856841345228
2024-09-08 07:30:00,333.5,-1.618190928918554e-171,389.5557572422582,207.19856841345228
2024-09-08 07:35:00,448.5,-1.618190928918554e-171,427.7738351147522,207.19856841345228
2024-09-08 07:40:00,513.2999878,-1.618190928918554e-171,467.3337811515064,207.19856841345228
2024-09-08 07:45:00,480.8999939,-1.618190928918554e-171,508.15812205405985,207.19856841345228
2024-09-08 07:50:00,501.5333252,-1.618190928918554e-171,550.1629423039736,207.19856841345228
2024-09-08 07:55:00,772.2000122,-1.618190928918554e-171,593.2582681173322,207.19856841345228
2024-09-08 08:00:00,721.999939,-1.618190928918554e-171,637.3484893400597,899.8971006719984
2024-09-08 08:05:00,705.2666626,-1.618190928918554e-171,682.3328159010983,899.8971006719984
2024-09-08 08:10:00,911.0,-1.618190928918554e-171,728.1057669221717,911.2700632947119
2024-09-08 08:15:00,980.9000244,-1.618190928918554e-171,774.5576887322667,906.5790727090581
2024-09-08 08:20:00,1172.0,-1.618190928918554e-171,821.5752982987748,900.3128740727582
2024-09-08 08:25:00,1076.433228,-1.618190928918554e-171,869.0422491429833,874.4041790966999
2024-09-08 08:30:00,1105.06665,-1.618190928918554e-171,916.8397155867411,875.810083521938
2024-09-08 08:35:00,1026.133423,-1.618190928918554e-171,964.8469916905628,739.1798365534248
2024-09-08 08:40:00,1248.099976,-1.618190928918554e-171,1012.9421011135314,747.3029926414248
2024-09-08 08:45:00,1341.5,-1.618190928918554e-171,1061.002413568319,739.6648417731487
2024-09-08 08:50:00,1307.5,-1.618190928918554e-171,1108.905264267977,754.7255117257996
2024-09-08 08:55:00,1559.5,-1.618190928918554e-171,1156.5285719176602,754.7255117257996
2024-09-08 09:00:00,1461.5,-1.618190928918554e-171,1203.7514516431563,754.7604167200876
2024-09-08 09:05:00,1528.433228,-1.618190928918554e-171,1250.4548185172525,754.7604167200876
2024-09-08 09:10:00,1507.233276,-1.618190928918554e-171,1296.521977901855,802.0603512589133
2024-09-08 09:15:00,1546.466797,-1.618190928918554e-171,1341.8391989396816,822.9486883777101
2024-09-08 09:20:00,1767.5,-1.618190928918554e-171,1386.2962670199101,822.9486883777101
2024-09-08 09:25:00,1695.166626,-1.618190928918554e-171,1429.7870122549903,848.5279254138305
2024-09-08 09:30:00,1749.533325,-1.618190928918554e-171,1472.209810448072,848.5279254138305
2024-09-08 09:35:00,1757.433228,-1.618190928918554e-171,1513.468052728938,1005.8978353555176
2024-09-08 09:40:00,1803.833374,-1.618190928918554e-171,1553.4705819741077,1005.8978353555176
2024-09-08 09:45:00,1844.533325,-1.618190928918554e-171,1592.1320926163144,1069.489354210125
2024-09-08 09:50:00,1894.933228,-1.618190928918554e-171,1629.3734913265241,1069.489354210125
2024-09-08 09:55:00,1933.733398,-1.618190928918554e-171,1665.122216889354,1081.8854702314584
2024-09-08 10:00:00,1967.533325,-1.618190928918554e-171,1699.312516980714,1202.834328842205
2024-09-08 10:05:00,1995.100098,-1.618190928918554e-171,1731.8856804247996,1107.621416381585
2024-09-08 10:10:00,2024.033325,-1.618190928918554e-171,1762.790223759186,1104.329544104826
2024-09-08 10:15:00,2043.333374,-1.618190928918554e-171,1791.9820309488623,1018.8781715408907
2024-09-08 10:20:00,2053.666748,-1.618190928918554e-171,1819.4244459124793,1012.9825119219541
2024-09-08 10:25:00,2056.166748,-1.618190928918554e-171,1845.0883173740742,974.2586020720507
2024-09-08 10:30:00,2058.600098,-1.618190928918554e-171,1868.9519963358673,970.202113042584
2024-09-08 10:35:00,2060.600098,-1.618190928918554e-171,1891.0012863834752,912.203637096127
2024-09-08 10:40:00,2061.366699,-1.618190928918554e-171,1911.2293476442403,829.1437539183552
2024-09-08 10:45:00,2061.300049,-1.618190928918554e-171,1929.6365555208192,780.3939707027758
2024-09-08 10:50:00,2059.733154,-1.618190928918554e-171,1946.2303153774628,779.6623547225537
2024-09-08 10:55:00,2059.266602,-1.618190928918554e-171,1961.024835107548,777.1673941725537
2024-09-08 11:00:00,2057.06665,-1.618190928918554e-171,1974.0408574692328,824.0663802577108
2024-09-08 11:05:00,2057.366455,-1.618190928918554e-171,1985.3053542066325,824.0663802577108
2024-09-08 11:10:00,2057.06665,-1.618190928918554e-171,1994.8511849015333,815.7328147421521
2024-09-08 11:15:00,2058.233398,-1.618190928918554e-171,2002.7167228936128,815.7328147421521
2024-09-08 11:20:00,2058.700195,-1.618190928918554e-171,2008.9454515140644,818.9593912723742
2024-09-08 11:25:00,2058.699951,-1.618190928918554e-171,2013.5855335676208,818.9593912723742
2024-09-08 11:30:00,2058.966553,-1.618190928918554e-171,2016.689357595124,825.868757931641
2024-09-08 11:35:00,2057.766846,-1.618190928918554e-171,2018.3130642667422,804.5206748593641
2024-09-08 11:40:00,2057.833252,-1.618190928918554e-171,2018.5160565520482,860.5011687136546
2024-09-08 11:45:00,2058.333496,-1.618190928918554e-171,2017.3604973533336,860.5011687136546
2024-09-08 11:50:00,2058.833496,-1.618190928918554e-171,2014.910798362175,993.5866370688367
2024-09-08 11:55:00,2057.866699,-1.618190928918554e-171,2011.233103975197,993.5866370688367
2024-09-08 12:00:00,2055.5,-1.618190928918554e-171,2006.3947739679083,1071.2843637908284
2024-09-08 12:05:00,2055.466553,-1.618190928918554e-171,2000.463868914019,1007.5714721845219
2024-09-08 12:10:00,2057.833252,-1.618190928918554e-171,1993.50864185498,902.5048634787106
2024-09-08 12:15:00,2061.766602,-1.618190928918554e-171,1985.5970401267023,809.0427781303858
2024-09-08 12:20:00,2064.666748,-1.618190928918554e-171,1976.7962207574512,814.0613727477669
2024-09-08 12:25:00,2064.666748,-1.618190928918554e-171,1967.1720829688063,833.5308064200525
2024-09-08 12:30:00,2062.5,-1.618190928918554e-171,1956.788820975405,853.2992055548532
2024-09-08 12:35:00,2058.633301,-1.618190928918554e-171,1945.7085004302826,1341.8684817322667
2024-09-08 12:40:00,2055.93335,-1.618190928918554e-171,1933.9906611416052,1468.3558700504127
2024-09-08 12:45:00,2054.5,-1.618190928918554e-171,1921.6919489926847,1497.6236298505294
2024-09-08 12:50:00,2054.866455,-1.618190928918554e-171,1908.8657794268217,1470.894398572659
2024-09-08 12:55:00,2055.06665,-1.618190928918554e-171,1895.5620347599245,1414.4869891536666
2024-09-08 13:00:00,2054.466797,-1.618190928918554e-171,1881.8267972715405,1413.1376115189412
2024-09-08 13:05:00,2053.366699,-1.618190928918554e-171,1867.7021196147969,1255.0773077787933
2024-09-08 13:10:00,2051.966553,-1.618190928918554e-171,1853.2258341502213,1103.9057922020154
2024-09-08 13:15:00,2053.166748,-1.618190928918554e-171,1838.431401895435,1106.3232533141909
2024-09-08 13:20:00,2055.06665,-1.618190928918554e-171,1823.3478023524424,1202.1777166122993
2024-09-08 13:25:00,2058.93335,-1.618190928918554e-171,1807.9994640572495,1301.0621311612995
2024-09-08 13:30:00,2061.43335,-1.618190928918554e-171,1792.406236486217,1306.1122668853075
2024-09-08 13:35:00,2062.600098,-1.618190928918554e-171,1776.5834027643693,1230.3185769965967
2024-09-08 13:40:00,2061.466797,-1.618190928918554e-171,1760.5417328591755,1207.4959711456288
2024-09-08 13:45:00,2059.633545,-1.618190928918554e-171,1744.2875763193006,1186.8929845589503
2024-09-08 13:50:00,2059.466553,-1.618190928918554e-171,1727.822993561834,1178.5775147100726
2024-09-08 13:55:00,2061.166748,-1.618190928918554e-171,1711.1459241958441,1139.248654078968
2024-09-08 14:00:00,2061.833252,-1.618190928918554e-171,1694.2503905893627,1014.3388147659315
2024-09-08 14:05:00,2060.700195,-1.618190928918554e-171,1677.1267351104325,906.0552639480123
2024-09-08 14:10:00,2056.733398,-1.618190928918554e-171,1659.7618883204748,898.6319346075937
2024-09-08 14:15:00,2056.133301,-1.618190928918554e-171,1642.1396660649282,960.0433296197119
2024-09-08 14:20:00,2056.166748,-1.618190928918554e-171,1624.2410925932911,955.9802118951402
2024-09-08 14:25:00,2059.166748,-1.618190928918554e-171,1606.0447470741658,936.7755503830548
2024-09-08 14:30:00,2055.533447,-1.618190928918554e-171,1587.5271302532306,898.6260435958158
2024-09-08 14:35:00,2052.533203,-1.618190928918554e-171,1568.6630482848516,1123.3439964056533
2024-09-08 14:40:00,2046.400024,-1.618190928918554e-171,1549.4260104176255,1144.832466528188
2024-09-08 14:45:00,1913.233398,-1.618190928918554e-171,1529.7886370210767,1154.3582734952104
2024-09-08 14:50:00,1733.166626,-1.618190928918554e-171,1509.723074926682,1154.3450783035435
2024-09-08 14:55:00,2058.899902,-1.618190928918554e-171,1489.2014160076628,1170.09545913461
2024-09-08 15:00:00,2057.800049,-1.618190928918554e-171,1468.1961160944693,1173.8915422183993
2024-09-08 15:05:00,2058.099854,-1.618190928918554e-171,1446.6804103332795,1168.7290113688393
2024-09-08 15:10:00,2058.0,-1.618190928918554e-171,1424.628721785139,1106.0948402141903
2024-09-08 15:15:00,2059.266602,-1.618190928918554e-171,1402.0170597342349,1090.7486912612387
2024-09-08 15:20:00,2058.266602,-1.618190928918554e-171,1378.8234046509087,1031.3915174679103
2024-09-08 15:25:00,2057.300049,-1.618190928918554e-171,1355.0280763992364,1042.9110324914207
2024-09-08 15:30:00,2055.699707,-1.618190928918554e-171,1330.6140826778249,1017.127217285865
2024-09-08 15:35:00,1828.700073,-1.618190928918554e-171,1305.5674452548556,1126.8266280209164
2024-09-08 15:40:00,1983.599976,-1.618190928918554e-171,1279.877500675371,1115.4433716336882
2024-09-08 15:45:00,1946.650024,-1.618190928918554e-171,1253.537173489976,1388.2266132379884
2024-09-08 15:50:00,1924.833374,-1.618190928918554e-171,1226.543219463036,1388.4819542672185
2024-09-08 15:55:00,1873.666626,-1.618190928918554e-171,1198.8964370475687,1402.8973700897297
2024-09-08 16:00:00,1855.649902,-1.618190928918554e-171,1170.601845049294,1402.2961504534437
2024-09-08 16:05:00,1559.599976,-1.618190928918554e-171,1141.6688252539227,1402.2961504534437
2024-09-08 16:10:00,1824.099976,-1.618190928918554e-171,1112.1112287604597,1401.7202355439201
2024-09-08 16:15:00,1650.333374,-1.618190928918554e-171,1081.9474449117788,1401.3091096743647
2024-09-08 16:20:00,1766.166626,-1.618190928918554e-171,1051.2004327639986,1401.3091096743647
2024-09-08 16:25:00,1702.066772,-1.618190928918554e-171,1019.8977139836178,1423.9545638447012
2024-09-08 16:30:00,1713.449951,-1.618190928918554e-171,988.0713279230602,1418.1378939874123
2024-09-08 16:35:00,1556.050049,-1.618190928918554e-171,955.7577486172623,1419.6959091494123
2024-09-08 16:40:00,1465.75,-1.618190928918554e-171,922.9977645858282,1419.4317978227455
2024-09-08 16:45:00,1448.266602,-1.618190928918554e-171,889.8363222294557,1422.2651866980787
2024-09-08 16:50:00,1417.566772,-1.618190928918554e-171,856.3223338713634,1406.961073117736
2024-09-08 16:55:00,1400.75,-1.618190928918554e-171,822.5084522426562,1408.4991073314106
2024-09-08 17:00:00,1164.25,-1.618190928918554e-171,788.4508124345423,1079.8131071527082
2024-09-08 17:05:00,781.333313,-1.618190928918554e-171,754.2087442013972,613.4410092248062
2024-09-08 17:10:00,804.2999878,-1.618190928918554e-171,719.8444558973027,1080.402346544232
2024-09-08 17:15:00,732.9333496,-1.618190928918554e-171,685.4226929771501,1057.1632880633958
2024-09-08 17:20:00,772.9666138,-1.618190928918554e-171,651.0103734623541,1039.028615992746
2024-09-08 17:25:00,715.666687,-1.618190928918554e-171,616.6762033660332,1036.6651803001012
2024-09-08 17:30:00,696.2999878,-1.618190928918554e-171,582.4902746498107,1035.2806524366845
2024-09-08 17:35:00,628.4667358,-1.618190928918554e-171,548.5236490837749,1050.5032616445433
2024-09-08 17:40:00,601.6333618,-1.618190928918554e-171,514.8479310957214,1060.8636282856432
2024-09-08 17:45:00,570.333313,-1.618190928918554e-171,481.5348326292134,365.6326242698198
2024-09-08 17:50:00,526.2333374,-1.618190928918554e-171,448.655734000757,377.4227520480383
2024-09-08 17:55:00,513.4000244,-1.618190928918554e-171,416.2812431049745,383.3569374318669
2024-09-08 18:00:00,378.2000427,-1.618190928918554e-171,384.4807572890989,203.58626244083726
2024-09-08 18:05:00,317.4333191,-1.618190928918554e-171,353.32203057760137,200.37307562400392
2024-09-08 18:10:00,290.1333313,-1.618190928918554e-171,322.87074983748505,200.35646388357486
2024-09-08 18:15:00,254.7333374,-1.618190928918554e-171,293.19012307867126,200.1179045601939
2024-09-08 18:20:00,242.2500153,-1.618190928918554e-171,264.3404828416312,199.03018222697725
2024-09-08 18:25:00,203.9499969,-1.618190928918554e-171,236.37890807065236,202.18631439055946
2024-09-08 18:30:00,170.3999939,-1.618190928918554e-171,209.3588666816848,203.77083137374683
2024-09-08 18:35:00,143.8999939,-1.618190928918554e-171,183.3298823971886,203.77083137374683
2024-09-08 18:40:00,121.4999924,-1.618190928918554e-171,158.33722749283217,202.7299366985106
2024-09-08 18:45:00,99.44998932,-1.618190928918554e-171,134.4216443482588,195.47451702988008
2024-09-08 18:50:00,77.5,-1.618190928918554e-171,111.61909768020422,195.43544920244517
2024-09-08 18:55:00,57.1499939,-1.618190928918554e-171,89.96055926374551,195.43544920244517
2024-09-08 19:00:00,40.44999695,-1.618190928918554e-171,69.4718269428561,213.46373227445315
2024-09-08 19:05:00,29.09999847,-1.618190928918554e-171,50.17337901830173,213.46373227445315
2024-09-08 19:10:00,22.45000076,-1.618190928918554e-171,32.08026524118122,24.19890702630506
2024-09-08 19:15:00,17.20000076,-1.618190928918554e-171,15.202035064561311,16.621748309814503
2024-09-08 19:20:00,0.0,-1.618190928918554e-171,-0.4572960654608699,20.09026071510311
2024-09-08 19:25:00,0.0,-1.618190928918554e-171,-14.89924265619435,19.567430499740222
2024-09-08 19:30:00,0.0,-1.618190928918554e-171,-28.130806939545206,211.46610854697298
2024-09-08 19:35:00,0.0,-1.618190928918554e-171,-40.164399208378576,213.57346427842631
2024-09-08 19:40:00,0.0,-1.618190928918554e-171,-51.01772118846564,212.4657790028208
2024-09-08 19:45:00,0.0,-1.618190928918554e-171,-60.71361345847518,207.5120755351001
2024-09-08 19:50:00,0.0,-1.618190928918554e-171,-69.2798681409963,203.53336783157658
2024-09-08 19:55:00,0.0,-1.618190928918554e-171,-76.74900831379536,95.67205998691568
2024-09-08 20:00:00,0.0,-1.618190928918554e-171,-83.15803593209691,84.37015964808047
2024-09-08 20:05:00,0.0,-1.618190928918554e-171,-88.54815014371849,85.30027073208046
2024-09-08 20:10:00,0.0,-1.618190928918554e-171,-92.96443831399326,83.54873797544396
2024-09-08 20:15:00,0.0,-1.618190928918554e-171,-96.45554205834574,0.37264548486666677
2024-09-08 20:20:00,0.0,-1.618190928918554e-171,-99.07330091109843,0.37264548486666677
2024-09-08 20:25:00,0.0,-1.618190928918554e-171,-100.87237638988864,0.19711110753333333
2024-09-08 20:30:00,0.0,-1.618190928918554e-171,-101.90985930839753,0.19711110753333333
2024-09-08 20:35:00,0.0,-1.618190928918554e-171,-102.24486341100393,0.19711110753333333
2024-09-08 20:40:00,0.0,-1.618190928918554e-171,-101.93810840038347,0.19711110753333333
2024-09-08 20:45:00,0.0,-1.618190928918554e-171,-101.05149554529538,0.38581743378333333
2024-09-08 20:50:00,0.0,-1.618190928918554e-171,-99.64767914079823,0.38581743378333333
2024-09-08 20:55:00,0.0,-1.618190928918554e-171,-97.78963702484579,0.4556322429500001
2024-09-08 21:00:00,0.0,-1.618190928918554e-171,-95.5402434403495,0.0418888855
2024-09-08 21:05:00,0.0,-1.618190928918554e-171,-92.96184745794758,0.7232814229666668
2024-09-08 21:10:00,0.0,-1.618190928918554e-171,-90.11586012935749,0.0418888855
2024-09-08 21:15:00,0.0,-1.618190928918554e-171,-87.06235346891248,0.09774073283333332
2024-09-08 21:20:00,0.0,-1.618190928918554e-171,-83.85967424671541,0.09774073283333332
2024-09-08 21:25:00,0.0,-1.618190928918554e-171,-80.56407548337324,0.09774073283333332
2024-09-08 21:30:00,0.0,-1.618190928918554e-171,-77.22936830538258,0.09774073283333332
2024-09-08 21:35:00,0.0,-1.618190928918554e-171,-73.90659681882372,0.09774073283333332
2024-09-08 21:40:00,0.0,-1.618190928918554e-171,-70.64373823386474,0.09774073283333332
2024-09-08 21:45:00,0.0,-1.618190928918554e-171,-67.48543048665623,0.0418888855
2024-09-08 21:50:00,0.0,-1.618190928918554e-171,-64.47272925430644,0.0418888855
2024-09-08 21:55:00,0.0,-1.618190928918554e-171,-61.64289605271208,0.0418888855
2024-09-08 22:00:00,0.0,-1.618190928918554e-171,-59.02921888010804,0.0418888855
2024-09-08 22:05:00,0.0,-1.618190928918554e-171,-56.660866555730834,0.10472221374999999
2024-09-08 22:10:00,0.0,-1.618190928918554e-171,-54.56277768636905,0.10472221374999999
2024-09-08 22:15:00,0.0,-1.618190928918554e-171,-52.755584861305536,0.02094444275
2024-09-08 22:20:00,0.0,-1.618190928918554e-171,-51.25557447831586,0.02094444275
2024-09-08 22:25:00,0.0,-1.618190928918554e-171,-50.074682180582776,0.0
2024-09-08 22:30:00,0.0,-1.618190928918554e-171,-49.22052375312825,0.0
2024-09-08 22:35:00,0.0,-1.618190928918554e-171,-48.69646093727078,0.0
2024-09-08 22:40:00,0.0,-1.618190928918554e-171,-48.501701380610335,0.0
2024-09-08 22:45:00,0.0,-1.618190928918554e-171,-48.63143167136747,0.0
2024-09-08 22:50:00,0.0,-1.618190928918554e-171,-49.07698213128908,0.0
2024-09-08 22:55:00,0.0,-1.618190928918554e-171,-49.826021793051986,0.0
2024-09-08 23:00:00,0.0,-1.618190928918554e-171,-50.86278174811159,0.0
2024-09-08 23:05:00,0.0,-1.618190928918554e-171,-52.168304821612764,0.0
2024-09-08 23:10:00,0.0,-1.618190928918554e-171,-53.720719338104296,0.0
2024-09-08 23:15:00,0.0,-1.618190928918554e-171,-55.49553449280065,0.0
2024-09-08 23:20:00,0.0,-1.618190928918554e-171,-57.46595480347869,0.0
2024-09-08 23:25:00,0.0,-1.618190928918554e-171,-59.60321077019406,0.0
2024-09-08 23:30:00,0.0,-1.618190928918554e-171,-61.87690293693395,931.2578809252218
2024-09-08 23:35:00,0.0,-1.618190928918554e-171,-64.25535631939678,934.4924483978745
2024-09-08 23:40:00,0.0,-1.618190928918554e-171,-66.70598212409318,941.3105795455726
2024-09-08 23:45:00,0.0,-1.618190928918554e-171,-69.195643635118,958.8847370750168
2024-09-08 23:50:00,0.0,-1.618190928918554e-171,-71.69102307752765,955.7301370127338
2024-09-08 23:55:00,0.0,-1.618190928918554e-171,-74.15898631365516,953.5991273626148
2024-09-09 00:00:00,0.0,-1.618190928918554e-171,-76.56694219433216,0.7685555436666667
2024-09-09 00:05:00,0.0,-1.618190928918554e-171,-78.88319348588591,0.7685555436666667
2024-09-09 00:10:00,0.0,-1.618190928918554e-171,-81.07727624941735,0.7685555436666667
2024-09-09 00:15:00,0.0,-1.618190928918554e-171,-83.12028489655917,0.7685555436666667
2024-09-09 00:20:00,0.0,-1.618190928918554e-171,-84.98517985207175,0.7685555436666667
2024-09-09 00:25:00,0.0,-1.618190928918554e-171,-86.64707540618512,0.7685555436666667
2024-09-09 00:30:00,0.0,-1.618190928918554e-171,-88.08350497831543,0.7685555436666667
2024-09-09 00:35:00,0.0,-1.618190928918554e-171,-89.27466164025354,0.7685555436666667
2024-09-09 00:40:00,0.0,-1.618190928918554e-171,-90.20361166145837,0.7685555436666667
2024-09-09 00:45:00,0.0,-1.618190928918554e-171,-90.85647918530898,0.7685555436666667
2024-09-09 00:50:00,0.0,-1.618190928918554e-171,-91.2226003531101,0.7685555436666667
2024-09-09 00:55:00,0.0,-1.618190928918554e-171,-91.29464543072163,0.7685555436666667
2024-09-09 01:00:00,0.0,-1.618190928918554e-171,-91.06870781069121,0.7685555436666667
2024-09-09 01:05:00,0.0,-1.618190928918554e-171,-90.54435887901785,0.7685555436666667
2024-09-09 01:10:00,0.0,-1.618190928918554e-171,-89.72466831733868,0.7685555436666667
2024-09-09 01:15:00,0.0,-1.618190928918554e-171,-88.61618927293756,0.7685555436666667
2024-09-09 01:20:00,0.0,-1.618190928918554e-171,-87.22890857250604,0.7685555436666667
2024-09-09 01:25:00,0.0,-1.618190928918554e-171,-85.57616207393973,0.7685555436666667
2024-09-09 01:30:00,0.0,-1.618190928918554e-171,-83.67451575712062,0.7685555436666667
2024-09-09 01:35:00,0.0,-1.618190928918554e-171,-81.54361338354826,0.7685555436666667
2024-09-09 01:40:00,0.0,-1.618190928918554e-171,-79.20599179282027,0.7685555436666667
2024-09-09 01:45:00,0.0,-1.618190928918554e-171,-76.6868652413202,0.7685555436666667
2024-09-09 01:50:00,0.0,-1.618190928918554e-171,-74.01388041352895,0.7685555436666667
2024-09-09 01:55:00,0.0,-1.618190928918554e-171,-71.21684399988756,0.7685555436666667
2024-09-09 02:00:00,0.0,-1.618190928918554e-171,-68.32742495904947,0.7685555436666667
2024-09-09 02:05:00,0.0,-1.618190928918554e-171,-65.37883383667018,0.7685555436666667
2024-09-09 02:10:00,0.0,-1.618190928918554e-171,-62.40548167909787,0.7685555436666667
2024-09-09 02:15:00,0.0,-1.618190928918554e-171,-59.44262127190655,0.7685555436666667
2024-09-09 02:20:00,0.0,-1.618190928918554e-171,-56.52597362252628,0.7685555436666667
2024-09-09 02:25:00,0.0,-1.618190928918554e-171,-53.69134271986393,0.7685555436666667
2024-09-09 02:30:00,0.0,-1.618190928918554e-171,-50.97422172260221,0.7685555436666667
2024-09-09 02:35:00,0.0,-1.618190928918554e-171,-48.40939385809675,0.7685555436666667
2024-09-09 02:40:00,0.0,-1.618190928918554e-171,-46.030531317521394,0.7685555436666667
2024-09-09 02:45:00,0.0,-1.618190928918554e-171,-43.86979552024221,0.7685555436666667
2024-09-09 02:50:00,0.0,-1.618190928918554e-171,-41.957442168177884,0.7685555436666667
2024-09-09 02:55:00,0.0,-1.618190928918554e-171,-40.32143439238374,0.7685555436666667
2024-09-09 03:00:00,0.0,-1.618190928918554e-171,-38.98706737624772,0.7685555436666667
2024-09-09 03:05:00,0.0,-1.618190928918554e-171,-37.97660771019403,0.7685555436666667
2024-09-09 03:10:00,0.0,-1.618190928918554e-171,-37.308950652867146,0.7685555436666667
2024-09-09 03:15:00,0.0,-1.618190928918554e-171,-36.99929837617409,0.7685555436666667
2024-09-09 03:20:00,0.0,-1.618190928918554e-171,-37.05886211633846,0.7685555436666667
2024-09-09 03:25:00,0.0,-1.618190928918554e-171,-37.49459100135991,0.7685555436666667
2024-09-09 03:30:00,0.0,-1.618190928918554e-171,-38.30893013654561,0.7685555436666667
2024-09-09 03:35:00,0.0,-1.618190928918554e-171,-39.49961030733932,0.7685555436666667
2024-09-09 03:40:00,0.0,-1.618190928918554e-171,-41.059471491102435,0.7685555436666667
2024-09-09 03:45:00,0.0,-1.618190928918554e-171,-42.97632203463421,0.7685555436666667
2024-09-09 03:50:00,0.0,-1.618190928918554e-171,-45.23283518062415,0.7685555436666667
2024-09-09 03:55:00,0.0,-1.618190928918554e-171,-47.80648429938225,0.7685555436666667
2024-09-09 04:00:00,0.0,-1.618190928918554e-171,-50.669517936954584,0.7685555436666667
2024-09-09 04:05:00,0.0,-1.618190928918554e-171,-53.78897542457791,0.7685555436666667
2024-09-09 04:10:00,0.0,-1.618190928918554e-171,-57.126743591166516,0.7685555436666667
2024-09-09 04:15:00,0.0,-1.618190928918554e-171,-60.63965476051711,0.7685555436666667
2024-09-09 04:20:00,0.0,-1.618190928918554e-171,-64.27962578516258,0.7685555436666667
2024-09-09 04:25:00,0.0,-1.618190928918554e-171,-67.99383789367778,0.0
2024-09-09 04:30:00,0.0,-1.618190928918554e-171,-71.72495631724492,0.0
2024-09-09 04:35:00,0.0,-1.618190928918554e-171,-75.41138890094437,0.0
2024-09-09 04:40:00,0.0,-1.618190928918554e-171,-78.98758209727637,0.0
2024-09-09 04:45:00,0.0,-1.618190928918554e-171,-82.38435284248959,0.0
2024-09-09 04:50:00,0.0,-1.618190928918554e-171,-85.5292542877785,0.0
2024-09-09 04:55:00,0.0,-1.618190928918554e-171,-88.3469732093063,0.0
2024-09-09 05:00:00,0.0,-1.618190928918554e-171,-90.75975659708816,0.0
2024-09-09 05:05:00,0.0,-1.618190928918554e-171,-92.68786472350737,0.0
2024-09-09 05:10:00,0.0,-1.618190928918554e-171,-94.05004782114608,0.0
2024-09-09 05:15:00,0.0,-1.618190928918554e-171,-94.76404311345088,0.0
2024-09-09 05:20:00,0.0,-1.618190928918554e-171,-94.74708908586835,0.0
2024-09-09 05:25:00,0.0,-1.618190928918554e-171,-93.91645333067011,0.0
2024-09-09 05:30:00,0.0,-1.618190928918554e-171,-92.18997058222067,0.0
2024-09-09 05:35:00,0.0,-1.618190928918554e-171,-89.48658711341452,0.0
2024-09-09 05:40:00,0.0,-1.618190928918554e-171,-85.72690781684221,0.0
2024-09-09 05:45:00,0.0,-1.618190928918554e-171,-80.83374210752942,0.0
2024-09-09 05:50:00,0.0,-1.618190928918554e-171,-74.73264488562351,0.0
2024-09-09 05:55:00,0.0,-1.618190928918554e-171,-67.35244866413939,0.0
2024-09-09 06:00:00,0.0,-1.618190928918554e-171,-58.62578313032463,12.136610580238335
2024-09-09 06:05:00,0.0,-1.618190928918554e-171,-48.48957836880774,12.350388351238335
2024-09-09 06:10:00,0.0,-1.618190928918554e-171,-36.88554819127062,12.881371673418336
2024-09-09 06:15:00,0.0,-1.618190928918554e-171,-23.760649975323847,13.30790496795167
2024-09-09 06:20:00,0.0,-1.618190928918554e-171,-9.067517678994282,13.30790496795167
2024-09-09 06:25:00,0.0,-1.618190928918554e-171,7.235135131914416,13.07823833526278
2024-09-09 06:30:00,0.0,-1.618190928918554e-171,25.18214541885561,13.07823833526278
2024-09-09 06:35:00,0.0,-1.618190928918554e-171,44.801566395168315,13.07823833526278
2024-09-09 06:40:00,0.0,-1.618190928918554e-171,66.1143719203031,13.00720155887135
2024-09-09 06:45:00,73.09999847,-1.618190928918554e-171,89.13420134392514,13.00720155887135
2024-09-09 06:50:00,84.90000153,-1.618190928918554e-171,113.86714721682785,13.00720155887135
2024-09-09 06:55:00,101.0,-1.618190928918554e-171,140.3115873691511,13.00720155887135
2024-09-09 07:00:00,138.3999939,-1.618190928918554e-171,168.4580629863839,297.3741602664544
2024-09-09 07:05:00,182.1999969,-1.618190928918554e-171,198.2892035023561,297.75387122772105
2024-09-09 07:10:00,200.6999969,-1.618190928918554e-171,229.7796994695524,298.58745443714565
2024-09-09 07:15:00,192.0333252,-1.618190928918554e-171,262.8963237864028,298.58745443714565
2024-09-09 07:20:00,248.3999939,-1.618190928918554e-171,297.59800097857277,295.1873052974817
2024-09-09 07:25:00,308.2000122,-1.618190928918554e-171,333.83592508634507,295.1873052974817
2024-09-09 07:30:00,404.3999939,-1.618190928918554e-171,371.5537250076688,294.36819417281504
2024-09-09 07:35:00,471.7000122,-1.618190928918554e-171,410.68767682167015,294.3929369072404
2024-09-09 07:40:00,442.8333435,-1.618190928918554e-171,451.1669614676631,295.2068812535737
2024-09-09 07:45:00,465.1000061,-1.618190928918554e-171,492.9139667851663,333.73595288827374
2024-09-09 07:50:00,590.0999756,-1.618190928918554e-171,535.8446317084642,333.73595288827374
2024-09-09 07:55:00,719.2999878,-1.618190928918554e-171,579.8688305872416,336.24309649831827
2024-09-09 08:00:00,663.166626,-1.618190928918554e-171,624.8907955569905,573.5991436428175
2024-09-09 08:05:00,710.3666382,-1.618190928918554e-171,670.8095734046797,573.5991436428175
2024-09-09 08:10:00,716.5333862,-1.618190928918554e-171,717.519515346268,573.5991436428175
2024-09-09 08:15:00,839.2000122,-1.618190928918554e-171,764.9107952507609,573.2412882960175
2024-09-09 08:20:00,898.7000122,-1.618190928918554e-171,812.8699539464319,571.5516270894778
2024-09-09 08:25:00,874.3666992,-1.618190928918554e-171,861.2804655541782,570.7805536217206
2024-09-09 08:30:00,994.2999878,-1.618190928918554e-171,910.0233223312721,550.5491357570131
2024-09-09 08:35:00,1130.199951,-1.618190928918554e-171,958.9776343879026,541.4825009733861
2024-09-09 08:40:00,1238.699951,-1.618190928918554e-171,1008.0212398024931,502.85595441862876
2024-09-09 08:45:00,1326.199951,-1.618190928918554e-171,1057.031322208925,435.04887550987286
2024-09-09 08:50:00,1286.766602,-1.618190928918554e-171,1105.8850303724016,420.17100237166164
2024-09-09 08:55:00,1414.400024,-1.618190928918554e-171,1154.4600971811442,407.62716511132834
2024-09-09 09:00:00,1512.800049,-1.618190928918554e-171,1202.6354530017027,1359.0571024518692
2024-09-09 09:05:00,1465.833374,-1.618190928918554e-171,1250.2918299880973,1368.740626252695
2024-09-09 09:10:00,1496.900024,-1.618190928918554e-171,1297.3123528574454,1365.8839224775838
2024-09-09 09:15:00,1634.300049,-1.618190928918554e-171,1343.5831129755522,1330.2791614983487
2024-09-09 09:20:00,1578.033203,-1.618190928918554e-171,1388.9937215459433,1331.536787044539
2024-09-09 09:25:00,1623.966675,-1.618190928918554e-171,1433.4378384958952,1327.7636316467283
2024-09-09 09:30:00,1629.533325,-1.618190928918554e-171,1476.8136739919642,1325.0849682767916
2024-09-09 09:35:00,1835.199951,-1.618190928918554e-171,1519.0244585362525,1298.8468186429398
2024-09-09 09:40:00,1778.333374,-1.618190928918554e-171,1559.978879947945,1300.1281924387174
2024-09-09 09:45:00,1847.299927,-1.618190928918554e-171,1599.5914833335262,1285.5980661729395
2024-09-09 09:50:00,1860.366699,-1.618190928918554e-171,1637.7830324008369,1286.1525772187174
2024-09-09 09:55:00,1873.066772,-1.618190928918554e-171,1674.480829528849,1270.4759696524948
2024-09-09 10:00:00,1888.799927,-1.618190928918554e-171,1709.6189928350009,1178.645870285389
2024-09-09 10:05:00,1914.200073,-1.618190928918554e-171,1743.1386887889562,1184.9302652386589
2024-09-09 10:10:00,1952.633301,-1.618190928918554e-171,1774.9883187175158,1158.5645973985631
2024-09-09 10:15:00,1999.099976,-1.618190928918554e-171,1805.1236590002843,1163.9450605480076
2024-09-09 10:20:00,2033.599976,-1.618190928918554e-171,1833.5079533768617,1154.7654976400236
2024-09-09 10:25:00,2050.833252,-1.618190928918554e-171,1860.1119580674251,1141.6746546133759
2024-09-09 10:30:00,2053.733398,-1.618190928918554e-171,1884.9139391412261,1141.6746546133759
2024-09-09 10:35:00,2053.366455,-1.618190928918554e-171,1907.8996228518167,1159.212553040865
2024-09-09 10:40:00,2054.06665,-1.618190928918554e-171,1929.062099422262,1179.5456351177609
2024-09-09 10:45:00,2055.0,-1.618190928918554e-171,1948.4016816541737,1178.7468550183403
2024-09-09 10:50:00,2034.5,-1.618190928918554e-171,1965.9257194916731,1186.043303666134
2024-09-09 10:55:00,2001.033325,-1.618190928918554e-171,1981.6483723107076,1188.5513672994675
2024-09-09 11:00:00,2003.466797,-1.618190928918554e-171,1995.5903409987636,1414.3784225612062
2024-09-09 11:05:00,2003.466675,-1.618190928918554e-171,2007.7785617732509,1417.477475771095
2024-09-09 11:10:00,2022.033325,-1.618190928918554e-171,2018.2458647065578,1414.6845718719837
2024-09-09 11:15:00,2003.666626,-1.618190928918554e-171,2027.030599243319,1414.6845718719837
2024-09-09 11:20:00,2025.700073,-1.618190928918554e-171,2034.176230037748,1415.3093773719838
2024-09-09 11:25:00,2040.400024,-1.618190928918554e-171,2039.7309060158825,1413.3618367095426
2024-09-09 11:30:00,2055.966553,-1.618190928918554e-171,2043.7470061861686,1413.3096150328759
2024-09-09 11:35:00,2053.866455,-1.618190928918554e-171,2046.2806655412628,1452.434321006571
2024-09-09 11:40:00,2053.233398,-1.618190928918554e-171,2047.3912847406073,1451.8501284406377
2024-09-09 11:45:00,2052.93335,-1.618190928918554e-171,2047.1410272448275,1441.0256086705426
2024-09-09 11:50:00,2053.133301,-1.618190928918554e-171,2045.5943076623905,1414.0705650385228
2024-09-09 11:55:00,2053.900146,-1.618190928918554e-171,2042.8172751202228,1397.8594733117718
2024-09-09 12:00:00,2055.56665,-1.618190928918554e-171,2038.877295469523,1404.083299301296
2024-09-09 12:05:00,2058.099854,-1.618190928918554e-171,2033.8424361275368,1423.8970600206076
2024-09-09 12:10:00,2058.966553,-1.618190928918554e-171,2027.780957278071,1423.8970600206076
2024-09-09 12:15:00,2057.533203,-1.618190928918554e-171,2020.760813201355,1423.8970600206076
2024-09-09 12:20:00,2057.333252,-1.618190928918554e-171,2012.849167138345,1394.0485099665184
2024-09-09 12:25:00,2056.93335,-1.618190928918554e-171,2004.1119233836744,1394.0485099665184
2024-09-09 12:30:00,2058.733154,-1.618190928918554e-171,1994.6132795957212,1394.0485099665184
2024-09-09 12:35:00,2043.366577,-1.618190928918554e-171,1984.4153028366202,1391.9441405436612
2024-09-09 12:40:00,2029.633423,-1.618190928918554e-171,1973.577531861928,1531.2642733195867
2024-09-09 12:45:00,2015.933228,-1.618190928918554e-171,1962.1566087133551,1603.283679434146
2024-09-09 12:50:00,2032.266602,-1.618190928918554e-171,1950.205941850261,1618.772503845424
2024-09-09 12:55:00,2046.5,-1.618190928918554e-171,1937.7754031617724,1478.0169242219868
2024-09-09 13:00:00,2057.56665,-1.618190928918554e-171,1924.9110607720131,1540.9763403127245
2024-09-09 13:05:00,2054.833252,-1.618190928918554e-171,1911.6549492414752,1451.6678416303007
2024-09-09 13:10:00,2052.899902,-1.618190928918554e-171,1898.0448787170155,1466.7712679151546
2024-09-09 13:15:00,2055.56665,-1.618190928918554e-171,1884.1142837264847,1721.132892483789
2024-09-09 13:20:00,2057.999756,-1.618190928918554e-171,1869.8921128818613,1828.3825046933493
2024-09-09 13:25:00,2060.06665,-1.618190928918554e-171,1855.4027594153636,1821.4236871946493
2024-09-09 13:30:00,2059.300049,-1.618190928918554e-171,1840.666032992293,1684.324115074892
2024-09-09 13:35:00,2057.666748,-1.618190928918554e-171,1825.697172492136,1678.6544838342109
2024-09-09 13:40:00,2056.633301,-1.618190928918554e-171,1810.5068991991877,1673.0364143378042
2024-09-09 13:45:00,2055.266602,-1.618190928918554e-171,1795.1015097356878,1608.1332966742923
2024-09-09 13:50:00,2054.466553,-1.618190928918554e-171,1779.483007405361,1545.6632956020756
2024-09-09 13:55:00,2054.333496,-1.618190928918554e-171,1763.6492707079622,1304.861777706169
2024-09-09 14:00:00,2055.033447,-1.618190928918554e-171,1747.594257147289,1255.5700804634605
2024-09-09 14:05:00,2057.033447,-1.618190928918554e-171,1731.3082406845558,1247.2561190588447
2024-09-09 14:10:00,2058.099854,-1.618190928918554e-171,1714.7780802372552,1209.1844403216157
2024-09-09 14:15:00,2059.133545,-1.618190928918554e-171,1697.9875170109308,1176.3090007481335
2024-09-09 14:20:00,2058.233154,-1.618190928918554e-171,1680.9174980707212,1178.8314870165448
2024-09-09 14:25:00,2039.466675,-1.618190928918554e-171,1663.546523093436,1166.1306630663205
2024-09-09 14:30:00,2003.133301,-1.618190928918554e-171,1645.8510114728188,1146.54551921224
2024-09-09 14:35:00,1949.900024,-1.618190928918554e-171,1627.805686484204,1137.3155888750798
2024-09-09 14:40:00,1852.700073,-1.618190928918554e-171,1609.3839734499347,1107.2684216308742
2024-09-09 14:45:00,1788.033325,-1.618190928918554e-171,1590.5584081382726,1004.0706194515877
2024-09-09 14:50:00,1716.933228,-1.618190928918554e-171,1571.3010525239872,883.9104765514733
2024-09-09 14:55:00,1740.433228,-1.618190928918554e-171,1551.5839138520912,755.117263642532
2024-09-09 15:00:00,1748.799927,-1.618190928918554e-171,1531.3793639038188,678.491096931574
2024-09-09 15:05:00,1780.400024,-1.618190928918554e-171,1510.6605548445602,834.4243827166746
2024-09-09 15:10:00,1773.366577,-1.618190928918554e-171,1489.4018281624244,815.820990324119
2024-09-09 15:15:00,1678.766602,-1.618190928918554e-171,1467.5791135190016,832.8049247389364
2024-09-09 15:20:00,1627.666626,-1.618190928918554e-171,1445.170313970378,834.4627365071366
2024-09-09 15:25:00,1583.266724,-1.618190928918554e-171,1422.155674617292,839.5162916816699
2024-09-09 15:30:00,1626.533325,-1.618190928918554e-171,1398.5181314081872,842.3396538941113
2024-09-09 15:35:00,1627.100098,-1.618190928918554e-171,1374.243637667443,845.5464904110455
2024-09-09 15:40:00,1677.25,-1.618190928918554e-171,1349.3214651832961,879.3600800015946
2024-09-09 15:45:00,1716.449951,-1.618190928918554e-171,1323.7444775818842,879.8848813220709
2024-09-09 15:50:00,1708.333374,-1.618190928918554e-171,1297.5093739880842,889.0049907344518
2024-09-09 15:55:00,1681.733398,-1.618190928918554e-171,1270.6169005373351,902.1171775512852
2024-09-09 16:00:00,1636.200073,-1.618190928918554e-171,1243.0720283099915,904.3845101602535
2024-09-09 16:05:00,1579.099976,-1.618190928918554e-171,1214.8840961073158,905.288285207701
2024-09-09 16:10:00,1475.666626,-1.618190928918554e-171,1186.0669168071595,882.3608341176554
2024-09-09 16:15:00,1429.050049,-1.618190928918554e-171,1156.6388465701273,902.0897040233792
2024-09-09 16:20:00,1151.800049,-1.618190928918554e-171,1126.6228160584765,911.9911051303163
2024-09-09 16:25:00,1009.43335,-1.618190928918554e-171,1096.0463236388525,902.6728198853273
2024-09-09 16:30:00,1000.933289,-1.618190928918554e-171,1064.9413901543626,917.815090317392
2024-09-09 16:35:00,957.2000122,-1.618190928918554e-171,1033.3444760265154,903.0366845925686
2024-09-09 16:40:00,968.7333374,-1.618190928918554e-171,1001.2963607702163,886.1316848500678
2024-09-09 16:45:00,944.9000854,-1.618190928918554e-171,968.8419863845253,769.9761082016095
2024-09-09 16:50:00,880.666687,-1.618190928918554e-171,936.0302651857909,731.2863869193417
2024-09-09 16:55:00,848.6000366,-1.618190928918554e-171,902.9138539642481,723.7575999906134
2024-09-09 17:00:00,677.8666382,-1.618190928918554e-171,869.5488957631424,474.95582757805204
2024-09-09 17:05:00,627.5333862,-1.618190928918554e-171,835.9947318867199,494.8515470625339
2024-09-09 17:10:00,622.2999878,-1.618190928918554e-171,802.3135855058333,493.54529430364596
2024-09-09 17:15:00,613.333313,-1.618190928918554e-171,768.5702197415341,500.31895513243063
2024-09-09 17:20:00,588.5999756,-1.618190928918554e-171,734.8315729850439,505.0999149697076
2024-09-09 17:25:00,539.5333252,-1.618190928918554e-171,701.1663736775254,504.9670236574383
2024-09-09 17:30:00,491.0,-1.618190928918554e-171,667.6447380298055,487.3742724318981
2024-09-09 17:35:00,431.5666504,-1.618190928918554e-171,634.3377534085985,511.35492911786173
2024-09-09 17:40:00,410.5,-1.618190928918554e-171,601.3170506885627,515.6559390578236
2024-09-09 17:45:00,385.0333252,-1.618190928918554e-171,568.6543688921429,548.3131019625818
2024-09-09 17:50:00,380.1999817,-1.618190928918554e-171,536.421115284922,557.2311679776772
2024-09-09 17:55:00,353.5333252,-1.618190928918554e-171,504.68792445839233,557.5179177806261
2024-09-09 18:00:00,331.5333252,-1.618190928918554e-171,473.52421953568364,383.16580040210243
2024-09-09 18:05:00,302.8000183,-1.618190928918554e-171,442.9977790738402,369.15834271024687
2024-09-09 18:10:00,274.0,-1.618190928918554e-171,413.1743127137019,369.6039353615802
2024-09-09 18:15:00,262.5,-1.618190928918554e-171,384.11704916447775,365.38421320746914
2024-09-09 18:20:00,224.8499908,-1.618190928918554e-171,355.8863391869252,342.8313830659858
2024-09-09 18:25:00,187.8500061,-1.618190928918554e-171,328.5392769930831,342.8313830659858
2024-09-09 18:30:00,149.0,-1.618190928918554e-171,302.12934253163166,341.7593757974747
2024-09-09 18:35:00,112.6000061,-1.618190928918554e-171,276.70606796894685,336.96301620109693
2024-09-09 18:40:00,84.80000305,-1.618190928918554e-171,252.31473014343212,326.8072652880816
2024-09-09 18:45:00,62.89999771,-1.618190928918554e-171,228.99607177371968,306.4155241230944
2024-09-09 18:50:00,49.69999695,-1.618190928918554e-171,206.78605352659187,306.4155241230944
2024-09-09 18:55:00,39.19999695,-1.618190928918554e-171,185.71563851271407,313.1423784919256
2024-09-09 19:00:00,27.5,-1.618190928918554e-171,165.81061105496534,220.5752367246963
2024-09-09 19:05:00,18.53333282,-1.618190928918554e-171,147.0914309855151,229.25588663831294
2024-09-09 19:10:00,16.45000076,-1.618190928918554e-171,129.57312447609445,244.0602859273282
2024-09-09 19:15:00,13.66666698,-1.618190928918554e-171,113.26521234101381,257.97982625372833
2024-09-09 19:20:00,0.0,-1.618190928918554e-171,98.17167612009027,279.8321754596976
2024-09-09 19:25:00,0.0,-1.618190928918554e-171,84.29096231467682,272.46507405358176
2024-09-09 19:30:00,0.0,-1.618190928918554e-171,71.61602453643813,277.16545401132174
2024-09-09 19:35:00,0.0,-1.618190928918554e-171,60.13440331152904,276.57551811945285
2024-09-09 19:40:00,0.0,-1.618190928918554e-171,49.82834282448642,271.6377993691775
2024-09-09 19:45:00,0.0,-1.618190928918554e-171,40.67494362378747,277.04450530470973
2024-09-09 19:50:00,0.0,-1.618190928918554e-171,32.64635017760669,282.1337543805281
2024-09-09 19:55:00,0.0,-1.618190928918554e-171,25.70997165151748,381.34167102807356
2024-09-09 20:00:00,0.0,-1.618190928918554e-171,19.828734247084817,386.15958199639454
2024-09-09 20:05:00,0.0,-1.618190928918554e-171,14.961363180772567,416.1500989270111
2024-09-09 20:10:00,0.0,-1.618190928918554e-171,11.062691977994374,455.1508309674484
2024-09-09 20:15:00,0.0,-1.618190928918554e-171,8.083996766818444,468.76198329000414
2024-09-09 20:20:00,0.0,-1.618190928918554e-171,5.9733529912156165,507.99347229107894
2024-09-09 20:25:00,0.0,-1.618190928918554e-171,4.676011725681799,0.6434359600219047
2024-09-09 20:30:00,0.0,-1.618190928918554e-171,4.134792750072189,0.5240285520219048
2024-09-09 20:35:00,0.0,-1.618190928918554e-171,4.2904913412999655,0.5240285520219048
2024-09-09 20:40:00,0.0,-1.618190928918554e-171,5.0822956634893135,0.5240285520219048
2024-09-09 20:45:00,0.0,-1.618190928918554e-171,6.448211601601594,0.5449174400552381
2024-09-09 20:50:00,0.0,-1.618190928918554e-171,8.32549172612853,0.5449174400552381
2024-09-09 20:55:00,0.0,-1.618190928918554e-171,10.651065221856472,0.6950470623330158
2024-09-09 21:00:00,0.0,-1.618190928918554e-171,13.361965457769466,0.08634073720444445
2024-09-09 21:05:00,0.0,-1.618190928918554e-171,16.395751992813643,0.08634073720444445
2024-09-09 21:10:00,0.0,-1.618190928918554e-171,19.690923842769763,0.08634073720444445
2024-09-09 21:15:00,0.0,-1.618190928918554e-171,23.187320913289145,0.08634073720444445
2024-09-09 21:20:00,0.0,-1.618190928918554e-171,26.82651058699258,0.08634073720444445
2024-09-09 21:25:00,0.0,-1.618190928918554e-171,30.552156615239923,0.08634073720444445
2024-09-09 21:30:00,0.0,-1.618190928918554e-171,34.31036761687357,0.1142666608711111
2024-09-09 21:35:00,0.0,-1.618190928918554e-171,38.05002251914313,1.3541776716711116
2024-09-09 21:40:00,0.0,-1.618190928918554e-171,41.72307077198838,461.29956766755487
2024-09-09 21:45:00,0.0,-1.618190928918554e-171,45.28480496101623,355.8608184041737
2024-09-09 21:50:00,0.0,-1.618190928918554e-171,48.69410408610334,468.58233375682465
2024-09-09 21:55:00,0.0,-1.618190928918554e-171,51.913645637317394,434.26505371179763
2024-09-09 22:00:00,0.0,-1.618190928918554e-171,54.91008516331861,359.43039523300706
2024-09-09 22:05:00,0.0,-1.618190928918554e-171,57.65420206814786,263.6741593718448
2024-09-09 22:10:00,0.0,-1.618190928918554e-171,60.12101076877616,242.02362287483936
2024-09-09 22:15:00,0.0,-1.618190928918554e-171,62.28983656054539,106.64679485300046
2024-09-09 22:20:00,0.0,-1.618190928918554e-171,64.14435585863218,1.109825839587778
2024-09-09 22:25:00,0.0,-1.618190928918554e-171,65.67260074430833,1.109825839587778
2024-09-09 22:30:00,0.0,-1.618190928918554e-171,66.86692804803859,1.0888813968377782
2024-09-09 22:35:00,0.0,-1.618190928918554e-171,67.72395347043481,1.0888813968377782
2024-09-09 22:40:00,0.0,-1.618190928918554e-171,68.24445153134582,1.0888813968377782
2024-09-09 22:45:00,0.0,-1.618190928918554e-171,68.43322239918987,1.0888813968377782
2024-09-09 22:50:00,0.0,-1.618190928918554e-171,68.29892693442763,2.124851754037778
2024-09-09 22:55:00,0.0,-1.618190928918554e-171,67.85389151469533,2.2166739726244447
2024-09-09 23:00:00,0.0,-1.618190928918554e-171,67.1138844634458,2.370518416871111
2024-09-09 23:05:00,0.0,-1.618190928918554e-171,66.097866118732,2.370518416871111
2024-09-09 23:10:00,0.0,-1.618190928918554e-171,64.8277148022461,11.800584684504436
2024-09-09 23:15:00,0.0,-1.618190928918554e-171,63.32793112909482,11.800584684504436
2024-09-09 23:20:00,0.0,-1.618190928918554e-171,61.625323254633635,1.0330295495044448
2024-09-09 23:25:00,0.0,-1.618190928918554e-171,59.74867588887508,1.0330295495044448
2024-09-09 23:30:00,0.0,-1.618190928918554e-171,57.72840585090616,1.0330295495044448
2024-09-09 23:35:00,0.0,-1.618190928918554e-171,55.59620733265576,1.0330295495044448
2024-09-09 23:40:00,0.0,-1.618190928918554e-171,53.3846897637981,1.0330295495044448
2024-09-09 23:45:00,0.0,-1.618190928918554e-171,51.12701159417931,1.0330295495044448
2024-09-09 23:50:00,0.0,-1.618190928918554e-171,48.85651303902791,1.0330295495044448
2024-09-09 23:55:00,0.0,-1.618190928918554e-171,46.60635101790731,1.0330295495044448
2024-09-10 00:00:00,0.0,-1.618190928918554e-171,44.409139439414886,0.0
2024-09-10 00:05:00,0.0,-1.618190928918554e-171,42.29659793536701,0.0
2024-09-10 00:10:00,0.0,-1.618190928918554e-171,40.299212098436975,0.0
2024-09-10 00:15:00,0.0,-1.618190928918554e-171,38.44590813919968,0.0
2024-09-10 00:20:00,0.0,-1.618190928918554e-171,36.763744891579904,0.0
2024-09-10 00:25:00,0.0,-1.618190928918554e-171,35.27762567303309,0.0
2024-09-10 00:30:00,0.0,-1.618190928918554e-171,34.01003275288435,0.0
2024-09-10 00:35:00,0.0,-1.618190928918554e-171,32.98078658407662,0.0
2024-09-10 00:40:00,0.0,-1.618190928918554e-171,32.206832044774664,0.0
2024-09-10 00:45:00,0.0,-1.618190928918554e-171,31.70205357165274,0.0
2024-09-10 00:50:00,0.0,-1.618190928918554e-171,31.477120884535736,0.0
2024-09-10 00:55:00,0.0,-1.618190928918554e-171,31.53936672567261,0.0
2024-09-10 01:00:00,0.0,-1.618190928918554e-171,31.892697794525578,0.0
2024-09-10 01:05:00,0.0,-1.618190928918554e-171,32.53753977603828,0.0
2024-09-10 01:10:00,0.0,-1.618190928918554e-171,33.47081708090067,0.0
2024-09-10 01:15:00,0.0,-1.618190928918554e-171,34.685967629545495,0.0
2024-09-10 01:20:00,0.0,-1.618190928918554e-171,36.172992730750785,0.0
2024-09-10 01:25:00,0.0,-1.618190928918554e-171,37.91854180550213,0.7685555436666667
2024-09-10 01:30:00,0.0,-1.618190928918554e-171,39.906031400498335,0.7685555436666667
2024-09-10 01:35:00,0.0,-1.618190928918554e-171,42.11579770216134,0.7685555436666667
2024-09-10 01:40:00,0.0,-1.618190928918554e-171,44.525281418635174,0.7685555436666667
2024-09-10 01:45:00,0.0,-1.618190928918554e-171,47.10924365674702,0.7685555436666667
2024-09-10 01:50:00,0.0,-1.618190928918554e-171,49.84001116858409,0.7685555436666667
2024-09-10 01:55:00,0.0,-1.618190928918554e-171,52.68774903616717,0.7685555436666667
2024-09-10 02:00:00,0.0,-1.618190928918554e-171,55.620758721300746,0.7685555436666667
2024-09-10 02:05:00,0.0,-1.618190928918554e-171,58.60579905911749,0.7685555436666667
2024-09-10 02:10:00,0.0,-1.618190928918554e-171,61.60842770349602,0.7685555436666667
2024-09-10 02:15:00,0.0,-1.618190928918554e-171,64.5933602402229,0.7685555436666667
2024-09-10 02:20:00,0.0,-1.618190928918554e-171,67.52484409353747,0.7685555436666667
2024-09-10 02:25:00,0.0,-1.618190928918554e-171,70.3670441435426,0.7685555436666667
2024-09-10 02:30:00,0.0,-1.618190928918554e-171,73.0844369379464,0.7685555436666667
2024-09-10 02:35:00,0.0,-1.618190928918554e-171,75.64221020593165,0.7685555436666667
2024-09-10 02:40:00,0.0,-1.618190928918554e-171,78.0066643625639,0.7685555436666667
2024-09-10 02:45:00,0.0,-1.618190928918554e-171,80.14561264442423,0.0
2024-09-10 02:50:00,0.0,-1.618190928918554e-171,82.02877646271638,0.0
2024-09-10 02:55:00,0.0,-1.618190928918554e-171,83.62817264345156,0.0
2024-09-10 03:00:00,0.0,-1.618190928918554e-171,84.91848917967741,0.0
2024-09-10 03:05:00,0.0,-1.618190928918554e-171,85.87744624771895,0.0
2024-09-10 03:10:00,0.0,-1.618190928918554e-171,86.48613928804141,0.0
2024-09-10 03:15:00,0.0,-1.618190928918554e-171,86.72936108666877,0.0
2024-09-10 03:20:00,0.0,-1.618190928918554e-171,86.59589992213492,0.0
2024-09-10 03:25:00,0.0,-1.618190928918554e-171,86.0788110171036,0.0
2024-09-10 03:30:00,0.0,-1.618190928918554e-171,85.17565868531858,0.0
2024-09-10 03:35:00,0.0,-1.618190928918554e-171,83.88872686020468,0.0
2024-09-10 03:40:00,0.0,-1.618190928918554e-171,82.22519572826555,0.0
2024-09-10 03:45:00,0.0,-1.618190928918554e-171,80.19728273705277,0.0
2024-09-10 03:50:00,0.0,-1.618190928918554e-171,77.82234612688586,0.0
2024-09-10 03:55:00,0.0,-1.618190928918554e-171,75.12294979025323,0.0
2024-09-10 04:00:00,0.0,-1.618190928918554e-171,72.12688824801512,0.0
2024-09-10 04:05:00,0.0,-1.618190928918554e-171,68.86717100662833,0.0
2024-09-10 04:10:00,0.0,-1.618190928918554e-171,65.38196579797837,0.0
2024-09-10 04:15:00,0.0,-1.618190928918554e-171,61.71450048181435,0.0
2024-09-10 04:20:00,0.0,-1.618190928918554e-171,57.91292385457935,0.0
2024-09-10 04:25:00,0.0,-1.618190928918554e-171,54.03012564197169,0.0
2024-09-10 04:30:00,0.0,-1.618190928918554e-171,50.12351663162091,0.0
2024-09-10 04:35:00,0.0,-1.618190928918554e-171,46.254769795179776,0.0
2024-09-10 04:40:00,0.0,-1.618190928918554e-171,42.48952402061325,0.0
2024-09-10 04:45:00,0.0,-1.618190928918554e-171,38.897051847751754,0.0
2024-09-10 04:50:00,0.0,-1.618190928918554e-171,35.54989341231421,0.0
2024-09-10 04:55:00,0.0,-1.618190928918554e-171,32.52345861802929,0.0
2024-09-10 05:00:00,0.0,-1.618190928918554e-171,29.89560009139776,0.0
2024-09-10 05:05:00,0.0,-1.618190928918554e-171,27.746159675322552,0.0
2024-09-10 05:10:00,0.0,-1.618190928918554e-171,26.156491275631613,0.0
2024-09-10 05:15:00,0.0,-1.618190928918554e-171,25.208963282444902,0.0
2024-09-10 05:20:00,0.0,-1.618190928918554e-171,24.986443829912947,0.0
2024-09-10 05:25:00,0.0,-1.618190928918554e-171,25.571772374083793,0.0
2024-09-10 05:30:00,0.0,-1.618190928918554e-171,27.04722111750383,0.0
2024-09-10 05:35:00,0.0,-1.618190928918554e-171,29.493950087640087,0.0
2024-09-10 05:40:00,0.0,-1.618190928918554e-171,32.99145945319765,0.0
2024-09-10 05:45:00,0.0,-1.618190928918554e-171,37.61704310998818,0.0
2024-09-10 05:50:00,0.0,-1.618190928918554e-171,43.44524713410379,0.0
2024-09-10 05:55:00,0.0,-1.618190928918554e-171,50.54733714098928,0.0
2024-09-10 06:00:00,0.0,-1.618190928918554e-171,58.99077817799355,12.945001574588016
2024-09-10 06:05:00,0.0,-1.618190928918554e-171,68.83873098033756,13.00720155887135
2024-09-10 06:10:00,0.0,-1.618190928918554e-171,80.14956817328384,13.00720155887135
2024-09-10 06:15:00,0.0,-1.618190928918554e-171,92.9764139464652,13.00720155887135
2024-09-10 06:20:00,0.0,-1.618190928918554e-171,107.36671062867421,13.00720155887135
2024-09-10 06:25:00,0.0,-1.618190928918554e-171,123.36181520119466,13.00720155887135
2024-09-10 06:30:00,0.0,-1.618190928918554e-171,140.99662909083816,12.472312393829446
2024-09-10 06:35:00,0.0,-1.618190928918554e-171,160.29926355678504,12.472312393829446
2024-09-10 06:40:00,0.0,-1.618190928918554e-171,181.29074373095204,12.472312393829446
2024-09-10 06:45:00,0.0,-1.618190928918554e-171,203.98475327913346,12.472312393829446
2024-09-10 06:50:00,0.0,-1.618190928918554e-171,228.38742182453984,12.658338042419189
2024-09-10 06:55:00,0.0,-1.618190928918554e-171,254.4971569538569,13.487952908896967
2024-09-10 07:00:00,0.0,-1.618190928918554e-171,282.3045219915704,319.146486712295
2024-09-10 07:05:00,58.09999847,-1.618190928918554e-171,311.7921609970266,319.146486712295
2024-09-10 07:10:00,65.09999847,-1.618190928918554e-171,342.93477149779403,319.146486712295
2024-09-10 07:15:00,76.09999847,-1.618190928918554e-171,375.6991257731639,319.146486712295
2024-09-10 07:20:00,71.73332977,-1.618190928918554e-171,410.04414019309,319.146486712295
2024-09-10 07:25:00,93.30000305,-1.618190928918554e-171,445.92099319871147,319.146486712295
2024-09-10 07:30:00,103.1999969,-1.618190928918554e-171,483.27329093603765,320.84306648007833
2024-09-10 07:35:00,122.4000015,-1.618190928918554e-171,522.0372795380749,320.84306648007833
2024-09-10 07:40:00,156.8999939,-1.618190928918554e-171,562.1421033165996,320.1143536600704
2024-09-10 07:45:00,185.3000031,-1.618190928918554e-171,603.5101069486644,320.1143536600704
2024-09-10 07:50:00,199.8000031,-1.618190928918554e-171,646.0571801560704,320.1143536600704
2024-09-10 07:55:00,229.6000061,-1.618190928918554e-171,689.6931422426036,322.6747091747593
2024-09-10 08:00:00,217.2333374,-1.618190928918554e-171,734.3221650006229,591.0356112839396
2024-09-10 08:05:00,230.1333466,-1.618190928918554e-171,779.8432300424714,591.0356112839396
2024-09-10 08:10:00,274.8999939,-1.618190928918554e-171,826.1506189405924,592.0712965726062
2024-09-10 08:15:00,261.4333496,-1.618190928918554e-171,873.1344321660791,592.0712965726062
2024-09-10 08:20:00,329.8999939,-1.618190928918554e-171,920.6811337820947,592.0712965726062
2024-09-10 08:25:00,379.7999878,-1.618190928918554e-171,968.6741185107642,592.0712965726062
2024-09-10 08:30:00,450.2000122,-1.618190928918554e-171,1016.994297003493,585.8341080135397
2024-09-10 08:35:00,486.0,-1.618190928918554e-171,1065.52069615582,583.591552674873
2024-09-10 08:40:00,574.5,-1.618190928918554e-171,1114.1310700093973,573.5991436428175
2024-09-10 08:45:00,536.2000122,-1.618190928918554e-171,1162.7025178182291,573.5991436428175
2024-09-10 08:50:00,637.5999756,-1.618190928918554e-171,1211.112104308283,573.5991436428175
2024-09-10 08:55:00,603.0,-1.618190928918554e-171,1259.237479213473,573.5991436428175
2024-09-10 09:00:00,628.0666504,-1.618190928918554e-171,1306.957491458417,1142.572908356404
2024-09-10 09:05:00,618.2333374,-1.618190928918554e-171,1354.1527937211931,1143.7622637223594
2024-09-10 09:10:00,608.333313,-1.618190928918554e-171,1400.7064341423304,1141.6806801594169
2024-09-10 09:15:00,599.5,-1.618190928918554e-171,1446.5044308202678,1134.0702763245913
2024-09-10 09:20:00,660.5,-1.618190928918554e-171,1491.4363255601154,1121.9815840010515
2024-09-10 09:25:00,631.5,-1.618190928918554e-171,1535.3957134414932,1119.4233971632739
2024-09-10 09:30:00,653.0333252,-1.618190928918554e-171,1578.2807445175774,1118.2205193195516
2024-09-10 09:35:00,655.2000122,-1.618190928918554e-171,1619.9945948046511,1116.811448102726
2024-09-10 09:40:00,662.4333496,-1.618190928918554e-171,1660.4459032894963,1116.811448102726
2024-09-10 09:45:00,659.833313,-1.618190928918554e-171,1699.5491726139883,1116.811448102726
2024-09-10 09:50:00,647.1333618,-1.618190928918554e-171,1737.2251305638922,1127.3985288528522
2024-09-10 09:55:00,633.7000122,-1.618190928918554e-171,1773.4010506110396,1127.3985288528522
2024-09-10 10:00:00,742.4000244,-1.618190928918554e-171,1808.0110291160292,1782.1442169607715
2024-09-10 10:05:00,846.7999878,-1.618190928918554e-171,1840.9962181835378,1782.1442169607715
2024-09-10 10:10:00,803.9666138,-1.618190928918554e-171,1872.3050124710412,1791.3949287121495
2024-09-10 10:15:00,946.9000244,-1.618190928918554e-171,1901.893189426929,1791.6670278431113
2024-09-10 10:20:00,1033.599976,-1.618190928918554e-171,1929.7240017038814,1791.6670278431113
2024-09-10 10:25:00,1122.599976,-1.618190928918554e-171,1955.7682223171257,1794.5054722614448
2024-09-10 10:30:00,1222.699951,-1.618190928918554e-171,1980.0041420774194,1794.5054722614448
2024-09-10 10:35:00,1461.699951,-1.618190928918554e-171,2002.4175197131185,1794.5054722614448
2024-09-10 10:40:00,1331.866577,-1.618190928918554e-171,2023.0014857145413,1802.8234898410637
2024-09-10 10:45:00,1376.366577,-1.618190928918554e-171,2041.7564007201115,1631.2948295399594
2024-09-10 10:50:00,1556.900024,-1.618190928918554e-171,2058.6896698831524,1631.2948295399594
2024-09-10 10:55:00,1466.066772,-1.618190928918554e-171,2073.815514993202,1631.2948295399594
2024-09-10 11:00:00,2060.800049,-1.618190928918554e-171,2087.1547061532224,1699.9525942009268
2024-09-10 11:05:00,1890.300049,-1.618190928918554e-171,2098.7342554397082,1699.9525942009268
2024-09-10 11:10:00,1863.333374,-1.618190928918554e-171,2108.5870749324413,1703.464600305856
2024-09-10 11:15:00,1787.866699,-1.618190928918554e-171,2116.751601960648,1703.464600305856
2024-09-10 11:20:00,1844.633301,-1.618190928918554e-171,2123.271394455474,1703.464600305856
2024-09-10 11:25:00,1842.966675,-1.618190928918554e-171,2128.1946996116258,1703.464600305856
2024-09-10 11:30:00,1828.400024,-1.618190928918554e-171,2131.5739992219833,1703.464600305856
2024-09-10 11:35:00,2056.600098,-1.618190928918554e-171,2133.4655350665817,1726.5589173646083
2024-09-10 11:40:00,1899.933228,-1.618190928918554e-171,2133.928818152093,1726.5589173646083
2024-09-10 11:45:00,1930.400024,-1.618190928918554e-171,2133.0261252801024,1726.5589173646083
2024-09-10 11:50:00,2060.0,-1.618190928918554e-171,2130.821986898926,1726.5589173646083
2024-09-10 11:55:00,1975.400024,-1.618190928918554e-171,2127.3826699434517,1726.426339729942
2024-09-10 12:00:00,2017.900024,-1.618190928918554e-171,2122.775659496573,1408.0703423814982
2024-09-10 12:05:00,2000.700073,-1.618190928918554e-171,2117.0691431230907,1408.0703423814982
2024-09-10 12:10:00,2025.0,-1.618190928918554e-171,2110.3315015585777,1401.4968702911872
2024-09-10 12:15:00,2040.966675,-1.618190928918554e-171,2102.6308094873784,1374.955315355279
2024-09-10 12:20:00,2057.699951,-1.618190928918554e-171,2094.0343499746145,1374.9702407575012
2024-09-10 12:25:00,2059.033447,-1.618190928918554e-171,2084.6081460047603,1364.1728519388982
2024-09-10 12:30:00,2058.766602,-1.618190928918554e-171,2074.416512424516,1361.9758760263057
2024-09-10 12:35:00,2057.699951,-1.618190928918554e-171,2063.5216314450468,1488.2175633484055
2024-09-10 12:40:00,2056.033203,-1.618190928918554e-171,2051.9831546317832,1580.2064932064447
2024-09-10 12:45:00,2056.199951,-1.618190928918554e-171,2039.8578340378272,1595.809884668744
2024-09-10 12:50:00,2056.600098,-1.618190928918554e-171,2027.1991850264947,1605.2645145846552
2024-09-10 12:55:00,2057.299805,-1.618190928918554e-171,2014.0571829770236,1509.942747242174
2024-09-10 13:00:00,2057.25,-1.618190928918554e-171,2000.4779957627459,1589.5190448895444
2024-09-10 13:05:00,2055.599854,-1.618190928918554e-171,1986.5037538187823,1545.3430487137186
2024-09-10 13:10:00,2054.133545,-1.618190928918554e-171,1972.172358979929,1547.2467102166993
2024-09-10 13:15:00,2052.333252,-1.618190928918554e-171,1957.5173331986223,1499.5971156416074
2024-09-10 13:20:00,2053.43335,-1.618190928918554e-171,1942.5677080904995,1448.8044668128375
2024-09-10 13:25:00,2030.833374,-1.618190928918554e-171,1927.3479554222822,1384.345267559839
2024-09-10 13:30:00,1997.333374,-1.618190928918554e-171,1911.8779588447396,1650.8012812744412
2024-09-10 13:35:00,1997.433228,-1.618190928918554e-171,1896.173026738189,1645.9593653141635
2024-09-10 13:40:00,2023.0,-1.618190928918554e-171,1880.2439454496694,1639.8520537305524
2024-09-10 13:45:00,2058.533203,-1.618190928918554e-171,1864.097072264977,1636.5258045431826
2024-09-10 13:50:00,2060.100098,-1.618190928918554e-171,1847.7344669327101,1611.44668551866
2024-09-10 13:55:00,2058.033447,-1.618190928918554e-171,1831.1540602813145,1611.44668551866
2024-09-10 14:00:00,2058.466553,-1.618190928918554e-171,1814.3498583417902,1556.9100505350013
2024-09-10 14:05:00,2057.56665,-1.618190928918554e-171,1797.3121798999837,1539.2159345920015
2024-09-10 14:10:00,2058.06665,-1.618190928918554e-171,1780.027925355348,1538.4282871568905
2024-09-10 14:15:00,2056.299805,-1.618190928918554e-171,1762.4808743493306,1507.4698121940812
2024-09-10 14:20:00,2054.599854,-1.618190928918554e-171,1744.6520095993212,1491.644423693746
2024-09-10 14:25:00,2053.533447,-1.618190928918554e-171,1726.5198640559436,1500.0210309516506
2024-09-10 14:30:00,2054.5,-1.618190928918554e-171,1708.0608883033187,1479.0726478139507
2024-09-10 14:35:00,2055.06665,-1.618190928918554e-171,1689.2498352298967,1461.3011796701353
2024-09-10 14:40:00,2055.233398,-1.618190928918554e-171,1670.0601584700437,1442.9166419962582
2024-09-10 14:45:00,2053.766602,-1.618190928918554e-171,1650.4644212740702,1446.798904393163
2024-09-10 14:50:00,2053.333252,-1.618190928918554e-171,1630.4347126703776,1437.5300129405111
2024-09-10 14:55:00,2052.633301,-1.618190928918554e-171,1609.943066956599,1078.2937578010512
2024-09-10 15:00:00,2053.266602,-1.618190928918554e-171,1588.961883385994,1114.566249752226
2024-09-10 15:05:00,2054.533203,-1.618190928918554e-171,1567.464342376019,1102.9552145041519
2024-09-10 15:10:00,2056.800049,-1.618190928918554e-171,1545.4248149855835,953.5175200969489
2024-09-10 15:15:00,1951.700073,-1.618190928918554e-171,1522.819262032694,931.7980973943158
2024-09-10 15:20:00,1918.400024,-1.618190928918554e-171,1499.625619781614,917.4359264768444
2024-09-10 15:25:00,1861.933228,-1.618190928918554e-171,1475.824168874157,1252.4580198346846
2024-09-10 15:30:00,1899.799927,-1.618190928918554e-171,1451.3978836439824,1249.9912049204625
2024-09-10 15:35:00,1840.599976,-1.618190928918554e-171,1426.3327587660076,1252.5413514341008
2024-09-10 15:40:00,1794.066772,-1.618190928918554e-171,1400.6181107872287,1269.3138958575216
2024-09-10 15:45:00,1750.799927,-1.618190928918554e-171,1374.2468517630964,1285.2173804940105
2024-09-10 15:50:00,1726.366577,-1.618190928918554e-171,1347.2157330961147,1306.098187367455
2024-09-10 15:55:00,1697.866577,-1.618190928918554e-171,1319.525557302254,946.2510843954419
2024-09-10 16:00:00,1647.066772,-1.618190928918554e-171,1291.1813560702685,1029.3791205687728
2024-09-10 16:05:00,1574.133301,-1.618190928918554e-171,1262.1925332476073,1183.8656180943992
2024-09-10 16:10:00,1492.933472,-1.618190928918554e-171,1232.5729713238359,1144.9417909238095
2024-09-10 16:15:00,1443.799927,-1.618190928918554e-171,1202.3411005113408,1088.4443157593998
2024-09-10 16:20:00,1419.433228,-1.618190928918554e-171,1171.5199302765743,1104.0805785108817
2024-09-10 16:25:00,1399.600098,-1.618190928918554e-171,1140.1370422736256,1084.4547067417398
2024-09-10 16:30:00,1334.633301,-1.618190928918554e-171,1108.2245452500786,1076.9514118380807
2024-09-10 16:35:00,1287.800049,-1.618190928918554e-171,1075.8189918690832,1056.8533796116915
2024-09-10 16:40:00,1253.233398,-1.618190928918554e-171,1042.961258349202,1052.8883869766246
2024-09-10 16:45:00,1265.850098,-1.618190928918554e-171,1009.6963874859641,1027.3347661951348
2024-09-10 16:50:00,1081.199951,-1.618190928918554e-171,976.0733963470936,1006.6221831394456
2024-09-10 16:55:00,666.5499878,-1.618190928918554e-171,942.1450502380068,1021.1197502767368
2024-09-10 17:00:00,401.0666504,-1.618190928918554e-171,907.9676041493495,615.2521265192346
2024-09-10 17:05:00,374.2999573,-1.618190928918554e-171,873.6005145415799,604.0208358487196
2024-09-10 17:10:00,349.3666687,-1.618190928918554e-171,839.1061224888663,597.6743599676884
2024-09-10 17:15:00,330.6999817,-1.618190928918554e-171,804.5493116554378,602.5468931411534
2024-09-10 17:20:00,314.9333191,-1.618190928918554e-171,769.997142979227,605.5676895219993
2024-09-10 17:25:00,300.3000183,-1.618190928918554e-171,735.5184692474004,691.7600488297583
2024-09-10 17:30:00,282.6666565,-1.618190928918554e-171,701.1835322363571,668.0637651069327
2024-09-10 17:35:00,260.6999817,-1.618190928918554e-171,667.0635458247668,653.592699325647
2024-09-10 17:40:00,238.6000214,-1.618190928918554e-171,633.2302679168832,651.4927185988691
2024-09-10 17:45:00,220.9000092,-1.618190928918554e-171,599.7555644023623,653.676599404255
2024-09-10 17:50:00,207.0666656,-1.618190928918554e-171,566.7109691301656,659.9216332383019
2024-09-10 17:55:00,191.4000092,-1.618190928918554e-171,534.1672422913324,661.7354473137906
2024-09-10 18:00:00,171.9666748,-1.618190928918554e-171,502.1939313060017,271.55561428495605
2024-09-10 18:05:00,154.0,-1.618190928918554e-171,470.85893715550714,269.69149464100377
2024-09-10 18:10:00,144.9499817,-1.618190928918554e-171,440.22808981387675,271.3172715182339
2024-09-10 18:15:00,125.1999893,-1.618190928918554e-171,410.364735590068,270.7283453980117
2024-09-10 18:20:00,100.0999985,-1.618190928918554e-171,381.3293398244839,381.6357554805355
2024-09-10 18:25:00,92.33333588,-1.618190928918554e-171,353.17910786738423,362.35509843310933
2024-09-10 18:30:00,83.33333588,-1.618190928918554e-171,325.9676270042848,362.2023984411427
2024-09-10 18:35:00,80.05000305,-1.618190928918554e-171,299.74453261325635,234.41829650656496
2024-09-10 18:40:00,66.8999939,-1.618190928918554e-171,274.5552002154208,234.41829650656496
2024-09-10 18:45:00,54.95000076,-1.618190928918554e-171,250.44046656756268,234.16858339712053
2024-09-10 18:50:00,42.19999695,-1.618190928918554e-171,227.4363813064655,232.31258744121578
2024-09-10 18:55:00,30.29999924,-1.618190928918554e-171,205.57399130663885,232.31258744121578
2024-09-10 19:00:00,21.79999924,-1.618190928918554e-171,184.8791592581438,16.614393466792315
2024-09-10 19:05:00,16.29999924,-1.618190928918554e-171,165.3724177415759,16.614393466792315
2024-09-10 19:10:00,12.83333302,-1.618190928918554e-171,147.06886009631478,16.614393466792315
2024-09-10 19:15:00,0.0,-1.618190928918554e-171,129.9780684468332,16.276927408742313
2024-09-10 19:20:00,0.0,-1.618190928918554e-171,114.1040799377004,16.386127409495646
2024-09-10 19:25:00,0.0,-1.618190928918554e-171,99.44539083651705,16.386127409495646
2024-09-10 19:30:00,0.0,-1.618190928918554e-171,85.9949987890914,16.386127409495646
2024-09-10 19:35:00,0.0,-1.618190928918554e-171,73.74048265181251,16.386127409495646
2024-09-10 19:40:00,0.0,-1.618190928918554e-171,62.66411940044698,18.884139709553786
2024-09-10 19:45:00,0.0,-1.618190928918554e-171,52.74303697608005,18.884139709553786
2024-09-10 19:50:00,0.0,-1.618190928918554e-171,43.9494019917074,18.884139709553786
2024-09-10 19:55:00,0.0,-1.618190928918554e-171,36.250640762398426,18.348593408565637
2024-09-10 20:00:00,0.0,-1.618190928918554e-171,29.609691886475073,18.790152655746823
2024-09-10 20:05:00,0.0,-1.618190928918554e-171,23.98528849610422,184.8426855395123
2024-09-10 20:10:00,0.0,-1.618190928918554e-171,19.332267877379177,193.98442099654932
2024-09-10 20:15:00,0.0,-1.618190928918554e-171,15.601906099581745,191.71760483277154
2024-09-10 20:20:00,0.0,-1.618190928918554e-171,12.74227506510895,205.16353964736047
2024-09-10 20:25:00,0.0,-1.618190928918554e-171,10.698619218199736,220.21218778686045
2024-09-10 20:30:00,0.0,-1.618190928918554e-171,9.413749010439622,235.25765260712555
2024-09-10 20:35:00,0.0,-1.618190928918554e-171,8.828448094101356,270.2743792185802
2024-09-10 20:40:00,0.0,-1.618190928918554e-171,8.881891145540926,76.94441397629414
2024-09-10 20:45:00,0.0,-1.618190928918554e-171,9.512069111987461,73.94559976126635
2024-09-10 20:50:00,0.0,-1.618190928918554e-171,10.656218598775629,1.1996618100433336
2024-09-10 20:55:00,0.0,-1.618190928918554e-171,12.251252271749356,1.1996618100433336
2024-09-10 21:00:00,0.0,-1.618190928918554e-171,14.234186789703624,0.7679184570600002
2024-09-10 21:05:00,0.0,-1.618190928918554e-171,16.542565302266087,0.7679184570600002
2024-09-10 21:10:00,0.0,-1.618190928918554e-171,19.114871084502678,0.7679184570600002
2024-09-10 21:15:00,0.0,-1.618190928918554e-171,21.890929387441947,0.7957703077711112
2024-09-10 21:20:00,0.0,-1.618190928918554e-171,24.8122944173067,1.0889925062711114
2024-09-10 21:25:00,0.0,-1.618190928918554e-171,27.822618596833433,1.0889925062711114
2024-09-10 21:30:00,0.0,-1.618190928918554e-171,30.868001393806086,1.0889925062711114
2024-09-10 21:35:00,0.0,-1.618190928918554e-171,33.897315124263294,1.1518258345211114
2024-09-10 21:40:00,0.0,-1.618190928918554e-171,36.862505439033086,1.0680480635211114
2024-09-10 21:45:00,0.0,-1.618190928918554e-171,39.71886421480768,1.0471036207711115
2024-09-10 21:50:00,0.0,-1.618190928918554e-171,42.425273079416705,1.0471036207711115
2024-09-10 21:55:00,0.0,-1.618190928918554e-171,44.944415692000454,1.0471036207711115
2024-09-10 22:00:00,0.0,-1.618190928918554e-171,47.242957506025405,1.0471036207711115
2024-09-10 22:05:00,0.0,-1.618190928918554e-171,49.29169169562725,2.9793239666911115
2024-09-10 22:10:00,0.0,-1.618190928918554e-171,51.06565042081623,2.887501748104445
2024-09-10 22:15:00,0.0,-1.618190928918554e-171,52.544180778988355,3.1331684109377784
2024-09-10 22:20:00,0.0,-1.618190928918554e-171,53.71098507135982,2.9793239666911115
2024-09-10 22:25:00,0.0,-1.618190928918554e-171,54.554125358893685,3.6210573173266667
2024-09-10 22:30:00,0.0,-1.618190928918554e-171,55.06599250834847,3.6210573173266667
2024-09-10 22:35:00,0.0,-1.618190928918554e-171,55.24324024279983,3.6210573173266667
2024-09-10 22:40:00,0.0,-1.618190928918554e-171,55.08668498643249,3.6210573173266667
2024-09-10 22:45:00,0.0,-1.618190928918554e-171,54.6011725546278,2.8166295471933336
2024-09-10 22:50:00,0.0,-1.618190928918554e-171,53.79541303350775,2.8166295471933336
2024-09-10 22:55:00,0.0,-1.618190928918554e-171,52.68178539607576,2.8166295471933336
2024-09-10 23:00:00,0.0,-1.618190928918554e-171,51.27611370494086,2.8166295471933336
2024-09-10 23:05:00,0.0,-1.618190928918554e-171,49.597416929395166,2.8166295471933336
2024-09-10 23:10:00,0.0,-1.618190928918554e-171,47.667634627493,2.8166295471933336
2024-09-10 23:15:00,0.0,-1.618190928918554e-171,45.511330955395096,3.6210573173266667
2024-09-10 23:20:00,0.0,-1.618190928918554e-171,43.1553796057971,3.6210573173266667
2024-09-10 23:25:00,0.0,-1.618190928918554e-171,40.62863245197679,3.6210573173266667
2024-09-10 23:30:00,0.0,-1.618190928918554e-171,37.961574797068536,3.6210573173266667
2024-09-10 23:35:00,0.0,-1.618190928918554e-171,35.18597022569583,3.6210573173266667
2024-09-10 23:40:00,0.0,-1.618190928918554e-171,32.33449814223803,1.7248073426600006
2024-09-10 23:45:00,0.0,-1.618190928918554e-171,29.440387154061657,1.7248073426600006
2024-09-10 23:50:00,0.0,-1.618190928918554e-171,26.53704745441844,1.7248073426600006
2024-09-10 23:55:00,0.0,-1.618190928918554e-171,23.657705385499963,0.991251773437778
2024-09-11 00:00:00,0.0,-1.618190928918554e-171,20.83504335611924,0.0
2024-09-11 00:05:00,0.0,-1.618190928918554e-171,18.100848219343042,0.0
2024-09-11 00:10:00,0.0,-1.618190928918554e-171,15.485671156484385,0.0
2024-09-11 00:15:00,0.0,-1.618190928918554e-171,13.01850202933349,0.0
2024-09-11 00:20:00,0.0,-1.618190928918554e-171,10.726461019563322,0.0
2024-09-11 00:25:00,0.0,-1.618190928918554e-171,8.634510262545485,0.0
2024-09-11 00:30:00,0.0,-1.618190928918554e-171,6.765187975922724,0.0
2024-09-11 00:35:00,0.0,-1.618190928918554e-171,5.13836749833944,0.0
2024-09-11 00:40:00,0.0,-1.618190928918554e-171,3.7710432867173025,0.0
2024-09-11 00:45:00,0.0,-1.618190928918554e-171,2.6771458677133686,0.0
2024-09-11 00:50:00,0.0,-1.618190928918554e-171,1.8673874006275741,0.0
2024-09-11 00:55:00,0.0,-1.618190928918554e-171,1.3491392933380262,0.0
2024-09-11 01:00:00,0.0,-1.618190928918554e-171,1.1263430442561757,0.0
2024-09-11 01:05:00,0.0,-1.618190928918554e-171,1.199455214823262,0.0
2024-09-11 01:10:00,0.0,-1.618190928918554e-171,1.5654271439825296,0.0
2024-09-11 01:15:00,0.0,-1.618190928918554e-171,2.217719745757691,0.0
2024-09-11 01:20:00,0.0,-1.618190928918554e-171,3.1463534407501217,0.0
2024-09-11 01:25:00,0.0,-1.618190928918554e-171,4.337992954649137,0.0
2024-09-11 01:30:00,0.0,-1.618190928918554e-171,5.776066461806274,0.0
2024-09-11 01:35:00,0.0,-1.618190928918554e-171,7.440918242898331,0.0
2024-09-11 01:40:00,0.0,-1.618190928918554e-171,9.309993760038996,0.0
2024-09-11 01:45:00,0.0,-1.618190928918554e-171,11.358055744279788,0.0
2024-09-11 01:50:00,0.0,-1.618190928918554e-171,13.557429685403703,0.0
2024-09-11 01:55:00,0.0,-1.618190928918554e-171,15.878276800612644,0.0
2024-09-11 02:00:00,0.0,-1.618190928918554e-171,18.288892383794614,0.0
2024-09-11 02:05:00,0.0,-1.618190928918554e-171,20.756027108179534,0.0
2024-09-11 02:10:00,0.0,-1.618190928918554e-171,23.24522883506257,0.0
2024-09-11 02:15:00,0.0,-1.618190928918554e-171,25.721202079481227,0.0
2024-09-11 02:20:00,0.0,-1.618190928918554e-171,28.148182284960214,0.0
2024-09-11 02:25:00,0.0,-1.618190928918554e-171,30.490321847403386,0.0
2024-09-11 02:30:00,0.0,-1.618190928918554e-171,32.712084712800014,0.0
2024-09-11 02:35:00,0.0,-1.618190928918554e-171,34.77864629612923,0.0
2024-09-11 02:40:00,0.0,-1.618190928918554e-171,36.65629539555762,0.0
2024-09-11 02:45:00,0.0,-1.618190928918554e-171,38.31283471944012,0.0
2024-09-11 02:50:00,0.0,-1.618190928918554e-171,39.717976656894855,0.0
2024-09-11 02:55:00,0.0,-1.618190928918554e-171,40.84373088493008,0.0
2024-09-11 03:00:00,0.0,-1.618190928918554e-171,41.66478052772247,0.0
2024-09-11 03:05:00,0.0,-1.618190928918554e-171,42.158843507328285,0.0
2024-09-11 03:10:00,0.0,-1.618190928918554e-171,42.30701599834027,0.0
2024-09-11 03:15:00,0.0,-1.618190928918554e-171,42.09409481299479,0.0
2024-09-11 03:20:00,0.0,-1.618190928918554e-171,41.5088758594301,0.0
2024-09-11 03:25:00,0.0,-1.618190928918554e-171,40.54442586475276,0.0
2024-09-11 03:30:00,0.0,-1.618190928918554e-171,39.19832476741515,0.0
2024-09-11 03:35:00,0.0,-1.618190928918554e-171,37.472876443515695,0.0
2024-09-11 03:40:00,0.0,-1.618190928918554e-171,35.37528555331267,0.0
2024-09-11 03:45:00,0.0,-1.618190928918554e-171,32.917798649094806,0.0
2024-09-11 03:50:00,0.0,-1.618190928918554e-171,30.117807831132428,0.0
2024-09-11 03:55:00,0.0,-1.618190928918554e-171,26.997915689396674,0.0
2024-09-11 04:00:00,0.0,-1.618190928918554e-171,23.585960255612424,0.0
2024-09-11 04:05:00,0.0,-1.618190928918554e-171,19.914999405618115,0.0
2024-09-11 04:10:00,0.0,-1.618190928918554e-171,16.023253979303366,0.0
2024-09-11 04:15:00,0.0,-1.618190928918554e-171,11.954009640908344,0.0
2024-09-11 04:20:00,0.0,-1.618190928918554e-171,7.755477489343957,0.0
2024-09-11 04:25:00,0.0,-1.618190928918554e-171,3.480613928586468,0.0
2024-09-11 04:30:00,0.0,-1.618190928918554e-171,-0.8130994873953632,0.0
2024-09-11 04:35:00,0.0,-1.618190928918554e-171,-5.063915127422838,0.0
2024-09-11 04:40:00,0.0,-1.618190928918554e-171,-9.20611591672003,0.0
2024-09-11 04:45:00,0.0,-1.618190928918554e-171,-13.17034789062115,0.0
2024-09-11 04:50:00,0.0,-1.618190928918554e-171,-16.883986628949543,0.0
2024-09-11 04:55:00,0.0,-1.618190928918554e-171,-20.271535521896702,0.0
2024-09-11 05:00:00,0.0,-1.618190928918554e-171,-23.25505319329725,0.0
2024-09-11 05:05:00,0.0,-1.618190928918554e-171,-25.754607509315367,0.0
2024-09-11 05:10:00,0.0,-1.618190928918554e-171,-27.688753193439766,0.0
2024-09-11 05:15:00,0.0,-1.618190928918554e-171,-28.975029921641486,0.0
2024-09-11 05:20:00,0.0,-1.618190928918554e-171,-29.530477567218462,0.0
2024-09-11 05:25:00,0.0,-1.618190928918554e-171,-29.27216517969355,0.0
2024-09-11 05:30:00,0.0,-1.618190928918554e-171,-28.11773007204726,0.0
2024-09-11 05:35:00,0.0,-1.618190928918554e-171,-25.985923341198788,0.0
2024-09-11 05:40:00,0.0,-1.618190928918554e-171,-22.797158050894872,0.0
2024-09-11 05:45:00,0.0,-1.618190928918554e-171,-18.474056249591346,0.0
2024-09-11 05:50:00,0.0,-1.618190928918554e-171,-12.941991021388993,0.0
2024-09-11 05:55:00,0.0,-1.618190928918554e-171,-6.129619704712255,0.0
2024-09-11 06:00:00,0.0,-1.618190928918554e-171,2.0305955038838555,99.78266102214496
2024-09-11 06:05:00,0.0,-1.618190928918554e-171,11.60188328345115,102.66913989445122
2024-09-11 06:10:00,0.0,-1.618190928918554e-171,22.642678896023455,104.06817330841902
2024-09-11 06:15:00,0.0,-1.618190928918554e-171,35.206163434319926,105.36281188728266
2024-09-11 06:20:00,0.0,-1.618190928918554e-171,49.339829878419465,110.97023574264892
2024-09-11 06:25:00,0.0,-1.618190928918554e-171,65.08507928700793,123.94816329678041
2024-09-11 06:30:00,0.0,-1.618190928918554e-171,82.47685016705623,131.0640348704534
2024-09-11 06:35:00,0.0,-1.618190928918554e-171,101.54328353837967,130.09602554636822
2024-09-11 06:40:00,0.0,-1.618190928918554e-171,122.3054266718191,131.68451553260587
2024-09-11 06:45:00,78.69999695,-1.618190928918554e-171,144.77697747712799,112.80421960724857
2024-09-11 06:50:00,96.19999695,-1.618190928918554e-171,168.96407179306306,111.37431855189081
2024-09-11 06:55:00,146.8000031,-1.618190928918554e-171,194.86511506385716,100.0537492740815
2024-09-11 07:00:00,179.1999969,-1.618190928918554e-171,222.47066014975672,532.6136748605816
2024-09-11 07:05:00,200.3000031,-1.618190928918554e-171,251.7633321502651,526.4497031439793
2024-09-11 07:10:00,187.5,-1.618190928918554e-171,282.7178012298501,530.7794456434539
2024-09-11 07:15:00,189.1666718,-1.618190928918554e-171,315.300803691793,533.9102961365031
2024-09-11 07:20:00,316.7000122,-1.618190928918554e-171,349.4712116890154,536.677826610343
2024-09-11 07:25:00,398.6000061,-1.618190928918554e-171,385.18015111141216,536.677826610343
2024-09-11 07:30:00,403.8000183,-1.618190928918554e-171,422.3711673966756,527.0944316571008
2024-09-11 07:35:00,398.0,-1.618190928918554e-171,460.9804381558057,640.301907567737
2024-09-11 07:40:00,537.5,-1.618190928918554e-171,500.93703150067444,647.3184998532037
2024-09-11 07:45:00,517.7999878,-1.618190928918554e-171,542.163208702345,680.7249804444588
2024-09-11 07:50:00,501.7666931,-1.618190928918554e-171,584.5747689396856,684.066073007681
2024-09-11 07:55:00,466.3000183,-1.618190928918554e-171,628.0814345087333,683.2435396011476
2024-09-11 08:00:00,439.5666809,-1.618190928918554e-171,672.5872740106436,1001.5523030846888
2024-09-11 08:05:00,475.7999878,-1.618190928918554e-171,717.9911602007695,1001.5523030846888
2024-09-11 08:10:00,558.5,-1.618190928918554e-171,764.1872605763867,999.1394696293554
2024-09-11 08:15:00,516.4333496,-1.618190928918554e-171,811.0655568740744,992.129640666637
2024-09-11 08:20:00,527.9333496,-1.618190928918554e-171,858.5123904130996,972.5863400278258
2024-09-11 08:25:00,507.3666992,-1.618190928918554e-171,906.4110294612954,979.2210589068967
2024-09-11 08:30:00,553.7999878,-1.618190928918554e-171,954.6422554005472,1002.2017632993224
2024-09-11 08:35:00,644.2999878,-1.618190928918554e-171,1003.0849634608286,1009.2647584821603
2024-09-11 08:40:00,860.0999756,-1.618190928918554e-171,1051.6167744354982,1072.4281747786847
2024-09-11 08:45:00,1150.5,-1.618190928918554e-171,1100.1146530284655,1078.6183856424734
2024-09-11 08:50:00,1165.050049,-1.618190928918554e-171,1148.455529170098,1080.6731174853624
2024-09-11 08:55:00,1156.599976,-1.618190928918554e-171,1196.5169178813778,1081.331982420067
2024-09-11 09:00:00,1151.199951,-1.618190928918554e-171,1244.1775341176967,1558.3011893833987
2024-09-11 09:05:00,1502.599976,-1.618190928918554e-171,1291.3178980673968,1561.3282300615203
2024-09-11 09:10:00,1449.299927,-1.618190928918554e-171,1337.820927358853,1558.3011893833987
2024-09-11 09:15:00,1450.133423,-1.618190928918554e-171,1383.5725122372032,1558.4983003867321
2024-09-11 09:20:00,1404.833374,-1.618190928918554e-171,1428.4620697593737,1556.4440155762443
2024-09-11 09:25:00,1575.800049,-1.618190928918554e-171,1472.3830738552674,1554.785341287133
2024-09-11 09:30:00,1513.533325,-1.618190928918554e-171,1515.2335578410232,1542.6727343451332
2024-09-11 09:35:00,1593.966675,-1.618190928918554e-171,1556.9165854630946,1567.2976904060774
2024-09-11 09:40:00,1611.933228,-1.618190928918554e-171,1597.3406886906216,1571.4965054405218
2024-09-11 09:45:00,1634.666626,-1.618190928918554e-171,1636.420268607853,1564.9107959579055
2024-09-11 09:50:00,1669.333374,-1.618190928918554e-171,1674.0759574539993,1562.757215150691
2024-09-11 09:55:00,1712.200073,-1.618190928918554e-171,1710.2349392267383,1587.7359160483009
2024-09-11 10:00:00,1755.799927,-1.618190928918554e-171,1744.8312274101092,1873.816582552293
2024-09-11 10:05:00,1794.966675,-1.618190928918554e-171,1777.8058979657383,1873.6808605056265
2024-09-11 10:10:00,1831.833374,-1.618190928918554e-171,1809.107276330954,1873.6808605056265
2024-09-11 10:15:00,1867.0,-1.618190928918554e-171,1838.6910778197728,1869.8131181044516
2024-09-11 10:20:00,1903.599976,-1.618190928918554e-171,1866.5205001059835,1833.9841322795712
2024-09-11 10:25:00,1939.866577,-1.618190928918554e-171,1892.5662685198058,1833.9841322795712
2024-09-11 10:30:00,1977.966675,-1.618190928918554e-171,1916.8066333017664,1833.2159106379045
2024-09-11 10:35:00,2012.766602,-1.618190928918554e-171,1939.2273198543974,1827.5642294813133
2024-09-11 10:40:00,2037.400024,-1.618190928918554e-171,1959.8214323917316,1828.2277855257578
2024-09-11 10:45:00,2049.366699,-1.618190928918554e-171,1978.5893122516763,1832.0690154395245
2024-09-11 10:50:00,2052.100098,-1.618190928918554e-171,1995.53835201071,1822.3988580276157
2024-09-11 10:55:00,2052.900146,-1.618190928918554e-171,2010.68276737467,1828.6152062226797
2024-09-11 11:00:00,2053.133301,-1.618190928918554e-171,2024.0433286902528,2004.0278188758816
2024-09-11 11:05:00,2055.133301,-1.618190928918554e-171,2035.647054157772,2000.9905284746278
2024-09-11 11:10:00,2056.93335,-1.618190928918554e-171,2045.5268676207195,2004.1189758017442
2024-09-11 11:15:00,2059.599854,-1.618190928918554e-171,2053.721223385814,2004.1189758017442
2024-09-11 11:20:00,2060.366455,-1.618190928918554e-171,2060.2737011957424,2011.3462635024077
2024-09-11 11:25:00,2060.93335,-1.618190928918554e-171,2065.2325744328905,2011.3462635024077
2024-09-11 11:30:00,2059.43335,-1.618190928918554e-171,2068.6503549924237,2020.42473563649
2024-09-11 11:35:00,2058.099854,-1.618190928918554e-171,2070.583318239564,2018.2083137362322
2024-09-11 11:40:00,2056.800049,-1.618190928918554e-171,2071.091011691693,2021.8891999443938
2024-09-11 11:45:00,2058.43335,-1.618190928918554e-171,2070.235751138411,2021.8891999443938
2024-09-11 11:50:00,2060.599854,-1.618190928918554e-171,2068.0821079397906,2018.4320490610269
2024-09-11 11:55:00,2061.099854,-1.618190928918554e-171,2064.696391348974,2018.4320490610269
2024-09-11 12:00:00,2059.733398,-1.618190928918554e-171,2060.146129678769,2008.1047120157098
2024-09-11 12:05:00,2057.966553,-1.618190928918554e-171,2054.499554086432,2008.1047120157098
2024-09-11 12:10:00,2057.600098,-1.618190928918554e-171,2047.8250887655488,1970.5612891734054
2024-09-11 12:15:00,1787.099854,-1.618190928918554e-171,2040.1908512251373,1968.4790766519075
2024-09-11 12:20:00,1252.099854,-1.618190928918554e-171,2031.6641662057464,1953.788175216341
2024-09-11 12:25:00,1746.300049,-1.618190928918554e-171,2022.3110967960804,1953.788175216341
2024-09-11 12:30:00,1653.200195,-1.618190928918554e-171,2012.1959958697585,1939.438515560529
2024-09-11 12:35:00,2059.899902,-1.618190928918554e-171,2001.3810812223567,1945.1195083872838
2024-09-11 12:40:00,2059.449951,-1.618190928918554e-171,1989.9260371032415,1923.432800932252
2024-09-11 12:45:00,2059.0,-1.618190928918554e-171,1977.8876450208859,1851.5034199543875
2024-09-11 12:50:00,2028.066772,-1.618190928918554e-171,1965.3194461835608,1833.0820214137855
2024-09-11 12:55:00,1996.833374,-1.618190928918554e-171,1952.2714379457893,1650.444756740901
2024-09-11 13:00:00,1953.5,-1.618190928918554e-171,1938.78980602307,1699.7765608871791
2024-09-11 13:05:00,1970.5,-1.618190928918554e-171,1924.9166942792767,1718.202873440899
2024-09-11 13:10:00,1992.833374,-1.618190928918554e-171,1910.6900134178884,1778.368160797339
2024-09-11 13:15:00,2042.133301,-1.618190928918554e-171,1896.1432895225855,1775.6801418482946
2024-09-11 13:20:00,1951.433228,-1.618190928918554e-171,1881.3055535396365,1762.6617455211003
2024-09-11 13:25:00,1784.866699,-1.618190928918554e-171,1866.2012716108716,1753.066426101496
2024-09-11 13:30:00,2072.100098,-1.618190928918554e-171,1850.8503169069186,1739.2310711754114
2024-09-11 13:35:00,1937.199951,-1.618190928918554e-171,1835.2679823758351,1756.3672370442118
2024-09-11 13:40:00,1864.300171,-1.618190928918554e-171,1819.4650340934625,1689.5031190844227
2024-09-11 13:45:00,2060.699951,-1.618190928918554e-171,1803.4478043323459,1682.6991104387448
2024-09-11 13:50:00,1946.333374,-1.618190928918554e-171,1787.2183231659621,1827.098464613926
2024-09-11 13:55:00,2060.099854,-1.618190928918554e-171,1770.7744873848008,1810.1027292988158
2024-09-11 14:00:00,2059.733398,-1.618190928918554e-171,1754.1102646585666,1588.618080121419
2024-09-11 14:05:00,1988.400024,-1.618190928918554e-171,1737.2159315026877,1692.3384216303948
2024-09-11 14:10:00,1952.700073,-1.618190928918554e-171,1720.0783422833804,1626.913669372326
2024-09-11 14:15:00,2056.100098,-1.618190928918554e-171,1702.6812272192083,1619.331710071068
2024-09-11 14:20:00,2057.0,-1.618190928918554e-171,1685.0055165308102,1609.0877396855933
2024-09-11 14:25:00,2057.300049,-1.618190928918554e-171,1667.0296879064663,1348.7172816785874
2024-09-11 14:30:00,1972.799927,-1.618190928918554e-171,1648.730134390135,1270.0134877394592
2024-09-11 14:35:00,1970.900024,-1.618190928918554e-171,1630.0815493262814,1197.8329218874344
2024-09-11 14:40:00,1968.0,-1.618190928918554e-171,1611.057325268665,1114.301619715314
2024-09-11 14:45:00,2050.733398,-1.618190928918554e-171,1591.6299632564387,1095.7945852884816
2024-09-11 14:50:00,2051.366699,-1.618190928918554e-171,1571.7714894139606,1028.728053075102
2024-09-11 14:55:00,2051.100098,-1.618190928918554e-171,1551.4538748134385,1013.9824489347623
2024-09-11 15:00:00,2049.400146,-1.618190928918554e-171,1530.649455656186,1184.4621156562876
2024-09-11 15:05:00,2037.566528,-1.618190928918554e-171,1509.331349918731,1466.6844211591995
2024-09-11 15:10:00,2012.266602,-1.618190928918554e-171,1487.4738671536065,1704.7729088243107
2024-09-11 15:15:00,1981.200073,-1.618190928918554e-171,1465.0529081187742,1783.8471118632149
2024-09-11 15:20:00,1942.966675,-1.618190928918554e-171,1442.0463507341217,1815.1130294190843
2024-09-11 15:25:00,1904.799927,-1.618190928918554e-171,1418.4344195804763,1804.732789311362
2024-09-11 15:30:00,1856.199829,-1.618190928918554e-171,1394.2000353309168,1773.4166632377248
2024-09-11 15:35:00,1806.466675,-1.618190928918554e-171,1369.3291419793115,1749.1529616745972
2024-09-11 15:40:00,1755.299927,-1.618190928918554e-171,1343.8110084776074,1721.3251127863884
2024-09-11 15:45:00,1699.066772,-1.618190928918554e-171,1317.6385027767715,1682.6030670711448
2024-09-11 15:50:00,1646.066772,-1.618190928918554e-171,1290.8083358683818,1649.0797278948378
2024-09-11 15:55:00,1594.033325,-1.618190928918554e-171,1263.3212737150334,1587.3742347378918
2024-09-11 16:00:00,1550.466797,-1.618190928918554e-171,1235.1823156724377,1401.183008617312
2024-09-11 16:05:00,1502.066772,-1.618190928918554e-171,1206.400837404388,1364.825435309842
2024-09-11 16:10:00,1454.966675,-1.618190928918554e-171,1176.9906976306522,1345.764528092071
2024-09-11 16:15:00,1409.599976,-1.618190928918554e-171,1146.9703071984825,1228.33048023423
2024-09-11 16:20:00,1376.866577,-1.618190928918554e-171,1116.362660716606,1196.7441063372262
2024-09-11 16:25:00,1282.900024,-1.618190928918554e-171,1085.19532938681,1170.1941494481814
2024-09-11 16:30:00,1238.75,-1.618190928918554e-171,1053.5004159656,1146.426917276491
2024-09-11 16:35:00,1130.0,-1.618190928918554e-171,1021.314471509309,1122.2140881247767
2024-09-11 16:40:00,1127.0,-1.618190928918554e-171,988.678374813076,1118.5661422489454
2024-09-11 16:45:00,1108.033325,-1.618190928918554e-171,955.6371753372526,1127.7575858817322
2024-09-11 16:50:00,1067.666626,-1.618190928918554e-171,922.2399006477394,1121.765416364521
2024-09-11 16:55:00,1017.533386,-1.618190928918554e-171,888.5393302670057,1132.348264070597
2024-09-11 17:00:00,991.25,-1.618190928918554e-171,854.5917367795898,841.8533435322054
2024-09-11 17:05:00,820.5,-1.618190928918554e-171,820.4565973290424,832.8696764156753
2024-09-11 17:10:00,742.2000122,-1.618190928918554e-171,786.1962765350205,852.4334145711842
2024-09-11 17:15:00,722.25,-1.618190928918554e-171,751.8756839926773,862.9617047468731
2024-09-11 17:20:00,707.4666138,-1.618190928918554e-171,717.561908703993,828.492758995896
2024-09-11 17:25:00,671.0,-1.618190928918554e-171,683.3238331334126,868.411797777654
2024-09-11 17:30:00,642.8999634,-1.618190928918554e-171,649.23173016202,865.9566127108096
2024-09-11 17:35:00,595.833313,-1.618190928918554e-171,615.3568455766062,836.9271635622589
2024-09-11 17:40:00,577.3499756,-1.618190928918554e-171,581.7709696470193,817.0505912619287
2024-09-11 17:45:00,470.8000183,-1.618190928918554e-171,548.5460006537684,874.0820475818015
2024-09-11 17:50:00,428.2666931,-1.618190928918554e-171,515.7535044081038,949.0347628236588
2024-09-11 17:55:00,396.7000427,-1.618190928918554e-171,483.46427221457117,909.4872803416639
2024-09-11 18:00:00,380.9500122,-1.618190928918554e-171,451.74788121453315,365.5258566857026
2024-09-11 18:05:00,322.5999756,-1.618190928918554e-171,420.6722604924546,311.1953956038535
2024-09-11 18:10:00,270.3999939,-1.618190928918554e-171,390.3032658734234,336.1496021537114
2024-09-11 18:15:00,230.1000214,-1.618190928918554e-171,360.7042669736608,361.87166735591586
2024-09-11 18:20:00,195.4500122,-1.618190928918554e-171,331.9357494050039,333.7326552493841
2024-09-11 18:25:00,162.2999878,-1.618190928918554e-171,304.05493548723416,343.6115658323841
2024-09-11 18:30:00,130.1000061,-1.618190928918554e-171,277.11542573899106,363.0870270241777
2024-09-11 18:35:00,102.8999863,-1.618190928918554e-171,251.16686470316833,360.7130913726826
2024-09-11 18:40:00,82.19999695,-1.618190928918554e-171,226.25463276098824,323.0894589321237
2024-09-11 18:45:00,65.6000061,-1.618190928918554e-171,202.4195668393002,323.0894589321237
2024-09-11 18:50:00,51.34999847,-1.618190928918554e-171,179.6977118959851,321.9423852285681
2024-09-11 18:55:00,38.75,-1.618190928918554e-171,158.12010498247895,333.3449981595067
2024-09-11 19:00:00,27.59999847,-1.618190928918554e-171,137.71259372345955,94.56480884844021
2024-09-11 19:05:00,19.75,-1.618190928918554e-171,118.49569024013044,95.07791981010688
2024-09-11 19:10:00,14.40000057,-1.618190928918554e-171,100.48446184432889,94.48885324137356
2024-09-11 19:15:00,12.86666584,-1.618190928918554e-171,83.68845905403946,132.50787380727036
2024-09-11 19:20:00,0.0,-1.618190928918554e-171,68.11168177443291,94.48885324137356
2024-09-11 19:25:00,0.0,-1.618190928918554e-171,53.75258344078791,94.56480884844021
2024-09-11 19:30:00,0.0,-1.618190928918554e-171,40.60411324806108,93.83285321409578
2024-09-11 19:35:00,0.0,-1.618190928918554e-171,28.653796179293376,93.90880882116244
2024-09-11 19:40:00,0.0,-1.618190928918554e-171,17.883849934876427,93.90880882116244
2024-09-11 19:45:00,0.0,-1.618190928918554e-171,8.271337986234084,98.39073819700086
2024-09-11 19:50:00,0.0,-1.618190928918554e-171,-0.21164252581140816,92.43965320176245
2024-09-11 19:55:00,0.0,-1.618190928918554e-171,-7.5977395628014035,92.43965320176245
2024-09-11 20:00:00,0.0,-1.618190928918554e-171,-13.924093298356407,18.71316054193
2024-09-11 20:05:00,0.0,-1.618190928918554e-171,-19.232053624461955,18.71316054193
2024-09-11 20:10:00,0.0,-1.618190928918554e-171,-23.566870174512424,18.71316054193
2024-09-11 20:15:00,0.0,-1.618190928918554e-171,-26.97735740244277,18.637204934863338
2024-09-11 20:20:00,0.0,-1.618190928918554e-171,-29.51553710511674,26.22418273271667
2024-09-11 20:25:00,0.0,-1.618190928918554e-171,-31.23626138597133,27.976284888490483
2024-09-11 20:30:00,0.0,-1.618190928918554e-171,-32.19681875159004,25.14700500509445
2024-09-11 20:35:00,0.0,-1.618190928918554e-171,-32.4565265111585,25.14700500509445
2024-09-11 20:40:00,0.0,-1.618190928918554e-171,-32.07631253079252,25.14700500509445
2024-09-11 20:45:00,0.0,-1.618190928918554e-171,-31.118289565265965,41.82115947137445
2024-09-11 20:50:00,0.0,-1.618190928918554e-171,-29.645325388272255,41.82115947137445
2024-09-11 20:55:00,0.0,-1.618190928918554e-171,-27.720612018047103,41.74296016342779
2024-09-11 21:00:00,0.0,-1.618190928918554e-171,-25.40723727649402,46.00765720468255
2024-09-11 21:05:00,0.0,-1.618190928918554e-171,-22.76776191082006,62.46718686766031
2024-09-11 21:10:00,0.0,-1.618190928918554e-171,-19.86380553258492,62.46718686766031
2024-09-11 21:15:00,0.0,-1.618190928918554e-171,-16.755644317517746,62.46718686766031
2024-09-11 21:20:00,0.0,-1.618190928918554e-171,-13.501823688715156,64.10272356988254
2024-09-11 21:25:00,0.0,-1.618190928918554e-171,-10.158788619656395,64.10272356988254
2024-09-11 21:30:00,0.0,-1.618190928918554e-171,-6.780534498746971,78.74950781482697
2024-09-11 21:35:00,0.0,-1.618190928918554e-171,-3.4182809559723664,71.0672415601603
2024-09-11 21:40:00,0.0,-1.618190928918554e-171,-0.12017110567705175,83.59694768022938
2024-09-11 21:45:00,0.0,-1.618190928918554e-171,3.069001671844805,87.56814109678493
2024-09-11 21:50:00,0.0,-1.618190928918554e-171,6.108037455374415,84.36756432911191
2024-09-11 21:55:00,0.0,-1.618190928918554e-171,8.95954232211151,84.36756432911191
2024-09-11 22:00:00,0.0,-1.618190928918554e-171,11.590108275260055,84.96110151855635
2024-09-11 22:05:00,0.0,-1.618190928918554e-171,13.970459316835273,86.07806592828078
2024-09-11 22:10:00,0.0,-1.618190928918554e-171,16.075562847950504,84.90251034311412
2024-09-11 22:15:00,0.0,-1.618190928918554e-171,17.884705687841432,81.46348597858713
2024-09-11 22:20:00,0.0,-1.618190928918554e-171,19.381534385996577,89.89028000910496
2024-09-11 22:25:00,0.0,-1.618190928918554e-171,20.554059788726267,99.5104471492531
2024-09-11 22:30:00,0.0,-1.618190928918554e-171,21.39462605832081,1.0653739878833337
2024-09-11 22:35:00,0.0,-1.618190928918554e-171,21.89984465661809,1.0653739878833337
2024-09-11 22:40:00,0.0,-1.618190928918554e-171,22.070494094328758,1.454466580266667
2024-09-11 22:45:00,0.0,-1.618190928918554e-171,21.91138649340476,1.454466580266667
2024-09-11 22:50:00,0.0,-1.618190928918554e-171,21.43120229592391,1.454466580266667
2024-09-11 22:55:00,0.0,-1.618190928918554e-171,20.642294690486487,1.879522158405556
2024-09-11 23:00:00,0.0,-1.618190928918554e-171,19.560465595074017,1.879522158405556
2024-09-11 23:05:00,0.0,-1.618190928918554e-171,18.20471521738815,1.6802443815222228
2024-09-11 23:10:00,0.0,-1.618190928918554e-171,16.596967471035455,1.1700962016333336
2024-09-11 23:15:00,0.0,-1.618190928918554e-171,14.761773682429377,0.027925923666666665
2024-09-11 23:20:00,0.0,-1.618190928918554e-171,12.725997217648803,0.0
2024-09-11 23:25:00,0.0,-1.618190928918554e-171,10.51848179566534,0.04177777606666667
2024-09-11 23:30:00,0.0,-1.618190928918554e-171,8.169706387386697,0.04177777606666667
2024-09-11 23:35:00,0.0,-1.618190928918554e-171,5.711429716846401,0.04177777606666667
2024-09-11 23:40:00,0.0,-1.618190928918554e-171,3.1763274449890693,0.04177777606666667
2024-09-11 23:45:00,0.0,-1.618190928918554e-171,0.5976251573234446,0.0
2024-09-11 23:50:00,0.0,-1.618190928918554e-171,-1.9912695910729534,0.0
2024-09-11 23:55:00,0.0,-1.618190928918554e-171,-4.557133093432505,0.0
2024-09-12 00:00:00,0.0,-1.618190928918554e-171,-7.0672859309314715,0.0
2024-09-12 00:05:00,0.0,-1.618190928918554e-171,-9.489944950489827,0.0
2024-09-12 00:10:00,0.0,-1.618190928918554e-171,-11.794563713841054,0.0
2024-09-12 00:15:00,0.0,-1.618190928918554e-171,-13.952158479757598,0.0
2024-09-12 00:20:00,0.0,-1.618190928918554e-171,-15.935616868108527,0.0
2024-09-12 00:25:00,0.0,-1.618190928918554e-171,-17.719986520679488,0.0
2024-09-12 00:30:00,0.0,-1.618190928918554e-171,-19.282741212579246,0.0
2024-09-12 00:35:00,0.0,-1.618190928918554e-171,-20.60402210409647,0.0
2024-09-12 00:40:00,0.0,-1.618190928918554e-171,-21.66685190693289,0.0
2024-09-12 00:45:00,0.0,-1.618190928918554e-171,-22.45732014102776,0.0
2024-09-12 00:50:00,0.0,-1.618190928918554e-171,-22.964737720312776,0.0
2024-09-12 00:55:00,0.0,-1.618190928918554e-171,-23.181759457705564,0.0
2024-09-12 01:00:00,0.0,-1.618190928918554e-171,-23.104473304779095,0.0
2024-09-12 01:05:00,0.0,-1.618190928918554e-171,-22.732455442561573,0.0
2024-09-12 01:10:00,0.0,-1.618190928918554e-171,-22.06879057825341,0.0
2024-09-12 01:15:00,0.0,-1.618190928918554e-171,-21.120057113905602,0.0
2024-09-12 01:20:00,0.0,-1.618190928918554e-171,-19.89627720501767,0.0
2024-09-12 01:25:00,0.0,-1.618190928918554e-171,-18.41083181470607,0.0
2024-09-12 01:30:00,0.0,-1.618190928918554e-171,-16.68034150427296,0.0
2024-09-12 01:35:00,0.0,-1.618190928918554e-171,-14.724513569753144,0.0
2024-09-12 01:40:00,0.0,-1.618190928918554e-171,-12.565956811828153,0.0
2024-09-12 01:45:00,0.0,-1.618190928918554e-171,-10.229965206310684,0.0
2024-09-12 01:50:00,0.0,-1.618190928918554e-171,-7.744272174437158,0.0
2024-09-12 01:55:00,0.0,-1.618190928918554e-171,-5.138777321728616,0.0
2024-09-12 02:00:00,0.0,-1.618190928918554e-171,-2.4452478080539057,0.0
2024-09-12 02:05:00,0.0,-1.618190928918554e-171,0.3030033106320229,0.0
2024-09-12 02:10:00,0.0,-1.618190928918554e-171,3.0714592215707253,0.0
2024-09-12 02:15:00,0.0,-1.618190928918554e-171,5.824759183989915,0.0
2024-09-12 02:20:00,0.0,-1.618190928918554e-171,8.527073204165815,0.0
2024-09-12 02:25:00,0.0,-1.618190928918554e-171,11.142488430237085,0.0
2024-09-12 02:30:00,0.0,-1.618190928918554e-171,13.635404170854962,0.0
2024-09-12 02:35:00,0.0,-1.618190928918554e-171,15.970932206119537,0.0
2024-09-12 02:40:00,0.0,-1.618190928918554e-171,18.11529911404146,0.0
2024-09-12 02:45:00,0.0,-1.618190928918554e-171,20.036247215862506,0.0
2024-09-12 02:50:00,0.0,-1.618190928918554e-171,21.703430728984397,0.0
2024-09-12 02:55:00,0.0,-1.618190928918554e-171,23.088803792409717,0.0
2024-09-12 03:00:00,0.0,-1.618190928918554e-171,24.166996983389634,0.0
2024-09-12 03:05:00,0.0,-1.618190928918554e-171,24.915679061287676,0.0
2024-09-12 03:10:00,0.0,-1.618190928918554e-171,25.315900753122303,0.0
2024-09-12 03:15:00,0.0,-1.618190928918554e-171,25.352417466751586,0.0
2024-09-12 03:20:00,0.0,-1.618190928918554e-171,25.01398807529733,0.0
2024-09-12 03:25:00,0.0,-1.618190928918554e-171,24.293646880918786,0.0
2024-09-12 03:30:00,0.0,-1.618190928918554e-171,23.188946293900603,0.0
2024-09-12 03:35:00,0.0,-1.618190928918554e-171,21.70216774546858,0.0
2024-09-12 03:40:00,0.0,-1.618190928918554e-171,19.840498723331972,0.0
2024-09-12 03:45:00,0.0,-1.618190928918554e-171,17.616174022441317,0.0
2024-09-12 03:50:00,0.0,-1.618190928918554e-171,15.046579529516254,0.0
2024-09-12 03:55:00,0.0,-1.618190928918554e-171,12.154317188010403,0.0
2024-09-12 04:00:00,0.0,-1.618190928918554e-171,8.967230021528229,0.0
2024-09-12 04:05:00,0.0,-1.618190928918554e-171,5.518386497764751,0.0
2024-09-12 04:10:00,0.0,-1.618190928918554e-171,1.846023597320611,0.0
2024-09-12 04:15:00,0.0,-1.618190928918554e-171,-2.006551420398792,0.0
2024-09-12 04:20:00,0.0,-1.618190928918554e-171,-5.991100539348286,0.0
2024-09-12 04:25:00,0.0,-1.618190928918554e-171,-10.054635314391449,0.0
2024-09-12 04:30:00,0.0,-1.618190928918554e-171,-14.139637230558384,0.0
2024-09-12 04:35:00,0.0,-1.618190928918554e-171,-18.184317052720285,0.0
2024-09-12 04:40:00,0.0,-1.618190928918554e-171,-22.122911740385234,0.0
2024-09-12 04:45:00,0.0,-1.618190928918554e-171,-25.886017330264135,0.0
2024-09-12 04:50:00,0.0,-1.618190928918554e-171,-29.400955780908944,0.0
2024-09-12 04:55:00,0.0,-1.618190928918554e-171,-32.59217358034536,0.0
2024-09-12 05:00:00,0.0,-1.618190928918554e-171,-35.38166964673275,0.0
2024-09-12 05:05:00,0.0,-1.618190928918554e-171,-37.68944977134784,0.0
2024-09-12 05:10:00,0.0,-1.618190928918554e-171,-39.43400473062229,0.0
2024-09-12 05:15:00,0.0,-1.618190928918554e-171,-40.532808858411215,0.0
2024-09-12 05:20:00,0.0,-1.618190928918554e-171,-40.90283583583685,0.0
2024-09-12 05:25:00,0.0,-1.618190928918554e-171,-40.461088189735555,0.0
2024-09-12 05:30:00,0.0,-1.618190928918554e-171,-39.12513692791076,0.0
2024-09-12 05:35:00,0.0,-1.618190928918554e-171,-36.813667605420115,0.0
2024-09-12 05:40:00,0.0,-1.618190928918554e-171,-33.44702906789904,0.0
2024-09-12 05:45:00,0.0,-1.618190928918554e-171,-28.947781006704087,0.0
2024-09-12 05:50:00,0.0,-1.618190928918554e-171,-23.241236577824626,0.0
2024-09-12 05:55:00,0.0,-1.618190928918554e-171,-16.255996138385488,0.0
2024-09-12 06:00:00,0.0,-1.618190928918554e-171,-7.9244683903416435,101.2842002332636
2024-09-12 06:05:00,0.0,-1.618190928918554e-171,1.8166248673147543,100.70328753563423
2024-09-12 06:10:00,0.0,-1.618190928918554e-171,13.025763935324866,100.70328753563423
2024-09-12 06:15:00,0.0,-1.618190928918554e-171,25.75616998758667,100.22797643085649
2024-09-12 06:20:00,0.0,-1.618190928918554e-171,40.05537072730858,105.07934629900171
2024-09-12 06:25:00,0.0,-1.618190928918554e-171,55.964796145036445,105.07934629900171
2024-09-12 06:30:00,0.0,-1.618190928918554e-171,73.51940752038804,105.38996853136283
2024-09-12 06:35:00,0.0,-1.618190928918554e-171,92.74736213756734,102.98347958132949
2024-09-12 06:40:00,0.0,-1.618190928918554e-171,113.6697167745636,104.4281092310295
2024-09-12 06:45:00,0.0,-1.618190928918554e-171,136.3001717760772,104.9983981200795
2024-09-12 06:50:00,99.09999847,-1.618190928918554e-171,160.64485811485494,105.41773144663506
2024-09-12 06:55:00,122.0999985,-1.618190928918554e-171,186.70216897959867,104.80806479164616
2024-09-12 07:00:00,153.1999969,-1.618190928918554e-171,214.4626373837422,236.90739908136956
2024-09-12 07:05:00,183.1000061,-1.618190928918554e-171,243.90886102493766,237.21686202164736
2024-09-12 07:10:00,168.1333313,-1.618190928918554e-171,275.01547486746546,236.90739908136956
2024-09-12 07:15:00,222.1999969,-1.618190928918554e-171,307.74917254081765,236.90739908136956
2024-09-12 07:20:00,244.6999969,-1.618190928918554e-171,342.06877581847885,236.90739908136956
2024-09-12 07:25:00,235.0,-1.618190928918554e-171,377.9253528319849,236.90739908136956
2024-09-12 07:30:00,281.0,-1.618190928918554e-171,415.26238398571985,240.6107707270622
2024-09-12 07:35:00,452.5,-1.618190928918554e-171,454.01597474623327,238.61363184315104
2024-09-12 07:40:00,518.0,-1.618190928918554e-171,494.1151144017646,238.61363184315104
2024-09-12 07:45:00,491.7333069,-1.618190928918554e-171,535.481978740228,275.3763204063622
2024-09-12 07:50:00,667.7999878,-1.618190928918554e-171,578.0322754210205,275.3763204063622
2024-09-12 07:55:00,733.9000244,-1.618190928918554e-171,621.6756294340925,275.3763204063622
2024-09-12 08:00:00,820.7999878,-1.618190928918554e-171,666.3160067655588,310.3946295066606
2024-09-12 08:05:00,787.3666992,-1.618190928918554e-171,711.8521726343322,310.3946295066606
2024-09-12 08:10:00,817.666687,-1.618190928918554e-171,758.1781827456201,310.3946295066606
2024-09-12 08:15:00,824.9666138,-1.618190928918554e-171,805.1839031362883,391.21113131933186
2024-09-12 08:20:00,1003.0,-1.618190928918554e-171,852.7555560650426,391.21113131933186
2024-09-12 08:25:00,1121.5,-1.618190928918554e-171,900.7762881364323,389.21056956648533
2024-09-12 08:30:00,1074.666626,-1.618190928918554e-171,949.1267568529664,386.88332515796304
2024-09-12 08:35:00,1127.466675,-1.618190928918554e-171,997.6857322001139,386.79359194951866
2024-09-12 08:40:00,1263.699951,-1.618190928918554e-171,1046.3307085889628,389.4786628315631
2024-09-12 08:45:00,1229.900024,-1.618190928918554e-171,1094.9385243364136,376.1185653305048
2024-09-12 08:50:00,1287.366577,-1.618190928918554e-171,1143.3859830997508,374.43360996066036
2024-09-12 08:55:00,1319.866577,-1.618190928918554e-171,1191.5504747609252,373.0854766598603
2024-09-12 09:00:00,1533.599976,-1.618190928918554e-171,1239.3105906735118,1711.0381231981964
2024-09-12 09:05:00,1452.933228,-1.618190928918554e-171,1286.5467296397135,1711.0381231981964
2024-09-12 09:10:00,1493.066772,-1.618190928918554e-171,1333.1416908134222,1713.9331898895298
2024-09-12 09:15:00,1458.633423,-1.618190928918554e-171,1378.981249178497,1713.9331898895298
2024-09-12 09:20:00,1430.033203,-1.618190928918554e-171,1423.954710622424,1713.9331898895298
2024-09-12 09:25:00,1542.199951,-1.618190928918554e-171,1467.955442339511,1713.1301897899743
2024-09-12 09:30:00,1763.099976,-1.618190928918554e-171,1510.8813759210773,1713.1301897899743
2024-09-12 09:35:00,1675.099976,-1.618190928918554e-171,1552.635478856239,1713.1301897899743
2024-09-12 09:40:00,1737.966797,-1.618190928918554e-171,1593.1261927435653,1713.1301897899743
2024-09-12 09:45:00,1721.799927,-1.618190928918554e-171,1632.2678347203546,1713.1301897899743
2024-09-12 09:50:00,1897.0,-1.618190928918554e-171,1669.9809596081623,1713.1301897899743
2024-09-12 09:55:00,1850.900024,-1.618190928918554e-171,1706.192681087592,1713.1301897899743
2024-09-12 10:00:00,1926.099976,-1.618190928918554e-171,1740.8369495782567,1623.9367556623758
2024-09-12 10:05:00,1947.699829,-1.618190928918554e-171,1773.8547855549598,1623.9367556623758
2024-09-12 10:10:00,1879.299927,-1.618190928918554e-171,1805.1944666151214,1628.1496470972645
2024-09-12 10:15:00,1784.533325,-1.618190928918554e-171,1834.8116681052038,1628.1496470972645
2024-09-12 10:20:00,2056.600098,-1.618190928918554e-171,1862.6695556927616,1628.5858504259313
2024-09-12 10:25:00,1882.666626,-1.618190928918554e-171,1888.7388306352425,1628.5858504259313
2024-09-12 10:30:00,2015.800171,-1.618190928918554e-171,1912.9977271412986,1629.0198505704313
2024-09-12 10:35:00,2005.066772,-1.618190928918554e-171,1935.4319624816271,1629.0198505704313
2024-09-12 10:40:00,2034.766724,-1.618190928918554e-171,1956.0346406316605,1629.0198505704313
2024-09-12 10:45:00,2024.066772,-1.618190928918554e-171,1974.8061102924057,1629.2134677741458
2024-09-12 10:50:00,2034.199829,-1.618190928918554e-171,1991.7537789679322,1629.2134677741458
2024-09-12 10:55:00,2044.966675,-1.618190928918554e-171,2006.891884541225,1622.0270462534038
2024-09-12 11:00:00,2056.400146,-1.618190928918554e-171,2020.2412265410935,1755.6123106352259
2024-09-12 11:05:00,2056.766602,-1.618190928918554e-171,2031.828859031728,1924.476034395696
2024-09-12 11:10:00,2056.699951,-1.618190928918554e-171,2041.6877480563187,1947.3992504297623
2024-09-12 11:15:00,2056.366455,-1.618190928918554e-171,2049.856396102659,1979.892798373378
2024-09-12 11:20:00,2057.033447,-1.618190928918554e-171,2056.3784366103328,1979.892798373378
2024-09-12 11:25:00,2057.266602,-1.618190928918554e-171,2061.3022017916583,1979.5461323867114
2024-09-12 11:30:00,2057.56665,-1.618190928918554e-171,2064.6802670153747,1977.5238218752982
2024-09-12 11:35:00,2057.93335,-1.618190928918554e-171,2066.568975292507,1977.5238218752982
2024-09-12 11:40:00,2058.199951,-1.618190928918554e-171,2067.0279454527736,1979.7850425108538
2024-09-12 11:45:00,2059.533447,-1.618190928918554e-171,2066.1195677594974,1979.8500983252982
2024-09-12 11:50:00,2051.999756,-1.618190928918554e-171,2063.90849068449,1980.0282851607953
2024-09-12 11:55:00,2045.733276,-1.618190928918554e-171,2060.461102716545,1978.64806693911
2024-09-12 12:00:00,2034.299927,-1.618190928918554e-171,2055.8450129878092,1982.4961938954025
2024-09-12 12:05:00,1938.466675,-1.618190928918554e-171,2050.1285345486112,1984.197276730756
2024-09-12 12:10:00,1944.700073,-1.618190928918554e-171,2043.3801740216147,1984.197276730756
2024-09-12 12:15:00,1955.400024,-1.618190928918554e-171,2035.6681313967283,1984.197276730756
2024-09-12 12:20:00,2059.399902,-1.618190928918554e-171,2027.0598134608015,1984.197276730756
2024-09-12 12:25:00,2016.166504,-1.618190928918554e-171,2017.6213644109455,1985.6241936399767
2024-09-12 12:30:00,1972.799927,-1.618190928918554e-171,2007.417216837533,1985.6241936399767
2024-09-12 12:35:00,1928.566772,-1.618190928918554e-171,1996.5096664755154,1985.633468893409
2024-09-12 12:40:00,2062.0,-1.618190928918554e-171,1984.9584732714898,1970.5984954063706
2024-09-12 12:45:00,1979.233398,-1.618190928918554e-171,1972.8204918373092,1951.9447841555846
2024-09-12 12:50:00,2023.033325,-1.618190928918554e-171,1960.1493335893313,1893.962101755806
2024-09-12 12:55:00,1996.166626,-1.618190928918554e-171,1946.9950628176707,1862.6075781301392
2024-09-12 13:00:00,2029.233398,-1.618190928918554e-171,1933.4039286703112,1798.6730010760168
2024-09-12 13:05:00,2024.599976,-1.618190928918554e-171,1919.418134706058,1776.311194214422
2024-09-12 13:10:00,2046.366577,-1.618190928918554e-171,1905.0756473401793,1738.6213644241636
2024-09-12 13:15:00,2049.266602,-1.618190928918554e-171,1890.4100443424898,1761.0114493363835
2024-09-12 13:20:00,2051.299805,-1.618190928918554e-171,1875.4504040563484,1832.78575837425
2024-09-12 13:25:00,2053.800049,-1.618190928918554e-171,1860.221235795535,1846.5566467102265
2024-09-12 13:30:00,2042.266602,-1.618190928918554e-171,1844.7424515716057,1772.651475387486
2024-09-12 13:35:00,2032.333374,-1.618190928918554e-171,1829.0293788667113,1751.497217956692
2024-09-12 13:40:00,2022.400024,-1.618190928918554e-171,1813.0928140281876,1333.6477152489376
2024-09-12 13:45:00,2035.366577,-1.618190928918554e-171,1796.9391154508844,1264.0765285944317
2024-09-12 13:50:00,2048.166748,-1.618190928918554e-171,1780.5703353294655,1236.0758641237283
2024-09-12 13:55:00,2059.06665,-1.618190928918554e-171,1763.984388682261,1266.8919609737777
2024-09-12 14:00:00,2057.466553,-1.618190928918554e-171,1747.1752577634434,1161.8885480033846
2024-09-12 14:05:00,2056.133301,-1.618190928918554e-171,1730.133230252221,1281.5599635644428
2024-09-12 14:10:00,2055.966553,-1.618190928918554e-171,1712.8451685503474,1373.2325928793327
2024-09-12 14:15:00,2056.966553,-1.618190928918554e-171,1695.2948080236845,1402.199082465245
2024-09-12 14:20:00,2055.866699,-1.618190928918554e-171,1677.4630815414878,1413.4104956180997
2024-09-12 14:25:00,2055.133301,-1.618190928918554e-171,1659.3284672907105,1433.1517232246163
2024-09-12 14:30:00,2053.666748,-1.618190928918554e-171,1640.8673569721132,1482.2428663335954
2024-09-12 14:35:00,2055.43335,-1.618190928918554e-171,1622.0544411956357,1592.3116055269948
2024-09-12 14:40:00,2029.699829,-1.618190928918554e-171,1602.8631087113772,1727.378425775045
2024-09-12 14:45:00,1981.866577,-1.618190928918554e-171,1583.2658562358258,1878.5203568063505
2024-09-12 14:50:00,1973.566772,-1.618190928918554e-171,1563.234705281645,1868.0995686872068
2024-09-12 14:55:00,1934.866699,-1.618190928918554e-171,1542.7416226313562,1828.764047603978
2024-09-12 15:00:00,1941.366699,-1.618190928918554e-171,1521.7589408077831,1436.3458160642456
2024-09-12 15:05:00,1900.566772,-1.618190928918554e-171,1500.2597751825028,1468.3595625536902
2024-09-12 15:10:00,1945.666626,-1.618190928918554e-171,1478.2184342195346,1702.9241773843328
2024-09-12 15:15:00,1955.266602,-1.618190928918554e-171,1455.6108194017243,1698.586995828022
2024-09-12 15:20:00,1967.666626,-1.618190928918554e-171,1432.4148117413756,1676.0660840566034
2024-09-12 15:25:00,1953.300171,-1.618190928918554e-171,1408.6106415063618,1704.2527535793092
2024-09-12 15:30:00,1746.049927,-1.618190928918554e-171,1384.1812380496776,1637.42698731184
2024-09-12 15:35:00,1565.599976,-1.618190928918554e-171,1359.1125573792738,1426.8087612782765
2024-09-12 15:40:00,1741.5,-1.618190928918554e-171,1333.393884098898,1289.755812652046
2024-09-12 15:45:00,1662.233398,-1.618190928918554e-171,1307.0181056616027,1245.1675528215335
2024-09-12 15:50:00,1681.933228,-1.618190928918554e-171,1279.981956729877,788.3479715724848
2024-09-12 15:55:00,1625.633301,-1.618190928918554e-171,1252.2862313433143,1147.6147107546483
2024-09-12 16:00:00,1576.366699,-1.618190928918554e-171,1223.9359613844028,1061.8159653421048
2024-09-12 16:05:00,1517.533325,-1.618190928918554e-171,1194.9405597864702,1183.489490054213
2024-09-12 16:10:00,1470.5,-1.618190928918554e-171,1165.31392721026,1035.2695163842195
2024-09-12 16:15:00,1427.700073,-1.618190928918554e-171,1135.0745214371996,946.1404336096405
2024-09-12 16:20:00,1377.433228,-1.618190928918554e-171,1104.2453887263407,939.4968645998877
2024-09-12 16:25:00,1317.133301,-1.618190928918554e-171,1072.854156926099,917.2906333652853
2024-09-12 16:30:00,1254.799927,-1.618190928918554e-171,1040.9329901775477,766.7423911712251
2024-09-12 16:35:00,1195.0,-1.618190928918554e-171,1008.5185056668072,775.6050356492651
2024-09-12 16:40:00,1136.233276,-1.618190928918554e-171,975.6516529410802,590.3304789303761
2024-09-12 16:45:00,1075.166626,-1.618190928918554e-171,942.3775565648637,547.3895083765653
2024-09-12 16:50:00,1012.133362,-1.618190928918554e-171,908.7453235934775,518.5057238805381
2024-09-12 16:55:00,953.9667358,-1.618190928918554e-171,874.8078169386456,518.9552446671286
2024-09-12 17:00:00,898.3999634,-1.618190928918554e-171,840.6213963580743,417.67005226065834
2024-09-12 17:05:00,842.8999634,-1.618190928918554e-171,806.2456296156654,374.0317806489542
2024-09-12 17:10:00,785.4333496,-1.618190928918554e-171,771.7429750774394,375.0429248987623
2024-09-12 17:15:00,728.333313,-1.618190928918554e-171,737.1784388866038,389.88535952078206
2024-09-12 17:20:00,673.7999878,-1.618190928918554e-171,702.619208908457,448.3857037711154
2024-09-12 17:25:00,619.6000366,-1.618190928918554e-171,668.1342686155243,377.21366842431075
2024-09-12 17:30:00,565.6999512,-1.618190928918554e-171,633.7939934110057,385.04822478376695
2024-09-12 17:35:00,512.4333496,-1.618190928918554e-171,599.6697328237193,379.4061741482912
2024-09-12 17:40:00,461.2333069,-1.618190928918554e-171,565.8333815173978,477.13370399136215
2024-09-12 17:45:00,411.0333252,-1.618190928918554e-171,532.3569426165493,376.86680198813883
2024-09-12 17:50:00,370.1000061,-1.618190928918554e-171,499.3120864702226,477.9280490261178
2024-09-12 17:55:00,329.8999939,-1.618190928918554e-171,466.769708384663,491.3549396896433
2024-09-12 18:00:00,314.2999878,-1.618190928918554e-171,434.7994884946962,146.0481223852311
2024-09-12 18:05:00,269.2000122,-1.618190928918554e-171,403.46945732289487,165.3745645018752
2024-09-12 18:10:00,228.8499908,-1.618190928918554e-171,372.8455702481305,157.96945640466924
2024-09-12 18:15:00,192.4000092,-1.618190928918554e-171,342.99129401658985,173.39813643675407
2024-09-12 18:20:00,158.0,-1.618190928918554e-171,313.9672087372985,162.55192600511688
2024-09-12 18:25:00,125.9500046,-1.618190928918554e-171,285.8306280114535,157.0644315895423
2024-09-12 18:30:00,97.75,-1.618190928918554e-171,258.63524015636716,157.6427526148692
2024-09-12 18:35:00,72.09999847,-1.618190928918554e-171,232.4307736673918,159.88717872631366
2024-09-12 18:40:00,49.59999847,-1.618190928918554e-171,207.26268872322976,158.90608549314183
2024-09-12 18:45:00,33.95000076,-1.618190928918554e-171,183.17189761454384,174.82701203035407
2024-09-12 18:50:00,25.04999924,-1.618190928918554e-171,160.19451590569983,181.49864662173502
2024-09-12 18:55:00,19.90000153,-1.618190928918554e-171,138.3616464261061,169.30876206734234
2024-09-12 19:00:00,15.0666666,-1.618190928918554e-171,117.69919740836855,43.48621834792016
2024-09-12 19:05:00,13.03333282,-1.618190928918554e-171,98.22773635224391,43.303238153269845
2024-09-12 19:10:00,0.0,-1.618190928918554e-171,79.96238052493229,44.39533763192111
2024-09-12 19:15:00,0.0,-1.618190928918554e-171,62.91272502064637,41.07618114830697
2024-09-12 19:20:00,0.0,-1.618190928918554e-171,47.082808806150524,30.961974248066962
2024-09-12 19:25:00,0.0,-1.618190928918554e-171,32.4711188579601,30.961974248066962
2024-09-12 19:30:00,0.0,-1.618190928918554e-171,19.070632517875737,30.961974248066962
2024-09-12 19:35:00,0.0,-1.618190928918554e-171,6.868897526832712,31.07561870491363
2024-09-12 19:40:00,0.0,-1.618190928918554e-171,-4.151850920465302,30.53668341499141
2024-09-12 19:45:00,0.0,-1.618190928918554e-171,-14.014536961344293,30.346794541280293
2024-09-12 19:50:00,0.0,-1.618190928918554e-171,-22.74705597780341,28.68613131108325
2024-09-12 19:55:00,0.0,-1.618190928918554e-171,-30.382053130906357,20.637248030088926
2024-09-12 20:00:00,0.0,-1.618190928918554e-171,-36.95667028377684,1.1376525750944446
2024-09-12 20:05:00,0.0,-1.618190928918554e-171,-42.51226313707372,0.6261531574763493
2024-09-12 20:10:00,0.0,-1.618190928918554e-171,-47.09409102503421,1.1790229499833336
2024-09-12 20:15:00,0.0,-1.618190928918554e-171,-50.750981591558215,1.234874797316667
2024-09-12 20:20:00,0.0,-1.618190928918554e-171,-53.5349730083332,1.234874797316667
2024-09-12 20:25:00,0.0,-1.618190928918554e-171,-55.50093653664232,2.81779120769
2024-09-12 20:30:00,0.0,-1.618190928918554e-171,-56.706182211051356,2.81779120769
2024-09-12 20:35:00,0.0,-1.618190928918554e-171,-57.21005088734074,5.260841257333334
2024-09-12 20:40:00,0.0,-1.618190928918554e-171,-57.073495508466564,1.3760943536222228
2024-09-12 20:45:00,0.0,-1.618190928918554e-171,-56.358655065764644,0.45948146397222217
2024-09-12 20:50:00,0.0,-1.618190928918554e-171,-55.12842427047824,0.21564814250000003
2024-09-12 20:55:00,0.0,-1.618190928918554e-171,-53.44602235524099,0.18772221883333332
2024-09-12 21:00:00,0.0,-1.618190928918554e-171,-51.374564201555444,1.3166301574047619
2024-09-12 21:05:00,0.0,-1.618190928918554e-171,-48.97663705468543,4.415168283772222
2024-09-12 21:10:00,0.0,-1.618190928918554e-171,-46.31388601165911,4.415168283772222
2024-09-12 21:15:00,0.0,-1.618190928918554e-171,-43.446611353372255,0.18783332823333332
2024-09-12 21:20:00,0.0,-1.618190928918554e-171,-40.433380828014144,0.08366666156666666
2024-09-12 21:25:00,0.0,-1.618190928918554e-171,-37.33065958471654,0.08366666156666666
2024-09-12 21:30:00,0.0,-1.618190928918554e-171,-34.19246068347595,0.08366666156666666
2024-09-12 21:35:00,0.0,-1.618190928918554e-171,-31.070018609208148,0.08366666156666666
2024-09-12 21:40:00,0.0,-1.618190928918554e-171,-28.01148820256053,4.013112717176666
2024-09-12 21:45:00,0.0,-1.618190928918554e-171,-25.061671176219395,4.013112717176666
2024-09-12 21:50:00,0.0,-1.618190928918554e-171,-22.261772141637707,3.4648460448055554
2024-09-12 21:55:00,0.0,-1.618190928918554e-171,-19.649185863197474,2.4662904595766673
2024-09-12 22:00:00,0.0,-1.618190928918554e-171,-17.25731716305377,2.0203349078733335
2024-09-12 22:05:00,0.0,-1.618190928918554e-171,-15.115434678004132,1.0910984006873015
2024-09-12 22:10:00,0.0,-1.618190928918554e-171,-13.248559377819502,0.08366666156666666
2024-09-12 22:15:00,0.0,-1.618190928918554e-171,-11.67738845586181,0.08366666156666666
2024-09-12 22:20:00,0.0,-1.618190928918554e-171,-10.418254990399978,0.0
2024-09-12 22:25:00,0.0,-1.618190928918554e-171,-9.4831233696671,0.0
2024-09-12 22:30:00,0.0,-1.618190928918554e-171,-8.879620316276672,0.0
2024-09-12 22:35:00,0.0,-1.618190928918554e-171,-8.611100965838867,0.0
2024-09-12 22:40:00,0.0,-1.618190928918554e-171,-8.676749228506736,0.0
2024-09-12 22:45:00,0.0,-1.618190928918554e-171,-9.071711362581272,0.0
2024-09-12 22:50:00,0.0,-1.618190928918554e-171,-9.78726143928723,0.0
2024-09-12 22:55:00,0.0,-1.618190928918554e-171,-10.810997109636844,0.0
2024-09-12 23:00:00,0.0,-1.618190928918554e-171,-12.127063868170536,0.0
2024-09-12 23:05:00,0.0,-1.618190928918554e-171,-13.716405731244635,0.0
2024-09-12 23:10:00,0.0,-1.618190928918554e-171,-15.557040113688037,0.0
2024-09-12 23:15:00,0.0,-1.618190928918554e-171,-17.62435441962711,0.0
2024-09-12 23:20:00,0.0,-1.618190928918554e-171,-19.89142174315277,0.0
2024-09-12 23:25:00,0.0,-1.618190928918554e-171,-22.329332888617934,0.0
2024-09-12 23:30:00,0.0,-1.618190928918554e-171,-24.90754182545619,0.0
2024-09-12 23:35:00,0.0,-1.618190928918554e-171,-27.594221551961507,0.0
2024-09-12 23:40:00,0.0,-1.618190928918554e-171,-30.356627284119988,0.0
2024-09-12 23:45:00,0.0,-1.618190928918554e-171,-33.161463825458995,0.0
2024-09-12 23:50:00,0.0,-1.618190928918554e-171,-35.97525392927639,0.0
2024-09-12 23:55:00,0.0,-1.618190928918554e-171,-38.76470446130693,0.0
2024-09-13 00:00:00,0.0,-1.618190928918554e-171,-41.497067219147404,0.0
2024-09-13 00:05:00,0.0,-1.618190928918554e-171,-44.140491265400854,0.0
2024-09-13 00:10:00,0.0,-1.618190928918554e-171,-46.66436372963017,0.0
2024-09-13 00:15:00,0.0,-1.618190928918554e-171,-49.039636118437635,0.0
2024-09-13 00:20:00,0.0,-1.618190928918554e-171,-51.23913329943412,0.0
2024-09-13 00:25:00,0.0,-1.618190928918554e-171,-53.23784245127591,0.0
2024-09-13 00:30:00,0.0,-1.618190928918554e-171,-55.013179455357076,0.0
2024-09-13 00:35:00,0.0,-1.618190928918554e-171,-56.54523039101388,0.0
2024-09-13 00:40:00,0.0,-1.618190928918554e-171,-57.81696590742409,0.0
2024-09-13 00:45:00,0.0,-1.618190928918554e-171,-58.814426713710844,0.0
2024-09-13 00:50:00,0.0,-1.618190928918554e-171,-59.526878263371174,0.0
2024-09-13 00:55:00,0.0,-1.618190928918554e-171,-59.94693344518712,0.0
2024-09-13 01:00:00,0.0,-1.618190928918554e-171,-60.07064188022068,0.0
2024-09-13 01:05:00,0.0,-1.618190928918554e-171,-59.89754508107931,0.0
2024-09-13 01:10:00,0.0,-1.618190928918554e-171,-59.43069677621992,0.0
2024-09-13 01:15:00,0.0,-1.618190928918554e-171,-58.67664806944802,0.0
2024-09-13 01:20:00,0.0,-1.618190928918554e-171,-57.64539743195287,0.0
2024-09-13 01:25:00,0.0,-1.618190928918554e-171,-56.35030570957569,0.0
2024-09-13 01:30:00,0.0,-1.618190928918554e-171,-54.80797676403031,0.0
2024-09-13 01:35:00,0.0,-1.618190928918554e-171,-53.038104469518565,0.0
2024-09-13 01:40:00,0.0,-1.618190928918554e-171,-51.063287314020414,0.0
2024-09-13 01:45:00,0.0,-1.618190928918554e-171,-48.9088118247847,0.0
2024-09-13 01:50:00,0.0,-1.618190928918554e-171,-46.60240661742928,0.0
2024-09-13 01:55:00,0.0,-1.618190928918554e-171,-44.17396886217145,0.0
2024-09-13 02:00:00,0.0,-1.618190928918554e-171,-41.65526533568386,0.0
2024-09-13 02:05:00,0.0,-1.618190928918554e-171,-39.0796104624981,0.0
2024-09-13 02:10:00,0.0,-1.618190928918554e-171,-36.481523828487546,0.0
2024-09-13 02:15:00,0.0,-1.618190928918554e-171,-33.89636997962666,0.0
2024-09-13 02:20:00,0.0,-1.618190928918554e-171,-31.3599833931534,0.0
2024-09-13 02:25:00,0.0,-1.618190928918554e-171,-28.908281671776543,0.0
2024-09-13 02:30:00,0.0,-1.618190928918554e-171,-26.57687015435525,0.0
2024-09-13 02:35:00,0.0,-1.618190928918554e-171,-24.400641183631695,0.0
2024-09-13 02:40:00,0.0,-1.618190928918554e-171,-22.413371390093996,0.0
2024-09-13 02:45:00,0.0,-1.618190928918554e-171,-20.647320336191953,0.0
2024-09-13 02:50:00,0.0,-1.618190928918554e-171,-19.13283397226678,0.0
2024-09-13 02:55:00,0.0,-1.618190928918554e-171,-17.897956221458553,0.0
2024-09-13 03:00:00,0.0,-1.618190928918554e-171,-16.96805208340107,0.0
2024-09-13 03:05:00,0.0,-1.618190928918554e-171,-16.3654455312794,0.0
2024-09-13 03:10:00,0.0,-1.618190928918554e-171,-16.109075387494244,0.0
2024-09-13 03:15:00,0.0,-1.618190928918554e-171,-16.21417227011872,0.0
2024-09-13 03:20:00,0.0,-1.618190928918554e-171,-16.69195953065747,0.0
2024-09-13 03:25:00,0.0,-1.618190928918554e-171,-17.549381008763415,0.0
2024-09-13 03:30:00,0.0,-1.618190928918554e-171,-18.788858110543373,0.0
2024-09-13 03:35:00,0.0,-1.618190928918554e-171,-20.40807869102095,0.0
2024-09-13 03:40:00,0.0,-1.618190928918554e-171,-22.399819834791217,0.0
2024-09-13 03:45:00,0.0,-1.618190928918554e-171,-24.751806475685378,0.0
2024-09-13 03:50:00,0.0,-1.618190928918554e-171,-27.446607501471373,0.0
2024-09-13 03:55:00,0.0,-1.618190928918554e-171,-30.461570742922145,0.0
2024-09-13 04:00:00,0.0,-1.618190928918554e-171,-33.76879789422255,0.0
2024-09-13 04:05:00,0.0,-1.618190928918554e-171,-37.33516021840505,0.0
2024-09-13 04:10:00,0.0,-1.618190928918554e-171,-41.122355482763645,0.0
2024-09-13 04:15:00,0.0,-1.618190928918554e-171,-45.087006339469234,0.0
2024-09-13 04:20:00,0.0,-1.618190928918554e-171,-49.18079997118928,0.0
2024-09-13 04:25:00,0.0,-1.618190928918554e-171,-53.35066860437817,0.0
2024-09-13 04:30:00,0.0,-1.618190928918554e-171,-57.53901011217125,0.0
2024-09-13 04:35:00,0.0,-1.618190928918554e-171,-61.68394759167964,0.0
2024-09-13 04:40:00,0.0,-1.618190928918554e-171,-65.71962661923253,0.0
2024-09-13 04:45:00,0.0,-1.618190928918554e-171,-69.57654844910006,0.0
2024-09-13 04:50:00,0.0,-1.618190928918554e-171,-73.18193725070951,0.0
2024-09-13 04:55:00,0.0,-1.618190928918554e-171,-76.46013910166525,0.0
2024-09-13 05:00:00,0.0,-1.618190928918554e-171,-79.3330503224694,0.0
2024-09-13 05:05:00,0.0,-1.618190928918554e-171,-81.7205724127542,0.0
2024-09-13 05:10:00,0.0,-1.618190928918554e-171,-83.54109060530853,0.0
2024-09-13 05:15:00,0.0,-1.618190928918554e-171,-84.71197297702983,0.0
2024-09-13 05:20:00,0.0,-1.618190928918554e-171,-85.15008674728531,0.0
2024-09-13 05:25:00,0.0,-1.618190928918554e-171,-84.77232832078438,0.0
2024-09-13 05:30:00,0.0,-1.618190928918554e-171,-83.49616346194016,0.0
2024-09-13 05:35:00,0.0,-1.618190928918554e-171,-81.24017392256692,0.0
2024-09-13 05:40:00,0.0,-1.618190928918554e-171,-77.92460673918693,0.0
2024-09-13 05:45:00,0.0,-1.618190928918554e-171,-73.47192234023524,0.0
2024-09-13 05:50:00,0.0,-1.618190928918554e-171,-67.80733772988158,0.0
2024-09-13 05:55:00,0.0,-1.618190928918554e-171,-60.859360742728114,0.0
2024-09-13 06:00:00,0.0,-1.618190928918554e-171,-52.5603117208152,83.28654131046146
2024-09-13 06:05:00,0.0,-1.618190928918554e-171,-42.84682880984341,84.27755358424665
2024-09-13 06:10:00,0.0,-1.618190928918554e-171,-31.660353210671524,84.27755358424665
2024-09-13 06:15:00,0.0,-1.618190928918554e-171,-18.947590897234637,84.27755358424665
2024-09-13 06:20:00,0.0,-1.618190928918554e-171,-4.660947406559637,84.27755358424665
2024-09-13 06:25:00,0.0,-1.618190928918554e-171,11.241067558937008,92.38710771696957
2024-09-13 06:30:00,0.0,-1.618190928918554e-171,28.793468644197958,92.38710771696957
2024-09-13 06:35:00,0.0,-1.618190928918554e-171,48.024459377720845,92.38710771696957
2024-09-13 06:40:00,0.0,-1.618190928918554e-171,68.95513518706174,96.0092929813712
2024-09-13 06:45:00,102.8000031,-1.618190928918554e-171,91.59922734510647,95.59522631561788
2024-09-13 06:50:00,129.6000061,-1.618190928918554e-171,115.96288973090262,95.59522631561788
2024-09-13 06:55:00,143.8999939,-1.618190928918554e-171,142.0445303319683,95.43139304426234
2024-09-13 07:00:00,133.9000092,-1.618190928918554e-171,169.83468864371116,448.94155757307306
2024-09-13 07:05:00,137.6666565,-1.618190928918554e-171,199.31596044014762,451.6403995322041
2024-09-13 07:10:00,131.8666534,-1.618190928918554e-171,230.46297042280065,451.6403995322041
2024-09-13 07:15:00,152.0,-1.618190928918554e-171,263.2423935752733,451.6403995322041
2024-09-13 07:20:00,185.1999969,-1.618190928918554e-171,297.61302470280543,449.4425583553152
2024-09-13 07:25:00,262.7000122,-1.618190928918554e-171,333.52589677760443,452.11634553570406
2024-09-13 07:30:00,326.8999939,-1.618190928918554e-171,370.92444707662037,444.1149022856329
2024-09-13 07:35:00,475.7000122,-1.618190928918554e-171,409.74473009356404,446.63780976285506
2024-09-13 07:40:00,589.0,-1.618190928918554e-171,449.9156765477847,449.8155723003979
2024-09-13 07:45:00,670.7000122,-1.618190928918554e-171,491.35939646973685,451.8222447923756
2024-09-13 07:50:00,792.2000122,-1.618190928918554e-171,533.9915248352537,450.35024028822284
2024-09-13 07:55:00,915.7000122,-1.618190928918554e-171,577.7216075349876,450.35024028822284
2024-09-13 08:00:00,998.7999878,-1.618190928918554e-171,622.4535251760439,804.3088308490278
2024-09-13 08:05:00,957.2333374,-1.618190928918554e-171,668.0859522118458,804.3088308490278
2024-09-13 08:10:00,1082.599976,-1.618190928918554e-171,714.512848254405,816.288437685968
2024-09-13 08:15:00,1164.400024,-1.618190928918554e-171,761.623978736546,822.7946741822306
2024-09-13 08:20:00,1125.93335,-1.618190928918554e-171,809.305461262479,821.4271326089407
2024-09-13 08:25:00,1147.666748,-1.618190928918554e-171,857.4403342349098,814.9296247424518
2024-09-13 08:30:00,1240.5,-1.618190928918554e-171,905.9091442099669,821.0002715556645
2024-09-13 08:35:00,1203.466675,-1.618190928918554e-171,954.5905477528211,826.6355159129978
2024-09-13 08:40:00,1235.599976,-1.618190928918554e-171,1003.3619242936348,823.7977448579768
2024-09-13 08:45:00,1220.233276,-1.618190928918554e-171,1052.0999961062646,878.4366198785807
2024-09-13 08:50:00,1246.0,-1.618190928918554e-171,1100.6814503827393,872.271896652
2024-09-13 08:55:00,1245.799927,-1.618190928918554e-171,1148.9835607127266,889.0531754994507
2024-09-13 09:00:00,1293.900024,-1.618190928918554e-171,1196.8848030840672,1297.0431879904254
2024-09-13 09:05:00,1316.966675,-1.618190928918554e-171,1244.2654623035824,1244.6329805907121
2024-09-13 09:10:00,1365.5,-1.618190928918554e-171,1291.0082254962804,1219.4636117842306
2024-09-13 09:15:00,1391.266602,-1.618190928918554e-171,1336.9987583450147,1173.8762498432968
2024-09-13 09:20:00,1421.333374,-1.618190928918554e-171,1382.126260524121,1174.328117825117
2024-09-13 09:25:00,1461.833374,-1.618190928918554e-171,1426.2839968619141,1255.8273750882952
2024-09-13 09:30:00,1505.933228,-1.618190928918554e-171,1469.3698005812448,1280.6200184193083
2024-09-13 09:35:00,1549.400024,-1.618190928918554e-171,1511.2865457044888,1272.0993058809486
2024-09-13 09:40:00,1587.0,-1.618190928918554e-171,1551.9425854029876,1284.0362651691858
2024-09-13 09:45:00,1627.366699,-1.618190928918554e-171,1591.2521538699204,1305.8541945743718
2024-09-13 09:50:00,1665.866577,-1.618190928918554e-171,1629.1357289678117,1382.0330751383078
2024-09-13 09:55:00,1703.966797,-1.618190928918554e-171,1665.520353589561,1465.2102189766663
2024-09-13 10:00:00,1737.200073,-1.618190928918554e-171,1700.3399139676137,1663.0961084096973
2024-09-13 10:05:00,1771.133301,-1.618190928918554e-171,1733.5353729828419,1663.0961084096973
2024-09-13 10:10:00,1808.700073,-1.618190928918554e-171,1765.054957666046,1663.0961084096973
2024-09-13 10:15:00,1849.700073,-1.618190928918554e-171,1794.8542998339215,1675.4244540786676
2024-09-13 10:20:00,1888.233398,-1.618190928918554e-171,1822.8965287899457,1671.0185429112912
2024-09-13 10:25:00,1924.233398,-1.618190928918554e-171,1849.1523166313773,1635.0241873125492
2024-09-13 10:30:00,1957.733398,-1.618190928918554e-171,1873.5998755934397,1620.5356321101517
2024-09-13 10:35:00,1992.566772,-1.618190928918554e-171,1896.224908187249,1606.650814028267
2024-09-13 10:40:00,2021.633301,-1.618190928918554e-171,1917.0205105886992,1611.4018977474168
2024-09-13 10:45:00,2042.366577,-1.618190928918554e-171,1935.9870306704906,1595.6994382043215
2024-09-13 10:50:00,2052.699951,-1.618190928918554e-171,1953.1318818044626,1602.0898760823097
2024-09-13 10:55:00,2055.800049,-1.618190928918554e-171,1968.4693142739388,1605.978464389961
2024-09-13 11:00:00,2055.43335,-1.618190928918554e-171,1982.0201461502393,1657.8876721585152
2024-09-13 11:05:00,2050.199951,-1.618190928918554e-171,1993.8114560249778,1711.5906163228854
2024-09-13 11:10:00,2045.833374,-1.618190928918554e-171,2003.8762399919124,1711.5906163228854
2024-09-13 11:15:00,2041.966675,-1.618190928918554e-171,2012.2530357653336,1711.5906163228854
2024-09-13 11:20:00,2045.633301,-1.618190928918554e-171,2018.9855168034517,1709.5957868984412
2024-09-13 11:25:00,2035.133301,-1.618190928918554e-171,2024.1220596641058,1709.5957868984412
2024-09-13 11:30:00,2025.699829,-1.618190928918554e-171,2027.7152879463526,1672.4600835223905
2024-09-13 11:35:00,2011.0,-1.618190928918554e-171,2029.8215962751394,1672.4600835223905
2024-09-13 11:40:00,1982.0,-1.618190928918554e-171,2030.5006580049583,1684.8466190571328
2024-09-13 11:45:00,1951.766724,-1.618190928918554e-171,2029.81492029846,1684.8466190571328
2024-09-13 11:50:00,1925.566772,-1.618190928918554e-171,2027.8290904238595,1687.0104149343554
2024-09-13 11:55:00,2055.399902,-1.618190928918554e-171,2024.609616984831,1673.7121499839047
2024-09-13 12:00:00,2013.133301,-1.618190928918554e-171,2020.224170085499,1678.902746775044
2024-09-13 12:05:00,2053.966797,-1.618190928918554e-171,2014.7411240182125,1681.4789969783774
2024-09-13 12:10:00,2053.900146,-1.618190928918554e-171,2008.2290464659325,1689.7840993378877
2024-09-13 12:15:00,2054.366455,-1.618190928918554e-171,2000.7561977449272,1690.601154863443
2024-09-13 12:20:00,2055.5,-1.618190928918554e-171,1992.3900437659988,1690.601154863443
2024-09-13 12:25:00,2057.233154,-1.618190928918554e-171,1983.1967861685566,1763.8492536115573
2024-09-13 12:30:00,2058.43335,-1.618190928918554e-171,1973.240912857897,1763.8492536115573
2024-09-13 12:35:00,2058.900146,-1.618190928918554e-171,1962.584772310156,1774.9422346621693
2024-09-13 12:40:00,2056.966553,-1.618190928918554e-171,1951.2881742417812,1727.1221039434906
2024-09-13 12:45:00,2058.266602,-1.618190928918554e-171,1939.4080197358542,1813.7924148170773
2024-09-13 12:50:00,2059.966553,-1.618190928918554e-171,1926.99796295381,1808.3930283181605
2024-09-13 12:55:00,1949.199829,-1.618190928918554e-171,1914.1081069921643,1793.112389421124
2024-09-13 13:00:00,1892.450073,-1.618190928918554e-171,1900.784735504871,1618.2179348317782
2024-09-13 13:05:00,1392.050049,-1.618190928918554e-171,1887.0700820940433,1581.3445203413778
2024-09-13 13:10:00,898.0,-1.618190928918554e-171,1873.0021385713171,1580.010411904834
2024-09-13 13:15:00,706.2666626,-1.618190928918554e-171,1858.614503204208,1569.8432368725046
2024-09-13 13:20:00,1124.0,-1.618190928918554e-171,1843.9362699504563,1631.00420347649
2024-09-13 13:25:00,1337.599976,-1.618190928918554e-171,1828.991958710658,1458.71084834254
2024-09-13 13:30:00,1233.033325,-1.618190928918554e-171,1813.8014870386792,1392.5351292146252
2024-09-13 13:35:00,1289.766724,-1.618190928918554e-171,1798.380182913398,1526.302843738739
2024-09-13 13:40:00,1198.700073,-1.618190928918554e-171,1782.7388382651243,1626.8281949619063
2024-09-13 13:45:00,1179.300049,-1.618190928918554e-171,1766.8838021462361,1579.3090947637413
2024-09-13 13:50:00,943.7000122,-1.618190928918554e-171,1750.8171126963898,1647.9520394784956
2024-09-13 13:55:00,832.2000122,-1.618190928918554e-171,1734.5366662913848,1374.1730112800078
2024-09-13 14:00:00,806.5999146,-1.618190928918554e-171,1718.036422198084,1240.5631192633628
2024-09-13 14:05:00,698.9500122,-1.618190928918554e-171,1701.3066409904286,1272.8714595904685
2024-09-13 14:10:00,619.4666138,-1.618190928918554e-171,1684.3341540757742,1172.1577476147581
2024-09-13 14:15:00,661.6000366,-1.618190928918554e-171,1667.102662346542,1094.461595798188
2024-09-13 14:20:00,661.9666748,-1.618190928918554e-171,1649.5930609434743,1088.6864581412472
2024-09-13 14:25:00,681.333313,-1.618190928918554e-171,1631.7837874792622,1153.2590537088379
2024-09-13 14:30:00,774.0999756,-1.618190928918554e-171,1613.6511905590626,1510.2038146465518
2024-09-13 14:35:00,991.2999878,-1.618190928918554e-171,1595.1699156173063,1578.5897640376493
2024-09-13 14:40:00,982.5499878,-1.618190928918554e-171,1576.3133045743366,1577.5862986633697
2024-09-13 14:45:00,1114.300049,-1.618190928918554e-171,1557.053805947155,1606.1227810703442
2024-09-13 14:50:00,1041.133423,-1.618190928918554e-171,1537.363392279958,837.049447457177
2024-09-13 14:55:00,1015.5,-1.618190928918554e-171,1517.2139809036098,685.2914852132005
2024-09-13 15:00:00,1159.800049,-1.618190928918554e-171,1496.5778549097563,474.82176414188757
2024-09-13 15:05:00,2060.0,-1.618190928918554e-171,1475.428080615212,453.5467480240161
2024-09-13 15:10:00,1887.900024,-1.618190928918554e-171,1453.7389182867303,400.12464852609617
2024-09-13 15:15:00,1830.533325,-1.618190928918554e-171,1431.4862224740762,281.78750949971055
2024-09-13 15:20:00,1715.800171,-1.618190928918554e-171,1408.6478288537483,281.6282492759091
2024-09-13 15:25:00,1346.0,-1.618190928918554e-171,1385.2039243600016,280.25686054257045
2024-09-13 15:30:00,897.4500122,-1.618190928918554e-171,1361.1373973830352,284.7035558805949
2024-09-13 15:35:00,759.8999634,-1.618190928918554e-171,1336.4341656703498,316.21152846671185
2024-09-13 15:40:00,723.8666992,-1.618190928918554e-171,1311.0834785005743,322.6438640768568
2024-09-13 15:45:00,676.4499512,-1.618190928918554e-171,1285.0781913734363,317.9332144117092
2024-09-13 15:50:00,548.0999756,-1.618190928918554e-171,1258.4150104588184,327.657928029498
2024-09-13 15:55:00,379.9666748,-1.618190928918554e-171,1231.0947050602758,318.5649927586409
2024-09-13 16:00:00,335.8666687,-1.618190928918554e-171,1203.1222862651928,339.53116270174223
2024-09-13 16:05:00,313.2666931,-1.618190928918554e-171,1174.5071502095407,314.5735781829065
2024-09-13 16:10:00,294.8333435,-1.618190928918554e-171,1145.263185061603,314.83790980117317
2024-09-13 16:15:00,283.5666809,-1.618190928918554e-171,1115.4088402143448,299.33541816739137
2024-09-13 16:20:00,307.7000122,-1.618190928918554e-171,1084.9671579534556,300.5552991676057
2024-09-13 16:25:00,294.3666687,-1.618190928918554e-171,1053.9657663587006,280.92524647710957
2024-09-13 16:30:00,302.0000305,-1.618190928918554e-171,1022.4368340769225,274.9730277854516
2024-09-13 16:35:00,283.4333496,-1.618190928918554e-171,990.4169868934935,279.764695524432
2024-09-13 16:40:00,276.6000061,-1.618190928918554e-171,957.9471870289176,280.8707926359177
2024-09-13 16:45:00,227.9000092,-1.618190928918554e-171,925.0725756409206,286.4166189384384
2024-09-13 16:50:00,185.7000122,-1.618190928918554e-171,891.8422800012567,287.3692263909432
2024-09-13 16:55:00,150.5,-1.618190928918554e-171,858.3091867171205,299.63567160477083
2024-09-13 17:00:00,142.8666534,-1.618190928918554e-171,824.5296824389967,349.68223566296365
2024-09-13 17:05:00,147.4333344,-1.618190928918554e-171,790.5633647711338,353.32869648761965
2024-09-13 17:10:00,146.8999939,-1.618190928918554e-171,756.4727244231834,338.53349065809743
2024-09-13 17:15:00,144.2333374,-1.618190928918554e-171,722.3228021897643,350.19341774700547
2024-09-13 17:20:00,138.9666595,-1.618190928918554e-171,688.1808225107119,340.3133344555578
2024-09-13 17:25:00,127.8333359,-1.618190928918554e-171,654.1158068617221,393.40058819552286
2024-09-13 17:30:00,122.0,-1.618190928918554e-171,620.1981697823804,672.6757266008015
2024-09-13 17:35:00,130.8000031,-1.618190928918554e-171,586.4993005204835,693.5225915926284
2024-09-13 17:40:00,143.3000031,-1.618190928918554e-171,553.0911338533934,646.716655531737
2024-09-13 17:45:00,137.6999969,-1.618190928918554e-171,520.0457126437693,598.6733690373145
2024-09-13 17:50:00,141.8000031,-1.618190928918554e-171,487.43474650034,569.3906478538764
2024-09-13 17:55:00,136.9000092,-1.618190928918554e-171,455.32916880109946,540.6247626963637
2024-09-13 18:00:00,135.8500061,-1.618190928918554e-171,423.7986962659342,462.9106242123611
2024-09-13 18:05:00,109.9000015,-1.618190928918554e-171,392.9113940476339,415.8426961658828
2024-09-13 18:10:00,73.5,-1.618190928918554e-171,362.733249694077,410.6931782584749
2024-09-13 18:15:00,54.03333664,-1.618190928918554e-171,333.327759437527,410.5150675542247
2024-09-13 18:20:00,52.33333206,-1.618190928918554e-171,304.7555295897635,386.15005130612764
2024-09-13 18:25:00,52.16666794,-1.618190928918554e-171,277.07389639366124,425.75823708731303
2024-09-13 18:30:00,50.35000229,-1.618190928918554e-171,250.33656686847533,394.7958667048328
2024-09-13 18:35:00,43.95000458,-1.618190928918554e-171,224.59328395138385,384.2564714335382
2024-09-13 18:40:00,36.30000305,-1.618190928918554e-171,199.88951762661765,296.0933917955597
2024-09-13 18:45:00,31.5,-1.618190928918554e-171,176.26618516587345,264.17205542738674
2024-09-13 18:50:00,24.59999847,-1.618190928918554e-171,153.75940203335077,237.2589138049978
2024-09-13 18:55:00,17.70000076,-1.618190928918554e-171,132.40026557954357,259.57873437631235
2024-09-13 19:00:00,13.09999943,-1.618190928918554e-171,112.2146730883426,32.19744707510411
2024-09-13 19:05:00,0.0,-1.618190928918554e-171,93.22317540156736,33.29858175712672
2024-09-13 19:10:00,0.0,-1.618190928918554e-171,75.44086746480488,31.056232584457277
2024-09-13 19:15:00,0.0,-1.618190928918554e-171,58.877316132816894,35.578666897974855
2024-09-13 19:20:00,0.0,-1.618190928918554e-171,43.536526316829146,35.578666897974855
2024-09-13 19:25:00,0.0,-1.618190928918554e-171,29.416945095726266,35.742740961819294
2024-09-13 19:30:00,0.0,-1.618190928918554e-171,16.51150409664016,35.578666897974855
2024-09-13 19:35:00,0.0,-1.618190928918554e-171,4.807699618490148,35.578666897974855
2024-09-13 19:40:00,0.0,-1.618190928918554e-171,-5.712290194537844,35.578666897974855
2024-09-13 19:45:00,0.0,-1.618190928918554e-171,-15.07145193158903,35.578666897974855
2024-09-13 19:50:00,0.0,-1.618190928918554e-171,-23.297748719120467,36.68137961580818
2024-09-13 19:55:00,0.0,-1.618190928918554e-171,-30.423898454548628,37.294875918494846
2024-09-13 20:00:00,0.0,-1.618190928918554e-171,-36.48712051146424,1.3296729083000007
2024-09-13 20:05:00,0.0,-1.618190928918554e-171,-41.52885257328207,0.13264813741666667
2024-09-13 20:10:00,0.0,-1.618190928918554e-171,-45.594440109144166,0.0
2024-09-13 20:15:00,0.0,-1.618190928918554e-171,-48.732800723014265,0.0418888855
2024-09-13 20:20:00,0.0,-1.618190928918554e-171,-50.99606599306674,0.0418888855
2024-09-13 20:25:00,0.0,-1.618190928918554e-171,-52.4392036354135,0.0
2024-09-13 20:30:00,0.0,-1.618190928918554e-171,-53.119622835995806,0.0
2024-09-13 20:35:00,0.0,-1.618190928918554e-171,-53.09676582226706,0.0
2024-09-13 20:40:00,0.0,-1.618190928918554e-171,-52.431688748162856,0.0
2024-09-13 20:45:00,0.0,-1.618190928918554e-171,-51.18663519831711,0.0
2024-09-13 20:50:00,0.0,-1.618190928918554e-171,-49.42460543177604,0.0
2024-09-13 20:55:00,0.0,-1.618190928918554e-171,-47.20892474083682,0.0
2024-09-13 21:00:00,0.0,-1.618190928918554e-171,-44.60281414339992,0.0
2024-09-13 21:05:00,0.0,-1.618190928918554e-171,-41.66896666763405,0.0
2024-09-13 21:10:00,0.0,-1.618190928918554e-171,-38.46913240890732,0.0
2024-09-13 21:15:00,0.0,-1.618190928918554e-171,-35.06371548192336,0.0
2024-09-13 21:20:00,0.0,-1.618190928918554e-171,-31.511385855339014,0.0
2024-09-13 21:25:00,0.0,-1.618190928918554e-171,-27.868708973297245,0.0
2024-09-13 21:30:00,0.0,-1.618190928918554e-171,-24.189795847570895,0.0
2024-09-13 21:35:00,0.0,-1.618190928918554e-171,-20.525976283694398,0.0
2024-09-13 21:40:00,0.0,-1.618190928918554e-171,-16.925497484055203,0.0
2024-09-13 21:45:00,0.0,-1.618190928918554e-171,-13.433250281861886,0.0
2024-09-13 21:50:00,0.0,-1.618190928918554e-171,-10.090524932480095,0.0
2024-09-13 21:55:00,0.0,-1.618190928918554e-171,-6.934798135293655,0.0
2024-09-13 22:00:00,0.0,-1.618190928918554e-171,-3.9995527589559856,0.0
2024-09-13 22:05:00,0.0,-1.618190928918554e-171,-1.3141314479476942,0.0
2024-09-13 22:10:00,0.0,-1.618190928918554e-171,1.0963749832218972,0.0
2024-09-13 22:15:00,0.0,-1.618190928918554e-171,3.2112037229881514,0.0
2024-09-13 22:20:00,0.0,-1.618190928918554e-171,5.013960369583883,0.0
2024-09-13 22:25:00,0.0,-1.618190928918554e-171,6.492623492124578,0.0
2024-09-13 22:30:00,0.0,-1.618190928918554e-171,7.639513593195446,0.0
2024-09-13 22:35:00,0.0,-1.618190928918554e-171,8.451226960291779,0.0
2024-09-13 22:40:00,0.0,-1.618190928918554e-171,8.928535212347928,0.0
2024-09-13 22:45:00,0.0,-1.618190928918554e-171,9.076251588935525,0.0
2024-09-13 22:50:00,0.0,-1.618190928918554e-171,8.90306532745982,0.02762962977777778
2024-09-13 22:55:00,0.0,-1.618190928918554e-171,8.421345697755838,0.0
2024-09-13 23:00:00,0.0,-1.618190928918554e-171,7.646917528721821,0.0
2024-09-13 23:05:00,0.0,-1.618190928918554e-171,6.598810255800542,0.0
2024-09-13 23:10:00,0.0,-1.618190928918554e-171,5.298982804681575,0.0
2024-09-13 23:15:00,0.0,-1.618190928918554e-171,3.7720266697197373,0.0
2024-09-13 23:20:00,0.0,-1.618190928918554e-171,2.0448499280237598,0.0
2024-09-13 23:25:00,0.0,-1.618190928918554e-171,0.14634487146220515,0.0
2024-09-13 23:30:00,0.0,-1.618190928918554e-171,-1.8929577864043352,0.0
2024-09-13 23:35:00,0.0,-1.618190928918554e-171,-4.0412451312473054,0.0
2024-09-13 23:40:00,0.0,-1.618190928918554e-171,-6.2657856006534685,0.02762962977777778
2024-09-13 23:45:00,0.0,-1.618190928918554e-171,-8.53329671160418,0.02762962977777778
2024-09-13 23:50:00,0.0,-1.618190928918554e-171,-10.810313810894465,0.02762962977777778
2024-09-13 23:55:00,0.0,-1.618190928918554e-171,-13.06355656467331,0.02762962977777778
2024-09-14 00:00:00,0.0,-1.618190928918554e-171,-15.260290196093756,0.0
2024-09-14 00:05:00,0.0,-1.618190928918554e-171,-17.368678101026667,0.0
2024-09-14 00:10:00,0.0,-1.618190928918554e-171,-19.35812305625168,0.0
2024-09-14 00:15:00,0.0,-1.618190928918554e-171,-21.19959380463193,0.0
2024-09-14 00:20:00,0.0,-1.618190928918554e-171,-22.865934369535236,0.0
2024-09-14 00:25:00,0.0,-1.618190928918554e-171,-24.3321532902061,0.0
2024-09-14 00:30:00,0.0,-1.618190928918554e-171,-25.575690276984822,0.0
2024-09-14 00:35:00,0.0,-1.618190928918554e-171,-26.576657929996937,0.0
2024-09-14 00:40:00,0.0,-1.618190928918554e-171,-27.318056363555876,0.0
2024-09-14 00:45:00,0.0,-1.618190928918554e-171,-27.785958836252057,0.0
2024-09-14 00:50:00,0.0,-1.618190928918554e-171,-27.969666606536045,0.0
2024-09-14 00:55:00,0.0,-1.618190928918554e-171,-27.8618317501637,0.0
2024-09-14 01:00:00,0.0,-1.618190928918554e-171,-27.458546513060764,0.0
2024-09-14 01:05:00,0.0,-1.618190928918554e-171,-26.759398572238098,0.0
2024-09-14 01:10:00,0.0,-1.618190928918554e-171,-25.767491323485427,0.0
2024-09-14 01:15:00,0.0,-1.618190928918554e-171,-24.48942905889434,0.0
2024-09-14 01:20:00,0.0,-1.618190928918554e-171,-22.935266879106955,0.0
2024-09-14 01:25:00,0.0,-1.618190928918554e-171,-21.118425636052752,0.0
2024-09-14 01:30:00,0.0,-1.618190928918554e-171,-19.055572417601994,0.0
2024-09-14 01:35:00,0.0,-1.618190928918554e-171,-16.766467424378746,0.0
2024-09-14 01:40:00,0.0,-1.618190928918554e-171,-14.273778339622977,0.0
2024-09-14 01:45:00,0.0,-1.618190928918554e-171,-11.602863558854217,0.0
2024-09-14 01:50:00,0.0,-1.618190928918554e-171,-8.781525986275323,0.0
2024-09-14 01:55:00,0.0,-1.618190928918554e-171,-5.839739196786147,0.0
2024-09-14 02:00:00,0.0,-1.618190928918554e-171,-2.8093482119957494,0.0
2024-09-14 02:05:00,0.0,-1.618190928918554e-171,0.2762528072355148,0.0
2024-09-14 02:10:00,0.0,-1.618190928918554e-171,3.38246338733033,0.0
2024-09-14 02:15:00,0.0,-1.618190928918554e-171,6.473837321772198,0.0
2024-09-14 02:20:00,0.0,-1.618190928918554e-171,9.514458069907333,0.0
2024-09-14 02:25:00,0.0,-1.618190928918554e-171,12.46832596021341,0.0
2024-09-14 02:30:00,0.0,-1.618190928918554e-171,15.29975398921341,0.0
2024-09-14 02:35:00,0.0,-1.618190928918554e-171,17.97376895469146,0.0
2024-09-14 02:40:00,0.0,-1.618190928918554e-171,20.456514594092024,0.0
2024-09-14 02:45:00,0.0,-1.618190928918554e-171,22.715653329090983,0.0
2024-09-14 02:50:00,0.0,-1.618190928918554e-171,24.72076323537025,0.0
2024-09-14 02:55:00,0.0,-1.618190928918554e-171,26.44372683996312,0.0
2024-09-14 03:00:00,0.0,-1.618190928918554e-171,27.85910840607429,0.0
2024-09-14 03:05:00,0.0,-1.618190928918554e-171,28.944516406785556,0.0
2024-09-14 03:10:00,0.0,-1.618190928918554e-171,29.680947999213398,0.0
2024-09-14 03:15:00,0.0,-1.618190928918554e-171,30.053112409948568,0.0
2024-09-14 03:20:00,0.0,-1.618190928918554e-171,30.049730293032656,0.0
2024-09-14 03:25:00,0.0,-1.618190928918554e-171,29.66380627638676,0.0
2024-09-14 03:30:00,0.0,-1.618190928918554e-171,28.89287210928873,0.0
2024-09-14 03:35:00,0.0,-1.618190928918554e-171,27.739198007742623,0.0
2024-09-14 03:40:00,0.0,-1.618190928918554e-171,26.209970056382385,0.0
2024-09-14 03:45:00,0.0,-1.618190928918554e-171,24.317431735793285,0.0
2024-09-14 03:50:00,0.0,-1.618190928918554e-171,22.0789879155843,0.0
2024-09-14 03:55:00,0.0,-1.618190928918554e-171,19.517269959767322,0.0
2024-09-14 04:00:00,0.0,-1.618190928918554e-171,16.66016081005116,0.0
2024-09-14 04:05:00,0.0,-1.618190928918554e-171,13.540779284142298,0.0
2024-09-14 04:10:00,0.0,-1.618190928918554e-171,10.19742306866326,0.0
2024-09-14 04:15:00,0.0,-1.618190928918554e-171,6.673470279476014,0.0
2024-09-14 04:20:00,0.0,-1.618190928918554e-171,3.017239632250202,0.0
2024-09-14 04:25:00,0.0,-1.618190928918554e-171,-0.7181902165853011,0.0
2024-09-14 04:30:00,0.0,-1.618190928918554e-171,-4.475201491139611,0.0
2024-09-14 04:35:00,0.0,-1.618190928918554e-171,-8.191897152953025,0.0
2024-09-14 04:40:00,0.0,-1.618190928918554e-171,-11.802398431542658,0.0
2024-09-14 04:45:00,0.0,-1.618190928918554e-171,-15.237178378592496,0.0
2024-09-14 04:50:00,0.0,-1.618190928918554e-171,-18.42342943439867,0.0
2024-09-14 04:55:00,0.0,-1.618190928918554e-171,-21.285462854203864,0.0
2024-09-14 05:00:00,0.0,-1.618190928918554e-171,-23.745137462849222,0.0
2024-09-14 05:05:00,0.0,-1.618190928918554e-171,-25.722315038620447,0.0
2024-09-14 05:10:00,0.0,-1.618190928918554e-171,-27.13533933661257,0.0
2024-09-14 05:15:00,0.0,-1.618190928918554e-171,-27.90153573698749,0.0
2024-09-14 05:20:00,0.0,-1.618190928918554e-171,-27.937728014829144,0.0
2024-09-14 05:25:00,0.0,-1.618190928918554e-171,-27.160768942214087,0.0
2024-09-14 05:30:00,0.0,-1.618190928918554e-171,-25.4880809970825,0.0
2024-09-14 05:35:00,0.0,-1.618190928918554e-171,-22.83820353702082,0.0
2024-09-14 05:40:00,0.0,-1.618190928918554e-171,-19.131342644746574,0.0
2024-09-14 05:45:00,0.0,-1.618190928918554e-171,-14.289919796270757,0.0
2024-09-14 05:50:00,0.0,-1.618190928918554e-171,-8.239115568945243,0.0
2024-09-14 05:55:00,0.0,-1.618190928918554e-171,-0.9074044371201485,0.0
2024-09-14 06:00:00,0.0,-1.618190928918554e-171,7.772922999524829,108.51739873046814
2024-09-14 06:05:00,0.0,-1.618190928918554e-171,17.865254261668422,108.51739873046814
2024-09-14 06:10:00,0.0,-1.618190928918554e-171,29.428169207304197,105.62570434466758
2024-09-14 06:15:00,0.0,-1.618190928918554e-171,42.514977904179915,127.03244846982251
2024-09-14 06:20:00,0.0,-1.618190928918554e-171,57.17328535897222,127.03244846982251
2024-09-14 06:25:00,0.0,-1.618190928918554e-171,73.44458649239766,127.03244846982251
2024-09-14 06:30:00,0.0,-1.618190928918554e-171,91.36389438955236,127.03244846982251
2024-09-14 06:35:00,0.0,-1.618190928918554e-171,110.95940434815091,123.64471737980774
2024-09-14 06:40:00,0.0,-1.618190928918554e-171,132.25219672244972,123.64471737980774
2024-09-14 06:45:00,0.0,-1.618190928918554e-171,155.25598054070554,123.64471737980774
2024-09-14 06:50:00,0.0,-1.618190928918554e-171,179.97688014513952,123.64471737980774
2024-09-14 06:55:00,73.19999695,-1.618190928918554e-171,206.41326637601586,123.64471737980774
2024-09-14 07:00:00,91.0,-1.618190928918554e-171,234.55563399311674,460.8917332633053
2024-09-14 07:05:00,114.8000031,-1.618190928918554e-171,264.3865263203523,460.8917332633053
2024-09-14 07:10:00,130.0,-1.618190928918554e-171,295.8805078558156,464.90408509169424
2024-09-14 07:15:00,148.8999939,-1.618190928918554e-171,329.00418567886965,464.90408509169424
2024-09-14 07:20:00,161.1999969,-1.618190928918554e-171,363.7162790227639,468.98784755468154
2024-09-14 07:25:00,173.8999939,-1.618190928918554e-171,399.9677378708197,475.45596652573226
2024-09-14 07:30:00,184.8999939,-1.618190928918554e-171,437.70190901659157,477.46263901771
2024-09-14 07:35:00,180.9666748,-1.618190928918554e-171,476.85474945381475,477.46263901771
2024-09-14 07:40:00,185.9333344,-1.618190928918554e-171,517.3550854937197,482.1563354257735
2024-09-14 07:45:00,209.8000031,-1.618190928918554e-171,559.1249162034313,482.1563354257735
2024-09-14 07:50:00,454.0,-1.618190928918554e-171,602.0797594871942,484.4948051166501
2024-09-14 07:55:00,698.2000122,-1.618190928918554e-171,646.1290381632616,484.4948051166501
2024-09-14 08:00:00,659.6499634,-1.618190928918554e-171,691.1765046268426,785.860892715498
2024-09-14 08:05:00,857.7999878,-1.618190928918554e-171,737.1206999944594,785.860892715498
2024-09-14 08:10:00,840.3999634,-1.618190928918554e-171,783.8554462513339,791.347084063623
2024-09-14 08:15:00,838.2999878,-1.618190928918554e-171,831.2703672569452,791.347084063623
2024-09-14 08:20:00,971.0,-1.618190928918554e-171,879.2514358105377,797.0964914456454
2024-09-14 08:25:00,894.5,-1.618190928918554e-171,927.6815426886659,797.0964914456454
2024-09-14 08:30:00,912.9666138,-1.618190928918554e-171,976.4410846130536,788.227080364093
2024-09-14 08:35:00,855.2666626,-1.618190928918554e-171,1025.4085668373325,788.227080364093
2024-09-14 08:40:00,853.166687,-1.618190928918554e-171,1074.4612165550363,792.6618098514667
2024-09-14 08:45:00,1423.599976,-1.618190928918554e-171,1123.4756034763598,792.6618098514667
2024-09-14 08:50:00,1418.449951,-1.618190928918554e-171,1172.3282625444074,777.2667554292948
2024-09-14 08:55:00,1419.099976,-1.618190928918554e-171,1220.8963161934087,791.5387939350376
2024-09-14 09:00:00,1391.733398,-1.618190928918554e-171,1269.0580906410369,1253.3835546001956
2024-09-14 09:05:00,1545.400024,-1.618190928918554e-171,1316.6937232583823,1325.8475464764472
2024-09-14 09:10:00,1417.699829,-1.618190928918554e-171,1363.6857565036391,1329.9623980922247
2024-09-14 09:15:00,1883.0,-1.618190928918554e-171,1409.9197147481516,1327.9280519976378
2024-09-14 09:20:00,1882.849976,-1.618190928918554e-171,1455.284660425848,1332.5006340717566
2024-09-14 09:25:00,1895.066772,-1.618190928918554e-171,1499.6737254072063,1327.1684830570236
2024-09-14 09:30:00,1908.599976,-1.618190928918554e-171,1542.984615180815,1051.8679319277953
2024-09-14 09:35:00,1929.066772,-1.618190928918554e-171,1585.1200813128573,1027.1723273301536
2024-09-14 09:40:00,1970.799927,-1.618190928918554e-171,1625.9883605568339,1037.220266518962
2024-09-14 09:45:00,1999.466675,-1.618190928918554e-171,1665.503576961119,1040.8352608660916
2024-09-14 09:50:00,2006.333374,-1.618190928918554e-171,1703.5861050207577,978.9041918149119
2024-09-14 09:55:00,1960.966675,-1.618190928918554e-171,1740.1628912278493,1082.8382887274822
2024-09-14 10:00:00,1886.366577,-1.618190928918554e-171,1775.167732675261,1411.3075459250433
2024-09-14 10:05:00,1811.900024,-1.618190928918554e-171,1808.5415107231283,1411.3075459250433
2024-09-14 10:10:00,1671.700073,-1.618190928918554e-171,1840.2323785911235,1409.739019712088
2024-09-14 10:15:00,2048.800049,-1.618190928918554e-171,1870.1959021698606,1389.58015125386
2024-09-14 10:20:00,2037.399902,-1.618190928918554e-171,1898.3951527867896,1477.9685011597228
2024-09-14 10:25:00,2037.066772,-1.618190928918554e-171,1924.8007526481524,1469.7117109989056
2024-09-14 10:30:00,2029.5,-1.618190928918554e-171,1949.390872078048,1433.7504636340766
2024-09-14 10:35:00,2019.133301,-1.618190928918554e-171,1972.151179622262,1493.216181583591
2024-09-14 10:40:00,2006.233398,-1.618190928918554e-171,1993.0747454208858,1502.7425914935911
2024-09-14 10:45:00,2001.633423,-1.618190928918554e-171,2012.1618990206316,1501.6961284754057
2024-09-14 10:50:00,2024.799927,-1.618190928918554e-171,2029.420043066638,1530.4757571011196
2024-09-14 10:55:00,2046.599976,-1.618190928918554e-171,2044.8634243597858,1529.5458308410698
2024-09-14 11:00:00,2062.766602,-1.618190928918554e-171,2058.5128646282733,1548.2705896463958
2024-09-14 11:05:00,2061.166748,-1.618190928918554e-171,2070.3954528003956,1548.2705896463958
2024-09-14 11:10:00,2059.466797,-1.618190928918554e-171,2080.5442017396076,1548.2705896463958
2024-09-14 11:15:00,2058.633545,-1.618190928918554e-171,2088.9976719592805,1548.2705896463958
2024-09-14 11:20:00,2057.099854,-1.618190928918554e-171,2095.7995653136663,1548.2705896463958
2024-09-14 11:25:00,2056.666748,-1.618190928918554e-171,2100.9982919701292,1548.2705896463958
2024-09-14 11:30:00,2055.766846,-1.618190928918554e-171,2104.64651383218,1556.411083993587
2024-09-14 11:35:00,2057.233154,-1.618190928918554e-171,2106.800668091438,1556.411083993587
2024-09-14 11:40:00,2057.666748,-1.618190928918554e-171,2107.5204744178527,1556.411083993587
2024-09-14 11:45:00,2058.699951,-1.618190928918554e-171,2106.8684295376406,1556.411083993587
2024-09-14 11:50:00,2058.133545,-1.618190928918554e-171,2104.909292997658,1519.1869333693776
2024-09-14 11:55:00,2058.233398,-1.618190928918554e-171,2101.7095679028853,1519.1869333693776
2024-09-14 12:00:00,2059.599854,-1.618190928918554e-171,2097.3369805318493,1516.2289810302104
2024-09-14 12:05:00,2061.633545,-1.618190928918554e-171,2091.859962513898,1516.2289810302104
2024-09-14 12:10:00,2063.333252,-1.618190928918554e-171,2085.3471395360166,1534.7083858459541
2024-09-14 12:15:00,2061.733398,-1.618190928918554e-171,2077.8668300407917,1534.7083858459541
2024-09-14 12:20:00,2059.233398,-1.618190928918554e-171,2069.486557733646,1534.4485191264212
2024-09-14 12:25:00,2055.966553,-1.618190928918554e-171,2060.2725812338203,1534.4485191264212
2024-09-14 12:30:00,2056.000244,-1.618190928918554e-171,2050.289444156676,1523.2828151877545
2024-09-14 12:35:00,2056.833252,-1.618190928918554e-171,2039.5995489850632,1523.2828151877545
2024-09-14 12:40:00,2059.866943,-1.618190928918554e-171,2028.2627573746609,1537.2878122775364
2024-09-14 12:45:00,2060.75,-1.618190928918554e-171,2016.3360198361368,1571.3273448509951
2024-09-14 12:50:00,1730.150024,-1.618190928918554e-171,2003.8730371954318,1638.430878895907
2024-09-14 12:55:00,1103.599976,-1.618190928918554e-171,1990.9239560465442,1629.9787650001272
2024-09-14 13:00:00,802.7000122,-1.618190928918554e-171,1977.5351002037632,1535.2205310190905
2024-09-14 13:05:00,789.7999878,-1.618190928918554e-171,1963.7487398047201,1485.5899224818197
2024-09-14 13:10:00,765.0333862,-1.618190928918554e-171,1949.6028993677417,1461.0335695665804
2024-09-14 13:15:00,2053.199951,-1.618190928918554e-171,1935.131205934955,1478.3212694469137
2024-09-14 13:20:00,1718.999878,-1.618190928918554e-171,1920.3627781539183,1401.230926969987
2024-09-14 13:25:00,1719.0,-1.618190928918554e-171,1905.3221564914647,1457.8218227674813
2024-09-14 13:30:00,1372.449951,-1.618190928918554e-171,1890.0292748568816,1489.656634213759
2024-09-14 13:35:00,1023.499939,-1.618190928918554e-171,1874.499473501402,1409.406291994237
2024-09-14 13:40:00,630.3666992,-1.618190928918554e-171,1858.7435524745276,1229.6083872354488
2024-09-14 13:45:00,602.0999756,-1.618190928918554e-171,1842.767864984337,1352.2089872239098
2024-09-14 13:50:00,467.1333313,-1.618190928918554e-171,1826.5744494121095,1314.4048061994542
2024-09-14 13:55:00,399.2999573,-1.618190928918554e-171,1810.1611987153972,1295.1972108922141
2024-09-14 14:00:00,389.0333557,-1.618190928918554e-171,1793.5220652398996,1616.5649227693232
2024-09-14 14:05:00,374.25,-1.618190928918554e-171,1776.6472993788807,1596.9562096263987
2024-09-14 14:10:00,332.8500366,-1.618190928918554e-171,1759.5237194160857,1234.6425131992476
2024-09-14 14:15:00,250.0500031,-1.618190928918554e-171,1742.1350104115843,1160.9544242029733
2024-09-14 14:20:00,205.9000092,-1.618190928918554e-171,1724.4620493499651,1092.297544778838
2024-09-14 14:25:00,343.2999878,-1.618190928918554e-171,1706.4832536450324,1081.012834253379
2024-09-14 14:30:00,436.2000122,-1.618190928918554e-171,1688.174950151231,1023.4715947344187
2024-09-14 14:35:00,531.0,-1.618190928918554e-171,1669.5117612721526,951.8634829118427
2024-09-14 14:40:00,487.8333435,-1.618190928918554e-171,1650.4670050779857,899.0984861204112
2024-09-14 14:45:00,508.3000183,-1.618190928918554e-171,1631.0131058190864,898.0987134377973
2024-09-14 14:50:00,491.6000061,-1.618190928918554e-171,1611.122011779151,897.2133813249916
2024-09-14 14:55:00,459.2666931,-1.618190928918554e-171,1590.7656164705515,897.2617346623173
2024-09-14 15:00:00,440.0999756,-1.618190928918554e-171,1569.916179967908,672.6349688086386
2024-09-14 15:05:00,351.5999756,-1.618190928918554e-171,1548.5467469256955,674.6779556203386
2024-09-14 15:10:00,255.8499908,-1.618190928918554e-171,1526.6315575848669,674.5570896168953
2024-09-14 15:15:00,179.4333496,-1.618190928918554e-171,1504.146448576217,656.1788651719405
2024-09-14 15:20:00,165.6999969,-1.618190928918554e-171,1481.0692401552267,577.4404781569517
2024-09-14 15:25:00,164.0666656,-1.618190928918554e-171,1457.380106632778,587.4617340486977
2024-09-14 15:30:00,166.2333374,-1.618190928918554e-171,1433.0619270889395,603.7082843989374
2024-09-14 15:35:00,224.6000061,-1.618190928918554e-171,1408.1006133806115,593.2233008759905
2024-09-14 15:40:00,274.8999939,-1.618190928918554e-171,1382.4854128477657,606.1970747830349
2024-09-14 15:45:00,339.7000122,-1.618190928918554e-171,1356.2091831111945,416.60391845363375
2024-09-14 15:50:00,533.4000244,-1.618190928918554e-171,1329.2686368620575,403.4066818687393
2024-09-14 15:55:00,771.5999756,-1.618190928918554e-171,1301.6645544552332,403.90080021913934
2024-09-14 16:00:00,912.9000244,-1.618190928918554e-171,1273.401962823667,432.3753184781238
2024-09-14 16:05:00,842.2333374,-1.618190928918554e-171,1244.4902788904235,426.81519226703494
2024-09-14 16:10:00,877.5500488,-1.618190928918554e-171,1214.9434165710522,422.56225875493277
2024-09-14 16:15:00,754.0,-1.618190928918554e-171,1184.7798560998663,422.97687557901685
2024-09-14 16:20:00,903.0,-1.618190928918554e-171,1154.0226757362336,438.6432721530835
2024-09-14 16:25:00,879.6500244,-1.618190928918554e-171,1122.6995446311423,432.7913279874168
2024-09-14 16:30:00,1608.5,-1.618190928918554e-171,1090.842677500878,420.9104860241903
2024-09-14 16:35:00,1496.349976,-1.618190928918554e-171,1058.4887512896491,419.5669940519315
2024-09-14 16:40:00,1458.966675,-1.618190928918554e-171,1025.6787841486907,422.2892913316506
2024-09-14 16:45:00,1384.199951,-1.618190928918554e-171,992.457977879402,424.90110211762834
2024-09-14 16:50:00,1212.149902,-1.618190928918554e-171,958.8755249159525,448.6462468372795
2024-09-14 16:55:00,888.5,-1.618190928918554e-171,924.9843812058343,442.65536810385726
2024-09-14 17:00:00,620.8499756,-1.618190928918554e-171,890.8410069116627,659.9209293126811
2024-09-14 17:05:00,482.3333435,-1.618190928918554e-171,856.5050766655567,659.9459145323699
2024-09-14 17:10:00,451.7999573,-1.618190928918554e-171,822.039161761516,670.4031191690883
2024-09-14 17:15:00,442.5,-1.618190928918554e-171,787.5083865475274,681.5559937409454
2024-09-14 17:20:00,345.8999939,-1.618190928918554e-171,752.9800617121036,701.1920477601793
2024-09-14 17:25:00,301.6666565,-1.618190928918554e-171,718.5232972111477,569.5052810355382
2024-09-14 17:30:00,281.6333313,-1.618190928918554e-171,684.2085979811412,574.8054473313754
2024-09-14 17:35:00,269.8666687,-1.618190928918554e-171,650.107445162289,582.1323221350643
2024-09-14 17:40:00,252.3666534,-1.618190928918554e-171,616.2918663739944,597.3071110890977
2024-09-14 17:45:00,244.6000061,-1.618190928918554e-171,582.8339979289066,597.9317014228675
2024-09-14 17:50:00,193.3000031,-1.618190928918554e-171,549.8056429979395,593.7966772722548
2024-09-14 17:55:00,167.3333282,-1.618190928918554e-171,517.2778282438104,537.3777138529931
2024-09-14 18:00:00,150.6666718,-1.618190928918554e-171,485.3203628283312,323.223199199194
2024-09-14 18:05:00,138.1666718,-1.618190928918554e-171,454.00140319367,311.51201847042086
2024-09-14 18:10:00,129.3333282,-1.618190928918554e-171,423.38702658547726,302.48101219860354
2024-09-14 18:15:00,125.2333298,-1.618190928918554e-171,393.5408168116255,302.18839823179877
2024-09-14 18:20:00,123.0,-1.618190928918554e-171,364.523465351038,292.7406044162399
2024-09-14 18:25:00,109.8999939,-1.618190928918554e-171,336.3923906915011,292.17855245284807
2024-09-14 18:30:00,84.19999695,-1.618190928918554e-171,309.20137902652783,301.31859905179505
2024-09-14 18:35:00,61.0,-1.618190928918554e-171,283.0002487781556,300.37480737533525
2024-09-14 18:40:00,44.0,-1.618190928918554e-171,257.83454168201087,274.77567501453717
2024-09-14 18:45:00,31.5,-1.618190928918554e-171,233.7452425541061,283.9679841681291
2024-09-14 18:50:00,22.0,-1.618190928918554e-171,210.76853002218542,268.0046004087754
2024-09-14 18:55:00,14.66666698,-1.618190928918554e-171,188.935560008318,268.4009920365372
2024-09-14 19:00:00,12.83333302,-1.618190928918554e-171,168.27228351127908,38.01996187473104
2024-09-14 19:05:00,0.0,-1.618190928918554e-171,148.7993002191685,44.31478447690837
2024-09-14 19:10:00,0.0,-1.618190928918554e-171,130.5317488207368,36.385136763067266
2024-09-14 19:15:00,0.0,-1.618190928918554e-171,113.47923478459118,53.58690659465548
2024-09-14 19:20:00,0.0,-1.618190928918554e-171,97.64579646956281,36.172952134208934
2024-09-14 19:25:00,0.0,-1.618190928918554e-171,83.02990924493261,37.657181187898175
2024-09-14 19:30:00,0.0,-1.618190928918554e-171,69.62452786998509,39.87075283842352
2024-09-14 19:35:00,0.0,-1.618190928918554e-171,57.4171667524075,32.93343426278138
2024-09-14 19:40:00,0.0,-1.618190928918554e-171,46.39001723113786,31.623572473540584
2024-09-14 19:45:00,0.0,-1.618190928918554e-171,36.520101093016436,33.702325337910246
2024-09-14 19:50:00,0.0,-1.618190928918554e-171,27.77945903196588,31.90932579072142
2024-09-14 19:55:00,0.0,-1.618190928918554e-171,20.13537256377182,40.150860506308696
2024-09-14 20:00:00,0.0,-1.618190928918554e-171,13.550617655379519,2.59474443564
2024-09-14 20:05:00,0.0,-1.618190928918554e-171,7.983748090892005,0.2269576731746032
2024-09-14 20:10:00,0.0,-1.618190928918554e-171,3.3894063656972144,0.18551322850793653
2024-09-14 20:15:00,0.0,-1.618190928918554e-171,-0.281340340249306,0.08979629677777777
2024-09-14 20:20:00,0.0,-1.618190928918554e-171,-3.0806416614911605,0.08979629677777777
2024-09-14 20:25:00,0.0,-1.618190928918554e-171,-5.0634858123017565,0.08979629677777777
2024-09-14 20:30:00,0.0,-1.618190928918554e-171,-6.2873045392910845,0.08979629677777777
2024-09-14 20:35:00,0.0,-1.618190928918554e-171,-6.811564257910173,0.08979629677777777
2024-09-14 20:40:00,0.0,-1.618190928918554e-171,-6.697346558734859,0.08979629677777777
2024-09-14 20:45:00,0.0,-1.618190928918554e-171,-6.006921234170888,0.08979629677777777
2024-09-14 20:50:00,0.0,-1.618190928918554e-171,-4.803315131138323,0.08979629677777777
2024-09-14 20:55:00,0.0,-1.618190928918554e-171,-3.1498800584243183,0.08979629677777777
2024-09-14 21:00:00,0.0,-1.618190928918554e-171,-1.1098630533982645,0.0
2024-09-14 21:05:00,0.0,-1.618190928918554e-171,1.2540177599610343,0.0
2024-09-14 21:10:00,0.0,-1.618190928918554e-171,3.8799885251638084,0.0
2024-09-14 21:15:00,0.0,-1.618190928918554e-171,6.707623110570442,0.0874444453
2024-09-14 21:20:00,0.0,-1.618190928918554e-171,9.678231657626391,0.0874444453
2024-09-14 21:25:00,0.0,-1.618190928918554e-171,12.735231341318118,0.0874444453
2024-09-14 21:30:00,0.0,-1.618190928918554e-171,15.824496595610075,0.0874444453
2024-09-14 21:35:00,0.0,-1.618190928918554e-171,18.894686268164275,0.0874444453
2024-09-14 21:40:00,0.0,-1.618190928918554e-171,21.89754526946618,0.0874444453
2024-09-14 21:45:00,0.0,-1.618190928918554e-171,24.78817862824257,0.2866666666666667
2024-09-14 21:50:00,0.0,-1.618190928918554e-171,27.52529595060324,0.2866666666666667
2024-09-14 21:55:00,0.0,-1.618190928918554e-171,30.07142460086475,1.5973333402222223
2024-09-14 22:00:00,0.0,-1.618190928918554e-171,32.39309016072005,0.2866666666666667
2024-09-14 22:05:00,0.0,-1.618190928918554e-171,34.460962961715495,1.5973333402222223
2024-09-14 22:10:00,0.0,-1.618190928918554e-171,36.24996980001676,0.2866666666666667
2024-09-14 22:15:00,0.0,-1.618190928918554e-171,37.739370191399594,0.2866666666666667
2024-09-14 22:20:00,0.0,-1.618190928918554e-171,38.9127968052009,0.0
2024-09-14 22:25:00,0.0,-1.618190928918554e-171,39.758260032345326,0.0
2024-09-14 22:30:00,0.0,-1.618190928918554e-171,40.26811691355641,0.0
2024-09-14 22:35:00,0.0,-1.618190928918554e-171,40.43900492009009,0.0
2024-09-14 22:40:00,0.0,-1.618190928918554e-171,40.271741391546996,0.0874444453
2024-09-14 22:45:00,0.0,-1.618190928918554e-171,39.771189692422226,0.0874444453
2024-09-14 22:50:00,0.0,-1.618190928918554e-171,38.94609341665276,0.0874444453
2024-09-14 22:55:00,0.0,-1.618190928918554e-171,37.80888022230774,0.0
2024-09-14 23:00:00,0.0,-1.618190928918554e-171,36.37543712173924,0.0
2024-09-14 23:05:00,0.0,-1.618190928918554e-171,34.66485929057221,0.0
2024-09-14 23:10:00,0.0,-1.618190928918554e-171,32.69917464164265,0.0
2024-09-14 23:15:00,0.0,-1.618190928918554e-171,30.5030466268179,0.0
2024-09-14 23:20:00,0.0,-1.618190928918554e-171,28.103457925150316,0.0
2024-09-14 23:25:00,0.0,-1.618190928918554e-171,25.529377716070897,0.0
2024-09-14 23:30:00,0.0,-1.618190928918554e-171,22.811415555485006,0.0
2024-09-14 23:35:00,0.0,-1.618190928918554e-171,19.98146478525383,0.0
2024-09-14 23:40:00,0.0,-1.618190928918554e-171,17.072338611797296,0.0
2024-09-14 23:45:00,0.0,-1.618190928918554e-171,14.117401991090821,0.0
2024-09-14 23:50:00,0.0,-1.618190928918554e-171,11.150202537813396,0.0
2024-09-14 23:55:00,0.0,-1.618190928918554e-171,8.204103607093213,0.0
2024-09-15 00:00:00,0.0,-1.618190928918554e-171,5.311922755697203,0.0
2024-09-15 00:05:00,0.0,-1.618190928918554e-171,2.5055786983608246,0.0
2024-09-15 00:10:00,0.0,-1.618190928918554e-171,-0.18425019554447675,0.0
2024-09-15 00:15:00,0.0,-1.618190928918554e-171,-2.7284528304287887,0.0
2024-09-15 00:20:00,0.0,-1.618190928918554e-171,-5.099795051066256,0.0
2024-09-15 00:25:00,0.0,-1.618190928918554e-171,-7.27320911058521,0.0
2024-09-15 00:30:00,0.0,-1.618190928918554e-171,-9.226060666931696,0.0
2024-09-15 00:35:00,0.0,-1.618190928918554e-171,-10.938390694114574,0.0
2024-09-15 00:40:00,0.0,-1.618190928918554e-171,-12.393130357598391,0.0
2024-09-15 00:45:00,0.0,-1.618190928918554e-171,-13.576286809505245,0.0
2024-09-15 00:50:00,0.0,-1.618190928918554e-171,-14.477098251196093,0.0
2024-09-15 00:55:00,0.0,-1.618190928918554e-171,-15.088156811639633,0.0
2024-09-15 01:00:00,0.0,-1.618190928918554e-171,-15.405498063571903,0.0
2024-09-15 01:05:00,0.0,-1.618190928918554e-171,-15.428656292330157,0.0
2024-09-15 01:10:00,0.0,-1.618190928918554e-171,-15.16068482458959,0.0
2024-09-15 01:15:00,0.0,-1.618190928918554e-171,-14.608141210546075,0.0
2024-09-15 01:20:00,0.0,-1.618190928918554e-171,-13.781037070563912,0.0
2024-09-15 01:25:00,0.0,-1.618190928918554e-171,-12.692752959862306,0.0
2024-09-15 01:30:00,0.0,-1.618190928918554e-171,-11.35991874303885,0.0
2024-09-15 01:35:00,0.0,-1.618190928918554e-171,-9.802260311011548,0.0
2024-09-15 01:40:00,0.0,-1.618190928918554e-171,-8.042413777084803,0.0
2024-09-15 01:45:00,0.0,-1.618190928918554e-171,-6.1057084970396405,0.0
2024-09-15 01:50:00,0.0,-1.618190928918554e-171,-4.019920596303553,0.0
2024-09-15 01:55:00,0.0,-1.618190928918554e-171,-1.8149988939750903,0.0
2024-09-15 02:00:00,0.0,-1.618190928918554e-171,0.47723464230208573,0.0
2024-09-15 02:05:00,0.0,-1.618190928918554e-171,2.823407515772521,0.0
2024-09-15 02:10:00,0.0,-1.618190928918554e-171,5.188939875852164,0.0
2024-09-15 02:15:00,0.0,-1.618190928918554e-171,7.538405438863162,0.0
2024-09-15 02:20:00,0.0,-1.618190928918554e-171,9.835907281364525,0.0
2024-09-15 02:25:00,0.0,-1.618190928918554e-171,12.045465418537136,0.0
2024-09-15 02:30:00,0.0,-1.618190928918554e-171,14.131412998195778,0.0
2024-09-15 02:35:00,0.0,-1.618190928918554e-171,16.058797842309488,0.0
2024-09-15 02:40:00,0.0,-1.618190928918554e-171,17.793785968686013,0.0
2024-09-15 02:45:00,0.0,-1.618190928918554e-171,19.3040637597792,0.0
2024-09-15 02:50:00,0.0,-1.618190928918554e-171,20.559235306906423,0.0
2024-09-15 02:55:00,0.0,-1.618190928918554e-171,21.531211609686185,0.0
2024-09-15 03:00:00,0.0,-1.618190928918554e-171,22.194588229307936,0.0
2024-09-15 03:05:00,0.0,-1.618190928918554e-171,22.52700812513642,0.0
2024-09-15 03:10:00,0.0,-1.618190928918554e-171,22.50950647026949,0.0
2024-09-15 03:15:00,0.0,-1.618190928918554e-171,22.126834360257423,0.0
2024-09-15 03:20:00,0.0,-1.618190928918554e-171,21.36775846661649,0.0
2024-09-15 03:25:00,0.0,-1.618190928918554e-171,20.225333854674542,0.0
2024-09-15 03:30:00,0.0,-1.618190928918554e-171,18.697147372063736,0.0
2024-09-15 03:35:00,0.0,-1.618190928918554e-171,16.78552919129284,0.0
2024-09-15 03:40:00,0.0,-1.618190928918554e-171,14.497730409248327,0.0
2024-09-15 03:45:00,0.0,-1.618190928918554e-171,11.846064689207434,0.0
2024-09-15 03:50:00,0.0,-1.618190928918554e-171,8.848012371048304,0.0
2024-09-15 03:55:00,0.0,-1.618190928918554e-171,5.52628562434488,0.0
2024-09-15 04:00:00,0.0,-1.618190928918554e-171,1.9088535629939043,0.0
2024-09-15 04:05:00,0.0,-1.618190928918554e-171,-1.9710734952239781,0.0
2024-09-15 04:10:00,0.0,-1.618190928918554e-171,-6.075101061356729,0.0
2024-09-15 04:15:00,0.0,-1.618190928918554e-171,-10.35974906547777,0.0
2024-09-15 04:20:00,0.0,-1.618190928918554e-171,-14.776591802274416,0.0
2024-09-15 04:25:00,0.0,-1.618190928918554e-171,-19.272438763999357,0.0
2024-09-15 04:30:00,0.0,-1.618190928918554e-171,-23.78955574321605,0.0
2024-09-15 04:35:00,0.0,-1.618190928918554e-171,-28.26592488342704,0.0
2024-09-15 04:40:00,0.0,-1.618190928918554e-171,-32.6355425880491,0.0
2024-09-15 04:45:00,0.0,-1.618190928918554e-171,-36.828753350713995,0.0
2024-09-15 04:50:00,0.0,-1.618190928918554e-171,-40.772617741571935,0.0
2024-09-15 04:55:00,0.0,-1.618190928918554e-171,-44.39131221574132,0.0
2024-09-15 05:00:00,0.0,-1.618190928918554e-171,-47.60655833375592,0.0
2024-09-15 05:05:00,0.0,-1.618190928918554e-171,-50.33807856095284,0.0
2024-09-15 05:10:00,0.0,-1.618190928918554e-171,-52.50407582894659,0.0
2024-09-15 05:15:00,0.0,-1.618190928918554e-171,-54.02173366283295,0.0
2024-09-15 05:20:00,0.0,-1.618190928918554e-171,-54.807733475948766,0.0
2024-09-15 05:25:00,0.0,-1.618190928918554e-171,-54.77878573963335,0.0
2024-09-15 05:30:00,0.0,-1.618190928918554e-171,-53.852171197995936,0.0
2024-09-15 05:35:00,0.0,-1.618190928918554e-171,-51.94628863642905,0.0
2024-09-15 05:40:00,0.0,-1.618190928918554e-171,-48.98120526407737,0.0
2024-09-15 05:45:00,0.0,-1.618190928918554e-171,-44.879205950963,0.0
2024-09-15 05:50:00,0.0,-1.618190928918554e-171,-39.565337473905345,0.0
2024-09-15 05:55:00,0.0,-1.618190928918554e-171,-32.96794388620155,0.0
2024-09-15 06:00:00,0.0,-1.618190928918554e-171,-25.01918923304011,116.86306793807235
2024-09-15 06:05:00,0.0,-1.618190928918554e-171,-15.655563866446427,116.86306793807235
2024-09-15 06:10:00,0.0,-1.618190928918554e-171,-4.818370663738904,116.86306793807235
2024-09-15 06:15:00,0.0,-1.618190928918554e-171,7.545812295357518,79.39899796607797
2024-09-15 06:20:00,0.0,-1.618190928918554e-171,21.48469608145945,50.593914200335135
2024-09-15 06:25:00,0.0,-1.618190928918554e-171,37.03987545503257,67.20874968510888
2024-09-15 06:30:00,0.0,-1.618190928918554e-171,54.24645672930351,70.7825275477325
2024-09-15 06:35:00,0.0,-1.618190928918554e-171,73.13272148706706,70.7825275477325
2024-09-15 06:40:00,0.0,-1.618190928918554e-171,93.71982910163086,60.6280555126232
2024-09-15 06:45:00,0.0,-1.618190928918554e-171,116.02156016212133,54.37159640667953
2024-09-15 06:50:00,0.0,-1.618190928918554e-171,140.0441027557138,54.37159640667953
2024-09-15 06:55:00,0.0,-1.618190928918554e-171,165.78588360824915,51.70395349883349
2024-09-15 07:00:00,0.0,-1.618190928918554e-171,193.23744530771938,464.43638316958163
2024-09-15 07:05:00,0.0,-1.618190928918554e-171,222.38137093219655,465.97665928988806
2024-09-15 07:10:00,70.40000153,-1.618190928918554e-171,253.19225654033528,460.60716984928797
2024-09-15 07:15:00,85.40000153,-1.618190928918554e-171,285.6367326505305,460.60716984928797
2024-09-15 07:20:00,78.33333588,-1.618190928918554e-171,319.67353389728135,447.40461462183237
2024-09-15 07:25:00,81.59999847,-1.618190928918554e-171,355.2536176406181,434.30118007870544
2024-09-15 07:30:00,91.69999695,-1.618190928918554e-171,392.3203303333565,440.6272098603832
2024-09-15 07:35:00,88.29999542,-1.618190928918554e-171,430.8096209998191,343.25519587524093
2024-09-15 07:40:00,110.3000031,-1.618190928918554e-171,470.65030074007655,351.877390147687
2024-09-15 07:45:00,132.6999969,-1.618190928918554e-171,511.7643463408954,351.877390147687
2024-09-15 07:50:00,194.5,-1.618190928918554e-171,554.0672466848957,354.7913126515425
2024-09-15 07:55:00,445.8999939,-1.618190928918554e-171,597.4683893806296,354.7913126515425
2024-09-15 08:00:00,559.5,-1.618190928918554e-171,641.8714856897938,997.2537512039552
2024-09-15 08:05:00,499.8333435,-1.618190928918554e-171,687.175030205207,997.2537512039552
2024-09-15 08:10:00,622.2000122,-1.618190928918554e-171,733.2727934330889,1044.8337301003257
2024-09-15 08:15:00,673.7999878,-1.618190928918554e-171,780.0543434842285,1068.4430433060563
2024-09-15 08:20:00,647.7000122,-1.618190928918554e-171,827.4055933645753,1125.8302329289077
2024-09-15 08:25:00,655.2999878,-1.618190928918554e-171,875.2093709054407,1146.0970945768831
2024-09-15 08:30:00,640.8999634,-1.618190928918554e-171,923.3460071565667,1150.0786902767588
2024-09-15 08:35:00,637.8000488,-1.618190928918554e-171,971.6939395746757,1155.0488598985623
2024-09-15 08:40:00,519.0,-1.618190928918554e-171,1020.1303262082896,1083.9042111737836
2024-09-15 08:45:00,542.4000244,-1.618190928918554e-171,1068.5316665476603,973.7626790384392
2024-09-15 08:50:00,645.2000122,-1.618190928918554e-171,1116.7744253261899,956.0253915299326
2024-09-15 08:55:00,790.5,-1.618190928918554e-171,1164.7356549381293,1077.6705307639395
2024-09-15 09:00:00,1308.900024,-1.618190928918554e-171,1212.2936126964505,1414.8406843819253
2024-09-15 09:05:00,1391.699951,-1.618190928918554e-171,1259.328368615333,1416.725962593703
2024-09-15 09:10:00,1364.033325,-1.618190928918554e-171,1305.7224000999352,1422.0932745731159
2024-09-15 09:15:00,1405.333374,-1.618190928918554e-171,1351.361169185236,1296.97701348534
2024-09-15 09:20:00,1412.150024,-1.618190928918554e-171,1396.1336792462803,1262.407303934245
2024-09-15 09:25:00,1186.5,-1.618190928918554e-171,1439.9330070589394,1123.154967780418
2024-09-15 09:30:00,1018.266785,-1.618190928918554e-171,1482.6568073690523,1109.4993942101528
2024-09-15 09:35:00,1739.099976,-1.618190928918554e-171,1524.2077858273055,1111.2376879154012
2024-09-15 09:40:00,1536.849854,-1.618190928918554e-171,1564.4941385497966,1108.3535608234408
2024-09-15 09:45:00,1480.366699,-1.618190928918554e-171,1603.4299547227529,1096.6995384793331
2024-09-15 09:50:00,1837.099976,-1.618190928918554e-171,1640.935579871347,1088.970314529144
2024-09-15 09:55:00,1742.100098,-1.618190928918554e-171,1676.937937991348,1279.7613511372188
2024-09-15 10:00:00,1710.433228,-1.618190928918554e-171,1711.3708102926646,1553.9469740171144
2024-09-15 10:05:00,1647.100098,-1.618190928918554e-171,1744.175069105146,1559.0622697070116
2024-09-15 10:10:00,1413.5,-1.618190928918554e-171,1775.2988657634155,1481.1209810860898
2024-09-15 10:15:00,1065.533325,-1.618190928918554e-171,1804.6977713160038,1311.8283899936816
2024-09-15 10:20:00,1148.0,-1.618190928918554e-171,1832.3348697003858,1198.0168651110112
2024-09-15 10:25:00,1023.899963,-1.618190928918554e-171,1858.1808029194515,697.9030143066201
2024-09-15 10:30:00,2052.399902,-1.618190928918554e-171,1882.2137684915367,624.5558750780908
2024-09-15 10:35:00,2053.049805,-1.618190928918554e-171,1904.419469400419,609.5997170512749
2024-09-15 10:40:00,2053.266602,-1.618190928918554e-171,1924.7910173763617,611.0390456542526
2024-09-15 10:45:00,2003.766602,-1.618190928918554e-171,1943.3287906222897,604.8014331222086
2024-09-15 10:50:00,2004.433228,-1.618190928918554e-171,1960.0402471853838,604.8014331222086
2024-09-15 10:55:00,1954.633423,-1.618190928918554e-171,1974.939695911374,553.4275043057671
2024-09-15 11:00:00,1979.999878,-1.618190928918554e-171,1988.0480268719916,584.0210228724712
2024-09-15 11:05:00,1685.550049,-1.618190928918554e-171,1999.3924033345631,588.9686547330887
2024-09-15 11:10:00,1168.350098,-1.618190928918554e-171,2009.0059181553888,577.7139566531363
2024-09-15 11:15:00,1253.5,-1.618190928918554e-171,2016.9272171183975,556.1981273606917
2024-09-15 11:20:00,1352.599976,-1.618190928918554e-171,2023.2000921853826,556.1981273606917
2024-09-15 11:25:00,1723.800049,-1.618190928918554e-171,2027.873048046048,556.1981273606917
2024-09-15 11:30:00,1538.199829,-1.618190928918554e-171,2030.9988450721107,555.6828502601362
2024-09-15 11:35:00,1671.866699,-1.618190928918554e-171,2032.6340224049782,555.6828502601362
2024-09-15 11:40:00,1577.299927,-1.618190928918554e-171,2032.8384046148235,555.6828502601362
2024-09-15 11:45:00,1550.5,-1.618190928918554e-171,2031.6745957844853,555.6828502601362
2024-09-15 11:50:00,1448.949951,-1.618190928918554e-171,2029.2074647409713,554.7000946905862
2024-09-15 11:55:00,1230.333374,-1.618190928918554e-171,2025.5036252864138,550.9827943155863
2024-09-15 12:00:00,1049.833374,-1.618190928918554e-171,2020.6309152487863,545.6812893449594
2024-09-15 12:05:00,1016.449951,-1.618190928918554e-171,2014.6578781853343,545.6812893449594
2024-09-15 12:10:00,738.0,-1.618190928918554e-171,2007.6532515157849,553.6045102028164
2024-09-15 12:15:00,571.9500122,-1.618190928918554e-171,1999.6854647419138,553.6045102028164
2024-09-15 12:20:00,988.5999756,-1.618190928918554e-171,1990.8221514798795,553.6045102028164
2024-09-15 12:25:00,977.4500732,-1.618190928918554e-171,1981.1296785712789,554.1197873033719
2024-09-15 12:30:00,957.833313,-1.618190928918554e-171,1970.6726957798655,561.5493721833718
2024-09-15 12:35:00,934.166687,-1.618190928918554e-171,1959.5137091797642,586.8903146757688
2024-09-15 12:40:00,1399.099976,-1.618190928918554e-171,1947.7126810856273,586.8903146757688
2024-09-15 12:45:00,1295.75,-1.618190928918554e-171,1935.3266593175965,589.9788501381166
2024-09-15 12:50:00,1236.599976,-1.618190928918554e-171,1922.4094383663319,598.2722223825974
2024-09-15 12:55:00,1139.133423,-1.618190928918554e-171,1909.0112545163292,682.7713452694948
2024-09-15 13:00:00,1042.533325,-1.618190928918554e-171,1895.1785170227768,1021.267284224418
2024-09-15 13:05:00,950.7999878,-1.618190928918554e-171,1880.9535769650752,876.4129366419135
2024-09-15 13:10:00,872.8499756,-1.618190928918554e-171,1866.374535106338,837.241158982324
2024-09-15 13:15:00,656.9499512,-1.618190928918554e-171,1851.4750899522512,1029.6000419500415
2024-09-15 13:20:00,402.4500122,-1.618190928918554e-171,1836.2844265894616,1437.9027976644797
2024-09-15 13:25:00,308.1000061,-1.618190928918554e-171,1820.8271469281888,1518.1879595665066
2024-09-15 13:30:00,234.8000031,-1.618190928918554e-171,1805.1232412847041,1543.0798924690273
2024-09-15 13:35:00,183.8000031,-1.618190928918554e-171,1789.1881012348629,1504.8734747421165
2024-09-15 13:40:00,150.6000061,-1.618190928918554e-171,1773.0325731770697,1455.0979861452195
2024-09-15 13:45:00,110.7499924,-1.618190928918554e-171,1756.6630517175324,1393.465695303228
2024-09-15 13:50:00,87.6000061,-1.618190928918554e-171,1740.0816119185388,1262.8894656735276
2024-09-15 13:55:00,77.73332977,-1.618190928918554e-171,1723.2861787767279,1173.2718313675798
2024-09-15 14:00:00,91.5,-1.618190928918554e-171,1706.2707322733454,1061.806420328088
2024-09-15 14:05:00,81.33333588,-1.618190928918554e-171,1689.0255462712873,1114.7478270423762
2024-09-15 14:10:00,135.5,-1.618190928918554e-171,1671.5374586253986,1099.4073910764175
2024-09-15 14:15:00,170.0,-1.618190928918554e-171,1653.7901703771122,1119.960997281419
2024-09-15 14:20:00,172.1999969,-1.618190928918554e-171,1635.7645711684033,1178.0658196723398
2024-09-15 14:25:00,173.3333282,-1.618190928918554e-171,1617.4390882145233,1180.9831607447804
2024-09-15 14:30:00,174.9000092,-1.618190928918554e-171,1598.7900555653443,1213.7944462889473
2024-09-15 14:35:00,239.5,-1.618190928918554e-171,1579.7921006715194,1229.3156827689081
2024-09-15 14:40:00,1114.099976,-1.618190928918554e-171,1560.4185448281225,1222.8476651486412
2024-09-15 14:45:00,1264.0,-1.618190928918554e-171,1540.6418142377142,1178.5610627943267
2024-09-15 14:50:00,1177.099976,-1.618190928918554e-171,1520.4338581041482,1186.2447940351128
2024-09-15 14:55:00,1208.666626,-1.618190928918554e-171,1499.766570377964,1152.3733076045696
2024-09-15 15:00:00,1181.06665,-1.618190928918554e-171,1478.612211498924,857.909887601289
2024-09-15 15:05:00,1431.400024,-1.618190928918554e-171,1456.9438267667358,859.5547001185466
2024-09-15 15:10:00,1319.5,-1.618190928918554e-171,1434.7356578272233,863.7098245888354
2024-09-15 15:15:00,1374.400024,-1.618190928918554e-171,1411.963543804563,819.1751219023782
2024-09-15 15:20:00,1345.900146,-1.618190928918554e-171,1388.6053089961579,838.7734263889973
2024-09-15 15:25:00,1163.650024,-1.618190928918554e-171,1364.641133691368,930.6713738840574
2024-09-15 15:30:00,782.0999756,-1.618190928918554e-171,1340.0539050817,862.8175101324116
2024-09-15 15:35:00,476.1666565,-1.618190928918554e-171,1314.829545825274,848.241954732856
2024-09-15 15:40:00,399.9666443,-1.618190928918554e-171,1288.9573168521613,835.2267513561475
2024-09-15 15:45:00,384.5,-1.618190928918554e-171,1262.4300925794723,826.5226129239253
2024-09-15 15:50:00,315.3500061,-1.618190928918554e-171,1235.2446057940947,875.4024132308523
2024-09-15 15:55:00,241.5000153,-1.618190928918554e-171,1207.4016606664343,857.419135758319
2024-09-15 16:00:00,191.3000031,-1.618190928918554e-171,1178.9063116553455,845.9681572285508
2024-09-15 16:05:00,239.8000031,-1.618190928918554e-171,1149.7680071504958,857.1106100668953
2024-09-15 16:10:00,271.7999878,-1.618190928918554e-171,1120.0006965607006,847.0875734255509
2024-09-15 16:15:00,291.7999878,-1.618190928918554e-171,1089.6228997272433,823.7835940220302
2024-09-15 16:20:00,281.7999878,-1.618190928918554e-171,1058.6577386379797,856.947454793562
2024-09-15 16:25:00,320.2999878,-1.618190928918554e-171,1027.132930226096,793.1047422364096
2024-09-15 16:30:00,372.0,-1.618190928918554e-171,995.0807411913113,852.7397116725778
2024-09-15 16:35:00,411.2000122,-1.618190928918554e-171,962.5379043376184,826.6449528734715
2024-09-15 16:40:00,394.6999817,-1.618190928918554e-171,929.5454976128578,864.0363433336321
2024-09-15 16:45:00,475.7999878,-1.618190928918554e-171,896.1487862227843,849.7505397403273
2024-09-15 16:50:00,435.4333191,-1.618190928918554e-171,862.3970295687824,874.8903144374542
2024-09-15 16:55:00,439.3000183,-1.618190928918554e-171,828.3432539015392,865.3928208992766
2024-09-15 17:00:00,403.1666565,-1.618190928918554e-171,794.0439925466139,787.1916781891146
2024-09-15 17:05:00,373.6666565,-1.618190928918554e-171,759.5589961652654,728.841421924321
2024-09-15 17:10:00,339.7666626,-1.618190928918554e-171,724.9509144056846,773.5140459848478
2024-09-15 17:15:00,316.0,-1.618190928918554e-171,690.2849520391604,766.642998892959
2024-09-15 17:20:00,287.6333313,-1.618190928918554e-171,655.6285017791424,800.2369420506287
2024-09-15 17:25:00,276.0499878,-1.618190928918554e-171,621.0507570355176,792.0928398850286
2024-09-15 17:30:00,216.8333282,-1.618190928918554e-171,586.6223069650315,794.0851042074187
2024-09-15 17:35:00,189.4333344,-1.618190928918554e-171,552.4147174305558,797.075938111352
2024-09-15 17:40:00,175.4666748,-1.618190928918554e-171,518.5001007740121,791.4691044992854
2024-09-15 17:45:00,168.1333466,-1.618190928918554e-171,484.9506776203958,790.0498973793298
2024-09-15 17:50:00,162.9999847,-1.618190928918554e-171,451.8383346048268,783.7453601342853
2024-09-15 17:55:00,215.6999969,-1.618190928918554e-171,419.23418045266254,789.0937891062505
2024-09-15 18:00:00,198.5500031,-1.618190928918554e-171,387.20810475477805,507.301158139019
2024-09-15 18:05:00,196.9333344,-1.618190928918554e-171,355.82834210365235,506.9332692433523
2024-09-15 18:10:00,177.4333344,-1.618190928918554e-171,325.1610452753263,505.7847712247704
2024-09-15 18:15:00,171.5,-1.618190928918554e-171,295.2698705896761,497.2159641529703
2024-09-15 18:20:00,153.4333344,-1.618190928918554e-171,266.2155785004772,494.9686569692037
2024-09-15 18:25:00,151.5499878,-1.618190928918554e-171,238.0556527751198,492.69996524465455
2024-09-15 18:30:00,125.1000061,-1.618190928918554e-171,210.84394053492102,491.84913212287677
2024-09-15 18:35:00,97.55001068,-1.618190928918554e-171,184.6303167239822,491.84913212287677
2024-09-15 18:40:00,68.96666718,-1.618190928918554e-171,159.46037467766098,491.84913212287677
2024-09-15 18:45:00,61.25,-1.618190928918554e-171,135.37514571440659,120.30119944578031
2024-09-15 18:50:00,53.55000305,-1.618190928918554e-171,112.4108495334491,120.30119944578031
2024-09-15 18:55:00,40.5,-1.618190928918554e-171,90.59867756265243,122.74231262225534
2024-09-15 19:00:00,28.45000267,-1.618190928918554e-171,69.96461054233998,45.328358471800776
2024-09-15 19:05:00,20.70000076,-1.618190928918554e-171,50.5292719360483,45.328358471800776
2024-09-15 19:10:00,0.0,-1.618190928918554e-171,32.307818163207344,45.328358471800776
2024-09-15 19:15:00,0.0,-1.618190928918554e-171,15.30986632082785,45.328358471800776
2024-09-15 19:20:00,0.0,-1.618190928918554e-171,-0.46053975345171355,45.328358471800776
2024-09-15 19:25:00,0.0,-1.618190928918554e-171,-15.004925400864911,45.328358471800776
2024-09-15 19:30:00,0.0,-1.618190928918554e-171,-28.330342612442305,42.11121040805078
2024-09-15 19:35:00,0.0,-1.618190928918554e-171,-40.449289799233796,42.11121040805078
2024-09-15 19:40:00,0.0,-1.618190928918554e-171,-51.37959433647252,42.11121040805078
2024-09-15 19:45:00,0.0,-1.618190928918554e-171,-61.14425889695009,42.11121040805078
2024-09-15 19:50:00,0.0,-1.618190928918554e-171,-69.77127283230952,42.11121040805078
2024-09-15 19:55:00,0.0,-1.618190928918554e-171,-77.29338997977581,42.11121040805078
2024-09-15 20:00:00,0.0,-1.618190928918554e-171,-83.74787483490367,1.5289506851833339
2024-09-15 20:05:00,0.0,-1.618190928918554e-171,-89.17621884889599,336.9640264009459
2024-09-15 20:10:00,0.0,-1.618190928918554e-171,-93.6238292653455,349.002546183594
2024-09-15 20:15:00,0.0,-1.618190928918554e-171,-97.13969278329813,349.002546183594
2024-09-15 20:20:00,0.0,-1.618190928918554e-171,-99.77601669823672,336.9334137811273
2024-09-15 20:25:00,0.0,-1.618190928918554e-171,-101.58785029983032,336.9334137811273
2024-09-15 20:30:00,0.0,-1.618190928918554e-171,-102.63268939899797,330.5136623939051
2024-09-15 20:35:00,0.0,-1.618190928918554e-171,-102.97006707986479,330.5136623939051
2024-09-15 20:40:00,0.0,-1.618190928918554e-171,-102.66113376509983,316.9882682117763
2024-09-15 20:45:00,0.0,-1.618190928918554e-171,-101.76822983594582,316.9882682117763
2024-09-15 20:50:00,0.0,-1.618190928918554e-171,-100.3544540080494,304.1058752780474
2024-09-15 20:55:00,0.0,-1.618190928918554e-171,-98.4832308461819,293.06733893817454
2024-09-15 21:00:00,0.0,-1.618190928918554e-171,-96.21788057466674,292.7553481938857
2024-09-15 21:05:00,0.0,-1.618190928918554e-171,-93.62119451435979,292.7553481938857
2024-09-15 21:10:00,0.0,-1.618190928918554e-171,-90.75501930804751,291.5822498451949
2024-09-15 21:15:00,0.0,-1.618190928918554e-171,-87.67985305757993,291.5822498451949
2024-09-15 21:20:00,0.0,-1.618190928918554e-171,-84.45445637821577,1.2087999174333337
2024-09-15 21:25:00,0.0,-1.618190928918554e-171,-81.13548127655615,1.2087999174333337
2024-09-15 21:30:00,0.0,-1.618190928918554e-171,-77.77712055334187,1.2087999174333337
2024-09-15 21:35:00,0.0,-1.618190928918554e-171,-74.43078033594011,1.463744349216667
2024-09-15 21:40:00,0.0,-1.618190928918554e-171,-71.14477812322198,0.2866666666666667
2024-09-15 21:45:00,0.0,-1.618190928918554e-171,-67.96406842886084,0.2866666666666667
2024-09-15 21:50:00,0.0,-1.618190928918554e-171,-64.9299981169466,0.2866666666666667
2024-09-15 21:55:00,0.0,-1.618190928918554e-171,-62.08009295947844,0.2866666666666667
2024-09-15 22:00:00,0.0,-1.618190928918554e-171,-59.447877034758505,0.0
2024-09-15 22:05:00,0.0,-1.618190928918554e-171,-57.06272602171882,0.0
2024-09-15 22:10:00,0.0,-1.618190928918554e-171,-54.94975538084793,0.0
2024-09-15 22:15:00,0.0,-1.618190928918554e-171,-53.12974401694702,0.0
2024-09-15 22:20:00,0.0,-1.618190928918554e-171,-51.61909381130763,0.0
2024-09-15 22:25:00,0.0,-1.618190928918554e-171,-50.42982503458293,0.0
2024-09-15 22:30:00,0.0,-1.618190928918554e-171,-49.569607462331,0.0
2024-09-15 22:35:00,0.0,-1.618190928918554e-171,-49.04182665258029,0.0
2024-09-15 22:40:00,0.0,-1.618190928918554e-171,-48.845684610093514,0.0
2024-09-15 22:45:00,0.0,-1.618190928918554e-171,-48.976333758500004,0.0
2024-09-15 22:50:00,0.0,-1.618190928918554e-171,-49.425042910730895,0.0
2024-09-15 22:55:00,0.0,-1.618190928918554e-171,-50.179393622486934,0.0
2024-09-15 23:00:00,0.0,-1.618190928918554e-171,-51.223505128562394,0.0
2024-09-15 23:05:00,0.0,-1.618190928918554e-171,-52.53828578866762,0.0
2024-09-15 23:10:00,0.0,-1.618190928918554e-171,-54.1017087859827,0.0
2024-09-15 23:15:00,0.0,-1.618190928918554e-171,-55.88910961744132,0.0
2024-09-15 23:20:00,0.0,-1.618190928918554e-171,-57.8735027406864,0.0
2024-09-15 23:25:00,0.0,-1.618190928918554e-171,-60.025914619908086,0.0
2024-09-15 23:30:00,0.0,-1.618190928918554e-171,-62.315730183616175,0.0
2024-09-15 23:35:00,0.0,-1.618190928918554e-171,-64.7110498138353,0.0
2024-09-15 23:40:00,0.0,-1.618190928918554e-171,-67.17905357935656,0.0
2024-09-15 23:45:00,0.0,-1.618190928918554e-171,-69.686369768462,0.0
2024-09-15 23:50:00,0.0,-1.618190928918554e-171,-72.1994443155113,0.0
2024-09-15 23:55:00,0.0,-1.618190928918554e-171,-74.68490810094781,0.0
2024-09-16 00:00:00,0.0,-1.618190928918554e-171,-77.10993885256119,0.0
2024-09-16 00:05:00,0.0,-1.618190928918554e-171,-79.44261453912623,0.0
2024-09-16 00:10:00,0.0,-1.618190928918554e-171,-81.65225520331242,0.0
2024-09-16 00:15:00,0.0,-1.618190928918554e-171,-83.70975025349671,0.0
2024-09-16 00:20:00,0.0,-1.618190928918554e-171,-85.58786840154843,0.0
2024-09-16 00:25:00,0.0,-1.618190928918554e-171,-87.26154743762353,0.0
2024-09-16 00:30:00,0.0,-1.618190928918554e-171,-88.7081614895957,0.0
2024-09-16 00:35:00,0.0,-1.618190928918554e-171,-89.90776317883942,0.0
2024-09-16 00:40:00,0.0,-1.618190928918554e-171,-90.84329870578304,0.0
2024-09-16 00:45:00,0.0,-1.618190928918554e-171,-91.50079383207057,0.0
2024-09-16 00:50:00,0.0,-1.618190928918554e-171,-91.86950909642344,0.0
2024-09-16 00:55:00,0.0,-1.618190928918554e-171,-91.94206281157676,0.0
2024-09-16 01:00:00,0.0,-1.618190928918554e-171,-91.71452067540399,0.0
2024-09-16 01:05:00,0.0,-1.618190928918554e-171,-91.18645107383617,0.0
2024-09-16 01:10:00,0.0,-1.618190928918554e-171,-90.36094546260514,0.0
2024-09-16 01:15:00,0.0,-1.618190928918554e-171,-89.24460349462753,0.0
2024-09-16 01:20:00,0.0,-1.618190928918554e-171,-87.84748283434108,0.0
2024-09-16 01:25:00,0.0,-1.618190928918554e-171,-86.18301393018126,0.0
2024-09-16 01:30:00,0.0,-1.618190928918554e-171,-84.26788025682504,0.0
2024-09-16 01:35:00,0.0,-1.618190928918554e-171,-82.12186489459793,0.0
2024-09-16 01:40:00,0.0,-1.618190928918554e-171,-79.76766451527908,0.0
2024-09-16 01:45:00,0.0,-1.618190928918554e-171,-77.23067219197266,0.0
2024-09-16 01:50:00,0.0,-1.618190928918554e-171,-74.53873067422758,0.0
2024-09-16 01:55:00,0.0,-1.618190928918554e-171,-71.72185802295415,0.0
2024-09-16 02:00:00,0.0,-1.618190928918554e-171,-68.81194778346841,0.6020000203333333
2024-09-16 02:05:00,0.0,-1.618190928918554e-171,-65.84244600721344,0.6020000203333333
2024-09-16 02:10:00,0.0,-1.618190928918554e-171,-62.84800775908494,0.2206666565
2024-09-16 02:15:00,0.0,-1.618190928918554e-171,-59.864135807999794,0.2206666565
2024-09-16 02:20:00,0.0,-1.618190928918554e-171,-56.926804463428496,0.2206666565
2024-09-16 02:25:00,0.0,-1.618190928918554e-171,-54.07207159296387,0.0
2024-09-16 02:30:00,0.0,-1.618190928918554e-171,-51.335682039124876,0.0
2024-09-16 02:35:00,0.0,-1.618190928918554e-171,-48.752665666812234,0.0
2024-09-16 02:40:00,0.0,-1.618190928918554e-171,-46.35693342480996,0.0
2024-09-16 02:45:00,0.0,-1.618190928918554e-171,-44.180874773293326,0.0
2024-09-16 02:50:00,0.0,-1.618190928918554e-171,-42.25495994195201,0.0
2024-09-16 02:55:00,0.0,-1.618190928918554e-171,-40.607350325039725,0.0
2024-09-16 03:00:00,0.0,-1.618190928918554e-171,-39.26352045139195,0.0
2024-09-16 03:05:00,0.0,-1.618190928918554e-171,-38.24589477788799,0.0
2024-09-16 03:10:00,0.0,-1.618190928918554e-171,-37.57350252286159,0.0
2024-09-16 03:15:00,0.0,-1.618190928918554e-171,-37.26165362826081,0.0
2024-09-16 03:20:00,0.0,-1.618190928918554e-171,-37.321638799821244,0.0
2024-09-16 03:25:00,0.0,-1.618190928918554e-171,-37.760456412559414,0.0
2024-09-16 03:30:00,0.0,-1.618190928918554e-171,-38.58056887831968,0.0
2024-09-16 03:35:00,0.0,-1.618190928918554e-171,-39.77969087340984,0.0
2024-09-16 03:40:00,0.0,-1.618190928918554e-171,-41.35061156416504,0.0
2024-09-16 03:45:00,0.0,-1.618190928918554e-171,-43.28105283677269,0.0
2024-09-16 03:50:00,0.0,-1.618190928918554e-171,-45.55356503470676,0.0
2024-09-16 03:55:00,0.0,-1.618190928918554e-171,-48.145461790699215,0.0
2024-09-16 04:00:00,0.0,-1.618190928918554e-171,-51.02879484099622,0.0
2024-09-16 04:05:00,0.0,-1.618190928918554e-171,-54.170369788730085,0.0
2024-09-16 04:10:00,0.0,-1.618190928918554e-171,-57.531803201301955,0.0
2024-09-16 04:15:00,0.0,-1.618190928918554e-171,-61.06962130055783,0.0
2024-09-16 04:20:00,0.0,-1.618190928918554e-171,-64.73540000534352,0.0
2024-09-16 04:25:00,0.0,-1.618190928918554e-171,-68.47594600426996,0.0
2024-09-16 04:30:00,0.0,-1.618190928918554e-171,-72.23351802190624,0.0
2024-09-16 04:35:00,0.0,-1.618190928918554e-171,-75.94608716038758,0.0
2024-09-16 04:40:00,0.0,-1.618190928918554e-171,-79.54763509556923,0.0
2024-09-16 04:45:00,0.0,-1.618190928918554e-171,-82.96848822152853,0.0
2024-09-16 04:50:00,0.0,-1.618190928918554e-171,-86.13568604667184,0.0
2024-09-16 04:55:00,0.0,-1.618190928918554e-171,-88.97338135896521,0.0
2024-09-16 05:00:00,0.0,-1.618190928918554e-171,-91.40326988155174,0.0
2024-09-16 05:05:00,0.0,-1.618190928918554e-171,-93.34504655250932,0.0
2024-09-16 05:10:00,0.0,-1.618190928918554e-171,-94.71688554463273,0.0
2024-09-16 05:15:00,0.0,-1.618190928918554e-171,-95.43594087782436,0.0
2024-09-16 05:20:00,0.0,-1.618190928918554e-171,-95.41886427665926,0.0
2024-09-16 05:25:00,0.0,-1.618190928918554e-171,-94.5823368143969,0.0
2024-09-16 05:30:00,0.0,-1.618190928918554e-171,-92.84361071047609,0.0
2024-09-16 05:35:00,0.0,-1.618190928918554e-171,-90.12105763620538,0.0
2024-09-16 05:40:00,0.0,-1.618190928918554e-171,-86.33471962969507,0.0
2024-09-16 05:45:00,0.0,-1.618190928918554e-171,-81.40685890093653,0.0
2024-09-16 05:50:00,0.0,-1.618190928918554e-171,-75.26250261621075,0.0
2024-09-16 05:55:00,0.0,-1.618190928918554e-171,-67.82997880022417,0.0
2024-09-16 06:00:00,0.0,-1.618190928918554e-171,-59.04143958079355,142.24225932747711
2024-09-16 06:05:00,0.0,-1.618190928918554e-171,-48.83336797807157,142.24225932747711
2024-09-16 06:10:00,0.0,-1.618190928918554e-171,-37.147064666631756,137.95959642339218
2024-09-16 06:15:00,0.0,-1.618190928918554e-171,-23.929111062708998,125.85084341120583
2024-09-16 06:20:00,0.0,-1.618190928918554e-171,-9.131805430601935,123.9720928299152
2024-09-16 06:25:00,0.0,-1.618190928918554e-171,7.286431295095835,109.89254485708732
2024-09-16 06:30:00,0.0,-1.618190928918554e-171,25.360682899850662,108.95304483688732
2024-09-16 06:35:00,0.0,-1.618190928918554e-171,45.11920141364518,104.72855665356104
2024-09-16 06:40:00,0.0,-1.618190928918554e-171,66.58310923346198,95.98637232832354
2024-09-16 06:45:00,0.0,-1.618190928918554e-171,89.76614229569917,93.56793341502576
2024-09-16 06:50:00,0.0,-1.618190928918554e-171,114.67443621751826,88.841617562568
2024-09-16 06:55:00,82.90000153,-1.618190928918554e-171,141.30635719982166,75.92248862161192
2024-09-16 07:00:00,121.9000015,-1.618190928918554e-171,169.65237923850628,315.0795889101981
2024-09-16 07:05:00,136.3000031,-1.618190928918554e-171,199.6950084945539,315.0795889101981
2024-09-16 07:10:00,158.1000061,-1.618190928918554e-171,231.40875595341626,301.4909127698284
2024-09-16 07:15:00,180.1999969,-1.618190928918554e-171,264.760158823598,301.4909127698284
2024-09-16 07:20:00,211.8999939,-1.618190928918554e-171,299.70785030067026,282.0295157248706
2024-09-16 07:25:00,248.5,-1.618190928918554e-171,336.2026782932849,282.0295157248706
2024-09-16 07:30:00,289.0,-1.618190928918554e-171,374.1878719396631,278.62171566585727
2024-09-16 07:35:00,344.3999939,-1.618190928918554e-171,413.59925543520995,278.62171566585727
2024-09-16 07:40:00,368.0,-1.618190928918554e-171,454.3655075419322,278.62171566585727
2024-09-16 07:45:00,531.4000244,-1.618190928918554e-171,496.408465770673,285.253652469527
2024-09-16 07:50:00,594.7999878,-1.618190928918554e-171,539.6434729838243,283.9248657958509
2024-09-16 07:55:00,692.4000244,-1.618190928918554e-171,583.9797645897685,275.3325245223729
2024-09-16 08:00:00,746.0,-1.618190928918554e-171,629.320893596824,1188.6594383504175
2024-09-16 08:05:00,799.7999878,-1.618190928918554e-171,675.5651911353785,1188.6594383504175
2024-09-16 08:10:00,780.3666992,-1.618190928918554e-171,722.6062592827025,1199.6756908902555
2024-09-16 08:15:00,811.7666626,-1.618190928918554e-171,770.3334932872983,1199.6756908902555
2024-09-16 08:20:00,953.7000122,-1.618190928918554e-171,818.632629580864,1236.233610326411
2024-09-16 08:25:00,913.7333374,-1.618190928918554e-171,867.38631612484,1234.1476702487223
2024-09-16 08:30:00,1090.400024,-1.618190928918554e-171,916.4747015692835,1240.645267477953
2024-09-16 08:35:00,1040.099976,-1.618190928918554e-171,965.7760388822938,1240.645267477953
2024-09-16 08:40:00,1223.800049,-1.618190928918554e-171,1015.1673001261337,1255.9070269320157
2024-09-16 08:45:00,1175.56665,-1.618190928918554e-171,1064.5247982755095,1255.9070269320157
2024-09-16 08:50:00,1241.633423,-1.618190928918554e-171,1113.7248111697493,1130.7258844662829
2024-09-16 08:55:00,1279.633423,-1.618190928918554e-171,1162.6442049605778,1130.7258844662829
2024-09-16 09:00:00,1333.966675,-1.618190928918554e-171,1211.1610517471397,1318.65208414895
2024-09-16 09:05:00,1382.266602,-1.618190928918554e-171,1259.1552382195894,1316.5064638295057
2024-09-16 09:10:00,1423.599976,-1.618190928918554e-171,1306.509060600198,1252.075200777056
2024-09-16 09:15:00,1464.466675,-1.618190928918554e-171,1353.107802800924,1310.6384757570145
2024-09-16 09:20:00,1510.933472,-1.618190928918554e-171,1398.8402935355653,1302.9567772041748
2024-09-16 09:25:00,1558.133301,-1.618190928918554e-171,1443.5994389509228,1304.464130113905
2024-09-16 09:30:00,1605.166626,-1.618190928918554e-171,1487.2827277133476,1273.8543943779619
2024-09-16 09:35:00,1643.066772,-1.618190928918554e-171,1529.7927043999277,1227.6524770894512
2024-09-16 09:40:00,1684.933228,-1.618190928918554e-171,1571.0374096272537,1220.6543503696732
2024-09-16 09:45:00,1727.566772,-1.618190928918554e-171,1610.9307828045355,1254.9307059662117
2024-09-16 09:50:00,1779.166626,-1.618190928918554e-171,1649.3930260576603,1197.141243001529
2024-09-16 09:55:00,1834.233398,-1.618190928918554e-171,1686.3509264982856,1176.3372718929782
2024-09-16 10:00:00,1881.433228,-1.618190928918554e-171,1721.7381354092165,1728.6420983561989
2024-09-16 10:05:00,1913.266602,-1.618190928918554e-171,1755.4954022448621,1846.926110479487
2024-09-16 10:10:00,1935.766602,-1.618190928918554e-171,1787.570762707061,1846.926110479487
2024-09-16 10:15:00,1968.833374,-1.618190928918554e-171,1817.9196798149733,1771.330313563679
2024-09-16 10:20:00,2010.0,-1.618190928918554e-171,1846.5051368774316,1771.330313563679
2024-09-16 10:25:00,2041.900024,-1.618190928918554e-171,1873.2976829498334,1728.6420983561989
2024-09-16 10:30:00,2056.466553,-1.618190928918554e-171,1898.275430168152,1733.5404323411062
2024-09-16 10:35:00,2058.399902,-1.618190928918554e-171,1921.4240037402442,1733.5404323411062
2024-09-16 10:40:00,1904.099854,-1.618190928918554e-171,1942.73644504511,1675.2890824465728
2024-09-16 10:45:00,1572.666626,-1.618190928918554e-171,1962.213069235658,1675.2890824465728
2024-09-16 10:50:00,1649.766602,-1.618190928918554e-171,1979.8612784962136,1592.2578322907116
2024-09-16 10:55:00,2054.699951,-1.618190928918554e-171,1995.695332703662,1592.2578322907116
2024-09-16 11:00:00,1894.833374,-1.618190928918554e-171,2009.7360796212931,1434.5285294962423
2024-09-16 11:05:00,2001.333374,-1.618190928918554e-171,2022.0106465371389,1601.4752517232425
2024-09-16 11:10:00,2002.733276,-1.618190928918554e-171,2032.55209636367,1738.6082739736166
2024-09-16 11:15:00,2059.266602,-1.618190928918554e-171,2041.3990505195159,1816.5610387062952
2024-09-16 11:20:00,2036.900024,-1.618190928918554e-171,2048.5952818695696,1787.494416928542
2024-09-16 11:25:00,2014.866699,-1.618190928918554e-171,2054.189280770954,1796.4556167499577
2024-09-16 11:30:00,1989.766602,-1.618190928918554e-171,2058.233797620355,1774.3196370471896
2024-09-16 11:35:00,2011.400024,-1.618190928918554e-171,2060.7853654403752,1727.9474406348531
2024-09-16 11:40:00,2032.266602,-1.618190928918554e-171,2061.90380603857,1737.5812324279254
2024-09-16 11:45:00,2056.999756,-1.618190928918554e-171,2061.6517236228524,1755.3841188249
2024-09-16 11:50:00,2058.666748,-1.618190928918554e-171,2060.0939894869857,1750.107750480908
2024-09-16 11:55:00,2060.099854,-1.618190928918554e-171,2057.2972217353517,1736.180384418115
2024-09-16 12:00:00,2060.43335,-1.618190928918554e-171,2053.3292638169496,1679.4474547850432
2024-09-16 12:05:00,2060.466553,-1.618190928918554e-171,2048.2586656981152,1679.4474547850432
2024-09-16 12:10:00,2060.850098,-1.618190928918554e-171,2042.1541714986229,1679.4474547850432
2024-09-16 12:15:00,2061.800049,-1.618190928918554e-171,2035.084217228106,1680.256862472821
2024-09-16 12:20:00,1764.200073,-1.618190928918554e-171,2027.1164422747106,1678.9188311120556
2024-09-16 12:25:00,1725.600098,-1.618190928918554e-171,2018.3172181183982,1679.1570066119039
2024-09-16 12:30:00,2062.699951,-1.618190928918554e-171,2008.751197527165,1665.6353180938486
2024-09-16 12:35:00,1686.966675,-1.618190928918554e-171,1998.4808875494139,1702.529055057446
2024-09-16 12:40:00,2062.249756,-1.618190928918554e-171,1987.566249003668,1698.7081324516641
2024-09-16 12:45:00,2057.999756,-1.618190928918554e-171,1976.0643254563736,1706.764150914627
2024-09-16 12:50:00,2033.333374,-1.618190928918554e-171,1964.0289039669683,1707.1055872096601
2024-09-16 12:55:00,2007.866699,-1.618190928918554e-171,1951.5102099530745,1633.6110741214395
2024-09-16 13:00:00,1974.599976,-1.618190928918554e-171,1938.5546381002614,1457.0970162466115
2024-09-16 13:05:00,1969.900146,-1.618190928918554e-171,1925.2045209408893,1664.5596024196807
2024-09-16 13:10:00,2001.850098,-1.618190928918554e-171,1911.497936633035,1509.4426807188274
2024-09-16 13:15:00,1764.266724,-1.618190928918554e-171,1897.4685567197598,1488.100667554247
2024-09-16 13:20:00,1835.166626,-1.618190928918554e-171,1883.1455350163408,1452.4990517705985
2024-09-16 13:25:00,2052.300049,-1.618190928918554e-171,1868.5534376692285,1467.2418860041885
2024-09-16 13:30:00,1849.0,-1.618190928918554e-171,1853.7122147699424,1453.5993030551838
2024-09-16 13:35:00,1950.033203,-1.618190928918554e-171,1838.637213225906,1357.9358707087906
2024-09-16 13:40:00,1847.733276,-1.618190928918554e-171,1823.339230328012,1364.4244402793377
2024-09-16 13:45:00,1785.833374,-1.618190928918554e-171,1807.8246073430098,1353.8681544311723
2024-09-16 13:50:00,1663.150146,-1.618190928918554e-171,1792.0953617894145,1356.5513197186388
2024-09-16 13:55:00,1330.633301,-1.618190928918554e-171,1776.1493571469546,1369.159343822734
2024-09-16 14:00:00,1136.766724,-1.618190928918554e-171,1759.9805081097377,1514.7081608545043
2024-09-16 14:05:00,1093.449951,-1.618190928918554e-171,1743.5790197293964,1514.5837565991553
2024-09-16 14:10:00,853.9000244,-1.618190928918554e-171,1726.931657771257,1536.577015325034
2024-09-16 14:15:00,662.9666138,-1.618190928918554e-171,1710.0220482580226,1576.9862526779766
2024-09-16 14:20:00,610.5333862,-1.618190928918554e-171,1692.83100322599,1593.6972001213178
2024-09-16 14:25:00,615.3666992,-1.618190928918554e-171,1675.3368699884834,1609.9376896310405
2024-09-16 14:30:00,710.0999756,-1.618190928918554e-171,1657.515900835328,1593.2998508667401
2024-09-16 14:35:00,765.5999756,-1.618190928918554e-171,1639.3426399205107,1601.1087582284788
2024-09-16 14:40:00,840.4000244,-1.618190928918554e-171,1620.7903242462019,1583.5185646255493
2024-09-16 14:45:00,806.0666504,-1.618190928918554e-171,1601.831294958006,1657.1909596528521
2024-09-16 14:50:00,822.6333618,-1.618190928918554e-171,1582.4374160580894,1652.0577095017072
2024-09-16 14:55:00,814.3999634,-1.618190928918554e-171,1562.580496424687,1654.8873709382785
2024-09-16 15:00:00,1120.199951,-1.618190928918554e-171,1542.232712070349,1765.9638554172152
2024-09-16 15:05:00,1116.099976,-1.618190928918554e-171,1521.3670249137924,1678.529167859612
2024-09-16 15:10:00,1097.400024,-1.618190928918554e-171,1499.9575946341458,1591.7027414800734
2024-09-16 15:15:00,1055.400024,-1.618190928918554e-171,1477.9801803418152,1431.1251944544592
2024-09-16 15:20:00,996.4332886,-1.618190928918554e-171,1455.4125285304224,1438.1929935703592
2024-09-16 15:25:00,976.666687,-1.618190928918554e-171,1432.2347443366855,1403.1872065385428
2024-09-16 15:30:00,958.4000854,-1.618190928918554e-171,1408.4296428155592,1337.1907712976238
2024-09-16 15:35:00,958.9000854,-1.618190928918554e-171,1383.9830777983902,1210.3231342995227
2024-09-16 15:40:00,926.8666992,-1.618190928918554e-171,1358.884245074386,1061.6462647857134
2024-09-16 15:45:00,1801.0,-1.618190928918554e-171,1333.125957757461,1003.4507226651301
2024-09-16 15:50:00,1695.300049,-1.618190928918554e-171,1306.7048916114318,968.9866493349239
2024-09-16 15:55:00,1748.733398,-1.618190928918554e-171,1279.6217981259183,856.6449221408956
2024-09-16 16:00:00,1696.466675,-1.618190928918554e-171,1251.8816836653612,1244.58486725322
2024-09-16 16:05:00,1749.899902,-1.618190928918554e-171,1223.4939532149174,1138.0376937893943
2024-09-16 16:10:00,1396.900024,-1.618190928918554e-171,1194.4725176627362,1129.357775502833
2024-09-16 16:15:00,1906.800049,-1.618190928918554e-171,1164.8358632279471,1134.5102168431547
2024-09-16 16:20:00,1744.099854,-1.618190928918554e-171,1134.6070831951363,1299.839712360109
2024-09-16 16:25:00,1744.100098,-1.618190928918554e-171,1103.8138708154813,1302.3290439399761
2024-09-16 16:30:00,1486.400024,-1.618190928918554e-171,1072.488473919355,1232.2844686546048
2024-09-16 16:35:00,1288.699951,-1.618190928918554e-171,1040.6676113377118,1120.8494585437338
2024-09-16 16:40:00,1059.5,-1.618190928918554e-171,1008.3923516379814,1056.371923476541
2024-09-16 16:45:00,1076.666626,-1.618190928918554e-171,975.7079553277185,1033.7070392333412
2024-09-16 16:50:00,1022.0,-1.618190928918554e-171,942.663681401584,1023.5479837136952
2024-09-16 16:55:00,1158.599976,-1.618190928918554e-171,909.3125598272622,995.567269340688
2024-09-16 17:00:00,1045.699951,-1.618190928918554e-171,875.7111315452076,717.3926381697594
2024-09-16 17:05:00,1039.699951,-1.618190928918554e-171,841.9191584102707,717.3926381697594
2024-09-16 17:10:00,921.5333862,-1.618190928918554e-171,807.9993045571391,719.1772697723451
2024-09-16 17:15:00,877.3666382,-1.618190928918554e-171,774.0167920815187,719.1013141652785
2024-09-16 17:20:00,781.166687,-1.618190928918554e-171,740.0390337289678,733.0204919198914
2024-09-16 17:25:00,747.9666138,-1.618190928918554e-171,706.1352450051072,733.0204919198914
2024-09-16 17:30:00,721.8000488,-1.618190928918554e-171,672.37603900439,715.6467293285403
2024-09-16 17:35:00,620.8499756,-1.618190928918554e-171,638.8330067948799,719.3312397782738
2024-09-16 17:40:00,527.9500732,-1.618190928918554e-171,605.5782869236571,739.3038099843053
2024-09-16 17:45:00,469.6000061,-1.618190928918554e-171,572.684126687017,734.3039905352875
2024-09-16 17:50:00,466.6000061,-1.618190928918554e-171,540.222439411557,758.3503487850911
2024-09-16 17:55:00,415.1333008,-1.618190928918554e-171,508.2643601821882,733.1018798980874
2024-09-16 18:00:00,396.8333435,-1.618190928918554e-171,476.87980404635596,322.33467083578665
2024-09-16 18:05:00,364.9500122,-1.618190928918554e-171,446.13702982075887,276.8651823739398
2024-09-16 18:10:00,328.5,-1.618190928918554e-171,416.1022127444638,261.73619571576467
2024-09-16 18:15:00,259.8999939,-1.618190928918554e-171,386.8390295293888,268.11956774797903
2024-09-16 18:20:00,205.4499969,-1.618190928918554e-171,358.4082585464366,290.8847532972215
2024-09-16 18:25:00,155.7000122,-1.618190928918554e-171,330.86739852916764,281.1039003859481
2024-09-16 18:30:00,110.0999985,-1.618190928918554e-171,304.2703083333362,261.47434577216956
2024-09-16 18:35:00,82.80000305,-1.618190928918554e-171,278.6668710516488,260.24936426056956
2024-09-16 18:40:00,64.65000153,-1.618190928918554e-171,254.1026842901166,260.24936426056956
2024-09-16 18:45:00,48.15000153,-1.618190928918554e-171,230.6187794005262,231.5118928113297
2024-09-16 18:50:00,35.90000153,-1.618190928918554e-171,208.2513717920533,222.9191854766333
2024-09-16 18:55:00,26.5,-1.618190928918554e-171,187.03164390086212,130.21310836332825
2024-09-16 19:00:00,18.79999924,-1.618190928918554e-171,166.9855626764129,43.19751945516711
2024-09-16 19:05:00,13.4333334,-1.618190928918554e-171,148.13373284285973,42.53625280110156
2024-09-16 19:10:00,0.0,-1.618190928918554e-171,130.49128696185642,40.056939644086086
2024-09-16 19:15:00,0.0,-1.618190928918554e-171,114.06781321618689,40.056939644086086
2024-09-16 19:20:00,0.0,-1.618190928918554e-171,98.8673212750212,40.54482855047497
2024-09-16 19:25:00,0.0,-1.618190928918554e-171,84.88824653913211,41.09592706152323
2024-09-16 19:30:00,0.0,-1.618190928918554e-171,72.12349259867544,41.09592706152323
2024-09-16 19:35:00,0.0,-1.618190928918554e-171,60.56051161075771,40.3950659699399
2024-09-16 19:40:00,0.0,-1.618190928918554e-171,50.18142183090096,39.907177063551
2024-09-16 19:45:00,0.0,-1.618190928918554e-171,40.96316148101969,37.40008559185028
2024-09-16 19:50:00,0.0,-1.618190928918554e-171,32.877677554500295,37.40008559185028
2024-09-16 19:55:00,0.0,-1.618190928918554e-171,25.892148203803355,37.40008559185028
2024-09-16 20:00:00,0.0,-1.618190928918554e-171,19.969236839029794,3.8951366183996834
2024-09-16 20:05:00,0.0,-1.618190928918554e-171,15.067376150044135,4.38302552478857
2024-09-16 20:10:00,0.0,-1.618190928918554e-171,11.141079531308916,4.38302552478857
2024-09-16 20:15:00,0.0,-1.618190928918554e-171,8.141277806420796,3.8951366183996834
2024-09-16 20:20:00,0.0,-1.618190928918554e-171,6.015678424207704,1.84504219948635
2024-09-16 20:25:00,0.0,-1.618190928918554e-171,4.7091444612005375,1.9988866437330164
2024-09-16 20:30:00,0.0,-1.618190928918554e-171,4.164090476584341,1.753219980899683
2024-09-16 20:35:00,0.0,-1.618190928918554e-171,4.320892187971502,1.753219980899683
2024-09-16 20:40:00,0.0,-1.618190928918554e-171,5.118306822746128,2.19405063306635
2024-09-16 20:45:00,0.0,-1.618190928918554e-171,6.493900941228331,2.19405063306635
2024-09-16 20:50:00,0.0,-1.618190928918554e-171,8.384482487201746,0.5840470607274604
2024-09-16 20:55:00,0.0,-1.618190928918554e-171,10.726533700755883,0.4793248469774603
2024-09-16 21:00:00,0.0,-1.618190928918554e-171,13.456641782297307,0.08641481016000001
2024-09-16 21:05:00,0.0,-1.618190928918554e-171,16.51192382589735,0.08641481016000001
2024-09-16 21:10:00,0.0,-1.618190928918554e-171,19.83044307203413,0.08641481016000001
2024-09-16 21:15:00,0.0,-1.618190928918554e-171,23.35161314262368,0.14924813841
2024-09-16 21:20:00,0.0,-1.618190928918554e-171,27.01658738614382,0.14924813841
2024-09-16 21:25:00,0.0,-1.618190928918554e-171,30.76863038271221,0.14924813841
2024-09-16 21:30:00,0.0,-1.618190928918554e-171,34.553468895477266,1.291418416376667
2024-09-16 21:35:00,0.0,-1.618190928918554e-171,38.3196196509714,1.291418416376667
2024-09-16 21:40:00,0.0,-1.618190928918554e-171,42.018691633071654,1.0680110270433336
2024-09-16 21:45:00,0.0,-1.618190928918554e-171,45.60566068957701,1.0680110270433336
2024-09-16 21:50:00,0.0,-1.618190928918554e-171,49.03911445397606,1.0680110270433336
2024-09-16 21:55:00,0.0,-1.618190928918554e-171,52.28146600225654,1.313677689876667
2024-09-16 22:00:00,0.0,-1.618190928918554e-171,55.29913463647822,1.1598332456300005
2024-09-16 22:05:00,0.0,-1.618190928918554e-171,58.06269274939351,1.0680110270433336
2024-09-16 22:10:00,0.0,-1.618190928918554e-171,60.54697774919585,0.14924813841
2024-09-16 22:15:00,0.0,-1.618190928918554e-171,62.73116846771593,0.058488886493333336
2024-09-16 22:20:00,0.0,-1.618190928918554e-171,64.59882568862591,0.058488886493333336
2024-09-16 22:25:00,0.0,-1.618190928918554e-171,66.1378967222184,0.058488886493333336
2024-09-16 22:30:00,0.0,-1.618190928918554e-171,67.34068427165919,0.0
2024-09-16 22:35:00,0.0,-1.618190928918554e-171,68.20378008464172,0.0
2024-09-16 22:40:00,0.0,-1.618190928918554e-171,68.72796419295715,0.0
2024-09-16 22:45:00,0.0,-1.618190928918554e-171,68.91807080136967,0.0
2024-09-16 22:50:00,0.0,-1.618190928918554e-171,68.78282215296963,0.524962965777778
2024-09-16 22:55:00,0.0,-1.618190928918554e-171,68.3346319870326,0.7902074116444447
2024-09-16 23:00:00,0.0,-1.618190928918554e-171,67.58938036225311,0.7902074116444447
2024-09-16 23:05:00,0.0,-1.618190928918554e-171,66.56616197221632,0.7902074116444447
2024-09-16 23:10:00,0.0,-1.618190928918554e-171,65.28701016433614,0.7902074116444447
2024-09-16 23:15:00,0.0,-1.618190928918554e-171,63.77659915258704,0.7902074116444447
2024-09-16 23:20:00,0.0,-1.618190928918554e-171,62.06192704846245,0.7902074116444447
2024-09-16 23:25:00,0.0,-1.618190928918554e-171,60.17198249921953,0.7902074116444447
2024-09-16 23:30:00,0.0,-1.618190928918554e-171,58.1373978453216,0.7902074116444447
2024-09-16 23:35:00,0.0,-1.618190928918554e-171,55.99009182156303,0.7902074116444447
2024-09-16 23:40:00,0.0,-1.618190928918554e-171,53.76290490701852,0.7902074116444447
2024-09-16 23:45:00,0.0,-1.618190928918554e-171,51.48923046567001,0.7902074116444447
2024-09-16 23:50:00,0.0,-1.618190928918554e-171,49.20264492233652,0.7902074116444447
2024-09-16 23:55:00,0.0,-1.618190928918554e-171,46.93654010353995,0.7902074116444447
2024-09-17 00:00:00,0.0,-1.618190928918554e-171,44.72376097271464,0.0
2024-09-17 00:05:00,0.0,-1.618190928918554e-171,42.596251878228884,0.0
2024-09-17 00:10:00,0.0,-1.618190928918554e-171,40.584714379176546,0.0
2024-09-17 00:15:00,0.0,-1.618190928918554e-171,38.71827961968918,0.0
2024-09-17 00:20:00,0.0,-1.618190928918554e-171,37.02419810355944,0.0
2024-09-17 00:25:00,0.0,-1.618190928918554e-171,35.527549580901564,0.0
2024-09-17 00:30:00,0.0,-1.618190928918554e-171,34.25097556724435,0.0
2024-09-17 00:35:00,0.0,-1.618190928918554e-171,33.21443692146742,0.0
2024-09-17 00:40:00,0.0,-1.618190928918554e-171,32.43499854745108,0.0
2024-09-17 00:45:00,0.0,-1.618190928918554e-171,31.926643225549654,0.0
2024-09-17 00:50:00,0.0,-1.618190928918554e-171,31.70011624463975,0.0
2024-09-17 00:55:00,0.0,-1.618190928918554e-171,31.762802272780792,0.0
2024-09-17 01:00:00,0.0,-1.618190928918554e-171,32.11863566450782,0.0
2024-09-17 01:05:00,0.0,-1.618190928918554e-171,32.76804509705441,0.0
2024-09-17 01:10:00,0.0,-1.618190928918554e-171,33.70793317606885,0.0
2024-09-17 01:15:00,0.0,-1.618190928918554e-171,34.931691306190444,0.0
2024-09-17 01:20:00,0.0,-1.618190928918554e-171,36.429249949734825,0.0
2024-09-17 01:25:00,0.0,-1.618190928918554e-171,38.18716392351322,0.0
2024-09-17 01:30:00,0.0,-1.618190928918554e-171,40.18873227670732,0.0
2024-09-17 01:35:00,0.0,-1.618190928918554e-171,42.41415187736621,0.0
2024-09-17 01:40:00,0.0,-1.618190928918554e-171,44.840703601345595,0.0
2024-09-17 01:45:00,0.0,-1.618190928918554e-171,47.44296975247482,0.0
2024-09-17 01:50:00,0.0,-1.618190928918554e-171,50.19308102516602,0.0
2024-09-17 01:55:00,0.0,-1.618190928918554e-171,53.060991140003814,0.0
2024-09-17 02:00:00,0.0,-1.618190928918554e-171,56.014776995870434,0.0
2024-09-17 02:05:00,0.0,-1.618190928918554e-171,59.02096194613494,0.0
2024-09-17 02:10:00,0.0,-1.618190928918554e-171,62.04485964676696,0.0
2024-09-17 02:15:00,0.0,-1.618190928918554e-171,65.05093573407832,0.0
2024-09-17 02:20:00,0.0,-1.618190928918554e-171,68.00318436245655,0.0
2024-09-17 02:25:00,0.0,-1.618190928918554e-171,70.86551656493396,0.0
2024-09-17 02:30:00,0.0,-1.618190928918554e-171,73.60215725223377,0.0
2024-09-17 02:35:00,0.0,-1.618190928918554e-171,76.17804755914543,0.0
2024-09-17 02:40:00,0.0,-1.618190928918554e-171,78.55924919016276,0.0
2024-09-17 02:45:00,0.0,-1.618190928918554e-171,80.71334739337638,0.0
2024-09-17 02:50:00,0.0,-1.618190928918554e-171,82.6098491071489,0.0
2024-09-17 02:55:00,0.0,-1.618190928918554e-171,84.22057295591276,0.0
2024-09-17 03:00:00,0.0,-1.618190928918554e-171,85.52002764481836,0.0
2024-09-17 03:05:00,0.0,-1.618190928918554e-171,86.48577555704749,0.0
2024-09-17 03:10:00,0.0,-1.618190928918554e-171,87.09877823617184,0.0
2024-09-17 03:15:00,0.0,-1.618190928918554e-171,87.34372077785912,0.0
2024-09-17 03:20:00,0.0,-1.618190928918554e-171,87.20931206686639,0.0
2024-09-17 03:25:00,0.0,-1.618190928918554e-171,86.68855815951473,0.0
2024-09-17 03:30:00,0.0,-1.618190928918554e-171,85.77900614906655,0.0
2024-09-17 03:35:00,0.0,-1.618190928918554e-171,84.48295616516438,0.0
2024-09-17 03:40:00,0.0,-1.618190928918554e-171,82.80763929797888,0.0
2024-09-17 03:45:00,0.0,-1.618190928918554e-171,80.76535955093296,0.0
2024-09-17 03:50:00,0.0,-1.618190928918554e-171,78.37359816328497,0.0
2024-09-17 03:55:00,0.0,-1.618190928918554e-171,75.65507886751311,0.0
2024-09-17 04:00:00,0.0,-1.618190928918554e-171,72.63779310539935,0.0
2024-09-17 04:05:00,0.0,-1.618190928918554e-171,69.35498420798326,0.0
2024-09-17 04:10:00,0.0,-1.618190928918554e-171,65.84509029537446,0.0
2024-09-17 04:15:00,0.0,-1.618190928918554e-171,62.15164543848368,0.0
2024-09-17 04:20:00,0.0,-1.618190928918554e-171,58.32313949972281,0.0
2024-09-17 04:25:00,0.0,-1.618190928918554e-171,54.412836852895076,0.0
2024-09-17 04:30:00,0.0,-1.618190928918554e-171,50.47855493481453,0.0
2024-09-17 04:35:00,0.0,-1.618190928918554e-171,46.58240358087344,0.0
2024-09-17 04:40:00,0.0,-1.618190928918554e-171,42.79048659285361,0.0
2024-09-17 04:45:00,0.0,-1.618190928918554e-171,39.17256719184834,0.0
2024-09-17 04:50:00,0.0,-1.618190928918554e-171,35.80169929680928,0.0
2024-09-17 04:55:00,0.0,-1.618190928918554e-171,32.753826945530236,0.0
2024-09-17 05:00:00,0.0,-1.618190928918554e-171,30.107354175511578,0.0
2024-09-17 05:05:00,0.0,-1.618190928918554e-171,27.942688327305298,0.0
2024-09-17 05:10:00,0.0,-1.618190928918554e-171,26.341759506094306,0.0
2024-09-17 05:15:00,0.0,-1.618190928918554e-171,25.387519481239924,0.0
2024-09-17 05:20:00,0.0,-1.618190928918554e-171,25.163423293883927,0.0
2024-09-17 05:25:00,0.0,-1.618190928918554e-171,25.752897091297665,0.0
2024-09-17 05:30:00,0.0,-1.618190928918554e-171,27.23879576026644,0.0
2024-09-17 05:35:00,0.0,-1.618190928918554e-171,29.70285409989915,0.0
2024-09-17 05:40:00,0.0,-1.618190928918554e-171,33.225135309357825,0.0
2024-09-17 05:45:00,0.0,-1.618190928918554e-171,37.8834806675769,0.0
2024-09-17 05:50:00,0.0,-1.618190928918554e-171,43.752964166506914,0.0
2024-09-17 05:55:00,0.0,-1.618190928918554e-171,50.90535609521709,0.0
2024-09-17 06:00:00,0.0,-1.618190928918554e-171,59.40859924847421,79.19906256062337
2024-09-17 06:05:00,0.0,-1.618190928918554e-171,69.32630161620287,79.19906256062337
2024-09-17 06:10:00,0.0,-1.618190928918554e-171,80.71724915848192,79.19906256062337
2024-09-17 06:15:00,0.0,-1.618190928918554e-171,93.63494222219036,81.39938431078767
2024-09-17 06:20:00,0.0,-1.618190928918554e-171,108.12715904058017,81.39938431078767
2024-09-17 06:25:00,0.0,-1.618190928918554e-171,124.23554939998755,81.39938431078767
2024-09-17 06:30:00,0.0,-1.618190928918554e-171,141.99526180185046,67.01009975364398
2024-09-17 06:35:00,0.0,-1.618190928918554e-171,161.43460648515884,67.01009975364398
2024-09-17 06:40:00,0.0,-1.618190928918554e-171,182.57475737005356,67.01009975364398
2024-09-17 06:45:00,0.0,-1.618190928918554e-171,205.42949491247492,67.01009975364398
2024-09-17 06:50:00,0.0,-1.618190928918554e-171,230.00499202193942,68.98412916917619
2024-09-17 06:55:00,0.0,-1.618190928918554e-171,256.2996448793729,68.98412916917619
2024-09-17 07:00:00,58.20000076,-1.618190928918554e-171,284.30394984604067,329.36770275810125
2024-09-17 07:05:00,156.1999969,-1.618190928918554e-171,314.0004279315393,330.6417693019124
2024-09-17 07:10:00,185.5,-1.618190928918554e-171,345.3635973315745,330.6417693019124
2024-09-17 07:15:00,271.1000061,-1.618190928918554e-171,378.35999487534207,335.8004750832735
2024-09-17 07:20:00,267.7999878,-1.618190928918554e-171,412.94824580864844,335.8004750832735
2024-09-17 07:25:00,266.6999817,-1.618190928918554e-171,449.0791827564529,397.98647831880726
2024-09-17 07:30:00,251.5333252,-1.618190928918554e-171,486.69601227525453,397.98647831880726
2024-09-17 07:35:00,245.0500031,-1.618190928918554e-171,525.7345288853123,397.12878774385484
2024-09-17 07:40:00,199.0666656,-1.618190928918554e-171,566.123374969825,412.0961322661729
2024-09-17 07:45:00,234.3999939,-1.618190928918554e-171,607.7843451280689,411.0943545155062
2024-09-17 07:50:00,255.6000061,-1.618190928918554e-171,650.6327332955216,421.20595177317296
2024-09-17 07:55:00,244.5,-1.618190928918554e-171,694.5777200020996,420.80852950486184
2024-09-17 08:00:00,308.0,-1.618190928918554e-171,739.5227982938505,975.3522622233303
2024-09-17 08:05:00,414.2999878,-1.618190928918554e-171,785.3662342604399,905.7017408532905
2024-09-17 08:10:00,414.0499878,-1.618190928918554e-171,832.0015607089921,902.1512652885128
2024-09-17 08:15:00,412.1000061,-1.618190928918554e-171,879.3180997096784,956.4178372849161
2024-09-17 08:20:00,1002.299988,-1.618190928918554e-171,927.2015112165035,918.503528442694
2024-09-17 08:25:00,893.75,-1.618190928918554e-171,975.5343640872366,918.503528442694
2024-09-17 08:30:00,910.2333374,-1.618190928918554e-171,1024.1967255444288,980.3863677688081
2024-09-17 08:35:00,818.1333008,-1.618190928918554e-171,1073.0667657220104,980.3863677688081
2024-09-17 08:40:00,793.666687,-1.618190928918554e-171,1122.0213728928788,932.7686197738576
2024-09-17 08:45:00,718.9000244,-1.618190928918554e-171,1170.9367759346885,927.9973127127148
2024-09-17 08:50:00,1650.400024,-1.618190928918554e-171,1219.6891689350011,927.9973127127148
2024-09-17 08:55:00,1543.099976,-1.618190928918554e-171,1268.1553351787918,882.9390511126005
2024-09-17 09:00:00,1507.366699,-1.618190928918554e-171,1316.2132656118724,1144.2742910309419
2024-09-17 09:05:00,1435.850098,-1.618190928918554e-171,1363.7427677527946,1144.2742910309419
2024-09-17 09:10:00,1554.0,-1.618190928918554e-171,1410.6260615283386,1297.9185321363336
2024-09-17 09:15:00,1564.800049,-1.618190928918554e-171,1456.7483578651759,1320.7009017158591
2024-09-17 09:20:00,1576.566772,-1.618190928918554e-171,1501.9984164617565,1377.766728283536
2024-09-17 09:25:00,1604.633301,-1.618190928918554e-171,1546.2690788045597,1399.9913328039931
2024-09-17 09:30:00,1639.166626,-1.618190928918554e-171,1589.4577738616033,1392.0449063614103
2024-09-17 09:35:00,1679.433228,-1.618190928918554e-171,1631.4669919539872,1386.299153114294
2024-09-17 09:40:00,1720.099976,-1.618190928918554e-171,1672.2047251998429,1377.4003559917383
2024-09-17 09:45:00,1763.133423,-1.618190928918554e-171,1711.5848708584426,1397.5862862607291
2024-09-17 09:50:00,2025.300049,-1.618190928918554e-171,1749.5275954456,1395.3225292855702
2024-09-17 09:55:00,1926.166626,-1.618190928918554e-171,1785.959657507635,1395.5282997686813
2024-09-17 10:00:00,1996.5,-1.618190928918554e-171,1820.814686818974,1626.2433806588906
2024-09-17 10:05:00,1990.800171,-1.618190928918554e-171,1854.0334188576278,1628.5270308880022
2024-09-17 10:10:00,2016.833374,-1.618190928918554e-171,1885.5638829610084,1628.5270308880022
2024-09-17 10:15:00,2019.666626,-1.618190928918554e-171,1915.3615435343618,1614.2524671458464
2024-09-17 10:20:00,2035.533325,-1.618190928918554e-171,1943.3893931329328,1614.2524671458464
2024-09-17 10:25:00,2046.966797,-1.618190928918554e-171,1969.6179979318085,1614.2524671458464
2024-09-17 10:30:00,2056.699951,-1.618190928918554e-171,1994.025495142334,1615.745122703513
2024-09-17 10:35:00,2057.166748,-1.618190928918554e-171,2016.5975427782037,1600.871902940271
2024-09-17 10:40:00,2056.600098,-1.618190928918554e-171,2037.3272228218912,1596.0386863082392
2024-09-17 10:45:00,2055.666748,-1.618190928918554e-171,2056.2148985853637,1596.0386863082392
2024-09-17 10:50:00,2054.733154,-1.618190928918554e-171,2073.2680278411167,1582.9294415355662
2024-09-17 10:55:00,2055.06665,-1.618190928918554e-171,2088.500933170341,1536.7265074284346
2024-09-17 11:00:00,2056.666748,-1.618190928918554e-171,2101.9345319354948,1539.9191244361605
2024-09-17 11:05:00,2057.733398,-1.618190928918554e-171,2113.5960275985785,1539.9191244361605
2024-09-17 11:10:00,2057.133545,-1.618190928918554e-171,2123.5185654387983,1608.3179622847135
2024-09-17 11:15:00,2054.666748,-1.618190928918554e-171,2131.7408550992277,1608.3179622847135
2024-09-17 11:20:00,2052.43335,-1.618190928918554e-171,2138.306763077488,1626.1969042129415
2024-09-17 11:25:00,2051.93335,-1.618190928918554e-171,2143.2648783515606,1626.1969042129415
2024-09-17 11:30:00,2054.43335,-1.618190928918554e-171,2146.6680544470137,1636.0285753648623
2024-09-17 11:35:00,2057.43335,-1.618190928918554e-171,2148.5729315331264,1636.0285753648623
2024-09-17 11:40:00,2060.466553,-1.618190928918554e-171,2149.0394421176456,1637.877608363148
2024-09-17 11:45:00,2060.233154,-1.618190928918554e-171,2148.1303041083793,1637.877608363148
2024-09-17 11:50:00,2061.033203,-1.618190928918554e-171,2145.9105049972795,1637.877608363148
2024-09-17 11:55:00,2061.199951,-1.618190928918554e-171,2142.446781056036,1647.0586481989371
2024-09-17 12:00:00,2063.333252,-1.618190928918554e-171,2137.8070953235347,1641.281175153321
2024-09-17 12:05:00,2060.366699,-1.618190928918554e-171,2132.060118288141,1642.150670487543
2024-09-17 12:10:00,2056.06665,-1.618190928918554e-171,2125.2747149695997,1642.150670487543
2024-09-17 12:15:00,2050.666748,-1.618190928918554e-171,2117.519442163471,1640.4100326706161
2024-09-17 12:20:00,2052.43335,-1.618190928918554e-171,2108.862059438065,1640.4100326706161
2024-09-17 12:25:00,2055.466553,-1.618190928918554e-171,2099.369057332631,1635.5001978745051
2024-09-17 12:30:00,2059.366455,-1.618190928918554e-171,2089.105206175556,1635.5001978745051
2024-09-17 12:35:00,2060.166748,-1.618190928918554e-171,2078.133128534039,1608.839409257683
2024-09-17 12:40:00,2060.866943,-1.618190928918554e-171,2066.512898408569,1629.098285836406
2024-09-17 12:45:00,2062.399902,-1.618190928918554e-171,2054.3016697499384,1734.245196547526
2024-09-17 12:50:00,2063.56665,-1.618190928918554e-171,2041.5533369059963,1704.554374942125
2024-09-17 12:55:00,2065.233398,-1.618190928918554e-171,2028.318229129686,1632.8387816948743
2024-09-17 13:00:00,2063.833252,-1.618190928918554e-171,2014.6428412622279,1206.4183023441585
2024-09-17 13:05:00,2062.133301,-1.618190928918554e-171,2000.5696020746434,1186.7383990737644
2024-09-17 13:10:00,2059.966797,-1.618190928918554e-171,1986.1366818016215,1495.5214265904037
2024-09-17 13:15:00,2060.300049,-1.618190928918554e-171,1971.3778397840572,1434.0774808385324
2024-09-17 13:20:00,2060.099854,-1.618190928918554e-171,1956.3223132123067,1454.2810068751107
2024-09-17 13:25:00,2059.266602,-1.618190928918554e-171,1940.9947471611483,1452.7366201794107
2024-09-17 13:30:00,2057.833252,-1.618190928918554e-171,1925.4151660854372,1432.5278438710234
2024-09-17 13:35:00,2058.866455,-1.618190928918554e-171,1909.598986776441,1477.0896468044614
2024-09-17 13:40:00,2060.466553,-1.618190928918554e-171,1893.557071971789,1461.3422034373789
2024-09-17 13:45:00,1963.066772,-1.618190928918554e-171,1877.2958239862494,1434.091453941392
2024-09-17 13:50:00,1959.933228,-1.618190928918554e-171,1860.8173171689884,1439.6304754252442
2024-09-17 13:55:00,1957.566772,-1.618190928918554e-171,1844.1194677139813,1493.2888744187178
2024-09-17 14:00:00,2054.133301,-1.618190928918554e-171,1827.1962392302382,1455.9958858526695
2024-09-17 14:05:00,2054.899902,-1.618190928918554e-171,1810.0378819682492,1448.4888149871983
2024-09-17 14:10:00,1681.966675,-1.618190928918554e-171,1792.6312036007898,1436.065610397072
2024-09-17 14:15:00,2061.199951,-1.618190928918554e-171,1774.9598689363443,1417.3595841504105
2024-09-17 14:20:00,1919.599976,-1.618190928918554e-171,1757.0047260681463,1311.042625168663
2024-09-17 14:25:00,1808.433228,-1.618190928918554e-171,1738.7441559707484,1261.9917094585423
2024-09-17 14:30:00,2051.899902,-1.618190928918554e-171,1720.1544425162456,1191.8618496448385
2024-09-17 14:35:00,1779.700073,-1.618190928918554e-171,1701.2101598612182,1173.9286040354054
2024-09-17 14:40:00,1935.533325,-1.618190928918554e-171,1681.884573711519,1163.844678695368
2024-09-17 14:45:00,1936.633423,-1.618190928918554e-171,1662.1500530874407,1165.965229679286
2024-09-17 14:50:00,2015.799927,-1.618190928918554e-171,1641.9784894346585,1288.9020580945478
2024-09-17 14:55:00,1958.0,-1.618190928918554e-171,1621.341719091273,1272.9352451718064
2024-09-17 15:00:00,1958.866577,-1.618190928918554e-171,1600.2119458929226,1355.1402073216882
2024-09-17 15:05:00,1979.033325,-1.618190928918554e-171,1578.5621604424596,1273.3396838393057
2024-09-17 15:10:00,2018.699829,-1.618190928918554e-171,1556.3665523752259,1272.3044151865959
2024-09-17 15:15:00,1999.150024,-1.618190928918554e-171,1533.600912343283,1184.85572324241
2024-09-17 15:20:00,1711.199951,-1.618190928918554e-171,1510.2430204500859,1159.9004733008528
2024-09-17 15:25:00,1751.5,-1.618190928918554e-171,1486.27301776094,1170.2961540183003
2024-09-17 15:30:00,1559.850098,-1.618190928918554e-171,1461.6737581124705,1220.9435517878715
2024-09-17 15:35:00,1501.200073,-1.618190928918554e-171,1436.4311370781047,1203.9360668270801
2024-09-17 15:40:00,1801.0,-1.618190928918554e-171,1410.5343956020745,1180.636437671047
2024-09-17 15:45:00,1752.75,-1.618190928918554e-171,1383.9763956199067,1210.0116424884282
2024-09-17 15:50:00,1716.5,-1.618190928918554e-171,1356.7538655685883,1203.2552900455057
2024-09-17 15:55:00,1619.833374,-1.618190928918554e-171,1328.867613709749,1082.9730434606654
2024-09-17 16:00:00,1526.633301,-1.618190928918554e-171,1300.322707390155,996.1048210148573
2024-09-17 16:05:00,1423.566772,-1.618190928918554e-171,1271.1286170990786,896.1727883987871
2024-09-17 16:10:00,1357.833374,-1.618190928918554e-171,1241.299323646792,972.2822836323278
2024-09-17 16:15:00,1301.766724,-1.618190928918554e-171,1210.8533877782083,1014.9452787900485
2024-09-17 16:20:00,1276.43335,-1.618190928918554e-171,1179.813981906838,1041.4773629030246
2024-09-17 16:25:00,1202.93335,-1.618190928918554e-171,1148.2088830008008,1042.5468837036594
2024-09-17 16:30:00,1141.966675,-1.618190928918554e-171,1116.0704271690988,1052.25707785002
2024-09-17 16:35:00,1101.400024,-1.618190928918554e-171,1083.435425890444,1011.6059050703628
2024-09-17 16:40:00,1090.0,-1.618190928918554e-171,1050.3450448221467,1006.7925307235295
2024-09-17 16:45:00,1091.366699,-1.618190928918554e-171,1016.8446456621508,997.9090360420424
2024-09-17 16:50:00,1035.266724,-1.618190928918554e-171,982.9835925709871,959.4129257434499
2024-09-17 16:55:00,988.2000122,-1.618190928918554e-171,948.8150243463394,1067.9586619369425
2024-09-17 17:00:00,910.7000122,-1.618190928918554e-171,914.39559436478,817.4390106165483
2024-09-17 17:05:00,860.666687,-1.618190928918554e-171,879.7851799360025,812.7428183615262
2024-09-17 17:10:00,822.6000366,-1.618190928918554e-171,845.046563557445,863.4572662631786
2024-09-17 17:15:00,797.0,-1.618190928918554e-171,810.2450882215621,866.8482510999976
2024-09-17 17:20:00,775.5,-1.618190928918554e-171,775.4482896253261,867.1846639737344
2024-09-17 17:25:00,738.1333008,-1.618190928918554e-171,740.7255079926034,877.8940149407343
2024-09-17 17:30:00,690.1333008,-1.618190928918554e-171,706.1474823604659,866.564203554512
2024-09-17 17:35:00,623.2333374,-1.618190928918554e-171,671.7859307535409,865.9912965854008
2024-09-17 17:40:00,561.4333496,-1.618190928918554e-171,637.713119050693,741.3205503859464
2024-09-17 17:45:00,511.7333069,-1.618190928918554e-171,604.0014218839202,742.1005174974528
2024-09-17 17:50:00,477.2333069,-1.618190928918554e-171,570.7228794843927,783.7396908339047
2024-09-17 17:55:00,447.5,-1.618190928918554e-171,537.9487529404164,776.1642395139223
2024-09-17 18:00:00,420.4666748,-1.618190928918554e-171,505.74908197821867,295.6089805589155
2024-09-17 18:05:00,405.7000122,-1.618190928918554e-171,474.19224822191256,284.9461167367918
2024-09-17 18:10:00,355.4500122,-1.618190928918554e-171,443.3445476209518,279.1688081056251
2024-09-17 18:15:00,267.0499878,-1.618190928918554e-171,413.2697748700074,272.4641850665966
2024-09-17 18:20:00,194.2499847,-1.618190928918554e-171,384.0288233146042,270.4035759026102
2024-09-17 18:25:00,154.0,-1.618190928918554e-171,355.67930314891834,273.1565856857781
2024-09-17 18:30:00,115.8000031,-1.618190928918554e-171,328.27518099894206,273.1565856857781
2024-09-17 18:35:00,85.05000305,-1.618190928918554e-171,301.86644352552366,422.97490787680994
2024-09-17 18:40:00,67.94999695,-1.618190928918554e-171,276.49878739107055,422.97490787680994
2024-09-17 18:45:00,52.05000305,-1.618190928918554e-171,252.2133383597158,421.080363649925
2024-09-17 18:50:00,36.40000153,-1.618190928918554e-171,229.04640118311286,420.2879753076584
2024-09-17 18:55:00,24.5,-1.618190928918554e-171,207.02924244697775,420.2879753076584
2024-09-17 19:00:00,17.75,-1.618190928918554e-171,186.18790779245285,48.605904090181575
2024-09-17 19:05:00,13.23333359,-1.618190928918554e-171,166.5430751061072,47.25390267421142
2024-09-17 19:10:00,0.0,-1.618190928918554e-171,148.109944470702,47.01116880481523
2024-09-17 19:15:00,0.0,-1.618190928918554e-171,130.89816574323243,46.21882622139301
2024-09-17 19:20:00,0.0,-1.618190928918554e-171,114.91180456713728,43.95143213356338
2024-09-17 19:25:00,0.0,-1.618190928918554e-171,100.14934646306698,43.066068645370535
2024-09-17 19:30:00,0.0,-1.618190928918554e-171,86.60373942735743,43.07242973509387
2024-09-17 19:35:00,0.0,-1.618190928918554e-171,74.26247429639179,43.68905014328832
2024-09-17 19:40:00,0.0,-1.618190928918554e-171,63.10770249998392,45.22426649295053
2024-09-17 19:45:00,0.0,-1.618190928918554e-171,53.116389987031994,43.62229150282165
2024-09-17 19:50:00,0.0,-1.618190928918554e-171,44.26050626038911,43.37829150453276
2024-09-17 19:55:00,0.0,-1.618190928918554e-171,36.507246976695725,43.90896188070276
2024-09-17 20:00:00,0.0,-1.618190928918554e-171,29.819288295241844,0.24266481016
2024-09-17 20:05:00,0.0,-1.618190928918554e-171,24.155071174900467,0.28433147682666665
2024-09-17 20:10:00,0.0,-1.618190928918554e-171,19.469113119589863,0.16276666256
2024-09-17 20:15:00,0.0,-1.618190928918554e-171,15.71234524837269,0.16276666256
2024-09-17 20:20:00,0.0,-1.618190928918554e-171,12.832471801123411,0.16276666256
2024-09-17 20:25:00,0.0,-1.618190928918554e-171,10.77434958549622,0.20443332922666665
2024-09-17 20:30:00,0.0,-1.618190928918554e-171,9.480384165145754,0.16276666256
2024-09-17 20:35:00,0.0,-1.618190928918554e-171,8.890939981070499,0.16276666256
2024-09-17 20:40:00,0.0,-1.618190928918554e-171,8.944761111333497,0.12115555059333334
2024-09-17 20:45:00,0.0,-1.618190928918554e-171,9.579399515526479,0.12115555059333334
2024-09-17 20:50:00,0.0,-1.618190928918554e-171,10.731647510963942,0.12115555059333334
2024-09-17 20:55:00,0.0,-1.618190928918554e-171,12.33797115100945,0.12115555059333334
2024-09-17 21:00:00,0.0,-1.618190928918554e-171,14.334941260719527,0.058488886493333336
2024-09-17 21:05:00,0.0,-1.618190928918554e-171,16.65965885485256,0.058488886493333336
2024-09-17 21:10:00,0.0,-1.618190928918554e-171,19.250171767072633,0.058488886493333336
2024-09-17 21:15:00,0.0,-1.618190928918554e-171,22.045879279144508,0.058488886493333336
2024-09-17 21:20:00,0.0,-1.618190928918554e-171,24.987921904219277,0.058488886493333336
2024-09-17 21:25:00,0.0,-1.618190928918554e-171,28.01955319891213,0.058488886493333336
2024-09-17 21:30:00,0.0,-1.618190928918554e-171,31.086491116868878,0.058488886493333336
2024-09-17 21:35:00,0.0,-1.618190928918554e-171,34.13724608057806,0.058488886493333336
2024-09-17 21:40:00,0.0,-1.618190928918554e-171,37.12342359697679,0.01671111042666667
2024-09-17 21:45:00,0.0,-1.618190928918554e-171,39.9999991096715,0.01671111042666667
2024-09-17 21:50:00,0.0,-1.618190928918554e-171,42.72556320459708,0.01671111042666667
2024-09-17 21:55:00,0.0,-1.618190928918554e-171,45.26253543399738,0.0
2024-09-17 22:00:00,0.0,-1.618190928918554e-171,47.5773453127446,0.0
2024-09-17 22:05:00,0.0,-1.618190928918554e-171,49.64057931293849,0.0
2024-09-17 22:10:00,0.0,-1.618190928918554e-171,51.42709288438812,0.0
2024-09-17 22:15:00,0.0,-1.618190928918554e-171,52.91608696895114,0.0
2024-09-17 22:20:00,0.0,-1.618190928918554e-171,54.091148533575996,0.0
2024-09-17 22:25:00,0.0,-1.618190928918554e-171,54.94025516692197,0.0
2024-09-17 22:30:00,0.0,-1.618190928918554e-171,55.45574390327417,0.0
2024-09-17 22:35:00,0.0,-1.618190928918554e-171,55.634244806527484,0.0
2024-09-17 22:40:00,0.0,-1.618190928918554e-171,55.47658010274494,0.0
2024-09-17 22:45:00,0.0,-1.618190928918554e-171,54.98762993203017,0.0
2024-09-17 22:50:00,0.0,-1.618190928918554e-171,54.176166050781816,0.0
2024-09-17 22:55:00,0.0,-1.618190928918554e-171,53.05465507504853,0.0
2024-09-17 23:00:00,0.0,-1.618190928918554e-171,51.639033085844865,0.0
2024-09-17 23:05:00,0.0,-1.618190928918554e-171,49.948453685939704,0.0
2024-09-17 23:10:00,0.0,-1.618190928918554e-171,48.00501173592104,0.0
2024-09-17 23:15:00,0.0,-1.618190928918554e-171,45.83344526772811,0.0
2024-09-17 23:20:00,0.0,-1.618190928918554e-171,43.46081819284589,0.0
2024-09-17 23:25:00,0.0,-1.618190928918554e-171,40.916186602433505,0.0
2024-09-17 23:30:00,0.0,-1.618190928918554e-171,38.23025157540778,0.0
2024-09-17 23:35:00,0.0,-1.618190928918554e-171,35.43500151226822,0.0
2024-09-17 23:40:00,0.0,-1.618190928918554e-171,32.563347125636675,0.0
2024-09-17 23:45:00,0.0,-1.618190928918554e-171,29.648752194623125,0.0
2024-09-17 23:50:00,0.0,-1.618190928918554e-171,26.724863379922706,0.0
2024-09-17 23:55:00,0.0,-1.618190928918554e-171,23.825142182982937,0.0
2024-09-18 00:00:00,0.0,-1.618190928918554e-171,20.982502318737104,0.0
2024-09-18 00:05:00,0.0,-1.618190928918554e-171,18.22895560472195,0.0
2024-09-18 00:10:00,0.0,-1.618190928918554e-171,15.595269439219573,0.0
2024-09-18 00:15:00,0.0,-1.618190928918554e-171,13.11063884726177,0.0
2024-09-18 00:20:00,0.0,-1.618190928918554e-171,10.802375937844158,0.0
2024-09-18 00:25:00,0.0,-1.618190928918554e-171,8.695619498805666,0.0
2024-09-18 00:30:00,0.0,-1.618190928918554e-171,6.813067238388898,0.0
2024-09-18 00:35:00,0.0,-1.618190928918554e-171,5.174733140797758,0.0
2024-09-18 00:40:00,0.0,-1.618190928918554e-171,3.797731905641054,0.0
2024-09-18 00:45:00,0.0,-1.618190928918554e-171,2.6960926339735916,0.0
2024-09-18 00:50:00,0.0,-1.618190928918554e-171,1.8806032771190886,0.0
2024-09-18 00:55:00,0.0,-1.618190928918554e-171,1.358687390522299,0.0
2024-09-18 01:00:00,0.0,-1.618190928918554e-171,1.1343143451901065,0.0
2024-09-18 01:05:00,0.0,-1.618190928918554e-171,1.2079439116901913,0.0
2024-09-18 01:10:00,0.0,-1.618190928918554e-171,1.5765058316215688,0.0
2024-09-18 01:15:00,0.0,-1.618190928918554e-171,2.2334147154888004,0.0
2024-09-18 01:20:00,0.0,-1.618190928918554e-171,3.1686203476740693,0.0
2024-09-18 01:25:00,0.0,-1.618190928918554e-171,4.368693045073292,0.0
2024-09-18 01:30:00,0.0,-1.618190928918554e-171,5.816943696571607,0.0
2024-09-18 01:35:00,0.0,-1.618190928918554e-171,7.493577452185289,0.0
2024-09-18 01:40:00,0.0,-1.618190928918554e-171,9.375880142882004,0.0
2024-09-18 01:45:00,0.0,-1.618190928918554e-171,11.438435881837973,0.0
2024-09-18 01:50:00,0.0,-1.618190928918554e-171,13.653374296016025,0.0
2024-09-18 01:55:00,0.0,-1.618190928918554e-171,15.99064542596994,0.0
2024-09-18 02:00:00,0.0,-1.618190928918554e-171,18.418320185171904,0.0
2024-09-18 02:05:00,0.0,-1.618190928918554e-171,20.90291394500775,0.0
2024-09-18 02:10:00,0.0,-1.618190928918554e-171,23.409730746325412,0.0
2024-09-18 02:15:00,0.0,-1.618190928918554e-171,25.90322532802115,0.0
2024-09-18 02:20:00,0.0,-1.618190928918554e-171,28.347380035160377,0.0
2024-09-18 02:25:00,0.0,-1.618190928918554e-171,30.706093584896134,0.0
2024-09-18 02:30:00,0.0,-1.618190928918554e-171,32.9435784494556,0.0
2024-09-18 02:35:00,0.0,-1.618190928918554e-171,35.024763614529114,0.0
2024-09-18 02:40:00,0.0,-1.618190928918554e-171,36.91569932257179,0.0
2024-09-18 02:45:00,0.0,-1.618190928918554e-171,38.58396045273121,0.0
2024-09-18 02:50:00,0.0,-1.618190928918554e-171,39.99904507099348,0.0
2024-09-18 02:55:00,0.0,-1.618190928918554e-171,41.132764803752416,0.0
2024-09-18 03:00:00,0.0,-1.618190928918554e-171,41.95962363294627,0.0
2024-09-18 03:05:00,0.0,-1.618190928918554e-171,42.45718183126662,0.0
2024-09-18 03:10:00,0.0,-1.618190928918554e-171,42.606401816250354,0.0
2024-09-18 03:15:00,0.0,-1.618190928918554e-171,42.39197284990132,0.0
2024-09-18 03:20:00,0.0,-1.618190928918554e-171,41.80261157211721,0.0
2024-09-18 03:25:00,0.0,-1.618190928918554e-171,40.831335682788406,0.0
2024-09-18 03:30:00,0.0,-1.618190928918554e-171,39.475708020564355,0.0
2024-09-18 03:35:00,0.0,-1.618190928918554e-171,37.73804879322553,0.0
2024-09-18 03:40:00,0.0,-1.618190928918554e-171,35.62561367578458,0.0
2024-09-18 03:45:00,0.0,-1.618190928918554e-171,33.1507358975387,0.0
2024-09-18 03:50:00,0.0,-1.618190928918554e-171,30.33093067272151,0.0
2024-09-18 03:55:00,0.0,-1.618190928918554e-171,27.188960543518323,0.0
2024-09-18 04:00:00,0.0,-1.618190928918554e-171,23.752860573751622,0.0
2024-09-18 04:05:00,0.0,-1.618190928918554e-171,20.055922559755402,0.0
2024-09-18 04:10:00,0.0,-1.618190928918554e-171,16.136637841989128,0.0
2024-09-18 04:15:00,0.0,-1.618190928918554e-171,12.038598390870352,0.0
2024-09-18 04:20:00,0.0,-1.618190928918554e-171,7.810356467808332,0.0
2024-09-18 04:25:00,0.0,-1.618190928918554e-171,3.5052432129928044,0.0
2024-09-18 04:30:00,0.0,-1.618190928918554e-171,-0.8188530683849468,0.0
2024-09-18 04:35:00,0.0,-1.618190928918554e-171,-5.099747808207882,0.0
2024-09-18 04:40:00,0.0,-1.618190928918554e-171,-9.27125892922915,0.0
2024-09-18 04:45:00,0.0,-1.618190928918554e-171,-13.263541707334344,0.0
2024-09-18 04:50:00,0.0,-1.618190928918554e-171,-17.003457862011775,0.0
2024-09-18 04:55:00,0.0,-1.618190928918554e-171,-20.414976575983236,0.0
2024-09-18 05:00:00,0.0,-1.618190928918554e-171,-23.419604991874763,0.0
2024-09-18 05:05:00,0.0,-1.618190928918554e-171,-25.936845411430276,0.0
2024-09-18 05:10:00,0.0,-1.618190928918554e-171,-27.884676294884546,0.0
2024-09-18 05:15:00,0.0,-1.618190928918554e-171,-29.18005388062197,0.0
2024-09-18 05:20:00,0.0,-1.618190928918554e-171,-29.739431075967936,0.0
2024-09-18 05:25:00,0.0,-1.618190928918554e-171,-29.47929017921585,0.0
2024-09-18 05:30:00,0.0,-1.618190928918554e-171,-28.316685781331095,0.0
2024-09-18 05:35:00,0.0,-1.618190928918554e-171,-26.169794146176567,0.0
2024-09-18 05:40:00,0.0,-1.618190928918554e-171,-22.95846526965936,0.0
2024-09-18 05:45:00,0.0,-1.618190928918554e-171,-18.60477378090244,0.0
2024-09-18 05:50:00,0.0,-1.618190928918554e-171,-13.033564802037185,0.0
2024-09-18 05:55:00,0.0,-1.618190928918554e-171,-6.172990966599586,0.0
2024-09-18 06:00:00,0.0,-1.618190928918554e-171,2.0449633087530565,86.1034711019587
2024-09-18 06:05:00,0.0,-1.618190928918554e-171,11.683973979039571,86.1034711019587
2024-09-18 06:10:00,0.0,-1.618190928918554e-171,22.802889685848857,82.44656878934902
2024-09-18 06:15:00,0.0,-1.618190928918554e-171,35.45526768034347,85.05794177950771
2024-09-18 06:20:00,0.0,-1.618190928918554e-171,49.68893687516222,85.1839973147855
2024-09-18 06:25:00,0.0,-1.618190928918554e-171,65.54559114682233,89.06609173535249
2024-09-18 06:30:00,0.0,-1.618190928918554e-171,83.06041608975471,97.86215089474024
2024-09-18 06:35:00,0.0,-1.618190928918554e-171,102.26175171260525,100.49791442725329
2024-09-18 06:40:00,0.0,-1.618190928918554e-171,123.17079406641128,100.49791442725329
2024-09-18 06:45:00,0.0,-1.618190928918554e-171,145.8013378971032,100.49791442725329
2024-09-18 06:50:00,63.79999924,-1.618190928918554e-171,170.1595622856616,101.10369218353107
2024-09-18 06:55:00,82.5,-1.618190928918554e-171,196.24386128056022,101.10369218353107
2024-09-18 07:00:00,108.0,-1.618190928918554e-171,224.0447207731252,608.6859245760456
2024-09-18 07:05:00,142.6000061,-1.618190928918554e-171,253.54464280260095,620.2410237684552
2024-09-18 07:10:00,181.8000031,-1.618190928918554e-171,284.71811818813995,620.2410237684552
2024-09-18 07:15:00,222.5,-1.618190928918554e-171,317.5316477670618,620.2115018024328
2024-09-18 07:20:00,243.6000061,-1.618190928918554e-171,351.94381257010053,618.742607104933
2024-09-18 07:25:00,294.7000122,-1.618190928918554e-171,387.9053925841202,619.5536441600442
2024-09-18 07:30:00,313.7000122,-1.618190928918554e-171,425.3595336920753,612.3209039174112
2024-09-18 07:35:00,430.2999878,-1.618190928918554e-171,464.24196185235496,588.8028174402144
2024-09-18 07:40:00,477.6000061,-1.618190928918554e-171,504.4812432055716,578.3417635729238
2024-09-18 07:45:00,549.7999878,-1.618190928918554e-171,545.9990889142138,544.9375762114956
2024-09-18 07:50:00,627.4000244,-1.618190928918554e-171,588.7107023322347,528.6060349137274
2024-09-18 07:55:00,682.7000122,-1.618190928918554e-171,632.5251669395748,435.71146789639346
2024-09-18 08:00:00,757.7000122,-1.618190928918554e-171,677.3458725482959,933.3407962470013
2024-09-18 08:05:00,823.5999756,-1.618190928918554e-171,723.0709763427725,933.3407962470013
2024-09-18 08:10:00,884.9000244,-1.618190928918554e-171,769.5938969764746,933.3407962470013
2024-09-18 08:15:00,863.2333374,-1.618190928918554e-171,816.8038378146083,933.3407962470013
2024-09-18 08:20:00,899.833313,-1.618190928918554e-171,864.5863359289259,944.4186277538126
2024-09-18 08:25:00,929.2666626,-1.618190928918554e-171,912.823833684413,944.4186277538126
2024-09-18 08:30:00,1105.900024,-1.618190928918554e-171,961.3962689860176,944.4186277538126
2024-09-18 08:35:00,1055.733398,-1.618190928918554e-171,1010.1816802222257,944.4186277538126
2024-09-18 08:40:00,1118.233276,-1.618190928918554e-171,1059.0568223586092,944.4186277538126
2024-09-18 08:45:00,1156.066528,-1.618190928918554e-171,1107.897789637595,944.4186277538126
2024-09-18 08:50:00,1219.833374,-1.618190928918554e-171,1156.580641288703,945.9737207637017
2024-09-18 08:55:00,1277.366699,-1.618190928918554e-171,1204.9820258029808,945.9737207637017
2024-09-18 09:00:00,1330.000122,-1.618190928918554e-171,1252.9798000757048,1258.1026380446235
2024-09-18 09:05:00,1377.099976,-1.618190928918554e-171,1300.4536390529777,1258.1026380446235
2024-09-18 09:10:00,1418.666626,-1.618190928918554e-171,1347.2856320608937,1258.1026380446235
2024-09-18 09:15:00,1457.299927,-1.618190928918554e-171,1393.3608621167277,1266.8547966681153
2024-09-18 09:20:00,1494.533325,-1.618190928918554e-171,1438.5679639804116,1266.8547966681153
2024-09-18 09:25:00,1532.766602,-1.618190928918554e-171,1482.799658026784,1280.2641025837186
2024-09-18 09:30:00,1573.733398,-1.618190928918554e-171,1525.9532562583836,1280.2641025837186
2024-09-18 09:35:00,1615.5,-1.618190928918554e-171,1567.9311367197554,1280.2641025837186
2024-09-18 09:40:00,1658.199829,-1.618190928918554e-171,1608.6411843710196,1263.45322721711
2024-09-18 09:45:00,1700.200073,-1.618190928918554e-171,1647.9971948143555,1263.45322721711
2024-09-18 09:50:00,1740.633301,-1.618190928918554e-171,1685.9192389069156,1263.45322721711
2024-09-18 09:55:00,1777.633423,-1.618190928918554e-171,1722.3339856078649,1315.9352469162855
2024-09-18 10:00:00,1811.900024,-1.618190928918554e-171,1757.1749817011093,1704.4372652706281
2024-09-18 10:05:00,1844.133423,-1.618190928918554e-171,1790.3828863806407,1729.9539968490296
2024-09-18 10:10:00,1876.566772,-1.618190928918554e-171,1821.9056597087776,1729.9539968490296
2024-09-18 10:15:00,1909.666626,-1.618190928918554e-171,1851.6987037478764,1729.9539968490296
2024-09-18 10:20:00,1944.466675,-1.618190928918554e-171,1879.724956027724,1729.9539968490296
2024-09-18 10:25:00,1978.333374,-1.618190928918554e-171,1905.9549348518506,1753.8468869450703
2024-09-18 10:30:00,2009.066528,-1.618190928918554e-171,1930.3667367485048,1753.8468869450703
2024-09-18 10:35:00,2032.533325,-1.618190928918554e-171,1952.945986271325,1753.8468869450703
2024-09-18 10:40:00,2048.233398,-1.618190928918554e-171,1973.6857389887455,1774.0359649638776
2024-09-18 10:45:00,2055.5,-1.618190928918554e-171,1992.5863387872214,1774.0359649638776
2024-09-18 10:50:00,2057.833252,-1.618190928918554e-171,2009.6552306783035,1774.0359649638776
2024-09-18 10:55:00,2057.466797,-1.618190928918554e-171,2024.906731064718,1774.0359649638776
2024-09-18 11:00:00,2057.266846,-1.618190928918554e-171,2038.3617573639563,1934.861702027181
2024-09-18 11:05:00,2057.56665,-1.618190928918554e-171,2050.0475190384172,1934.861702027181
2024-09-18 11:10:00,2057.93335,-1.618190928918554e-171,2059.997172969689,1934.861702027181
2024-09-18 11:15:00,2058.100098,-1.618190928918554e-171,2068.249445622597,1935.3145688199656
2024-09-18 11:20:00,2058.000244,-1.618190928918554e-171,2074.848225151578,1943.1982671229903
2024-09-18 11:25:00,2058.233398,-1.618190928918554e-171,2079.8421265492107,1944.3367674896567
2024-09-18 11:30:00,2058.366699,-1.618190928918554e-171,2083.2840332999335,1944.3367674896567
2024-09-18 11:35:00,2058.733398,-1.618190928918554e-171,2085.2306189748806,1967.8018679952024
2024-09-18 11:40:00,2059.666748,-1.618190928918554e-171,2085.741852440393,1967.8018679952024
2024-09-18 11:45:00,2060.199951,-1.618190928918554e-171,2084.880490413996,1961.8931020604498
2024-09-18 11:50:00,2060.533447,-1.618190928918554e-171,2082.711561119052,1961.8931020604498
2024-09-18 11:55:00,2060.5,-1.618190928918554e-171,2079.301842981291,1967.6350446975557
2024-09-18 12:00:00,2060.966553,-1.618190928918554e-171,2074.719342088681,1868.0709991636481
2024-09-18 12:05:00,2060.93335,-1.618190928918554e-171,2069.032772341638,1868.0709991636481
2024-09-18 12:10:00,2060.800049,-1.618190928918554e-171,2062.311042042073,1868.0709991636481
2024-09-18 12:15:00,2061.333496,-1.618190928918554e-171,2054.622750607288,1863.817173126648
2024-09-18 12:20:00,2062.800049,-1.618190928918554e-171,2046.0356991073725,1863.817173126648
2024-09-18 12:25:00,2063.633545,-1.618190928918554e-171,2036.6164180051762,1865.5295118690099
2024-09-18 12:30:00,2062.599854,-1.618190928918554e-171,2026.4297154539245,1865.5295118690099
2024-09-18 12:35:00,2060.966553,-1.618190928918554e-171,2015.538249403594,1867.1086058532323
2024-09-18 12:40:00,2059.166748,-1.618190928918554e-171,2004.0021263599792,1913.4744336758306
2024-09-18 12:45:00,2058.300049,-1.618190928918554e-171,1991.8785295144828,1918.6787732129665
2024-09-18 12:50:00,2056.866455,-1.618190928918554e-171,1979.2213788618042,1902.3192373315496
2024-09-18 12:55:00,2056.033447,-1.618190928918554e-171,1966.0810254529035,1840.0770491094825
2024-09-18 13:00:00,2056.100098,-1.618190928918554e-171,1952.5039817376085,1679.7706690173115
2024-09-18 13:05:00,2058.06665,-1.618190928918554e-171,1938.532689718349,1647.2287465091713
2024-09-18 13:10:00,2060.833252,-1.618190928918554e-171,1924.2053282905442,1586.1686895275377
2024-09-18 13:15:00,2062.766602,-1.618190928918554e-171,1909.5556607133701,1574.1898603563368
2024-09-18 13:20:00,2062.766602,-1.618190928918554e-171,1894.6129232974222,1525.0319251633284
2024-09-18 13:25:00,2061.333252,-1.618190928918554e-171,1879.4017552798018,1427.9946363990557
2024-09-18 13:30:00,2060.399902,-1.618190928918554e-171,1863.9421704083422,1336.8513310903804
2024-09-18 13:35:00,2060.666748,-1.618190928918554e-171,1848.2495698355112,1214.5968881269455
2024-09-18 13:40:00,2061.5,-1.618190928918554e-171,1832.3347958072636,1200.523290506793
2024-09-18 13:45:00,2060.599854,-1.618190928918554e-171,1816.2042253766015,1220.3670657234147
2024-09-18 13:50:00,2058.93335,-1.618190928918554e-171,1799.8599030236626,1187.7386820218394
2024-09-18 13:55:00,2056.199951,-1.618190928918554e-171,1783.2997106668136,1293.6136848874412
2024-09-18 14:00:00,2055.633545,-1.618190928918554e-171,1766.5175733245662,1418.652318889484
2024-09-18 14:05:00,2054.800049,-1.618190928918554e-171,1749.50369874848,1400.5678329540467
2024-09-18 14:10:00,2055.43335,-1.618190928918554e-171,1732.2448483445546,1388.8353122342082
2024-09-18 14:15:00,2054.5,-1.618190928918554e-171,1714.7246372764762,1348.8445260699023
2024-09-18 14:20:00,2054.633301,-1.618190928918554e-171,1696.9238608704936,1190.6009525285806
2024-09-18 14:25:00,2054.56665,-1.618190928918554e-171,1678.8208446372319,1207.3425492719757
2024-09-18 14:30:00,2053.93335,-1.618190928918554e-171,1660.3918146557096,1180.3341958674223
2024-09-18 14:35:00,2052.366455,-1.618190928918554e-171,1641.6112852997037,1175.4499732620284
2024-09-18 14:40:00,2042.733398,-1.618190928918554e-171,1622.4524609513273,1159.047521064816
2024-09-18 14:45:00,2032.299927,-1.618190928918554e-171,1602.8876481764223,1164.001944003129
2024-09-18 14:50:00,2015.099976,-1.618190928918554e-171,1582.8886752689311,1310.1051265904991
2024-09-18 14:55:00,2008.966675,-1.618190928918554e-171,1562.4273150825936,1310.582619256844
2024-09-18 15:00:00,2008.866699,-1.618190928918554e-171,1541.4757081932307,1266.5430925229575
2024-09-18 15:05:00,1985.099976,-1.618190928918554e-171,1520.0067824704684,1286.6473074122687
2024-09-18 15:10:00,1944.166626,-1.618190928918554e-171,1497.9946658071337,1232.2367939642318
2024-09-18 15:15:00,1870.733398,-1.618190928918554e-171,1475.4150885388108,1242.0843238807972
2024-09-18 15:20:00,1840.133301,-1.618190928918554e-171,1452.2457721727474,1291.8940502755186
2024-09-18 15:25:00,1797.966797,-1.618190928918554e-171,1428.466801455595,1335.581106924373
2024-09-18 15:30:00,1773.433228,-1.618190928918554e-171,1404.060976309349,1346.9097946675317
2024-09-18 15:35:00,1721.933228,-1.618190928918554e-171,1379.0141413583997,1348.1035273985774
2024-09-18 15:40:00,1681.933228,-1.618190928918554e-171,1353.3154897037075,1326.8227639893257
2024-09-18 15:45:00,1638.933228,-1.618190928918554e-171,1326.9578389185092,1319.4366010052813
2024-09-18 15:50:00,1600.833374,-1.618190928918554e-171,1299.9378767257663,1326.1607635238877
2024-09-18 15:55:00,1570.200073,-1.618190928918554e-171,1272.256374617485,1354.316887299164
2024-09-18 16:00:00,1556.799927,-1.618190928918554e-171,1243.9183673231219,1179.99317657469
2024-09-18 16:05:00,1656.800049,-1.618190928918554e-171,1214.933296883976,1156.274230133285
2024-09-18 16:10:00,1601.400024,-1.618190928918554e-171,1185.315120071319,1059.0391980910815
2024-09-18 16:15:00,1552.400024,-1.618190928918554e-171,1155.0823779965265,1029.8983044875376
2024-09-18 16:20:00,1435.766602,-1.618190928918554e-171,1124.258227945117,973.9905610784102
2024-09-18 16:25:00,1323.5,-1.618190928918554e-171,1092.8704361609582,943.6550617380387
2024-09-18 16:30:00,1227.033325,-1.618190928918554e-171,1060.9513324909638,1131.3515638256786
2024-09-18 16:35:00,1161.06665,-1.618190928918554e-171,1028.537726537631,1090.498506735709
2024-09-18 16:40:00,1109.200073,-1.618190928918554e-171,995.6707862472316,893.9600917754476
2024-09-18 16:45:00,1055.666626,-1.618190928918554e-171,962.3958797198763,884.0789910218517
2024-09-18 16:50:00,1006.200012,-1.618190928918554e-171,928.7623813096168,1080.5409359899033
2024-09-18 16:55:00,968.833313,-1.618190928918554e-171,894.8234438295557,1142.9355548030528
2024-09-18 17:00:00,936.166687,-1.618190928918554e-171,860.6357378727238,755.2709128205744
2024-09-18 17:05:00,909.2333374,-1.618190928918554e-171,826.2591612455225,758.9901636132093
2024-09-18 17:10:00,866.333313,-1.618190928918554e-171,791.7565196440551,756.2917935933808
2024-09-18 17:15:00,809.6000366,-1.618190928918554e-171,757.1931817340595,715.1432756414166
2024-09-18 17:20:00,731.7666626,-1.618190928918554e-171,722.6367109945224,712.0964011210732
2024-09-18 17:25:00,652.2999878,-1.618190928918554e-171,688.1564770435517,674.4439256939775
2024-09-18 17:30:00,576.166687,-1.618190928918554e-171,653.8232497438889,677.8683441674536
2024-09-18 17:35:00,510.2999573,-1.618190928918554e-171,619.7087787358902,685.8212757744329
2024-09-18 17:40:00,453.1000061,-1.618190928918554e-171,585.8853619845183,723.8771175645664
2024-09-18 17:45:00,402.3999939,-1.618190928918554e-171,552.4254062338607,717.8824317249948
2024-09-18 17:50:00,365.8666687,-1.618190928918554e-171,519.4009834044398,722.4058656933504
2024-09-18 17:55:00,328.2666931,-1.618190928918554e-171,486.88338535061075,711.1364992404616
2024-09-18 18:00:00,314.5499878,-1.618190928918554e-171,454.94268129616785,313.3630422576104
2024-09-18 18:05:00,266.75,-1.618190928918554e-171,423.6472806609134,316.69681317890337
2024-09-18 18:10:00,222.1499786,-1.618190928918554e-171,393.0635049561018,327.5195756996464
2024-09-18 18:15:00,183.3500061,-1.618190928918554e-171,363.2551718965418,335.0462406606993
2024-09-18 18:20:00,150.25,-1.618190928918554e-171,334.2831947902223,229.98131982090084
2024-09-18 18:25:00,117.3000107,-1.618190928918554e-171,306.20520056836085,230.8355347792602
2024-09-18 18:30:00,84.90000153,-1.618190928918554e-171,279.07516874499925,234.57130796828642
2024-09-18 18:35:00,61.5,-1.618190928918554e-171,252.94309487332092,231.02212934864073
2024-09-18 18:40:00,49.09999847,-1.618190928918554e-171,227.854680185334,230.15705545933878
2024-09-18 18:45:00,40.25,-1.618190928918554e-171,203.85105032595607,217.07675809175268
2024-09-18 18:50:00,30.39999962,-1.618190928918554e-171,180.96850507425316,217.26349882298604
2024-09-18 18:55:00,21.75,-1.618190928918554e-171,159.2383008890945,184.05484236234926
2024-09-18 19:00:00,15.85000038,-1.618190928918554e-171,138.68646809809806,44.7329154472968
2024-09-18 19:05:00,12.5,-1.618190928918554e-171,119.33366379302744,46.392282896311805
2024-09-18 19:10:00,0.0,-1.618190928918554e-171,101.19506175021986,45.65517177554768
2024-09-18 19:15:00,0.0,-1.618190928918554e-171,84.28027993107297,46.392282896311805
2024-09-18 19:20:00,0.0,-1.618190928918554e-171,68.59334644462459,43.862136583294344
2024-09-18 19:25:00,0.0,-1.618190928918554e-171,54.13270368913427,45.78450509999768
2024-09-18 19:30:00,0.0,-1.618190928918554e-171,40.89125091903111,43.293045774792276
2024-09-18 19:35:00,0.0,-1.618190928918554e-171,28.85642479703381,44.004782870553235
2024-09-18 19:40:00,0.0,-1.618190928918554e-171,18.01031719727224,42.98196160229769
2024-09-18 19:45:00,0.0,-1.618190928918554e-171,8.329829300513419,42.98196160229769
2024-09-18 19:50:00,0.0,-1.618190928918554e-171,-0.2131391657936844,43.13159121637546
2024-09-18 19:55:00,0.0,-1.618190928918554e-171,-7.651467094911686,29.16232187346692
2024-09-18 20:00:00,0.0,-1.618190928918554e-171,-14.022557401359805,0.4760277726777778
2024-09-18 20:05:00,0.0,-1.618190928918554e-171,-19.368052441153484,0.3649166615666667
2024-09-18 20:10:00,0.0,-1.618190928918554e-171,-23.733521919936543,0.4760277726777778
2024-09-18 20:15:00,0.0,-1.618190928918554e-171,-27.16812553518741,0.4760277726777778
2024-09-18 20:20:00,0.0,-1.618190928918554e-171,-29.72425303631446,0.32672221712222227
2024-09-18 20:25:00,0.0,-1.618190928918554e-171,-31.457144454053505,0.2294999949
2024-09-18 20:30:00,0.0,-1.618190928918554e-171,-32.424493478846856,0.2294999949
2024-09-18 20:35:00,0.0,-1.618190928918554e-171,-32.686036911552314,0.18783332823333332
2024-09-18 20:40:00,0.0,-1.618190928918554e-171,-32.303133526040085,0.18783332823333332
2024-09-18 20:45:00,0.0,-1.618190928918554e-171,-31.33833532777396,0.18783332823333332
2024-09-18 20:50:00,0.0,-1.618190928918554e-171,-29.854954691473782,0.14616666156666666
2024-09-18 20:55:00,0.0,-1.618190928918554e-171,-27.91663051732389,0.10705554960000001
2024-09-18 21:00:00,0.0,-1.618190928918554e-171,-25.58689676362664,0.08366666156666666
2024-09-18 21:05:00,0.0,-1.618190928918554e-171,-22.92875659662287,0.08366666156666666
2024-09-18 21:10:00,0.0,-1.618190928918554e-171,-20.004265356712107,0.08366666156666666
2024-09-18 21:15:00,0.0,-1.618190928918554e-171,-16.874125474245677,0.08366666156666666
2024-09-18 21:20:00,0.0,-1.618190928918554e-171,-13.597296354182577,0.08366666156666666
2024-09-18 21:25:00,0.0,-1.618190928918554e-171,-10.230622120463615,3.830723818121111
2024-09-18 21:30:00,0.0,-1.618190928918554e-171,-6.828479961765518,3.4648460448055554
2024-09-18 21:35:00,0.0,-1.618190928918554e-171,-3.442451688953123,2.91544602463
2024-09-18 21:40:00,0.0,-1.618190928918554e-171,-0.12102083535551905,2.162168240795556
2024-09-18 21:45:00,0.0,-1.618190928918554e-171,3.090702491149428,1.4289079406825396
2024-09-18 21:50:00,0.0,-1.618190928918554e-171,6.151227052939948,1.050765072453968
2024-09-18 21:55:00,0.0,-1.618190928918554e-171,9.022894536419843,0.0
2024-09-18 22:00:00,0.0,-1.618190928918554e-171,11.672060724029635,0.0
2024-09-18 22:05:00,0.0,-1.618190928918554e-171,14.069242634044612,0.0
2024-09-18 22:10:00,0.0,-1.618190928918554e-171,16.189230681128773,0.0
2024-09-18 22:15:00,0.0,-1.618190928918554e-171,18.011165248645806,0.0
2024-09-18 22:20:00,0.0,-1.618190928918554e-171,19.51857727468316,0.0
2024-09-18 22:25:00,0.0,-1.618190928918554e-171,20.69939285644056,0.0
2024-09-18 22:30:00,0.0,-1.618190928918554e-171,21.545902047623706,0.0
2024-09-18 22:35:00,0.0,-1.618190928918554e-171,22.05469237602061,0.0
2024-09-18 22:40:00,0.0,-1.618190928918554e-171,22.22654788123904,0.0
2024-09-18 22:45:00,0.0,-1.618190928918554e-171,22.066314735357107,0.0
2024-09-18 22:50:00,0.0,-1.618190928918554e-171,21.582734779329158,0.0
2024-09-18 22:55:00,0.0,-1.618190928918554e-171,20.788248575956125,0.0
2024-09-18 23:00:00,0.0,-1.618190928918554e-171,19.69876978977452,0.0
2024-09-18 23:05:00,0.0,-1.618190928918554e-171,18.333432994424722,0.0
2024-09-18 23:10:00,0.0,-1.618190928918554e-171,16.71431713777316,0.0
2024-09-18 23:15:00,0.0,-1.618190928918554e-171,14.866147156369237,0.0
2024-09-18 23:20:00,0.0,-1.618190928918554e-171,12.815976370763822,0.0
2024-09-18 23:25:00,0.0,-1.618190928918554e-171,10.592852451444326,0.0
2024-09-18 23:30:00,0.0,-1.618190928918554e-171,8.227469884298738,0.0
2024-09-18 23:35:00,0.0,-1.618190928918554e-171,5.751811951376869,0.0
2024-09-18 23:40:00,0.0,-1.618190928918554e-171,3.198785351401598,0.0
2024-09-18 23:45:00,0.0,-1.618190928918554e-171,0.6018505882410068,0.0
2024-09-18 23:50:00,0.0,-1.618190928918554e-171,-2.005348563830648,0.0
2024-09-18 23:55:00,0.0,-1.618190928918554e-171,-4.589353506155994,0.0
2024-09-19 00:00:00,0.0,-1.618190928918554e-171,-7.1172537665508475,0.0
2024-09-19 00:05:00,0.0,-1.618190928918554e-171,-9.557041478533577,0.0
2024-09-19 00:10:00,0.0,-1.618190928918554e-171,-11.877954240124366,0.0
2024-09-19 00:15:00,0.0,-1.618190928918554e-171,-14.050803396646035,0.0
2024-09-19 00:20:00,0.0,-1.618190928918554e-171,-16.048284889536173,0.0
2024-09-19 00:25:00,0.0,-1.618190928918554e-171,-17.845269955467927,0.0
2024-09-19 00:30:00,0.0,-1.618190928918554e-171,-19.419073126277965,0.0
2024-09-19 00:35:00,0.0,-1.618190928918554e-171,-20.749695158838694,0.0
2024-09-19 00:40:00,0.0,-1.618190928918554e-171,-21.820038770444388,0.0
2024-09-19 00:45:00,0.0,-1.618190928918554e-171,-22.616095134654774,0.0
2024-09-19 00:50:00,0.0,-1.618190928918554e-171,-23.127099630885457,0.0
2024-09-19 00:55:00,0.0,-1.618190928918554e-171,-23.34565514386208,0.0
2024-09-19 01:00:00,0.0,-1.618190928918554e-171,-23.2678220029076,0.0
2024-09-19 01:05:00,0.0,-1.618190928918554e-171,-22.89317340961966,0.0
2024-09-19 01:10:00,0.0,-1.618190928918554e-171,-22.224815901933653,0.0
2024-09-19 01:15:00,0.0,-1.618190928918554e-171,-21.26937441646077,0.0
2024-09-19 01:20:00,0.0,-1.618190928918554e-171,-20.036941973478292,0.0
2024-09-19 01:25:00,0.0,-1.618190928918554e-171,-18.540994175728432,0.0
2024-09-19 01:30:00,0.0,-1.618190928918554e-171,-16.798269089260295,0.0
2024-09-19 01:35:00,0.0,-1.618190928918554e-171,-14.828613374020552,0.0
2024-09-19 01:40:00,0.0,-1.618190928918554e-171,-12.654795672653693,0.0
2024-09-19 01:45:00,0.0,-1.618190928918554e-171,-10.302288811671605,0.0
2024-09-19 01:50:00,0.0,-1.618190928918554e-171,-7.799022282572119,0.0
2024-09-19 01:55:00,0.0,-1.618190928918554e-171,-5.175107091669011,0.0
2024-09-19 02:00:00,0.0,-1.618190928918554e-171,-2.4625349915939325,0.0
2024-09-19 02:05:00,0.0,-1.618190928918554e-171,0.3051454478715787,0.0
2024-09-19 02:10:00,0.0,-1.618190928918554e-171,3.0931733809827806,0.0
2024-09-19 02:15:00,0.0,-1.618190928918554e-171,5.865938083853317,0.0
2024-09-19 02:20:00,0.0,-1.618190928918554e-171,8.58735625584073,0.0
2024-09-19 02:25:00,0.0,-1.618190928918554e-171,11.221261162597814,0.0
2024-09-19 02:30:00,0.0,-1.618190928918554e-171,13.731800436396274,0.0
2024-09-19 02:35:00,0.0,-1.618190928918554e-171,16.083839223957266,0.0
2024-09-19 02:40:00,0.0,-1.618190928918554e-171,18.243365353401273,0.0
2024-09-19 02:45:00,0.0,-1.618190928918554e-171,20.177893115251358,0.0
2024-09-19 02:50:00,0.0,-1.618190928918554e-171,21.85686221495842,0.0
2024-09-19 02:55:00,0.0,-1.618190928918554e-171,23.252028542070292,0.0
2024-09-19 03:00:00,0.0,-1.618190928918554e-171,24.33784334832836,0.0
2024-09-19 03:05:00,0.0,-1.618190928918554e-171,25.091817549834303,0.0
2024-09-19 03:10:00,0.0,-1.618190928918554e-171,25.494867932586875,0.0
2024-09-19 03:15:00,0.0,-1.618190928918554e-171,25.531642169743577,0.0
2024-09-19 03:20:00,0.0,-1.618190928918554e-171,25.190819683891085,0.0
2024-09-19 03:25:00,0.0,-1.618190928918554e-171,24.465385574310766,0.0
2024-09-19 03:30:00,0.0,-1.618190928918554e-171,23.35287497152438,0.0
2024-09-19 03:35:00,0.0,-1.618190928918554e-171,21.855585460346816,0.0
2024-09-19 03:40:00,0.0,-1.618190928918554e-171,19.98075537097949,0.0
2024-09-19 03:45:00,0.0,-1.618190928918554e-171,17.74070601545074,0.0
2024-09-19 03:50:00,0.0,-1.618190928918554e-171,15.152946210524524,0.0
2024-09-19 03:55:00,0.0,-1.618190928918554e-171,12.24023770153427,0.0
2024-09-19 04:00:00,0.0,-1.618190928918554e-171,9.030620365884548,0.0
2024-09-19 04:05:00,0.0,-1.618190928918554e-171,5.557396444750879,0.0
2024-09-19 04:10:00,0.0,-1.618190928918554e-171,1.8590732497345317,0.0
2024-09-19 04:15:00,0.0,-1.618190928918554e-171,-2.0207358066368464,0.0
2024-09-19 04:20:00,0.0,-1.618190928918554e-171,-6.0334516993139955,0.0
2024-09-19 04:25:00,0.0,-1.618190928918554e-171,-10.125711399420782,0.0
2024-09-19 04:30:00,0.0,-1.618190928918554e-171,-14.239589789515925,0.0
2024-09-19 04:35:00,0.0,-1.618190928918554e-171,-18.31286084865385,0.0
2024-09-19 04:40:00,0.0,-1.618190928918554e-171,-22.279296666572357,0.0
2024-09-19 04:45:00,0.0,-1.618190928918554e-171,-26.06900267839047,0.0
2024-09-19 04:50:00,0.0,-1.618190928918554e-171,-29.60878710509467,0.0
2024-09-19 04:55:00,0.0,-1.618190928918554e-171,-32.822562373537465,0.0
2024-09-19 05:00:00,0.0,-1.618190928918554e-171,-35.63177606286775,0.0
2024-09-19 05:05:00,0.0,-1.618190928918554e-171,-37.95586851984698,0.0
2024-09-19 05:10:00,0.0,-1.618190928918554e-171,-39.71275439162325,0.0
2024-09-19 05:15:00,0.0,-1.618190928918554e-171,-40.81932470154146,0.0
2024-09-19 05:20:00,0.0,-1.618190928918554e-171,-41.19196628897399,0.0
2024-09-19 05:25:00,0.0,-1.618190928918554e-171,-40.747095052144836,0.0
2024-09-19 05:30:00,0.0,-1.618190928918554e-171,-39.40169939619864,0.0
2024-09-19 05:35:00,0.0,-1.618190928918554e-171,-37.07389015988431,0.0
2024-09-19 05:40:00,0.0,-1.618190928918554e-171,-33.68345323603,0.0
2024-09-19 05:45:00,0.0,-1.618190928918554e-171,-29.15240100748731,0.0
2024-09-19 05:50:00,0.0,-1.618190928918554e-171,-23.40551877659061,0.0
2024-09-19 05:55:00,0.0,-1.618190928918554e-171,-16.370902307399906,0.0
2024-09-19 06:00:00,0.0,-1.618190928918554e-171,-7.98048262060278,95.61274687836142
2024-09-19 06:05:00,0.0,-1.618190928918554e-171,1.829465664117135,94.06423099659949
2024-09-19 06:10:00,0.0,-1.618190928918554e-171,13.117836108530494,97.57950397284714
2024-09-19 06:15:00,0.0,-1.618190928918554e-171,25.9382259681495,98.32097065617378
2024-09-19 06:20:00,0.0,-1.618190928918554e-171,40.338498779087544,103.2254595668703
2024-09-19 06:25:00,0.0,-1.618190928918554e-171,56.36037725799664,104.41768178487585
2024-09-19 06:30:00,0.0,-1.618190928918554e-171,74.03906968457441,106.02657070798698
2024-09-19 06:35:00,0.0,-1.618190928918554e-171,93.40293224513928,107.49183312301935
2024-09-19 06:40:00,0.0,-1.618190928918554e-171,114.47317043097206,107.49183312301935
2024-09-19 06:45:00,0.0,-1.618190928918554e-171,137.26358129617918,109.03472199347489
2024-09-19 06:50:00,62.79999924,-1.618190928918554e-171,161.78033902589166,109.03472199347489
2024-09-19 06:55:00,85.40000153,-1.618190928918554e-171,188.02182531864173,109.44672195448604
2024-09-19 07:00:00,108.5999985,-1.618190928918554e-171,215.97850615234253,283.1755744884901
2024-09-19 07:05:00,135.6000061,-1.618190928918554e-171,245.63285609006815,283.1755744884901
2024-09-19 07:10:00,160.1000061,-1.618190928918554e-171,276.9593306854881,283.1755744884901
2024-09-19 07:15:00,183.3000031,-1.618190928918554e-171,309.9243880381809,283.1755744884901
2024-09-19 07:20:00,220.0,-1.618190928918554e-171,344.48655873701114,283.1755744884901
2024-09-19 07:25:00,255.1999969,-1.618190928918554e-171,380.596564952635,232.90443141488066
2024-09-19 07:30:00,287.8999939,-1.618190928918554e-171,418.1974874519503,232.90443141488066
2024-09-19 07:35:00,330.7000122,-1.618190928918554e-171,457.2249800740045,232.90443141488066
2024-09-19 07:40:00,439.7999878,-1.618190928918554e-171,497.60753000370676,232.90443141488066
2024-09-19 07:45:00,498.2999878,-1.618190928918554e-171,539.2667629089635,370.2080221386114
2024-09-19 07:50:00,550.0999756,-1.618190928918554e-171,582.117790563644,407.7909094919969
2024-09-19 07:55:00,632.2000122,-1.618190928918554e-171,626.0695991200648,462.81254491614976
2024-09-19 08:00:00,711.9000244,-1.618190928918554e-171,671.0254757102107,1010.9581890768624
2024-09-19 08:05:00,680.9333496,-1.618190928918554e-171,716.8834699612501,892.922635726629
2024-09-19 08:10:00,812.4000244,-1.618190928918554e-171,763.5368887248121,872.0415732548196
2024-09-19 08:15:00,863.0999756,-1.618190928918554e-171,810.874819551326,872.768713143302
2024-09-19 08:20:00,846.0,-1.618190928918554e-171,858.7826805056085,863.3923711896449
2024-09-19 08:25:00,983.0999756,-1.618190928918554e-171,907.1427922365616,863.3923711896449
2024-09-19 08:30:00,939.333313,-1.618190928918554e-171,955.834968745906,862.3005640060893
2024-09-19 08:35:00,1095.800049,-1.618190928918554e-171,1004.7371231527045,876.8512507054033
2024-09-19 08:40:00,1176.099976,-1.618190928918554e-171,1053.7258840356967,857.2652663413867
2024-09-19 08:45:00,1147.266602,-1.618190928918554e-171,1102.6772192220387,851.6347959560215
2024-09-19 08:50:00,1192.266724,-1.618190928918554e-171,1151.4670616649437,845.3981442876154
2024-09-19 08:55:00,1230.466675,-1.618190928918554e-171,1199.9719346929805,844.2276999511711
2024-09-19 09:00:00,1289.299927,-1.618190928918554e-171,1248.0695715772797,1296.437205373321
2024-09-19 09:05:00,1346.366699,-1.618190928918554e-171,1295.6395259555325,1296.437205373321
2024-09-19 09:10:00,1397.133301,-1.618190928918554e-171,1342.5637685924403,1296.437205373321
2024-09-19 09:15:00,1441.933228,-1.618190928918554e-171,1388.7272672730999,1302.3406140274797
2024-09-19 09:20:00,1481.5,-1.618190928918554e-171,1434.0185455923638,1305.8952466171831
2024-09-19 09:25:00,1520.900024,-1.618190928918554e-171,1478.3302171963935,1307.627287338739
2024-09-19 09:30:00,1562.666626,-1.618190928918554e-171,1521.5594923722822,1342.7183598905797
2024-09-19 09:35:00,1603.766602,-1.618190928918554e-171,1563.608652891783,1357.9145766955255
2024-09-19 09:40:00,1643.633423,-1.618190928918554e-171,1604.3854934432677,1392.9182988718744
2024-09-19 09:45:00,1680.200073,-1.618190928918554e-171,1643.803725617983,1349.7229227344658
2024-09-19 09:50:00,1716.033325,-1.618190928918554e-171,1681.783342897146,1350.5821625233175
2024-09-19 09:55:00,1751.633301,-1.618190928918554e-171,1718.2509439543119,1337.7415654257045
2024-09-19 10:00:00,1783.300171,-1.618190928918554e-171,1753.1400125267742,1551.5517352812035
2024-09-19 10:05:00,1812.533203,-1.618190928918554e-171,1786.3911523784832,1534.7569504194655
2024-09-19 10:10:00,1841.466675,-1.618190928918554e-171,1817.9522756951908,1542.0249501984656
2024-09-19 10:15:00,1878.966797,-1.618190928918554e-171,1847.7787446903844,1561.3124963712405
2024-09-19 10:20:00,1921.266724,-1.618190928918554e-171,1875.833464844719,1593.305508171144
2024-09-19 10:25:00,1961.133301,-1.618190928918554e-171,1902.0869304861474,1626.3236353591042
2024-09-19 10:30:00,1992.5,-1.618190928918554e-171,1926.517222133539,1674.877821851939
2024-09-19 10:35:00,2016.166626,-1.618190928918554e-171,1949.1099562539423,1682.0281614275664
2024-09-19 10:40:00,2035.666626,-1.618190928918554e-171,1969.8581882233186,1681.2126429714795
2024-09-19 10:45:00,2049.199951,-1.618190928918554e-171,1988.762269343134,1691.4714915230038
2024-09-19 10:50:00,2056.533447,-1.618190928918554e-171,2005.8296596029354,1685.1529916935951
2024-09-19 10:55:00,2058.666748,-1.618190928918554e-171,2021.0746976413095,1673.2506880887731
2024-09-19 11:00:00,2058.699951,-1.618190928918554e-171,2034.5183301139982,1674.294445343411
2024-09-19 11:05:00,2058.400146,-1.618190928918554e-171,2046.1878023972265,1651.3939329617708
2024-09-19 11:10:00,2058.033203,-1.618190928918554e-171,2056.116313661322,1648.9219885305608
2024-09-19 11:15:00,2058.633301,-1.618190928918554e-171,2064.342638595507,1649.4866150064497
2024-09-19 11:20:00,2059.133545,-1.618190928918554e-171,2070.910719126549,1658.5978013023805
2024-09-19 11:25:00,2060.366455,-1.618190928918554e-171,2075.8692291482016,1649.6781243855291
2024-09-19 11:30:00,2060.699951,-1.618190928918554e-171,2079.271115691775,1687.6550284127939
2024-09-19 11:35:00,2061.766602,-1.618190928918554e-171,2081.173120051087,1687.6550284127939
2024-09-19 11:40:00,2062.199951,-1.618190928918554e-171,2081.635282482804,1678.3110283076069
2024-09-19 11:45:00,2062.166748,-1.618190928918554e-171,2080.720434260301,1680.0682444542733
2024-09-19 11:50:00,2060.033447,-1.618190928918554e-171,2078.4936808018565,1692.4988025221462
2024-09-19 11:55:00,2058.466553,-1.618190928918554e-171,2075.0218798603137,1666.3289873085394
2024-09-19 12:00:00,2057.366699,-1.618190928918554e-171,2070.3731184186877,1735.3627939315586
2024-09-19 12:05:00,2058.06665,-1.618190928918554e-171,2064.616192375284,1771.5126560477079
2024-09-19 12:10:00,2058.0,-1.618190928918554e-171,2057.8200925448,1780.3432713608304
2024-09-19 12:15:00,2058.199951,-1.618190928918554e-171,2050.0535009395203,1780.3432713608304
2024-09-19 12:20:00,2058.133301,-1.618190928918554e-171,2041.3843007572862,1796.8329637449224
2024-09-19 12:25:00,2058.599854,-1.618190928918554e-171,2031.8791036767793,1832.937785483133
2024-09-19 12:30:00,2060.233398,-1.618190928918554e-171,2021.6027976729495,1878.9010503860236
2024-09-19 12:35:00,2060.93335,-1.618190928918554e-171,2010.6181187402003,1922.88740993445
2024-09-19 12:40:00,2061.133301,-1.618190928918554e-171,1998.9852491914758,1953.0080896411375
2024-09-19 12:45:00,2059.900146,-1.618190928918554e-171,1986.7614454319685,1972.7213567857289
2024-09-19 12:50:00,2060.400146,-1.618190928918554e-171,1974.000697783646,1958.4222150095832
2024-09-19 12:55:00,2060.366455,-1.618190928918554e-171,1960.7534243359287,1853.2764478327167
2024-09-19 13:00:00,2061.166748,-1.618190928918554e-171,1947.066201112581,1666.1858160633294
2024-09-19 13:05:00,2060.766602,-1.618190928918554e-171,1932.9815298975702,1648.1802847742708
2024-09-19 13:10:00,2061.800049,-1.618190928918554e-171,1918.5376454621103,1580.9947763840216
2024-09-19 13:15:00,2060.966797,-1.618190928918554e-171,1903.7683628364282,1538.88216218575
2024-09-19 13:20:00,2060.06665,-1.618190928918554e-171,1888.7029658861918,1470.8034976766191
2024-09-19 13:25:00,2058.099854,-1.618190928918554e-171,1873.3661371414764,1343.4758386737708
2024-09-19 13:30:00,2057.733398,-1.618190928918554e-171,1857.777929323802,1368.3869885205004
2024-09-19 13:35:00,2057.56665,-1.618190928918554e-171,1841.953778254911,1344.30279873557
2024-09-19 13:40:00,2057.866699,-1.618190928918554e-171,1825.9045565768752,1402.005815583026
2024-09-19 13:45:00,2058.800049,-1.618190928918554e-171,1809.6366676423788,1343.0385089385306
2024-09-19 13:50:00,2060.133301,-1.618190928918554e-171,1793.152178152886,1319.8404223310579
2024-09-19 13:55:00,2061.533447,-1.618190928918554e-171,1776.4489884172986,1346.3346209872568
2024-09-19 14:00:00,2060.733398,-1.618190928918554e-171,1759.5210381811578,1396.5932351121946
2024-09-19 14:05:00,2059.833252,-1.618190928918554e-171,1742.3585465120823,1363.87066651511
2024-09-19 14:10:00,2058.166748,-1.618190928918554e-171,1724.9482829987926,1332.5749162866425
2024-09-19 14:15:00,2057.866699,-1.618190928918554e-171,1707.2738680950265,1272.7284830479364
2024-09-19 14:20:00,2057.033447,-1.618190928918554e-171,1689.3160999642107,1160.1100729159516
2024-09-19 14:25:00,2057.533447,-1.618190928918554e-171,1671.0533047383622,1110.3095289112055
2024-09-19 14:30:00,2056.699951,-1.618190928918554e-171,1652.4617073262118,1237.1802801022861
2024-09-19 14:35:00,2057.033447,-1.618190928918554e-171,1633.5158195261097,1196.260596518462
2024-09-19 14:40:00,2052.966553,-1.618190928918554e-171,1614.1888420808984,1210.2011162220622
2024-09-19 14:45:00,2047.566528,-1.618190928918554e-171,1594.4530773992901,1267.7230233495798
2024-09-19 14:50:00,2039.966675,-1.618190928918554e-171,1574.2803493313434,1283.521957461618
2024-09-19 14:55:00,2019.666626,-1.618190928918554e-171,1553.642426612533,1254.2843302361389
2024-09-19 15:00:00,1985.366699,-1.618190928918554e-171,1532.5114463061298,1128.5701035959255
2024-09-19 15:05:00,1946.166626,-1.618190928918554e-171,1510.860333872563,1160.7533533755984
2024-09-19 15:10:00,1922.633301,-1.618190928918554e-171,1488.6632162408569,1193.1100708707338
2024-09-19 15:15:00,1905.333374,-1.618190928918554e-171,1465.8958246992124,1281.5331846524873
2024-09-19 15:20:00,1875.766602,-1.618190928918554e-171,1442.5358840084398,1287.018625140486
2024-09-19 15:25:00,1839.133301,-1.618190928918554e-171,1418.5634847854324,1300.4693548364046
2024-09-19 15:30:00,1750.633301,-1.618190928918554e-171,1393.961435814969,1335.437669353592
2024-09-19 15:35:00,1711.866699,-1.618190928918554e-171,1368.7155939210368,1379.9554369363207
2024-09-19 15:40:00,1658.333374,-1.618190928918554e-171,1342.815168043628,1369.3081723713203
2024-09-19 15:45:00,1668.266602,-1.618190928918554e-171,1316.2529954298743,1348.017992889163
2024-09-19 15:50:00,1624.099976,-1.618190928918554e-171,1289.0257877195238,1378.434837274594
2024-09-19 15:55:00,1585.5,-1.618190928918554e-171,1261.1343446112235,1374.8574346467153
2024-09-19 16:00:00,1521.300171,-1.618190928918554e-171,1232.5837335894846,1219.3293341737988
2024-09-19 16:05:00,1467.366577,-1.618190928918554e-171,1203.38343414377,1234.0012130992445
2024-09-19 16:10:00,1408.733398,-1.618190928918554e-171,1173.5474451934579,1184.973224084683
2024-09-19 16:15:00,1366.366577,-1.618190928918554e-171,1143.0943549922847,1146.5564253884893
2024-09-19 16:20:00,1319.166626,-1.618190928918554e-171,1112.0473726640478,1067.7699151296647
2024-09-19 16:25:00,1284.799927,-1.618190928918554e-171,1080.4343213078412,1169.034339529018
2024-09-19 16:30:00,1237.633301,-1.618190928918554e-171,1048.2875923588285,932.2581460792651
2024-09-19 16:35:00,1193.466675,-1.618190928918554e-171,1015.6440617561447,913.5421809159427
2024-09-19 16:40:00,1124.033325,-1.618190928918554e-171,982.5449684062761,898.6446268376803
2024-09-19 16:45:00,1048.900024,-1.618190928918554e-171,949.0357557271243,907.7869258705501
2024-09-19 16:50:00,962.9333496,-1.618190928918554e-171,915.1658777600964,934.4271968252834
2024-09-19 16:55:00,900.4333496,-1.618190928918554e-171,880.988570929911,1030.7577689569848
2024-09-19 17:00:00,844.0333862,-1.618190928918554e-171,846.5605932246499,707.5168600834908
2024-09-19 17:05:00,791.5,-1.618190928918554e-171,811.9419332704502,694.7961777834453
2024-09-19 17:10:00,728.4332886,-1.618190928918554e-171,777.1954907657527,845.0163615372243
2024-09-19 17:15:00,671.166687,-1.618190928918554e-171,742.386731064171,727.070540268362
2024-09-19 17:20:00,620.833313,-1.618190928918554e-171,707.5833167983375,866.7398641341952
2024-09-19 17:25:00,576.333313,-1.618190928918554e-171,672.8547187950774,723.7428094363016
2024-09-19 17:30:00,529.333313,-1.618190928918554e-171,638.2718096611321,726.1670890264047
2024-09-19 17:35:00,478.4666443,-1.618190928918554e-171,603.9064430038209,769.6925256939003
2024-09-19 17:40:00,430.6999817,-1.618190928918554e-171,569.8310214077868,775.2293314210668
2024-09-19 17:45:00,389.7333069,-1.618190928918554e-171,536.1180566869707,781.1493432428288
2024-09-19 17:50:00,362.7666321,-1.618190928918554e-171,502.83972550574396,776.0738768109721
2024-09-19 17:55:00,327.2666626,-1.618190928918554e-171,470.06742401989436,767.4519232515034
2024-09-19 18:00:00,294.5666809,-1.618190928918554e-171,437.87132460601066,352.4901327288392
2024-09-19 18:05:00,254.3333282,-1.618190928918554e-171,406.3199383806815,350.4432717151885
2024-09-19 18:10:00,240.8499756,-1.618190928918554e-171,375.47968663953515,343.3840853777019
2024-09-19 18:15:00,201.5499878,-1.618190928918554e-171,345.41448446227355,377.23405248290004
2024-09-19 18:20:00,157.9500122,-1.618190928918554e-171,316.18533988956966,375.9575337756778
2024-09-19 18:25:00,117.2500076,-1.618190928918554e-171,287.84997137212093,247.55864971205162
2024-09-19 18:30:00,86.5,-1.618190928918554e-171,260.4624464581141,283.291205767196
2024-09-19 18:35:00,64.69999695,-1.618190928918554e-171,234.0728448947953,279.12345977098306
2024-09-19 18:40:00,48.0,-1.618190928918554e-171,208.72694796538283,264.0686082007188
2024-09-19 18:45:00,35.75,-1.618190928918554e-171,184.4659568734299,264.70723037258546
2024-09-19 18:50:00,26.29999924,-1.618190928918554e-171,161.32624229249274,246.44057861066375
2024-09-19 18:55:00,18.25,-1.618190928918554e-171,139.33912669034208,248.07318126620768
2024-09-19 19:00:00,13.19999981,-1.618190928918554e-171,118.53070123996731,51.998834178156685
2024-09-19 19:05:00,0.0,-1.618190928918554e-171,98.9216786619239,44.319737314224724
2024-09-19 19:10:00,0.0,-1.618190928918554e-171,80.52728293041872,43.132037504699404
2024-09-19 19:15:00,0.0,-1.618190928918554e-171,63.35717684727779,41.9376057948349
2024-09-19 19:20:00,0.0,-1.618190928918554e-171,47.41542779000908,41.45501218482369
2024-09-19 19:25:00,0.0,-1.618190928918554e-171,32.70051198161251,36.27544453627771
2024-09-19 19:30:00,0.0,-1.618190928918554e-171,19.205357063239877,30.303611603991
2024-09-19 19:35:00,0.0,-1.618190928918554e-171,6.917422703641728,30.748910839579086
2024-09-19 19:40:00,0.0,-1.618190928918554e-171,-4.181181476236567,30.26236137739375
2024-09-19 19:45:00,0.0,-1.618190928918554e-171,-14.11354166258549,23.02625617769614
2024-09-19 19:50:00,0.0,-1.618190928918554e-171,-22.907750371217006,22.644874714100588
2024-09-19 19:55:00,0.0,-1.618190928918554e-171,-30.59668348179912,18.077294914061774
2024-09-19 20:00:00,0.0,-1.618190928918554e-171,-37.21774530938757,7.544747748589207
2024-09-19 20:05:00,0.0,-1.618190928918554e-171,-42.81258378852309,7.544747748589207
2024-09-19 20:10:00,0.0,-1.618190928918554e-171,-47.42677805425334,7.669018108905872
2024-09-19 20:15:00,0.0,-1.618190928918554e-171,-51.10950075028656,6.952229196492539
2024-09-19 20:20:00,0.0,-1.618190928918554e-171,-53.91315774237433,5.188656089561111
2024-09-19 20:25:00,0.0,-1.618190928918554e-171,-55.89300796114373,4.99506349245
2024-09-19 20:30:00,0.0,-1.618190928918554e-171,-57.10676637030065,4.99506349245
2024-09-19 20:35:00,0.0,-1.618190928918554e-171,-57.614193056297864,4.99506349245
2024-09-19 20:40:00,0.0,-1.618190928918554e-171,-57.47667161868454,4.827142845176985
2024-09-19 20:45:00,0.0,-1.618190928918554e-171,-56.75678003563447,4.869031730676984
2024-09-19 20:50:00,0.0,-1.618190928918554e-171,-55.517857363848,4.959790982593651
2024-09-19 20:55:00,0.0,-1.618190928918554e-171,-53.82356945835309,4.959790982593651
2024-09-19 21:00:00,0.0,-1.618190928918554e-171,-51.73747708182181,4.602673543210318
2024-09-19 21:05:00,0.0,-1.618190928918554e-171,-49.32260962740771,4.602673543210318
2024-09-19 21:10:00,0.0,-1.618190928918554e-171,-46.64104767316322,4.602673543210318
2024-09-19 21:15:00,0.0,-1.618190928918554e-171,-43.753517492143835,4.298988329486984
2024-09-19 21:20:00,0.0,-1.618190928918554e-171,-40.719000551863644,3.8451920699036504
2024-09-19 21:25:00,0.0,-1.618190928918554e-171,-37.594360893978134,3.662803170848095
2024-09-19 21:30:00,0.0,-1.618190928918554e-171,-34.43399311717291,2.7475253773569843
2024-09-19 21:35:00,0.0,-1.618190928918554e-171,-31.289493626958446,1.9942475935225397
2024-09-19 21:40:00,0.0,-1.618190928918554e-171,-28.209357421760927,1.2609872934095239
2024-09-19 21:45:00,0.0,-1.618190928918554e-171,-25.238702681858168,1.0925428485206348
2024-09-19 21:50:00,0.0,-1.618190928918554e-171,-22.419025072179217,0.0
2024-09-19 21:55:00,0.0,-1.618190928918554e-171,-19.787983494117828,0.0
2024-09-19 22:00:00,0.0,-1.618190928918554e-171,-17.379218719582536,0.0
2024-09-19 22:05:00,0.0,-1.618190928918554e-171,-15.222206115568417,0.0
2024-09-19 22:10:00,0.0,-1.618190928918554e-171,-13.342143373606884,0.0
2024-09-19 22:15:00,0.0,-1.618190928918554e-171,-11.759873864145332,0.0
2024-09-19 22:20:00,0.0,-1.618190928918554e-171,-10.491846017654478,0.0
2024-09-19 22:25:00,0.0,-1.618190928918554e-171,-9.550108708973273,0.0
2024-09-19 22:30:00,0.0,-1.618190928918554e-171,-8.94234250950654,0.0
2024-09-19 22:35:00,0.0,-1.618190928918554e-171,-8.671926229370403,0.0
2024-09-19 22:40:00,0.0,-1.618190928918554e-171,-8.738037989295693,0.0
2024-09-19 22:45:00,0.0,-1.618190928918554e-171,-9.135789738492768,0.0
2024-09-19 22:50:00,0.0,-1.618190928918554e-171,-9.856393888170121,0.0
2024-09-19 22:55:00,0.0,-1.618190928918554e-171,-10.887360461188239,0.0
2024-09-19 23:00:00,0.0,-1.618190928918554e-171,-12.21272294315571,0.0
2024-09-19 23:05:00,0.0,-1.618190928918554e-171,-13.813290723393559,0.0
2024-09-19 23:10:00,0.0,-1.618190928918554e-171,-15.6669259316494,0.0
2024-09-19 23:15:00,0.0,-1.618190928918554e-171,-17.748842096033215,0.0
2024-09-19 23:20:00,0.0,-1.618190928918554e-171,-20.03192210614033,0.0
2024-09-19 23:25:00,0.0,-1.618190928918554e-171,-22.487052554293992,0.0
2024-09-19 23:30:00,0.0,-1.618190928918554e-171,-25.083471640676898,0.0
2024-09-19 23:35:00,0.0,-1.618190928918554e-171,-27.789127549687528,0.0
2024-09-19 23:40:00,0.0,-1.618190928918554e-171,-30.57104420427303,0.0
2024-09-19 23:45:00,0.0,-1.618190928918554e-171,-33.39569123374701,0.0
2024-09-19 23:50:00,0.0,-1.618190928918554e-171,-36.229354921037874,0.0
2024-09-19 23:55:00,0.0,-1.618190928918554e-171,-39.03850698953368,0.0
2024-09-20 00:00:00,0.0,-1.618190928918554e-171,-41.79016791729953,0.0
2024-09-20 00:05:00,0.0,-1.618190928918554e-171,-44.45226181975732,0.0
2024-09-20 00:10:00,0.0,-1.618190928918554e-171,-46.9939595946899,0.0
2024-09-20 00:15:00,0.0,-1.618190928918554e-171,-49.386007596877505,0.0874444453
2024-09-20 00:20:00,0.0,-1.618190928918554e-171,-51.601038761423226,0.0874444453
2024-09-20 00:25:00,0.0,-1.618190928918554e-171,-53.61386361374381,0.0874444453
2024-09-20 00:30:00,0.0,-1.618190928918554e-171,-55.401738542156416,0.0874444453
2024-09-20 00:35:00,0.0,-1.618190928918554e-171,-56.94460897806401,0.0874444453
2024-09-20 00:40:00,0.0,-1.618190928918554e-171,-58.22532532732535,0.0874444453
2024-09-20 00:45:00,0.0,-1.618190928918554e-171,-59.229829704817675,0.0874444453
2024-09-20 00:50:00,0.0,-1.618190928918554e-171,-59.94731179454093,0.0874444453
2024-09-20 00:55:00,0.0,-1.618190928918554e-171,-60.3703323049498,0.0874444453
2024-09-20 01:00:00,0.0,-1.618190928918554e-171,-60.49491299685474,0.0874444453
2024-09-20 01:05:00,0.0,-1.618190928918554e-171,-60.320592151624346,0.0874444453
2024-09-20 01:10:00,0.0,-1.618190928918554e-171,-59.85044509906918,0.0874444453
2024-09-20 01:15:00,0.0,-1.618190928918554e-171,-59.091069230262725,0.0
2024-09-20 01:20:00,0.0,-1.618190928918554e-171,-58.052533654301214,0.0
2024-09-20 01:25:00,0.0,-1.618190928918554e-171,-56.74829360449982,0.0
2024-09-20 01:30:00,0.0,-1.618190928918554e-171,-55.19507022233088,0.0
2024-09-20 01:35:00,0.0,-1.618190928918554e-171,-53.41269650381285,0.0
2024-09-20 01:40:00,0.0,-1.618190928918554e-171,-51.42393054818394,0.0
2024-09-20 01:45:00,0.0,-1.618190928918554e-171,-49.25423749768218,0.0
2024-09-20 01:50:00,0.0,-1.618190928918554e-171,-46.931541809679025,0.0
2024-09-20 01:55:00,0.0,-1.618190928918554e-171,-44.48595182305375,0.0
2024-09-20 02:00:00,0.0,-1.618190928918554e-171,-41.949458676803914,0.0
2024-09-20 02:05:00,0.0,-1.618190928918554e-171,-39.35561208680288,0.0
2024-09-20 02:10:00,0.0,-1.618190928918554e-171,-36.73917543854256,0.0
2024-09-20 02:15:00,0.0,-1.618190928918554e-171,-34.135763043930574,0.0
2024-09-20 02:20:00,0.0,-1.618190928918554e-171,-31.58146245368756,0.0
2024-09-20 02:25:00,0.0,-1.618190928918554e-171,-29.112444937498438,0.0
2024-09-20 02:30:00,0.0,-1.618190928918554e-171,-26.764567287192854,0.0
2024-09-20 02:35:00,0.0,-1.618190928918554e-171,-24.57296826113762,0.0
2024-09-20 02:40:00,0.0,-1.618190928918554e-171,-22.571663019860317,0.0
2024-09-20 02:45:00,0.0,-1.618190928918554e-171,-20.79313894051733,0.0
2024-09-20 02:50:00,0.0,-1.618190928918554e-171,-19.267956271068115,0.0
2024-09-20 02:55:00,0.0,-1.618190928918554e-171,-18.024356968720383,0.0
2024-09-20 03:00:00,0.0,-1.618190928918554e-171,-17.087885148412298,0.0
2024-09-20 03:05:00,0.0,-1.618190928918554e-171,-16.481022417731317,0.0
2024-09-20 03:10:00,0.0,-1.618190928918554e-171,-16.222841325004154,0.0
2024-09-20 03:15:00,0.0,-1.618190928918554e-171,-16.328680021889188,0.0
2024-09-20 03:20:00,0.0,-1.618190928918554e-171,-16.809841102562345,0.0
2024-09-20 03:25:00,0.0,-1.618190928918554e-171,-17.67331740857259,0.0
2024-09-20 03:30:00,0.0,-1.618190928918554e-171,-18.92154742127117,0.0
2024-09-20 03:35:00,0.0,-1.618190928918554e-171,-20.5522026392039,0.0
2024-09-20 03:40:00,0.0,-1.618190928918554e-171,-22.558009109350607,0.0
2024-09-20 03:45:00,0.0,-1.618190928918554e-171,-24.9266050507276,0.0
2024-09-20 03:50:00,0.0,-1.618190928918554e-171,-27.640436225781514,0.0
2024-09-20 03:55:00,0.0,-1.618190928918554e-171,-30.67669047013848,0.0
2024-09-20 04:00:00,0.0,-1.618190928918554e-171,-34.00727243655356,0.0
2024-09-20 04:05:00,0.0,-1.618190928918554e-171,-37.598819412915205,0.0
2024-09-20 04:10:00,0.0,-1.618190928918554e-171,-41.41275865492183,0.0
2024-09-20 04:15:00,0.0,-1.618190928918554e-171,-45.405406486004324,0.0
2024-09-20 04:20:00,0.0,-1.618190928918554e-171,-49.528108878048116,0.0
2024-09-20 04:25:00,0.0,-1.618190928918554e-171,-53.72742330740408,0.0
2024-09-20 04:30:00,0.0,-1.618190928918554e-171,-57.945340853308885,0.0
2024-09-20 04:35:00,0.0,-1.618190928918554e-171,-62.11954765330555,0.0
2024-09-20 04:40:00,0.0,-1.618190928918554e-171,-66.18372423681308,0.0
2024-09-20 04:45:00,0.0,-1.618190928918554e-171,-70.06788108320607,0.0
2024-09-20 04:50:00,0.0,-1.618190928918554e-171,-73.69872845159679,0.0
2024-09-20 04:55:00,0.0,-1.618190928918554e-171,-77.0000781851612,0.0
2024-09-20 05:00:00,0.0,-1.618190928918554e-171,-79.89327510850833,0.0
2024-09-20 05:05:00,0.0,-1.618190928918554e-171,-82.2976550950859,0.0
2024-09-20 05:10:00,0.0,-1.618190928918554e-171,-84.13102710088513,0.0
2024-09-20 05:15:00,0.0,-1.618190928918554e-171,-85.31017571451484,0.0
2024-09-20 05:20:00,0.0,-1.618190928918554e-171,-85.75138117020089,0.0
2024-09-20 05:25:00,0.0,-1.618190928918554e-171,-85.37095307420842,0.0
2024-09-20 05:30:00,0.0,-1.618190928918554e-171,-84.08577443705383,0.0
2024-09-20 05:35:00,0.0,-1.618190928918554e-171,-81.8138521420947,0.0
2024-09-20 05:40:00,0.0,-1.618190928918554e-171,-78.47487012090347,0.0
2024-09-20 05:45:00,0.0,-1.618190928918554e-171,-73.99074134673113,0.0
2024-09-20 05:50:00,0.0,-1.618190928918554e-171,-68.28615482149768,0.0
2024-09-20 05:55:00,0.0,-1.618190928918554e-171,-61.2891136447819,0.0
2024-09-20 06:00:00,0.0,-1.618190928918554e-171,-52.93146033311787,90.00900509842694
2024-09-20 06:05:00,0.0,-1.618190928918554e-171,-43.149385718143705,90.12247735263249
2024-09-20 06:10:00,0.0,-1.618190928918554e-171,-31.88391759647721,92.16758063037645
2024-09-20 06:15:00,0.0,-1.618190928918554e-171,-19.08138574001624,88.50827565529205
2024-09-20 06:20:00,0.0,-1.618190928918554e-171,-4.693859690560679,65.7650115124106
2024-09-20 06:25:00,0.0,-1.618190928918554e-171,11.320443667649867,61.53345594320174
2024-09-20 06:30:00,0.0,-1.618190928918554e-171,28.99678614894925,51.978948663563344
2024-09-20 06:35:00,0.0,-1.618190928918554e-171,48.36357027657745,52.158304228974444
2024-09-20 06:40:00,0.0,-1.618190928918554e-171,69.44204032398152,50.71395178437762
2024-09-20 06:45:00,0.0,-1.618190928918554e-171,92.24602439521684,47.009262849222075
2024-09-20 06:50:00,65.5,-1.618190928918554e-171,116.78171969914028,44.13838345292985
2024-09-20 06:55:00,89.19999695,-1.618190928918554e-171,143.04752284928145,40.70831352029787
2024-09-20 07:00:00,115.9000015,-1.618190928918554e-171,171.0339064174083,348.0587223327385
2024-09-20 07:05:00,144.0,-1.618190928918554e-171,200.72334315295447,348.0587223327385
2024-09-20 07:10:00,177.0,-1.618190928918554e-171,232.0902784627402,294.70300727577086
2024-09-20 07:15:00,250.3999939,-1.618190928918554e-171,265.10115189272796,294.70300727577086
2024-09-20 07:20:00,248.3999939,-1.618190928918554e-171,299.71446717912346,284.18160579121496
2024-09-20 07:25:00,245.1666718,-1.618190928918554e-171,335.8809114221152,284.18160579121496
2024-09-20 07:30:00,311.7000122,-1.618190928918554e-171,373.54352239507335,257.9792596172878
2024-09-20 07:35:00,350.5,-1.618190928918554e-171,412.63790297688104,257.9792596172878
2024-09-20 07:40:00,381.2000122,-1.618190928918554e-171,453.0924819559634,262.30706263482887
2024-09-20 07:45:00,615.5999756,-1.618190928918554e-171,494.8288193058658,350.7819728494329
2024-09-20 07:50:00,618.9499512,-1.618190928918554e-171,537.761954206063,383.9163822343267
2024-09-20 07:55:00,618.1999512,-1.618190928918554e-171,581.8007937934217,426.63120687565095
2024-09-20 08:00:00,718.9000244,-1.618190928918554e-171,626.8485399033768,864.9285794982474
2024-09-20 08:05:00,673.333374,-1.618190928918554e-171,672.8031514826788,858.7875255167419
2024-09-20 08:10:00,791.4000244,-1.618190928918554e-171,719.5578393529947,877.1588438709557
2024-09-20 08:15:00,848.7000122,-1.618190928918554e-171,767.001590553081,873.074502618325
2024-09-20 08:20:00,825.9667358,-1.618190928918554e-171,815.0197185141275,866.4601029380603
2024-09-20 08:25:00,934.5,-1.618190928918554e-171,863.4944358652981,870.7911606875651
2024-09-20 08:30:00,881.2333984,-1.618190928918554e-171,912.305445624219,853.2989705066917
2024-09-20 08:35:00,1155.800049,-1.618190928918554e-171,961.3305475874669,840.4481495423444
2024-09-20 08:40:00,1166.949951,-1.618190928918554e-171,1010.4462554124004,832.9024098732748
2024-09-20 08:45:00,1178.033325,-1.618190928918554e-171,1059.52842094282,819.6740879826635
2024-09-20 08:50:00,1207.566528,-1.618190928918554e-171,1108.452860721725,810.0734271227956
2024-09-20 08:55:00,1245.766724,-1.618190928918554e-171,1157.0959818381773,839.1560514387298
2024-09-20 09:00:00,1292.43335,-1.618190928918554e-171,1205.3354022814124,1352.4207064934897
2024-09-20 09:05:00,1342.06665,-1.618190928918554e-171,1253.0505616418657,1361.615367287545
2024-09-20 09:10:00,1392.233398,-1.618190928918554e-171,1300.123318802468,1356.7594359773548
2024-09-20 09:15:00,1442.666626,-1.618190928918554e-171,1346.4385322450155,1326.9526397928673
2024-09-20 09:20:00,1490.566772,-1.618190928918554e-171,1391.8846194018856,1326.9526397928673
2024-09-20 09:25:00,1536.566772,-1.618190928918554e-171,1436.3540915853498,1338.7558871948825
2024-09-20 09:30:00,1582.099976,-1.618190928918554e-171,1479.744060748127,1343.0722309231048
2024-09-20 09:35:00,1625.733276,-1.618190928918554e-171,1521.9567152542143,1340.4922748887716
2024-09-20 09:40:00,1666.766602,-1.618190928918554e-171,1562.899761307621,1282.6906287182799
2024-09-20 09:45:00,1704.033325,-1.618190928918554e-171,1602.4868276656955,1267.6494996587132
2024-09-20 09:50:00,1739.466797,-1.618190928918554e-171,1640.637830844498,1244.4016146940864
2024-09-20 09:55:00,1772.233398,-1.618190928918554e-171,1677.2792987492708,1177.7377727449755
2024-09-20 10:00:00,1804.266602,-1.618190928918554e-171,1712.3446509477378,1660.3761198492502
2024-09-20 10:05:00,1837.800171,-1.618190928918554e-171,1745.7744336239832,1702.589114349865
2024-09-20 10:10:00,1873.966675,-1.618190928918554e-171,1777.5165084048308,1660.3588977592503
2024-09-20 10:15:00,1909.533203,-1.618190928918554e-171,1807.5261939858096,1661.7929970144357
2024-09-20 10:20:00,1941.066528,-1.618190928918554e-171,1835.7663594888393,1655.360636654836
2024-09-20 10:25:00,1970.900024,-1.618190928918554e-171,1862.2074700654166,1613.8660325837116
2024-09-20 10:30:00,1999.666626,-1.618190928918554e-171,1886.827584312749,1613.8660325837116
2024-09-20 10:35:00,2024.933228,-1.618190928918554e-171,1909.612303884071,1607.9623855526327
2024-09-20 10:40:00,2044.166626,-1.618190928918554e-171,1930.5546763662155,1593.6786916607805
2024-09-20 10:45:00,2053.866699,-1.618190928918554e-171,1949.6550522241614,1579.026663165571
2024-09-20 10:50:00,2059.200195,-1.618190928918554e-171,1966.9208973030452,1573.4995008749995
2024-09-20 10:55:00,2059.899902,-1.618190928918554e-171,1982.3665626273782,1572.071151517571
2024-09-20 11:00:00,2059.833252,-1.618190928918554e-171,1996.0130133781402,1599.429273067531
2024-09-20 11:05:00,2058.93335,-1.618190928918554e-171,2007.8875194448087,1593.4933942336422
2024-09-20 11:10:00,2058.266602,-1.618190928918554e-171,2018.0233100078708,1671.0801235169881
2024-09-20 11:15:00,2059.533203,-1.618190928918554e-171,2026.4591949698206,1665.3665266081762
2024-09-20 11:20:00,2060.499756,-1.618190928918554e-171,2033.2391562503694,1670.728940462995
2024-09-20 11:25:00,2061.833252,-1.618190928918554e-171,2038.4119120456821,1619.2295147133693
2024-09-20 11:30:00,2062.466553,-1.618190928918554e-171,2042.0304575918578,1628.6536053703692
2024-09-20 11:35:00,2063.06665,-1.618190928918554e-171,2044.1515857560794,1632.4059966785035
2024-09-20 11:40:00,2063.633301,-1.618190928918554e-171,2044.8353912791947,1590.6961897666672
2024-09-20 11:45:00,2062.633301,-1.618190928918554e-171,2044.1447622906269,1586.62089801736
2024-09-20 11:50:00,2061.533447,-1.618190928918554e-171,2042.1448629589413,1565.9696951761457
2024-09-20 11:55:00,2059.099854,-1.618190928918554e-171,2038.9026111064193,1610.7439020604106
2024-09-20 12:00:00,2057.833252,-1.618190928918554e-171,2034.4861546256395,1584.3403500918032
2024-09-20 12:05:00,2056.699951,-1.618190928918554e-171,2028.9643506168136,1591.9297155433364
2024-09-20 12:10:00,2057.399902,-1.618190928918554e-171,2022.4062508807297,1603.6172388481757
2024-09-20 12:15:00,2058.233398,-1.618190928918554e-171,2014.8805977136133,1603.6172388481757
2024-09-20 12:20:00,2059.233398,-1.618190928918554e-171,2006.4553333623876,1603.6172388481757
2024-09-20 12:25:00,2058.333252,-1.618190928918554e-171,1997.197126874672,1642.3867485227959
2024-09-20 12:30:00,2057.766846,-1.618190928918554e-171,1987.1709214911623,1642.3867485227959
2024-09-20 12:35:00,2056.966553,-1.618190928918554e-171,1976.4395058577534,1653.1392171859238
2024-09-20 12:40:00,1997.400024,-1.618190928918554e-171,1965.0631119935879,1677.1554769149452
2024-09-20 12:45:00,2000.966797,-1.618190928918554e-171,1953.09904269341,1739.565163993181
2024-09-20 12:50:00,1962.166626,-1.618190928918554e-171,1940.6013309438788,1829.1436100814426
2024-09-20 12:55:00,2023.433228,-1.618190928918554e-171,1927.6204335577715,1845.9893083270515
2024-09-20 13:00:00,2020.599976,-1.618190928918554e-171,1914.2029609723763,1822.290793349794
2024-09-20 13:05:00,2060.5,-1.618190928918554e-171,1900.3914449440815,1768.9212898230608
2024-09-20 13:10:00,2060.100098,-1.618190928918554e-171,1886.2241455200542,1820.7944124520313
2024-09-20 13:15:00,2061.649902,-1.618190928918554e-171,1871.734898167875,1804.7067643260546
2024-09-20 13:20:00,2061.049805,-1.618190928918554e-171,1856.9530022491508,1795.868449754708
2024-09-20 13:25:00,2055.799805,-1.618190928918554e-171,1841.9031507770685,1759.5456923389938
2024-09-20 13:30:00,2049.599854,-1.618190928918554e-171,1826.605401925835,1654.501647737808
2024-09-20 13:35:00,2045.633423,-1.618190928918554e-171,1811.0751918977433,1633.9799402604026
2024-09-20 13:40:00,2051.233398,-1.618190928918554e-171,1795.3233888136544,1450.2581438882494
2024-09-20 13:45:00,2056.200195,-1.618190928918554e-171,1779.3563865710796,1382.2721086392341
2024-09-20 13:50:00,1976.166626,-1.618190928918554e-171,1763.1762377123125,1312.7368081293534
2024-09-20 13:55:00,1933.199951,-1.618190928918554e-171,1746.7808237587908,1262.8962486385906
2024-09-20 14:00:00,1795.349854,-1.618190928918554e-171,1730.1640613883194,856.0949912439538
2024-09-20 14:05:00,2067.399902,-1.618190928918554e-171,1713.3161423970205,808.2489202135584
2024-09-20 14:10:00,1925.433228,-1.618190928918554e-171,1696.2238052870819,812.6881680429935
2024-09-20 14:15:00,1895.099976,-1.618190928918554e-171,1678.8706359030612,782.7722063189693
2024-09-20 14:20:00,2051.300049,-1.618190928918554e-171,1661.237394545163,742.481049719519
2024-09-20 14:25:00,1932.033325,-1.618190928918554e-171,1643.3023666407921,652.7875210984042
2024-09-20 14:30:00,2052.0,-1.618190928918554e-171,1625.0417338645887,579.3617100751854
2024-09-20 14:35:00,2053.199951,-1.618190928918554e-171,1606.4299627017267,588.4484191586503
2024-09-20 14:40:00,2048.466553,-1.618190928918554e-171,1587.4402069239675,513.3568913566818
2024-09-20 14:45:00,2045.666626,-1.618190928918554e-171,1568.0447205956264,515.1966172354024
2024-09-20 14:50:00,2033.0,-1.618190928918554e-171,1548.2152784517866,501.98432655699486
2024-09-20 14:55:00,2025.433228,-1.618190928918554e-171,1527.9235996269545,485.0715922636616
2024-09-20 15:00:00,2016.150024,-1.618190928918554e-171,1507.1417716010526,369.62571757905374
2024-09-20 15:05:00,1947.750122,-1.618190928918554e-171,1485.842670610419,399.36780469849293
2024-09-20 15:10:00,1877.049927,-1.618190928918554e-171,1464.0003752717791,427.6901553259173
2024-09-20 15:15:00,1858.0,-1.618190928918554e-171,1441.590569740745,338.5342772526507
2024-09-20 15:20:00,1827.933228,-1.618190928918554e-171,1418.590933285938,348.555104766156
2024-09-20 15:25:00,1804.899902,-1.618190928918554e-171,1394.9815130301592,352.3465461820853
2024-09-20 15:30:00,1749.149902,-1.618190928918554e-171,1370.7450766339425,355.9382195580455
2024-09-20 15:35:00,1720.300049,-1.618190928918554e-171,1345.867442481438,351.13171646222
2024-09-20 15:40:00,1701.766602,-1.618190928918554e-171,1320.3377840174967,354.8631112651298
2024-09-20 15:45:00,1672.900024,-1.618190928918554e-171,1294.1489063603922,345.0313290515333
2024-09-20 15:50:00,1607.433228,-1.618190928918554e-171,1267.2974924792534,338.3506830760242
2024-09-20 15:55:00,1557.033325,-1.618190928918554e-171,1239.7843171738186,328.9509184452686
2024-09-20 16:00:00,1496.666626,-1.618190928918554e-171,1211.6144268982011,354.6934897570607
2024-09-20 16:05:00,1440.099976,-1.618190928918554e-171,1182.7972842106517,345.1248972249394
2024-09-20 16:10:00,1371.399902,-1.618190928918554e-171,1153.3468753330842,320.98367997834157
2024-09-20 16:15:00,1310.099976,-1.618190928918554e-171,1123.2817799404513,320.4370617133875
2024-09-20 16:20:00,1256.966675,-1.618190928918554e-171,1092.6252029859909,331.0868269081558
2024-09-20 16:25:00,1189.93335,-1.618190928918554e-171,1061.4049676177196,334.7812526654168
2024-09-20 16:30:00,1110.233276,-1.618190928918554e-171,1029.6534695654016,323.3635464048762
2024-09-20 16:35:00,1029.333374,-1.618190928918554e-171,997.407593172392,323.90097699036346
2024-09-20 16:40:00,976.2000122,-1.618190928918554e-171,964.7085898153108,287.0663293180104
2024-09-20 16:45:00,941.0,-1.618190928918554e-171,931.6019193005421,299.1000798457881
2024-09-20 16:50:00,904.4333496,-1.618190928918554e-171,898.1370556787347,311.2283517702928
2024-09-20 16:55:00,847.2666016,-1.618190928918554e-171,864.3672588603816,359.228663068015
2024-09-20 17:00:00,785.9332886,-1.618190928918554e-171,830.3493135150093,491.97306685444977
2024-09-20 17:05:00,726.2999878,-1.618190928918554e-171,796.1432378943492,499.0249762771164
2024-09-20 17:10:00,683.2666626,-1.618190928918554e-171,761.8119638018858,539.0016284896116
2024-09-20 17:15:00,636.1333008,-1.618190928918554e-171,727.4209910866214,555.5604309541815
2024-09-20 17:20:00,590.0666504,-1.618190928918554e-171,693.0380186800282,522.1683217991131
2024-09-20 17:25:00,535.5333862,-1.618190928918554e-171,658.7325551955831,522.392738758723
2024-09-20 17:30:00,488.0,-1.618190928918554e-171,624.5755121650842,540.0330581498374
2024-09-20 17:35:00,443.0,-1.618190928918554e-171,590.6387826775085,535.1664806626883
2024-09-20 17:40:00,400.8000183,-1.618190928918554e-171,556.9948092041764,539.3630325003082
2024-09-20 17:45:00,356.3000183,-1.618190928918554e-171,523.7161430658018,534.8893144348834
2024-09-20 17:50:00,311.8999939,-1.618190928918554e-171,490.87499995129633,544.3231142590749
2024-09-20 17:55:00,276.3999939,-1.618190928918554e-171,458.54281385312515,519.7650596379768
2024-09-20 18:00:00,244.3333282,-1.618190928918554e-171,426.789793514132,359.4083678179613
2024-09-20 18:05:00,232.0,-1.618190928918554e-171,395.6844843804019,333.6535177635102
2024-09-20 18:10:00,198.0500031,-1.618190928918554e-171,365.29333973308945,356.67512324166114
2024-09-20 18:15:00,166.2999878,-1.618190928918554e-171,335.68030387676174,338.09207939072354
2024-09-20 18:20:00,135.8500061,-1.618190928918554e-171,306.9064108052062,354.967788390738
2024-09-20 18:25:00,108.7999954,-1.618190928918554e-171,279.02940136385166,354.71239584649356
2024-09-20 18:30:00,86.75,-1.618190928918554e-171,252.10336155125978,355.7612330377602
2024-09-20 18:35:00,67.8999939,-1.618190928918554e-171,226.1783853040579,355.7612330377602
2024-09-20 18:40:00,51.50000381,-1.618190928918554e-171,201.30026344190048,395.2941268709087
2024-09-20 18:45:00,37.75,-1.618190928918554e-171,177.51020193901192,401.3773020480703
2024-09-20 18:50:00,26.60000038,-1.618190928918554e-171,154.84457106432797,400.9899686740703
2024-09-20 18:55:00,17.89999962,-1.618190928918554e-171,133.33468756115795,397.48713684928936
2024-09-20 19:00:00,13.03333282,-1.618190928918554e-171,113.0066313934336,96.64445308339344
2024-09-20 19:05:00,0.0,-1.618190928918554e-171,93.88109836020558,96.64015681032677
2024-09-20 19:10:00,0.0,-1.618190928918554e-171,75.97328984325385,96.64015681032677
2024-09-20 19:15:00,0.0,-1.618190928918554e-171,59.29284013183676,97.05186043721565
2024-09-20 19:20:00,0.0,-1.618190928918554e-171,43.84378230883068,92.29858469940018
2024-09-20 19:25:00,0.0,-1.618190928918554e-171,29.624552402796503,92.29858469940018
2024-09-20 19:30:00,0.0,-1.618190928918554e-171,16.62803206614153,92.66503830808011
2024-09-20 19:35:00,0.0,-1.618190928918554e-171,4.841629264976368,95.39028832180232
2024-09-20 19:40:00,0.0,-1.618190928918554e-171,-5.752603716751521,94.53326054530787
2024-09-20 19:45:00,0.0,-1.618190928918554e-171,-15.177815790298487,91.09395500617455
2024-09-20 19:50:00,0.0,-1.618190928918554e-171,-23.462167497271324,89.27323203503518
2024-09-20 19:55:00,0.0,-1.618190928918554e-171,-30.63860773272061,88.40396278344646
2024-09-20 20:00:00,0.0,-1.618190928918554e-171,-36.74461860549031,28.76184792617457
2024-09-20 20:05:00,0.0,-1.618190928918554e-171,-41.82193031251246,7.878990312495873
2024-09-20 20:10:00,0.0,-1.618190928918554e-171,-45.91620842252391,1.2626525750944446
2024-09-20 20:15:00,0.0,-1.618190928918554e-171,-49.07671581778544,1.350061803966667
2024-09-20 20:20:00,0.0,-1.618190928918554e-171,-51.35595204934439,1.391728470633334
2024-09-20 20:25:00,0.0,-1.618190928918554e-171,-52.80927281147834,1.391728470633334
2024-09-20 20:30:00,0.0,-1.618190928918554e-171,-53.49449249237765,1.391728470633334
2024-09-20 20:35:00,0.0,-1.618190928918554e-171,-53.47147285871956,1.391728470633334
2024-09-20 20:40:00,0.0,-1.618190928918554e-171,-52.80170100499877,1.391728470633334
2024-09-20 20:45:00,0.0,-1.618190928918554e-171,-51.547859804321796,1.391728470633334
2024-09-20 20:50:00,0.0,-1.618190928918554e-171,-49.773394154978455,1.7911146749666675
2024-09-20 20:55:00,0.0,-1.618190928918554e-171,-47.54207627150802,0.13231480916666666
2024-09-20 21:00:00,0.0,-1.618190928918554e-171,-44.91757335169152,0.10449999489999999
2024-09-20 21:05:00,0.0,-1.618190928918554e-171,-41.96302087250407,0.14616666156666666
2024-09-20 21:10:00,0.0,-1.618190928918554e-171,-38.74060471702601,0.08366666156666666
2024-09-20 21:15:00,0.0,-1.618190928918554e-171,-35.31115528244063,0.08366666156666666
2024-09-20 21:20:00,0.0,-1.618190928918554e-171,-31.733756577459356,0.08366666156666666
2024-09-20 21:25:00,0.0,-1.618190928918554e-171,-28.06537322904161,0.08366666156666666
2024-09-20 21:30:00,0.0,-1.618190928918554e-171,-24.360498102691146,0.08366666156666666
2024-09-20 21:35:00,0.0,-1.618190928918554e-171,-20.67082323907479,0.08366666156666666
2024-09-20 21:40:00,0.0,-1.618190928918554e-171,-17.044936293209606,0.08366666156666666
2024-09-20 21:45:00,0.0,-1.618190928918554e-171,-13.528044884050182,0.08366666156666666
2024-09-20 21:50:00,0.0,-1.618190928918554e-171,-10.161730629623191,0.08366666156666666
2024-09-20 21:55:00,0.0,-1.618190928918554e-171,-6.983734678497225,0.08366666156666666
2024-09-20 22:00:00,0.0,-1.618190928918554e-171,-4.027776163078324,0.08366666156666666
2024-09-20 22:05:00,0.0,-1.618190928918554e-171,-1.3234047676167897,0.08366666156666666
2024-09-20 22:10:00,0.0,-1.618190928918554e-171,1.1041116500673744,0.04177777606666667
2024-09-20 22:15:00,0.0,-1.618190928918554e-171,3.233863792925781,0.0
2024-09-20 22:20:00,0.0,-1.618190928918554e-171,5.049341585831155,0.0
2024-09-20 22:25:00,0.0,-1.618190928918554e-171,6.538438794708645,0.0
2024-09-20 22:30:00,0.0,-1.618190928918554e-171,7.693421755545763,0.0
2024-09-20 22:35:00,0.0,-1.618190928918554e-171,8.510862762388795,0.0
2024-09-20 22:40:00,0.0,-1.618190928918554e-171,8.99153890396936,0.0
2024-09-20 22:45:00,0.0,-1.618190928918554e-171,9.140297408491111,0.0
2024-09-20 22:50:00,0.0,-1.618190928918554e-171,8.965888852448709,0.0
2024-09-20 22:55:00,0.0,-1.618190928918554e-171,8.480769811951948,0.0
2024-09-20 23:00:00,0.0,-1.618190928918554e-171,7.700876801902912,0.0
2024-09-20 23:05:00,0.0,-1.618190928918554e-171,6.645373563662313,0.0
2024-09-20 23:10:00,0.0,-1.618190928918554e-171,5.336373982551124,0.0
2024-09-20 23:15:00,0.0,-1.618190928918554e-171,3.798643105710907,0.0
2024-09-20 23:20:00,0.0,-1.618190928918554e-171,2.0592788864991567,0.0
2024-09-20 23:25:00,0.0,-1.618190928918554e-171,0.14737751388237616,0.0
2024-09-20 23:30:00,0.0,-1.618190928918554e-171,-1.9063148645894787,0.0
2024-09-20 23:35:00,0.0,-1.618190928918554e-171,-4.069760844639571,0.0
2024-09-20 23:40:00,0.0,-1.618190928918554e-171,-6.309997895174317,0.0
2024-09-20 23:45:00,0.0,-1.618190928918554e-171,-8.59350868851942,0.0
2024-09-20 23:50:00,0.0,-1.618190928918554e-171,-10.886592424934646,0.0
2024-09-20 23:55:00,0.0,-1.618190928918554e-171,-13.15573395829511,0.0
2024-09-21 00:00:00,0.0,-1.618190928918554e-171,-15.367967518209923,0.0
2024-09-21 00:05:00,0.0,-1.618190928918554e-171,-17.491231882510068,0.0
2024-09-21 00:10:00,0.0,-1.618190928918554e-171,-19.494713922736672,0.0
2024-09-21 00:15:00,0.0,-1.618190928918554e-171,-21.349177565412635,0.0
2024-09-21 00:20:00,0.0,-1.618190928918554e-171,-23.027275214410867,0.0
2024-09-21 00:25:00,0.0,-1.618190928918554e-171,-24.503839098774133,0.0
2024-09-21 00:30:00,0.0,-1.618190928918554e-171,-25.756149755666094,0.0
2024-09-21 00:35:00,0.0,-1.618190928918554e-171,-26.764179479024428,0.0
2024-09-21 00:40:00,0.0,-1.618190928918554e-171,-27.5108084564799,0.0
2024-09-21 00:45:00,0.0,-1.618190928918554e-171,-27.98201168746765,0.0
2024-09-21 00:50:00,0.0,-1.618190928918554e-171,-28.1670149814823,0.0
2024-09-21 00:55:00,0.0,-1.618190928918554e-171,-28.058418571511375,0.0
2024-09-21 01:00:00,0.0,-1.618190928918554e-171,-27.652287170686893,0.0
2024-09-21 01:05:00,0.0,-1.618190928918554e-171,-26.94820555117024,0.0
2024-09-21 01:10:00,0.0,-1.618190928918554e-171,-25.94929904044808,0.0
2024-09-21 01:15:00,0.0,-1.618190928918554e-171,-24.662218545758943,0.0
2024-09-21 01:20:00,0.0,-1.618190928918554e-171,-23.097090134368266,0.0
2024-09-21 01:25:00,0.0,-1.618190928918554e-171,-21.26742937052854,0.0
2024-09-21 01:30:00,0.0,-1.618190928918554e-171,-19.190020958569427,0.0
2024-09-21 01:35:00,0.0,-1.618190928918554e-171,-16.884764539352204,0.0
2024-09-21 01:40:00,0.0,-1.618190928918554e-171,-14.374487738329433,0.0
2024-09-21 01:45:00,0.0,-1.618190928918554e-171,-11.68472789270154,0.0
2024-09-21 01:50:00,0.0,-1.618190928918554e-171,-8.8434840737592,0.0
2024-09-21 01:55:00,0.0,-1.618190928918554e-171,-5.880941352769682,0.0
2024-09-21 02:00:00,0.0,-1.618190928918554e-171,-2.829169439214258,0.0
2024-09-21 02:05:00,0.0,-1.618190928918554e-171,0.2782018900785562,0.0
2024-09-21 02:10:00,0.0,-1.618190928918554e-171,3.406328036424473,0.0
2024-09-21 02:15:00,0.0,-1.618190928918554e-171,6.519512705544181,0.0
2024-09-21 02:20:00,0.0,-1.618190928918554e-171,9.581585953698623,0.0
2024-09-21 02:25:00,0.0,-1.618190928918554e-171,12.556294124212828,0.0
2024-09-21 02:30:00,0.0,-1.618190928918554e-171,15.407698436629833,0.0
2024-09-21 02:35:00,0.0,-1.618190928918554e-171,18.100578952248263,0.0
2024-09-21 02:40:00,0.0,-1.618190928918554e-171,20.60084055587137,0.0
2024-09-21 02:45:00,0.0,-1.618190928918554e-171,22.875917532983088,0.0
2024-09-21 02:50:00,0.0,-1.618190928918554e-171,24.895173344660346,0.0
2024-09-21 02:55:00,0.0,-1.618190928918554e-171,26.630292161674735,0.0
2024-09-21 03:00:00,0.0,-1.618190928918554e-171,28.05565881504702,0.0
2024-09-21 03:05:00,0.0,-1.618190928918554e-171,29.148723826122094,0.0
2024-09-21 03:10:00,0.0,-1.618190928918554e-171,29.890350308654515,0.0
2024-09-21 03:15:00,0.0,-1.618190928918554e-171,30.265139637624475,0.0
2024-09-21 03:20:00,0.0,-1.618190928918554e-171,30.2617329173726,0.0
2024-09-21 03:25:00,0.0,-1.618190928918554e-171,29.873085454393323,0.0
2024-09-21 03:30:00,0.0,-1.618190928918554e-171,29.096711604050803,0.0
2024-09-21 03:35:00,0.0,-1.618190928918554e-171,27.93489763884523,0.0
2024-09-21 03:40:00,0.0,-1.618190928918554e-171,26.394880358468697,0.0
2024-09-21 03:45:00,0.0,-1.618190928918554e-171,24.488989652423932,0.0
2024-09-21 03:50:00,0.0,-1.618190928918554e-171,22.23475321007205,0.0
2024-09-21 03:55:00,0.0,-1.618190928918554e-171,19.65496208009232,0.0
2024-09-21 04:00:00,0.0,-1.618190928918554e-171,16.77769593847364,0.0
2024-09-21 04:05:00,0.0,-1.618190928918554e-171,13.636307273118618,0.0
2024-09-21 04:10:00,0.0,-1.618190928918554e-171,10.269363977248105,0.0
2024-09-21 04:15:00,0.0,-1.618190928918554e-171,6.720550193691374,0.0
2024-09-21 04:20:00,0.0,-1.618190928918554e-171,3.0385255454035303,0.0
2024-09-21 04:25:00,0.0,-1.618190928918554e-171,-0.7232568619170338,0.0
2024-09-21 04:30:00,0.0,-1.618190928918554e-171,-4.5067727525240295,0.0
2024-09-21 04:35:00,0.0,-1.618190928918554e-171,-8.249688439532564,0.0
2024-09-21 04:40:00,0.0,-1.618190928918554e-171,-11.885660390064098,0.0
2024-09-21 04:45:00,0.0,-1.618190928918554e-171,-15.3446711799418,0.0
2024-09-21 04:50:00,0.0,-1.618190928918554e-171,-18.553399633114026,0.0
2024-09-21 04:55:00,0.0,-1.618190928918554e-171,-21.43562306670568,0.0
2024-09-21 05:00:00,0.0,-1.618190928918554e-171,-23.912649089259194,0.0
2024-09-21 05:05:00,0.0,-1.618190928918554e-171,-25.903774155020614,0.0
2024-09-21 05:10:00,0.0,-1.618190928918554e-171,-27.32676602406506,0.0
2024-09-21 05:15:00,0.0,-1.618190928918554e-171,-28.098366876972587,0.0
2024-09-21 05:20:00,0.0,-1.618190928918554e-171,-28.13481378684769,0.0
2024-09-21 05:25:00,0.0,-1.618190928918554e-171,-27.352373008746056,0.0
2024-09-21 05:30:00,0.0,-1.618190928918554e-171,-25.66788455711363,0.0
2024-09-21 05:35:00,0.0,-1.618190928918554e-171,-22.999313193224936,0.0
2024-09-21 05:40:00,0.0,-1.618190928918554e-171,-19.2663021750485,0.0
2024-09-21 05:45:00,0.0,-1.618190928918554e-171,-14.390725798965065,0.0
2024-09-21 05:50:00,0.0,-1.618190928918554e-171,-8.297236913240448,0.0
2024-09-21 05:55:00,0.0,-1.618190928918554e-171,-0.9138055346169964,0.0
2024-09-21 06:00:00,0.0,-1.618190928918554e-171,7.827755292086459,49.43968931831414
2024-09-21 06:05:00,0.0,-1.618190928918554e-171,17.991280133557527,52.31698145224365
2024-09-21 06:10:00,0.0,-1.618190928918554e-171,29.6357619829708,53.737648125632546
2024-09-21 06:15:00,0.0,-1.618190928918554e-171,42.81488685539231,53.737648125632546
2024-09-21 06:20:00,0.0,-1.618190928918554e-171,57.57659546030384,53.737648125632546
2024-09-21 06:25:00,0.0,-1.618190928918554e-171,73.96267531263616,52.83539810266032
2024-09-21 06:30:00,0.0,-1.618190928918554e-171,92.00838636491581,52.83539810266032
2024-09-21 06:35:00,0.0,-1.618190928918554e-171,111.74212268522383,51.22569806246033
2024-09-21 06:40:00,0.0,-1.618190928918554e-171,133.18511320559182,52.47098531015779
2024-09-21 06:45:00,0.0,-1.618190928918554e-171,156.35116353145506,53.37331863326891
2024-09-21 06:50:00,66.90000153,-1.618190928918554e-171,181.24644108389265,53.271151967852234
2024-09-21 06:55:00,65.55000305,-1.618190928918554e-171,207.86930507824323,48.38170909883557
2024-09-21 07:00:00,72.40000153,-1.618190928918554e-171,236.21018310395692,414.7620752537122
2024-09-21 07:05:00,82.19999695,-1.618190928918554e-171,266.2514951910552,414.7620752537122
2024-09-21 07:10:00,115.0,-1.618190928918554e-171,297.9676263654781,412.83760295427106
2024-09-21 07:15:00,125.8000031,-1.618190928918554e-171,331.3249479389887,421.0737738247059
2024-09-21 07:20:00,120.5999985,-1.618190928918554e-171,366.28188792848016,410.5873196029909
2024-09-21 07:25:00,142.8999939,-1.618190928918554e-171,402.7890501377659,391.7709285565021
2024-09-21 07:30:00,130.6999969,-1.618190928918554e-171,440.78938164851263,387.34083602364177
2024-09-21 07:35:00,237.0,-1.618190928918554e-171,480.21838759816785,366.4140749851218
2024-09-21 07:40:00,222.0,-1.618190928918554e-171,521.0043921206848,288.60208818826175
2024-09-21 07:45:00,267.0,-1.618190928918554e-171,563.0688440700475,266.2636228496671
2024-09-21 07:50:00,268.4500122,-1.618190928918554e-171,606.3266652534069,265.38257215093654
2024-09-21 07:55:00,345.8999939,-1.618190928918554e-171,650.6866395381337,266.47898854831914
2024-09-21 08:00:00,718.5,-1.618190928918554e-171,696.0518403258503,900.9855098878171
2024-09-21 08:05:00,678.75,-1.618190928918554e-171,742.3200930077468,883.2562686785438
2024-09-21 08:10:00,665.4666748,-1.618190928918554e-171,789.3844705629604,850.7207115620165
2024-09-21 08:15:00,794.9000244,-1.618190928918554e-171,837.1338182429201,832.1452962255674
2024-09-21 08:20:00,979.7999878,-1.618190928918554e-171,885.4533044964419,831.9714322461933
2024-09-21 08:25:00,1056.199951,-1.618190928918554e-171,934.2249940220312,827.6251778942884
2024-09-21 08:30:00,1169.699951,-1.618190928918554e-171,983.3284398833384,820.8387184616219
2024-09-21 08:35:00,1100.633301,-1.618190928918554e-171,1032.641290346039,811.8416256051138
2024-09-21 08:40:00,1124.166626,-1.618190928918554e-171,1082.039906612397,805.2717691659212
2024-09-21 08:45:00,1083.400024,-1.618190928918554e-171,1131.3999877717717,794.9702760044387
2024-09-21 08:50:00,1335.400024,-1.618190928918554e-171,1180.5971979321814,793.7921074118165
2024-09-21 08:55:00,1201.633301,-1.618190928918554e-171,1229.5077928207743,794.3046632588165
2024-09-21 09:00:00,1456.0,-1.618190928918554e-171,1278.0092404690145,1119.2870617630156
2024-09-21 09:05:00,1388.933228,-1.618190928918554e-171,1325.9808328443055,1096.3983664656785
2024-09-21 09:10:00,1629.400024,-1.618190928918554e-171,1373.3042839449677,1097.0841263329012
2024-09-21 09:15:00,1564.5,-1.618190928918554e-171,1419.8643108551523,1118.316981163102
2024-09-21 09:20:00,1623.400024,-1.618190928918554e-171,1465.5491934937575,1125.6778655316573
2024-09-21 09:25:00,1532.0,-1.618190928918554e-171,1510.2513100596839,1142.745891469819
2024-09-21 09:30:00,1579.766602,-1.618190928918554e-171,1553.8676446033567,1152.8342510298824
2024-09-21 09:35:00,1729.150024,-1.618190928918554e-171,1596.300262867713,1206.6006660864919
2024-09-21 09:40:00,1735.866577,-1.618190928918554e-171,1637.4567544571644,1204.0304747623015
2024-09-21 09:45:00,1757.833374,-1.618190928918554e-171,1677.2506378290361,1205.4013550847792
2024-09-21 09:50:00,1794.0,-1.618190928918554e-171,1715.6017259606435,1338.2104703589316
2024-09-21 09:55:00,1801.766602,-1.618190928918554e-171,1752.4364501991452,1348.709656143376
2024-09-21 10:00:00,1852.433228,-1.618190928918554e-171,1787.6881408136342,1503.9552123800183
2024-09-21 10:05:00,1832.700073,-1.618190928918554e-171,1821.2972623133264,1509.2339474850821
2024-09-21 10:10:00,1885.366699,-1.618190928918554e-171,1853.2116023618532,1513.805525719045
2024-09-21 10:15:00,1882.533325,-1.618190928918554e-171,1883.38641357912,1577.8457725421938
2024-09-21 10:20:00,1943.466675,-1.618190928918554e-171,1911.7845069659338,1568.866399119929
2024-09-21 10:25:00,1966.5,-1.618190928918554e-171,1938.376297655241,1542.0486696399291
2024-09-21 10:30:00,2004.833374,-1.618190928918554e-171,1963.1398021425457,1540.1407657764055
2024-09-21 10:35:00,2033.633301,-1.618190928918554e-171,1986.060588029286,1684.7987640676308
2024-09-21 10:40:00,2053.666748,-1.618190928918554e-171,2007.1316767148564,1688.330328936734
2024-09-21 10:45:00,2058.833496,-1.618190928918554e-171,2026.3534002067654,1675.3333286504906
2024-09-21 10:50:00,2059.06665,-1.618190928918554e-171,2043.7332134954506,1648.7755705719626
2024-09-21 10:55:00,2024.566772,-1.618190928918554e-171,2059.285463997552,1649.9486866021796
2024-09-21 11:00:00,1949.566772,-1.618190928918554e-171,2073.0311204285845,1557.0508355056213
2024-09-21 11:05:00,1836.5,-1.618190928918554e-171,2084.9974628959867,1533.5658906346628
2024-09-21 11:10:00,1776.599976,-1.618190928918554e-171,2095.217737232363,1501.4429977888694
2024-09-21 11:15:00,2056.899902,-1.618190928918554e-171,2103.7307760207386,1456.7037071459106
2024-09-21 11:20:00,2057.350098,-1.618190928918554e-171,2110.580589487048,1388.8348681250793
2024-09-21 11:25:00,2057.466797,-1.618190928918554e-171,2115.8159293095123,1448.8195907892848
2024-09-21 11:30:00,2057.633301,-1.618190928918554e-171,2119.489828934429,1467.9717985735654
2024-09-21 11:35:00,2057.733154,-1.618190928918554e-171,2121.65912368615,1504.1707469199353
2024-09-21 11:40:00,2058.099854,-1.618190928918554e-171,2122.3839545326673,1502.116179502078
2024-09-21 11:45:00,2059.266846,-1.618190928918554e-171,2121.727259065662,1506.5071640418562
2024-09-21 11:50:00,2060.033447,-1.618190928918554e-171,2119.7542536529395,1514.6902190239193
2024-09-21 11:55:00,2053.699951,-1.618190928918554e-171,2116.5319105143444,1508.2382177825857
2024-09-21 12:00:00,2046.366699,-1.618190928918554e-171,2112.128433647772,1404.7068839204308
2024-09-21 12:05:00,2039.0,-1.618190928918554e-171,2106.6127373970385,1404.7068839204308
2024-09-21 12:10:00,2040.800171,-1.618190928918554e-171,2100.053931492779,1421.3219597280893
2024-09-21 12:15:00,2040.533325,-1.618190928918554e-171,2092.5208162819567,1414.6269042880892
2024-09-21 12:20:00,2038.933228,-1.618190928918554e-171,2084.081391728169,1416.7112376514226
2024-09-21 12:25:00,1907.866699,-1.618190928918554e-171,2074.8023838099202,1416.7112376514226
2024-09-21 12:30:00,1912.866699,-1.618190928918554e-171,2064.748791384167,1413.4910720197051
2024-09-21 12:35:00,1921.900024,-1.618190928918554e-171,2053.983457072711,1413.4910720197051
2024-09-21 12:40:00,2058.133545,-1.618190928918554e-171,2042.5666647459975,1425.944289888846
2024-09-21 12:45:00,2061.133301,-1.618190928918554e-171,2030.5557665925573,1537.1254099285516
2024-09-21 12:50:00,1959.099976,-1.618190928918554e-171,2018.0048421976016,1680.0062330597455
2024-09-21 12:55:00,1800.5,-1.618190928918554e-171,2004.9643918273637,1747.533607823234
2024-09-21 13:00:00,1618.599976,-1.618190928918554e-171,1991.4810660332828,1819.3750668249513
2024-09-21 13:05:00,1507.266602,-1.618190928918554e-171,1977.597433065514,1819.7021932138416
2024-09-21 13:10:00,1375.733398,-1.618190928918554e-171,1963.3517856380472,1819.0678107772574
2024-09-21 13:15:00,1267.033325,-1.618190928918554e-171,1948.777987957832,1840.6826949084023
2024-09-21 13:20:00,1129.633423,-1.618190928918554e-171,1933.9053640551372,1798.2972247387204
2024-09-21 13:25:00,1099.300049,-1.618190928918554e-171,1918.758627447156,1856.0464363286492
2024-09-21 13:30:00,2052.0,-1.618190928918554e-171,1903.3578526707172,1847.804088231478
2024-09-21 13:35:00,1756.75,-1.618190928918554e-171,1887.7184881646178,1765.6607626250805
2024-09-21 13:40:00,1658.333374,-1.618190928918554e-171,1871.8514101581638,1828.4654609960403
2024-09-21 13:45:00,2056.5,-1.618190928918554e-171,1855.7630166807267,1756.628300941997
2024-09-21 13:50:00,2055.649902,-1.618190928918554e-171,1839.4553604977705,1409.1217404332026
2024-09-21 13:55:00,2055.166748,-1.618190928918554e-171,1822.9263197308862,1360.7066328221272
2024-09-21 14:00:00,2054.333252,-1.618190928918554e-171,1806.1698040926576,1349.7464432013269
2024-09-21 14:05:00,2053.833252,-1.618190928918554e-171,1789.1759952396876,1283.9204769209293
2024-09-21 14:10:00,2053.599854,-1.618190928918554e-171,1771.9316185177925,1294.7546993545848
2024-09-21 14:15:00,2053.233154,-1.618190928918554e-171,1754.4202439552118,1244.6058762468474
2024-09-21 14:20:00,2052.400146,-1.618190928918554e-171,1736.622613704631,1245.2027885849761
2024-09-21 14:25:00,2050.06665,-1.618190928918554e-171,1718.5169930052884,1338.6768032497107
2024-09-21 14:30:00,2048.733154,-1.618190928918554e-171,1700.079541796901,1563.5191326709928
2024-09-21 14:35:00,2048.666748,-1.618190928918554e-171,1681.2847035515404,1645.6588561069955
2024-09-21 14:40:00,2048.099854,-1.618190928918554e-171,1662.105608211923,1704.2075601014371
2024-09-21 14:45:00,2045.433472,-1.618190928918554e-171,1642.5144856040192,1721.678431798098
2024-09-21 14:50:00,2035.966797,-1.618190928918554e-171,1622.4830862262297,1727.053956552902
2024-09-21 14:55:00,2002.933228,-1.618190928918554e-171,1601.983105432292,1777.9339249863306
2024-09-21 15:00:00,1953.233398,-1.618190928918554e-171,1580.9866077161344,1523.1074620124161
2024-09-21 15:05:00,1899.666626,-1.618190928918554e-171,1559.4664476919786,1410.837885929583
2024-09-21 15:10:00,1878.666626,-1.618190928918554e-171,1537.396683993115,1175.5150458557277
2024-09-21 15:15:00,1865.833374,-1.618190928918554e-171,1514.7529829165383,1056.4347415463315
2024-09-21 15:20:00,1839.933228,-1.618190928918554e-171,1491.5130083153945,1021.3997856625598
2024-09-21 15:25:00,1784.133423,-1.618190928918554e-171,1467.6567948000704,1037.4542480675286
2024-09-21 15:30:00,1720.633423,-1.618190928918554e-171,1443.167100717262,1049.1714873159176
2024-09-21 15:35:00,1667.066772,-1.618190928918554e-171,1418.0297386616337,1082.98284799302
2024-09-21 15:40:00,1618.833374,-1.618190928918554e-171,1392.2338801981166,278.79118590663774
2024-09-21 15:45:00,1571.666626,-1.618190928918554e-171,1365.772332617669,278.20887330660725
2024-09-21 15:50:00,1532.266602,-1.618190928918554e-171,1338.6417854951778,242.07284271561454
2024-09-21 15:55:00,1499.200073,-1.618190928918554e-171,1310.8430247258498,225.4201149784606
2024-09-21 16:00:00,1470.533325,-1.618190928918554e-171,1282.3811127422116,244.3045435631721
2024-09-21 16:05:00,1421.400024,-1.618190928918554e-171,1253.2655329170013,238.2831381221248
2024-09-21 16:10:00,1369.666626,-1.618190928918554e-171,1223.5102973202502,247.40571860227055
2024-09-21 16:15:00,1304.700073,-1.618190928918554e-171,1193.134016555033,270.1237828100478
2024-09-21 16:20:00,1253.400024,-1.618190928918554e-171,1162.159931637972,258.14384460371224
2024-09-21 16:25:00,1205.200073,-1.618190928918554e-171,1130.6159068825382,222.0536862250384
2024-09-21 16:30:00,1187.599976,-1.618190928918554e-171,1098.5343841796341,217.81329112247798
2024-09-21 16:35:00,1008.449951,-1.618190928918554e-171,1065.9522991453107,215.60419795838007
2024-09-21 16:40:00,677.75,-1.618190928918554e-171,1032.910959172991,197.02275307850465
2024-09-21 16:45:00,695.5,-1.618190928918554e-171,999.4558848590639,190.48748678052644
2024-09-21 16:50:00,660.4000244,-1.618190928918554e-171,965.6366154491866,218.02379357097178
2024-09-21 16:55:00,647.8666992,-1.618190928918554e-171,931.5064804025516,210.6035877786907
2024-09-21 17:00:00,777.5,-1.618190928918554e-171,897.1223379188799,347.9649910512208
2024-09-21 17:05:00,697.166687,-1.618190928918554e-171,862.5442834756846,408.21068113753745
2024-09-21 17:10:00,720.833313,-1.618190928918554e-171,827.835329559216,399.6353714857327
2024-09-21 17:15:00,670.333313,-1.618190928918554e-171,793.0610596990632,385.4272528774688
2024-09-21 17:20:00,639.833313,-1.618190928918554e-171,758.2892592055048,396.6897195322361
2024-09-21 17:25:00,612.8499756,-1.618190928918554e-171,723.5895253065135,331.66376398392345
2024-09-21 17:30:00,510.9666443,-1.618190928918554e-171,689.0328600676023,359.5143889395876
2024-09-21 17:35:00,466.4666748,-1.618190928918554e-171,654.6912486077133,393.4216429118875
2024-09-21 17:40:00,443.7000427,-1.618190928918554e-171,620.6372263959471,483.5258519703723
2024-09-21 17:45:00,440.4500122,-1.618190928918554e-171,586.9434383327658,595.6577889981438
2024-09-21 17:50:00,341.2999878,-1.618190928918554e-171,553.682193833292,651.4728241325058
2024-09-21 17:55:00,284.9999695,-1.618190928918554e-171,520.9250203190484,644.4342614468776
2024-09-21 18:00:00,270.2999878,-1.618190928918554e-171,488.7422191173674,415.72591191029437
2024-09-21 18:05:00,225.4500275,-1.618190928918554e-171,457.202427183468,406.08059701351664
2024-09-21 18:10:00,190.2500153,-1.618190928918554e-171,426.3721875985649,372.86648215436884
2024-09-21 18:15:00,161.8999939,-1.618190928918554e-171,396.3155324296297,439.82873407022834
2024-09-21 18:20:00,134.3500061,-1.618190928918554e-171,367.09358100779866,390.01576577400016
2024-09-21 18:25:00,106.9499969,-1.618190928918554e-171,338.7641565962886,396.3317053916202
2024-09-21 18:30:00,83.05000305,-1.618190928918554e-171,311.38142454456624,410.81333762971934
2024-09-21 18:35:00,64.0,-1.618190928918554e-171,284.99555445300336,384.1224865193972
2024-09-21 18:40:00,48.15000153,-1.618190928918554e-171,259.6524090768798,322.47866125513855
2024-09-21 18:45:00,34.90000153,-1.618190928918554e-171,235.39326211829373,302.37509343245756
2024-09-21 18:50:00,24.64999962,-1.618190928918554e-171,212.25454721747565,215.9517119447983
2024-09-21 18:55:00,17.14999962,-1.618190928918554e-171,190.26763983310127,286.79612707693934
2024-09-21 19:00:00,12.90000057,-1.618190928918554e-171,169.45867388522072,74.10285848842787
2024-09-21 19:05:00,0.0,-1.618190928918554e-171,149.8483942036704,39.37358738318997
2024-09-21 19:10:00,0.0,-1.618190928918554e-171,131.45204611412382,35.57289334170052
2024-09-21 19:15:00,0.0,-1.618190928918554e-171,114.27930272451599,36.222421739818564
2024-09-21 19:20:00,0.0,-1.618190928918554e-171,98.33423077333974,30.04587390588753
2024-09-21 19:25:00,0.0,-1.618190928918554e-171,83.61529479053632,33.91709571050941
2024-09-21 19:30:00,0.0,-1.618190928918554e-171,70.1153997744477,32.619369309171006
2024-09-21 19:35:00,0.0,-1.618190928918554e-171,57.821972016759105,31.666270679474863
2024-09-21 19:40:00,0.0,-1.618190928918554e-171,46.71707721293359,32.159524659760535
2024-09-21 19:45:00,0.0,-1.618190928918554e-171,36.77757506093296,28.66334934793223
2024-09-21 19:50:00,0.0,-1.618190928918554e-171,27.975309055682636,29.404005881906038
2024-09-21 19:55:00,0.0,-1.618190928918554e-171,20.277329946982928,32.054675874974976
2024-09-21 20:00:00,0.0,-1.618190928918554e-171,13.64615119870826,0.06739682546031747
2024-09-21 20:05:00,0.0,-1.618190928918554e-171,8.040034312631224,0.06739682546031747
2024-09-21 20:10:00,0.0,-1.618190928918554e-171,3.4133019348738594,0.06739682546031747
2024-09-21 20:15:00,0.0,-1.618190928918554e-171,-0.28332380526133455,0.06739682546031747
2024-09-21 20:20:00,0.0,-1.618190928918554e-171,-3.102360266911478,0.0
2024-09-21 20:25:00,0.0,-1.618190928918554e-171,-5.0991833959057775,0.0
2024-09-21 20:30:00,0.0,-1.618190928918554e-171,-6.331629891730731,0.0
2024-09-21 20:35:00,0.0,-1.618190928918554e-171,-6.859585461243742,0.0
2024-09-21 20:40:00,0.0,-1.618190928918554e-171,-6.744562367603491,0.0
2024-09-21 20:45:00,0.0,-1.618190928918554e-171,-6.049269441894254,0.0
2024-09-21 20:50:00,0.0,-1.618190928918554e-171,-4.837177918840617,0.0
2024-09-21 20:55:00,0.0,-1.618190928918554e-171,-3.1720862526642044,0.0
2024-09-21 21:00:00,0.0,-1.618190928918554e-171,-1.1176873990206653,0.0
2024-09-21 21:05:00,0.0,-1.618190928918554e-171,1.2628583387935808,0.0
2024-09-21 21:10:00,0.0,-1.618190928918554e-171,3.9073415881453544,0.0
2024-09-21 21:15:00,0.0,-1.618190928918554e-171,6.754910208814695,0.0
2024-09-21 21:20:00,0.0,-1.618190928918554e-171,9.746460579587445,0.0
2024-09-21 21:25:00,0.0,-1.618190928918554e-171,12.825010972698792,0.0
2024-09-21 21:30:00,0.0,-1.618190928918554e-171,15.936054250742846,0.0
2024-09-21 21:35:00,0.0,-1.618190928918554e-171,19.02788731224685,0.0
2024-09-21 21:40:00,0.0,-1.618190928918554e-171,22.05191490024928,0.0
2024-09-21 21:45:00,0.0,-1.618190928918554e-171,24.9629255458945,0.0
2024-09-21 21:50:00,0.0,-1.618190928918554e-171,27.7193377934694,0.0
2024-09-21 21:55:00,0.0,-1.618190928918554e-171,30.2834148438567,0.0
2024-09-21 22:00:00,0.0,-1.618190928918554e-171,32.62144632062148,0.0
2024-09-21 22:05:00,0.0,-1.618190928918554e-171,34.703895809978164,0.0
2024-09-21 22:10:00,0.0,-1.618190928918554e-171,36.50551337352563,0.0
2024-09-21 22:15:00,0.0,-1.618190928918554e-171,38.00541233926304,0.0
2024-09-21 22:20:00,0.0,-1.618190928918554e-171,39.18711001624812,0.0
2024-09-21 22:25:00,0.0,-1.618190928918554e-171,40.03853230115196,0.0
2024-09-21 22:30:00,0.0,-1.618190928918554e-171,40.551982379708406,0.0
2024-09-21 22:35:00,0.0,-1.618190928918554e-171,40.72407404458728,0.0
2024-09-21 22:40:00,0.0,-1.618190928918554e-171,40.555630422686235,0.0
2024-09-21 22:45:00,0.0,-1.618190928918554e-171,40.05154918540139,0.0
2024-09-21 22:50:00,0.0,-1.618190928918554e-171,39.22063559064422,0.0
2024-09-21 22:55:00,0.0,-1.618190928918554e-171,38.07540492216814,0.0
2024-09-21 23:00:00,0.0,-1.618190928918554e-171,36.631856209863074,0.0
2024-09-21 23:05:00,0.0,-1.618190928918554e-171,34.90921925462049,0.0
2024-09-21 23:10:00,0.0,-1.618190928918554e-171,32.929677268540125,0.0
2024-09-21 23:15:00,0.0,-1.618190928918554e-171,30.718067584902304,0.0
2024-09-21 23:20:00,0.0,-1.618190928918554e-171,28.301563095334775,0.0
2024-09-21 23:25:00,0.0,-1.618190928918554e-171,25.70933721139674,0.0
2024-09-21 23:30:00,0.0,-1.618190928918554e-171,22.97221526020583,0.0
2024-09-21 23:35:00,0.0,-1.618190928918554e-171,20.122315424863324,0.0
2024-09-21 23:40:00,0.0,-1.618190928918554e-171,17.192682211739143,0.0
2024-09-21 23:45:00,0.0,-1.618190928918554e-171,14.21691577641863,0.0
2024-09-21 23:50:00,0.0,-1.618190928918554e-171,11.228800213731004,0.0
2024-09-21 23:55:00,0.0,-1.618190928918554e-171,8.261934056460692,0.0
2024-09-22 00:00:00,0.0,-1.618190928918554e-171,5.349366189260494,0.0
2024-09-22 00:05:00,0.0,-1.618190928918554e-171,2.5232403110470307,0.0
2024-09-22 00:10:00,0.0,-1.618190928918554e-171,-0.18554895431431528,0.0
2024-09-22 00:15:00,0.0,-1.618190928918554e-171,-2.7476853365321467,0.0
2024-09-22 00:20:00,0.0,-1.618190928918554e-171,-5.135742699519749,0.0
2024-09-22 00:25:00,0.0,-1.618190928918554e-171,-7.324476638938419,0.0
2024-09-22 00:30:00,0.0,-1.618190928918554e-171,-9.29109326326187,0.0
2024-09-22 00:35:00,0.0,-1.618190928918554e-171,-11.015492882043503,0.0
2024-09-22 00:40:00,0.0,-1.618190928918554e-171,-12.480486364057066,0.0
2024-09-22 00:45:00,0.0,-1.618190928918554e-171,-13.671982248712887,0.0
2024-09-22 00:50:00,0.0,-1.618190928918554e-171,-14.57914290081161,0.0
2024-09-22 00:55:00,0.0,-1.618190928918554e-171,-15.194508255502127,0.0
2024-09-22 01:00:00,0.0,-1.618190928918554e-171,-15.51408596514885,0.0
2024-09-22 01:05:00,0.0,-1.618190928918554e-171,-15.537407043898812,0.0
2024-09-22 01:10:00,0.0,-1.618190928918554e-171,-15.267546373052642,0.0
2024-09-22 01:15:00,0.0,-1.618190928918554e-171,-14.711107741866337,0.0
2024-09-22 01:20:00,0.0,-1.618190928918554e-171,-13.878173359732223,0.0
2024-09-22 01:25:00,0.0,-1.618190928918554e-171,-12.782218114376242,0.0
2024-09-22 01:30:00,0.0,-1.618190928918554e-171,-11.439989105266196,0.0
2024-09-22 01:35:00,0.0,-1.618190928918554e-171,-9.871351279755581,0.0
2024-09-22 01:40:00,0.0,-1.618190928918554e-171,-8.099100316648105,0.0
2024-09-22 01:45:00,0.0,-1.618190928918554e-171,-6.14874411857036,0.0
2024-09-22 01:50:00,0.0,-1.618190928918554e-171,-4.048254601242776,0.0
2024-09-22 01:55:00,0.0,-1.618190928918554e-171,-1.8277916872886173,0.0
2024-09-22 02:00:00,0.0,-1.618190928918554e-171,0.480598359650545,0.0
2024-09-22 02:05:00,0.0,-1.618190928918554e-171,2.8433078109198067,0.0
2024-09-22 02:10:00,0.0,-1.618190928918554e-171,5.225513085031248,0.0
2024-09-22 02:15:00,0.0,-1.618190928918554e-171,7.591538202290677,0.0
2024-09-22 02:20:00,0.0,-1.618190928918554e-171,9.905233229292264,0.0
2024-09-22 02:25:00,0.0,-1.618190928918554e-171,12.130364589373158,0.0
2024-09-22 02:30:00,0.0,-1.618190928918554e-171,14.23101405435955,0.0
2024-09-22 02:35:00,0.0,-1.618190928918554e-171,16.171983100538302,0.0
2024-09-22 02:40:00,0.0,-1.618190928918554e-171,17.91919929367526,0.0
2024-09-22 02:45:00,0.0,-1.618190928918554e-171,19.440121276651134,0.0
2024-09-22 02:50:00,0.0,-1.618190928918554e-171,20.704138928874553,0.0
2024-09-22 02:55:00,0.0,-1.618190928918554e-171,21.682965289180917,0.0
2024-09-22 03:00:00,0.0,-1.618190928918554e-171,22.351016892446573,0.0
2024-09-22 03:05:00,0.0,-1.618190928918554e-171,22.685779146607253,0.0
2024-09-22 03:10:00,0.0,-1.618190928918554e-171,22.66815358503369,0.0
2024-09-22 03:15:00,0.0,-1.618190928918554e-171,22.282783854974547,0.0
2024-09-22 03:20:00,0.0,-1.618190928918554e-171,21.518357482332053,0.0
2024-09-22 03:25:00,0.0,-1.618190928918554e-171,20.367880617152725,0.0
2024-09-22 03:30:00,0.0,-1.618190928918554e-171,18.82892311737374,0.0
2024-09-22 03:35:00,0.0,-1.618190928918554e-171,16.90383162068646,0.0
2024-09-22 03:40:00,0.0,-1.618190928918554e-171,14.599908341919553,0.0
2024-09-22 03:45:00,0.0,-1.618190928918554e-171,11.929553772634405,0.0
2024-09-22 03:50:00,0.0,-1.618190928918554e-171,8.910371461758722,0.0
2024-09-22 03:55:00,0.0,-1.618190928918554e-171,5.565233691059097,0.0
2024-09-22 04:00:00,0.0,-1.618190928918554e-171,1.9223067008169519,0.0
2024-09-22 04:05:00,0.0,-1.618190928918554e-171,-1.9849650984019802,0.0
2024-09-22 04:10:00,0.0,-1.618190928918554e-171,-6.1179166047696265,0.0
2024-09-22 04:15:00,0.0,-1.618190928918554e-171,-10.432761312235385,0.0
2024-09-22 04:20:00,0.0,-1.618190928918554e-171,-14.880732195450893,0.0
2024-09-22 04:25:00,0.0,-1.618190928918554e-171,-19.408263888575675,0.0
2024-09-22 04:30:00,0.0,-1.618190928918554e-171,-23.95721526631165,0.0
2024-09-22 04:35:00,0.0,-1.618190928918554e-171,-28.465131426780026,0.0
2024-09-22 04:40:00,0.0,-1.618190928918554e-171,-32.865543580088826,0.0
2024-09-22 04:45:00,0.0,-1.618190928918554e-171,-37.08830535125557,0.0
2024-09-22 04:50:00,0.0,-1.618190928918554e-171,-41.05996326274166,0.0
2024-09-22 04:55:00,0.0,-1.618190928918554e-171,-44.70415944133098,0.0
2024-09-22 05:00:00,0.0,-1.618190928918554e-171,-47.94206379394747,0.0
2024-09-22 05:05:00,0.0,-1.618190928918554e-171,-50.69283306474415,0.0
2024-09-22 05:10:00,0.0,-1.618190928918554e-171,-52.874093775452316,0.0
2024-09-22 05:15:00,0.0,-1.618190928918554e-171,-54.402445837167164,0.0
2024-09-22 05:20:00,0.0,-1.618190928918554e-171,-55.19398355037378,0.0
2024-09-22 05:25:00,0.0,-1.618190928918554e-171,-55.16483045593873,0.0
2024-09-22 05:30:00,0.0,-1.618190928918554e-171,-54.23168442346891,0.0
2024-09-22 05:35:00,0.0,-1.618190928918554e-171,-52.31236922366593,0.0
2024-09-22 05:40:00,0.0,-1.618190928918554e-171,-49.32638884354709,0.0
2024-09-22 05:45:00,0.0,-1.618190928918554e-171,-45.19548054494865,0.0
2024-09-22 05:50:00,0.0,-1.618190928918554e-171,-39.844162979729084,0.0
2024-09-22 05:55:00,0.0,-1.618190928918554e-171,-33.20027531733725,0.0
2024-09-22 06:00:00,0.0,-1.618190928918554e-171,-25.195503647504342,88.58563930424287
2024-09-22 06:05:00,0.0,-1.618190928918554e-171,-15.765890859995176,83.05225039913286
2024-09-22 06:10:00,0.0,-1.618190928918554e-171,-4.8523262894668555,82.5775837358662
2024-09-22 06:15:00,0.0,-1.618190928918554e-171,7.598988340512284,81.45817631942175
2024-09-22 06:20:00,0.0,-1.618190928918554e-171,21.636100215317676,88.32580761651367
2024-09-22 06:25:00,0.0,-1.618190928918554e-171,37.30089709586277,83.40902610291498
2024-09-22 06:30:00,0.0,-1.618190928918554e-171,54.628732573161706,83.40902610291498
2024-09-22 06:35:00,0.0,-1.618190928918554e-171,73.6480873942563,85.33955151456482
2024-09-22 06:40:00,0.0,-1.618190928918554e-171,94.38026995714813,83.82488481723148
2024-09-22 06:45:00,0.0,-1.618190928918554e-171,116.83915779655612,88.61787000588818
2024-09-22 06:50:00,0.0,-1.618190928918554e-171,141.0309824936386,89.87437641281309
2024-09-22 06:55:00,0.0,-1.618190928918554e-171,166.9541595605685,75.85797275349363
2024-09-22 07:00:00,0.0,-1.618190928918554e-171,194.59916481212585,189.29133330371727
2024-09-22 07:05:00,63.09999847,-1.618190928918554e-171,223.9484584642748,189.29133330371727
2024-09-22 07:10:00,73.40000153,-1.618190928918554e-171,254.97645743964893,301.55028672447907
2024-09-22 07:15:00,81.40000153,-1.618190928918554e-171,287.64955697943896,307.98537578529977
2024-09-22 07:20:00,104.1999969,-1.618190928918554e-171,321.9262008119396,287.5537148106435
2024-09-22 07:25:00,168.8000031,-1.618190928918554e-171,357.7570005876901,273.0241940534435
2024-09-22 07:30:00,200.1000061,-1.618190928918554e-171,395.0849034242612,298.87299421033737
2024-09-22 07:35:00,185.5,-1.618190928918554e-171,433.8454068879428,313.09643191388864
2024-09-22 07:40:00,232.5,-1.618190928918554e-171,473.96682032891283,275.62371457915793
2024-09-22 07:45:00,214.6999969,-1.618190928918554e-171,515.3705706311264,282.24052717341505
2024-09-22 07:50:00,286.0,-1.618190928918554e-171,557.9715510656298,282.24052717341505
2024-09-22 07:55:00,280.25,-1.618190928918554e-171,601.6785106435656,291.3954825983983
2024-09-22 08:00:00,515.0999756,-1.618190928918554e-171,646.3944820357773,893.4562260515379
2024-09-22 08:05:00,912.2000122,-1.618190928918554e-171,692.0172445093576,893.4562260515379
2024-09-22 08:10:00,848.4500122,-1.618190928918554e-171,738.4398199436487,820.6269909201915
2024-09-22 08:15:00,840.2333374,-1.618190928918554e-171,785.5509982360062,821.3992692930804
2024-09-22 08:20:00,768.2333374,-1.618190928918554e-171,833.2358884306495,822.0521739416995
2024-09-22 08:25:00,1000.5,-1.618190928918554e-171,881.3764926679416,825.8251486782136
2024-09-22 08:30:00,1009.150024,-1.618190928918554e-171,929.8522986927678,826.915570698273
2024-09-22 08:35:00,1133.199951,-1.618190928918554e-171,978.5408874586061,808.9328349122314
2024-09-22 08:40:00,1088.43335,-1.618190928918554e-171,1027.318551277845,810.4772003307075
2024-09-22 08:45:00,1140.0,-1.618190928918554e-171,1076.0609195231023,831.6559303128407
2024-09-22 08:50:00,1294.300049,-1.618190928918554e-171,1124.6435863843888,827.5650710478344
2024-09-22 08:55:00,1249.833374,-1.618190928918554e-171,1172.9427379542524,829.3891078065011
2024-09-22 09:00:00,1305.833374,-1.618190928918554e-171,1220.8357737500162,1234.8977035027033
2024-09-22 09:05:00,1337.033325,-1.618190928918554e-171,1268.2019187458416,1234.7600972650207
2024-09-22 09:10:00,1389.400024,-1.618190928918554e-171,1314.922822297667,1233.9877135426889
2024-09-22 09:15:00,1437.800171,-1.618190928918554e-171,1360.883139430603,1236.759123142937
2024-09-22 09:20:00,1484.166626,-1.618190928918554e-171,1405.971091472916,1250.2025875796862
2024-09-22 09:25:00,1524.433228,-1.618190928918554e-171,1450.0790018661626,1174.8163859169051
2024-09-22 09:30:00,1563.266602,-1.618190928918554e-171,1493.1038042870016,1175.691852116905
2024-09-22 09:35:00,1601.966675,-1.618190928918554e-171,1534.947518928224,1157.7515375366659
2024-09-22 09:40:00,1645.733276,-1.618190928918554e-171,1575.5176951233639,1172.3118945152733
2024-09-22 09:45:00,1690.099976,-1.618190928918554e-171,1614.7278168294483,1180.5666053880195
2024-09-22 09:50:00,1735.300171,-1.618190928918554e-171,1652.4976684142584,1179.7905620552413
2024-09-22 09:55:00,1776.0,-1.618190928918554e-171,1688.7536590929892,1167.2142634360187
2024-09-22 10:00:00,1815.266602,-1.618190928918554e-171,1723.4291035818337,1468.9729460247152
2024-09-22 10:05:00,1852.099976,-1.618190928918554e-171,1756.4644577858958,1499.2981455969455
2024-09-22 10:10:00,1888.0,-1.618190928918554e-171,1787.8075077479484,1355.1598439350826
2024-09-22 10:15:00,1922.133301,-1.618190928918554e-171,1817.4135116824662,1355.1598439350826
2024-09-22 10:20:00,1953.533325,-1.618190928918554e-171,1845.2452934882685,1356.8698714501302
2024-09-22 10:25:00,1985.199829,-1.618190928918554e-171,1871.273288465178,1356.8698714501302
2024-09-22 10:30:00,2011.833374,-1.618190928918554e-171,1895.4755406465963,1345.012758436797
2024-09-22 10:35:00,2034.366699,-1.618190928918554e-171,1917.8376524037778,1337.5190419962655
2024-09-22 10:40:00,2045.366577,-1.618190928918554e-171,1938.3526871087113,1338.4714728864003
2024-09-22 10:45:00,2050.43335,-1.618190928918554e-171,1957.021025725272,1338.4714728864003
2024-09-22 10:50:00,2050.966553,-1.618190928918554e-171,1973.8501789932388,1379.503866216167
2024-09-22 10:55:00,2053.033447,-1.618190928918554e-171,1988.854556713161,1379.503866216167
2024-09-22 11:00:00,2054.466553,-1.618190928918554e-171,2002.0551962745326,1469.9239978759304
2024-09-22 11:05:00,2055.0,-1.618190928918554e-171,2013.4794524603547,1469.9239978759304
2024-09-22 11:10:00,2053.699951,-1.618190928918554e-171,2023.1606514198102,1469.9239978759304
2024-09-22 11:15:00,2054.733398,-1.618190928918554e-171,2031.1377113401163,1469.9239978759304
2024-09-22 11:20:00,2057.033447,-1.618190928918554e-171,2037.454732860025,1475.496917794384
2024-09-22 11:25:00,2060.300049,-1.618190928918554e-171,2042.1605625213874,1475.496917794384
2024-09-22 11:30:00,2061.133545,-1.618190928918554e-171,2045.3083325524194,1475.496917794384
2024-09-22 11:35:00,2061.033203,-1.618190928918554e-171,2046.954980542989,1474.768584527162
2024-09-22 11:40:00,2060.56665,-1.618190928918554e-171,2047.1607526773737,1474.768584527162
2024-09-22 11:45:00,2059.600098,-1.618190928918554e-171,2045.988694215969,1474.768584527162
2024-09-22 11:50:00,2057.533447,-1.618190928918554e-171,2043.5041311156617,1474.768584527162
2024-09-22 11:55:00,2055.633545,-1.618190928918554e-171,2039.774146597403,1474.768584527162
2024-09-22 12:00:00,2055.466553,-1.618190928918554e-171,2034.8670565250375,1519.9507895312797
2024-09-22 12:05:00,2056.699951,-1.618190928918554e-171,2028.8518874623792,1519.9507895312797
2024-09-22 12:10:00,2058.766846,-1.618190928918554e-171,2021.7978611722128,1521.7009255962798
2024-09-22 12:15:00,2060.033447,-1.618190928918554e-171,2013.7738893615806,1531.9494871356449
2024-09-22 12:20:00,2060.099854,-1.618190928918554e-171,2004.848082197429,1484.4270543485757
2024-09-22 12:25:00,2059.43335,-1.618190928918554e-171,1995.0872741739313,1521.431222532016
2024-09-22 12:30:00,2057.766602,-1.618190928918554e-171,1984.5565705846307,1520.937547728703
2024-09-22 12:35:00,2056.166748,-1.618190928918554e-171,1973.3189179288972,1520.937547728703
2024-09-22 12:40:00,2055.199951,-1.618190928918554e-171,1961.4347010203462,1540.9792535930897
2024-09-22 12:45:00,2055.633545,-1.618190928918554e-171,1948.9613696382662,1582.5340244038782
2024-09-22 12:50:00,2058.800049,-1.618190928918554e-171,1935.9530973058957,1698.0424576095527
2024-09-22 12:55:00,2060.599854,-1.618190928918554e-171,1922.4604742681497,1681.2451018397228
2024-09-22 13:00:00,2062.499756,-1.618190928918554e-171,1908.5302367737925,1579.6520913850816
2024-09-22 13:05:00,2060.966553,-1.618190928918554e-171,1894.205034300804,1526.5205874424173
2024-09-22 13:10:00,2060.133301,-1.618190928918554e-171,1879.5232360666478,1549.548022176181
2024-09-22 13:15:00,2059.699951,-1.618190928918554e-171,1864.5187779979012,1561.8202063957353
2024-09-22 13:20:00,2060.43335,-1.618190928918554e-171,1849.221050826266,1590.1059053155989
2024-09-22 13:25:00,2060.033447,-1.618190928918554e-171,1833.654829799296,1508.4176818094472
2024-09-22 13:30:00,2057.166748,-1.618190928918554e-171,1817.840246083471,1434.2108651994088
2024-09-22 13:35:00,2054.5,-1.618190928918554e-171,1801.7927997050379,1322.637823656973
2024-09-22 13:40:00,2053.800049,-1.618190928918554e-171,1785.5234134919995,1294.6568670765812
2024-09-22 13:45:00,2054.366943,-1.618190928918554e-171,1769.038527116039,1247.4903464854779
2024-09-22 13:50:00,2055.833252,-1.618190928918554e-171,1752.3402302730465,1121.3384981848128
2024-09-22 13:55:00,2057.0,-1.618190928918554e-171,1735.4264333597966,1031.7169962553287
2024-09-22 14:00:00,2059.166748,-1.618190928918554e-171,1718.2910739571298,1104.2776761716852
2024-09-22 14:05:00,2060.333252,-1.618190928918554e-171,1700.9243574337675,1095.3325241271816
2024-09-22 14:10:00,2061.133301,-1.618190928918554e-171,1683.3130289426394,990.0042387445357
2024-09-22 14:15:00,2061.833252,-1.618190928918554e-171,1665.44067468928,884.9969649052869
2024-09-22 14:20:00,2062.466553,-1.618190928918554e-171,1647.288049743325,831.1596029563424
2024-09-22 14:25:00,2061.800049,-1.618190928918554e-171,1628.8334293550429,797.410129063594
2024-09-22 14:30:00,2060.0,-1.618190928918554e-171,1610.052980877717,723.6803958526132
2024-09-22 14:35:00,2056.666748,-1.618190928918554e-171,1590.9211530453495,716.5881697195105
2024-09-22 14:40:00,2051.266602,-1.618190928918554e-171,1571.411079237836,724.4783632520697
2024-09-22 14:45:00,2041.066772,-1.618190928918554e-171,1551.4949914411297,783.0486598905686
2024-09-22 14:50:00,2020.466797,-1.618190928918554e-171,1531.144641280591,780.3730313465974
2024-09-22 14:55:00,1991.333374,-1.618190928918554e-171,1510.3317247482557,747.5652276312522
2024-09-22 15:00:00,1955.433472,-1.618190928918554e-171,1489.0283069014674,425.51795485077974
2024-09-22 15:05:00,1925.233398,-1.618190928918554e-171,1467.207243200348,425.6559027339168
2024-09-22 15:10:00,1896.733276,-1.618190928918554e-171,1444.842593869463,458.02011035119773
2024-09-22 15:15:00,1864.400024,-1.618190928918554e-171,1421.910027874884,453.692365231493
2024-09-22 15:20:00,1811.633301,-1.618190928918554e-171,1398.3872133412426,486.45480189637095
2024-09-22 15:25:00,1753.400024,-1.618190928918554e-171,1374.2541909804545,529.352616666301
2024-09-22 15:30:00,1696.766602,-1.618190928918554e-171,1349.4937274887773,539.7850758662677
2024-09-22 15:35:00,1663.066772,-1.618190928918554e-171,1324.0916463924714,529.4794268591127
2024-09-22 15:40:00,1629.700073,-1.618190928918554e-171,1298.0371330322955,320.8455062085172
2024-09-22 15:45:00,1600.166626,-1.618190928918554e-171,1271.323011665022,319.70154474389676
2024-09-22 15:50:00,1559.099976,-1.618190928918554e-171,1243.9459921252987,315.9520672334095
2024-09-22 15:55:00,1518.333374,-1.618190928918554e-171,1215.9068842814502,307.3501463616661
2024-09-22 16:00:00,1464.133301,-1.618190928918554e-171,1187.210778261247,341.81823651888516
2024-09-22 16:05:00,1407.366699,-1.618190928918554e-171,1157.8671890659623,452.6713445126631
2024-09-22 16:10:00,1351.966675,-1.618190928918554e-171,1127.8901643611503,476.45016632759575
2024-09-22 16:15:00,1307.366577,-1.618190928918554e-171,1097.298354566519,440.77837132222885
2024-09-22 16:20:00,1256.533325,-1.618190928918554e-171,1066.1150445074443,447.22610865775107
2024-09-22 16:25:00,1211.200073,-1.618190928918554e-171,1034.3681464728277,595.4110360684048
2024-09-22 16:30:00,1162.799927,-1.618190928918554e-171,1002.0901544552394,575.2827463455379
2024-09-22 16:35:00,1128.333374,-1.618190928918554e-171,969.3180600624121,442.24251849697805
2024-09-22 16:40:00,1089.666626,-1.618190928918554e-171,936.0932306146044,577.8946065690056
2024-09-22 16:45:00,1051.466675,-1.618190928918554e-171,902.461250215916,614.0046227793746
2024-09-22 16:50:00,1000.466614,-1.618190928918554e-171,868.4717252621283,681.7239639964752
2024-09-22 16:55:00,934.8666992,-1.618190928918554e-171,834.1780555605421,712.5710708118446
2024-09-22 17:00:00,862.9666138,-1.618190928918554e-171,799.6371726624818,635.2808858725009
2024-09-22 17:05:00,794.2999878,-1.618190928918554e-171,764.9092481290014,675.4743435916325
2024-09-22 17:10:00,743.2333984,-1.618190928918554e-171,730.057372917886,418.9814908932753
2024-09-22 17:15:00,710.5333862,-1.618190928918554e-171,695.1472110977409,424.68785713048663
2024-09-22 17:20:00,697.8666992,-1.618190928918554e-171,660.2466300991148,401.4869091587465
2024-09-22 17:25:00,694.6000366,-1.618190928918554e-171,625.4253107017595,386.34166355929824
2024-09-22 17:30:00,665.1333008,-1.618190928918554e-171,590.754339283222,357.3897413092672
2024-09-22 17:35:00,650.5,-1.618190928918554e-171,556.3057857747051,331.9368848470668
2024-09-22 17:40:00,533.2000732,-1.618190928918554e-171,522.1522704522896,341.20332224083387
2024-09-22 17:45:00,412.8000183,-1.618190928918554e-171,488.3665226114558,316.8506918627311
2024-09-22 17:50:00,377.4666748,-1.618190928918554e-171,455.0209352087756,338.1259450518073
2024-09-22 17:55:00,346.5,-1.618190928918554e-171,422.1871178021471,337.62701029153277
2024-09-22 18:00:00,332.5,-1.618190928918554e-171,389.9354522204412,204.7065213117969
2024-09-22 18:05:00,283.6499939,-1.618190928918554e-171,358.3346536307473,201.59365448674737
2024-09-22 18:10:00,232.75,-1.618190928918554e-171,327.45134073337886,201.59365448674737
2024-09-22 18:15:00,187.1499939,-1.618190928918554e-171,297.3496181013566,201.6222102422474
2024-09-22 18:20:00,147.8999939,-1.618190928918554e-171,268.0906741588997,187.8481199663586
2024-09-22 18:25:00,114.6999969,-1.618190928918554e-171,239.73239747944538,187.23161414472773
2024-09-22 18:30:00,88.0,-1.618190928918554e-171,212.32901438804757,198.52194347899282
2024-09-22 18:35:00,67.09999084,-1.618190928918554e-171,185.93075105084705,196.78782432603415
2024-09-22 18:40:00,49.59999847,-1.618190928918554e-171,160.5835218624706,127.21760050865198
2024-09-22 18:45:00,34.40000153,-1.618190928918554e-171,136.3286470645797,112.00152524180885
2024-09-22 18:50:00,22.20000076,-1.618190928918554e-171,113.20260138517574,173.13363879216902
2024-09-22 18:55:00,14.26666737,-1.618190928918554e-171,91.2367958616219,204.18811790338546
2024-09-22 19:00:00,12.59999943,-1.618190928918554e-171,70.45739413976793,19.74967233359739
2024-09-22 19:05:00,0.0,-1.618190928918554e-171,50.8851648536972,19.847704680812733
2024-09-22 19:10:00,0.0,-1.618190928918554e-171,32.53537108512088,13.411128345152143
2024-09-22 19:15:00,0.0,-1.618190928918554e-171,15.417697579891685,43.75173061974964
2024-09-22 19:20:00,0.0,-1.618190928918554e-171,-0.4637834413764851,25.399447723605057
2024-09-22 19:25:00,0.0,-1.618190928918554e-171,-15.110608145637341,45.137071961191864
2024-09-22 19:30:00,0.0,-1.618190928918554e-171,-28.529878285426967,47.04774346379334
2024-09-22 19:35:00,0.0,-1.618190928918554e-171,-40.7341803900432,13.228573822821113
2024-09-22 19:40:00,0.0,-1.618190928918554e-171,-51.74146747654935,26.858693174463834
2024-09-22 19:45:00,0.0,-1.618190928918554e-171,-61.574904339380524,14.13306871723206
2024-09-22 19:50:00,0.0,-1.618190928918554e-171,-70.26267752370133,11.042688464212747
2024-09-22 19:55:00,0.0,-1.618190928918554e-171,-77.83777164571818,10.540955526903144
2024-09-22 20:00:00,0.0,-1.618190928918554e-171,-84.33771373336434,0.0
2024-09-22 20:05:00,0.0,-1.618190928918554e-171,-89.80428755414509,0.0
2024-09-22 20:10:00,0.0,-1.618190928918554e-171,-94.28322021229232,0.0
2024-09-22 20:15:00,0.0,-1.618190928918554e-171,-97.82384350503108,0.0
2024-09-22 20:20:00,0.0,-1.618190928918554e-171,-100.47873248535065,0.0
2024-09-22 20:25:00,0.0,-1.618190928918554e-171,-102.30332420982754,0.0
2024-09-22 20:30:00,0.0,-1.618190928918554e-171,-103.35551948965708,0.0
2024-09-22 20:35:00,0.0,-1.618190928918554e-171,-103.69527074870095,0.0
2024-09-22 20:40:00,0.0,-1.618190928918554e-171,-103.38415913423383,0.0
2024-09-22 20:45:00,0.0,-1.618190928918554e-171,-102.4849641222063,0.0
2024-09-22 20:50:00,0.0,-1.618190928918554e-171,-101.06122887531902,0.0
2024-09-22 20:55:00,0.0,-1.618190928918554e-171,-99.17682466323892,0.0
2024-09-22 21:00:00,0.0,-1.618190928918554e-171,-96.8955177089666,0.0
2024-09-22 21:05:00,0.0,-1.618190928918554e-171,-94.28054156682423,0.0
2024-09-22 21:10:00,0.0,-1.618190928918554e-171,-91.39417848675446,0.0
2024-09-22 21:15:00,0.0,-1.618190928918554e-171,-88.29735264623469,0.0
2024-09-22 21:20:00,0.0,-1.618190928918554e-171,-85.04923850972855,0.0
2024-09-22 21:25:00,0.0,-1.618190928918554e-171,-81.70688707298399,0.0
2024-09-22 21:30:00,0.0,-1.618190928918554e-171,-78.32487279823931,0.0
2024-09-22 21:35:00,0.0,-1.618190928918554e-171,-74.9549638559005,0.0
2024-09-22 21:40:00,0.0,-1.618190928918554e-171,-71.64581800995094,0.0
2024-09-22 21:45:00,0.0,-1.618190928918554e-171,-68.44270637730783,0.0
2024-09-22 21:50:00,0.0,-1.618190928918554e-171,-65.38726697748889,0.0
2024-09-22 21:55:00,0.0,-1.618190928918554e-171,-62.517289866242834,0.0
2024-09-22 22:00:00,0.0,-1.618190928918554e-171,-59.866535187842175,0.0
2024-09-22 22:05:00,0.0,-1.618190928918554e-171,-57.46458548775012,0.0
2024-09-22 22:10:00,0.0,-1.618190928918554e-171,-55.33673307630827,0.0
2024-09-22 22:15:00,0.0,-1.618190928918554e-171,-53.50390317258747,0.0
2024-09-22 22:20:00,0.0,-1.618190928918554e-171,-51.982613143887725,0.0
2024-09-22 22:25:00,0.0,-1.618190928918554e-171,-50.78496788848469,0.0
2024-09-22 22:30:00,0.0,-1.618190928918554e-171,-49.91869117133345,0.0
2024-09-22 22:35:00,0.0,-1.618190928918554e-171,-49.38719236838983,0.0
2024-09-22 22:40:00,0.0,-1.618190928918554e-171,-49.18966783880987,0.0
2024-09-22 22:45:00,0.0,-1.618190928918554e-171,-49.32123584661557,0.0
2024-09-22 22:50:00,0.0,-1.618190928918554e-171,-49.773103690151686,0.0
2024-09-22 22:55:00,0.0,-1.618190928918554e-171,-50.53276545212087,0.0
2024-09-22 23:00:00,0.0,-1.618190928918554e-171,-51.584228509084774,0.0
2024-09-22 23:05:00,0.0,-1.618190928918554e-171,-52.908266753519946,0.0
2024-09-22 23:10:00,0.0,-1.618190928918554e-171,-54.48269823382819,0.0
2024-09-22 23:15:00,0.0,-1.618190928918554e-171,-56.282684739386255,0.0
2024-09-22 23:20:00,0.0,-1.618190928918554e-171,-58.281050680787,0.0
2024-09-22 23:25:00,0.0,-1.618190928918554e-171,-60.448618466531066,0.0
2024-09-22 23:30:00,0.0,-1.618190928918554e-171,-62.75455743362171,0.0
2024-09-22 23:35:00,0.0,-1.618190928918554e-171,-65.16674330471315,0.0
2024-09-22 23:40:00,0.0,-1.618190928918554e-171,-67.6521250346465,0.0
2024-09-22 23:45:00,0.0,-1.618190928918554e-171,-70.17709590190493,0.0
2024-09-22 23:50:00,0.0,-1.618190928918554e-171,-72.70786555265396,0.0
2024-09-22 23:55:00,0.0,-1.618190928918554e-171,-75.2108298881829,0.0
