fecha_hora,Real,ARIMA,Prophet,Random Forest
2024-08-22 08:00:00,735.0,693.9424209077205,582.4837699239167,746.9941253010592
2024-08-22 08:05:00,797.7999878,692.6188368075316,622.932704356825,746.9941253010592
2024-08-22 08:10:00,850.0,687.9172472125912,664.0923655216092,746.9941253010592
2024-08-22 08:15:00,832.3666992,684.2122920243348,705.8654445311487,746.9941253010592
2024-08-22 08:20:00,866.6000366,681.6527784391512,748.1513290894575,746.9941253010592
2024-08-22 08:25:00,900.0667114,681.2812529829268,790.8466018865182,746.9941253010592
2024-08-22 08:30:00,1085.400024,681.3937607776352,833.8455558017853,746.9941253010592
2024-08-22 08:35:00,1036.599976,681.7173049590278,877.040722724215,746.9941253010592
2024-08-22 08:40:00,1098.133301,681.95067416857,920.3234126549972,746.9941253010592
2024-08-22 08:45:00,1131.033325,682.0806074735626,963.5842593564839,746.9941253010592
2024-08-22 08:50:00,1184.033325,682.1039312254558,1006.7137692472143,747.7916252502258
2024-08-22 08:55:00,1232.866699,682.0936029863044,1049.6028697432034,748.4863436687739
2024-08-22 09:00:00,1280.366699,682.0730699105219,1092.143453788995,1228.320527463894
2024-08-22 09:05:00,1324.43335,682.0589115587574,1134.2289167563956,1228.320527463894
2024-08-22 09:10:00,1365.533203,682.0519362774241,1175.7546823592731,1235.7745056893543
2024-08-22 09:15:00,1406.099976,682.0506945568718,1216.6187143336372,1172.9239405221933
2024-08-22 09:20:00,1450.0,682.051523459496,1256.7220101686935,1229.9423348088294
2024-08-22 09:25:00,1495.033325,682.0527966208153,1295.9690742509274,1233.0373789903695
2024-08-22 09:30:00,1540.200073,682.0536418082735,1334.2683672862738,1338.6410005878213
2024-08-22 09:35:00,1583.100098,682.0540236015352,1371.5327285737833,1429.006224643363
2024-08-22 09:40:00,1626.333374,682.0540827914414,1407.6797694527127,1492.491766090114
2024-08-22 09:45:00,1667.233398,682.0540218480032,1442.6322348655465,1508.5471625436946
2024-08-22 09:50:00,1706.866699,682.0539435705837,1476.3183307665313,1479.2642157014786
2024-08-22 09:55:00,1743.966675,682.053893617586,1508.6720158576488,1467.1673861665577
2024-08-22 10:00:00,1778.699829,682.0538726598043,1539.6332555635663,2001.3006231072584
2024-08-22 10:05:00,1809.366699,682.0538701740065,1569.148236937259,1995.0797209190212
2024-08-22 10:10:00,1835.066772,682.0538744283227,1597.1695434047313,1992.3167643558518
2024-08-22 10:15:00,1860.133301,682.0538792163188,1623.6562882675967,1995.0189120148827
2024-08-22 10:20:00,1887.166626,682.0538821459982,1648.5742065912395,2000.8447437606526
2024-08-22 10:25:00,1919.766602,682.0538832909397,1671.8957050098559,2010.3529717321287
2024-08-22 10:30:00,1955.799927,682.0538833729952,1693.59986962244,2006.5276312687954
2024-08-22 10:35:00,1988.099976,682.0538830855818,1713.6724321127517,2012.6584419684148
2024-08-22 10:40:00,2014.366699,682.0538827941037,1732.1056947549307,2013.5735533610173
2024-08-22 10:45:00,2031.033325,682.0538826234346,1748.8984152287667,2011.8191830288506
2024-08-22 10:50:00,2045.800171,682.0538825614531,1764.0556522173417,2006.5818100484062
2024-08-22 10:55:00,2054.06665,682.0538825605829,1777.588573440151,1998.8404484333505
2024-08-22 11:00:00,2059.366699,682.0538825795669,1789.5142277116463,2028.0310976821786
2024-08-22 11:05:00,2058.699951,682.0538825972243,1799.8552827852918,2028.2817191479278
2024-08-22 11:10:00,2057.733398,682.0538826071041,1808.6397314398778,2028.2817191479278
2024-08-22 11:15:00,2057.233154,682.0538826104178,1815.900567979672,2028.345273324768
2024-08-22 11:20:00,2058.733398,682.0538826102301,1821.6754377603363,2028.345273324768
2024-08-22 11:25:00,2059.766846,682.053882608997,1826.0062624811017,2028.3337098688066
2024-08-22 11:30:00,2059.56665,682.0538826079327,1828.9388441890578,2028.3337098688066
2024-08-22 11:35:00,2057.100098,682.0538826073642,1830.5224509766358,2045.7928650611545
2024-08-22 11:40:00,2056.900146,682.05388260719,1830.8093875494594,2045.7928650611545
2024-08-22 11:45:00,2056.866455,682.0538826072152,1829.8545538807991,2045.7902556325348
2024-08-22 11:50:00,2059.266846,682.0538826072942,1827.7149952884483,2045.781017834548
2024-08-22 11:55:00,2058.733154,682.053882607358,1824.4494471977275,2045.7501381049783
2024-08-22 12:00:00,2058.833252,682.0538826073905,1820.1178780751156,2057.378754461174
2024-08-22 12:05:00,2058.266602,682.0538826073995,1814.7810336877312,2057.4010605747794
2024-08-22 12:10:00,2058.766602,682.0538826073972,1808.4999862258417,2057.4714218556546
2024-08-22 12:15:00,2059.399902,682.0538826073922,1801.3356912915908,2057.2305089238607
2024-08-22 12:20:00,2059.633301,682.0538826073885,1793.3485561626435,2057.351203126839
2024-08-22 12:25:00,2061.133301,682.0538826073866,1784.5980222173387,2057.213609154316
2024-08-22 12:30:00,2062.833252,682.0538826073862,1775.1421644757334,2057.330546728278
2024-08-22 12:35:00,2063.833252,682.0538826073864,1765.0373112158584,2057.3516758456
2024-08-22 12:40:00,2063.533447,682.0538826073868,1754.3376860111612,2025.222686220907
2024-08-22 12:45:00,2061.300049,682.053882607387,1743.0950748302928,2023.4322782158445
2024-08-22 12:50:00,2059.866455,682.0538826073871,1731.3585202850934,2040.824941341835
2024-08-22 12:55:00,2057.733398,682.0538826073871,1719.174045200655,1965.9482095447893
2024-08-22 13:00:00,2058.06665,682.0538826073871,1706.5844070157073,1970.8580591416921
2024-08-22 13:05:00,2057.533447,682.0538826073871,1693.6288848294516,1984.1746545057
2024-08-22 13:10:00,2058.333252,682.0538826073871,1680.3431001026192,1990.5157133102855
2024-08-22 13:15:00,2059.300049,682.0538826073871,1666.758872143351,1895.2400960201333
2024-08-22 13:20:00,2062.600098,682.0538826073871,1652.9041091912507,1954.4493291987626
2024-08-22 13:25:00,2065.466553,682.0538826073871,1638.8027352585257,1980.2478377544317
2024-08-22 13:30:00,2067.100098,682.0538826073871,1624.4746532600993,2032.3035612096505
2024-08-22 13:35:00,2064.450195,682.0538826073871,1609.9357440410242,2034.2955805626846
2024-08-22 13:40:00,1783.033325,682.0538826073871,1595.1979010931072,1981.1724568906138
2024-08-22 13:45:00,1950.400024,682.0538826073871,1580.2691001860796,1993.5408320047713
2024-08-22 13:50:00,1839.0,682.0538826073871,1565.1535031769843,1986.441831925215
2024-08-22 13:55:00,1807.366699,682.0538826073871,1549.851594586076,1974.0371587370128
2024-08-22 14:00:00,1679.099976,682.0538826073871,1534.360349636408,1875.9061153517198
2024-08-22 14:05:00,1276.900024,682.0538826073871,1518.6734322477748,1863.9547819075556
2024-08-22 14:10:00,802.6500244,682.0538826073871,1502.7814207765537,1993.0507156797044
2024-08-22 14:15:00,642.9333496,682.0538826073871,1486.6720597007654,2001.1234633203453
2024-08-22 14:20:00,2053.600098,682.0538826073871,1470.3305347962198,1988.3677162173587
2024-08-22 14:25:00,2054.25,682.0538826073871,1453.7397695395025,1964.8498416116445
2024-08-22 14:30:00,2054.633301,682.0538826073871,1436.8807399205357,1982.7143370404274
2024-08-22 14:35:00,2055.733154,682.0538826073871,1419.7328051006984,2001.334394031559
2024-08-22 14:40:00,2056.099854,682.0538826073871,1402.2740510323144,1965.3807620206273
2024-08-22 14:45:00,2056.533203,682.0538826073871,1384.4816439841911,1928.7112008715872
2024-08-22 14:50:00,2056.666748,682.0538826073871,1366.332191342972,1903.0055299441692
2024-08-22 14:55:00,2057.733398,682.0538826073871,1347.802106120454,1844.9430556777038
2024-08-22 15:00:00,2058.25,682.0538826073871,1328.867972641425,1845.5858899277287
2024-08-22 15:05:00,1658.300049,682.0538826073871,1309.5069099916166,1623.6193237555135
2024-08-22 15:10:00,1351.699951,682.0538826073871,1289.6969304083725,1595.9969024704353
2024-08-22 15:15:00,1116.699951,682.0538826073871,1269.4172895944391,1597.0667875216698
2024-08-22 15:20:00,1116.699951,682.0538826073871,1248.6488259989171,1689.7937963356483
2024-08-22 15:25:00,1935.300049,682.0538826073871,1227.3742864987564,1804.8368634886601
2024-08-22 15:30:00,1909.700195,682.0538826073871,1205.5786353691608,1694.8323056529844
2024-08-22 15:35:00,1891.066772,682.0538826073871,1183.2493446499968,1682.177657428488
2024-08-22 15:40:00,1850.299927,682.0538826073871,1160.3766628612893,1710.8838857595533
2024-08-22 15:45:00,1799.066772,682.0538826073871,1136.9538603388683,1692.6659953499868
2024-08-22 15:50:00,1737.633301,682.0538826073871,1112.9774489150602,1678.973561462643
2024-08-22 15:55:00,1682.333374,682.0538826073871,1088.4473743986114,1651.7422714123832
2024-08-22 16:00:00,1644.5,682.0538826073871,1063.3671799766848,1559.524529158237
2024-08-22 16:05:00,1605.900024,682.0538826073871,1037.7441394146272,1566.2332441091376
2024-08-22 16:10:00,1563.033325,682.0538826073871,1011.589358895868,1493.4670714671395
2024-08-22 16:15:00,1513.166626,682.0538826073871,984.9178464391173,1451.2070329073513
2024-08-22 16:20:00,1473.299927,682.0538826073871,957.7485488903026,1420.6057934626501
2024-08-22 16:25:00,1429.066772,682.0538826073871,930.1043552322138,1368.646459527449
2024-08-22 16:30:00,1388.666626,682.0538826073871,902.0120670799163,1329.2160516040622
2024-08-22 16:35:00,1344.766602,682.0538826073871,873.5023358490182,1142.8097059546742
2024-08-22 16:40:00,1300.0,682.0538826073871,844.6095674201654,1259.5718713198462
2024-08-22 16:45:00,1250.466675,682.0538826073871,815.3717948906788,1247.315297589772
2024-08-22 16:50:00,1196.966675,682.0538826073871,785.8305202742006,1226.8174936522505
2024-08-22 16:55:00,1138.933228,682.0538826073871,756.0305266659515,1189.2038576225664
2024-08-22 17:00:00,1078.366699,682.0538826073871,726.0196616749777,973.7175347265706
2024-08-22 17:05:00,1016.166687,682.0538826073871,695.8485946986037,906.1355225246031
2024-08-22 17:10:00,959.2333374,682.0538826073871,665.5705488743434,863.9198264190593
2024-08-22 17:15:00,906.0999146,682.0538826073871,635.2410105461175,637.9510847640431
2024-08-22 17:20:00,856.5,682.0538826073871,604.9174180462685,602.6045875708218
2024-08-22 17:25:00,804.8666992,682.0538826073871,574.6588322923978,585.4800907518036
2024-08-22 17:30:00,750.8999634,682.0538826073871,544.525591873004,562.9837936673084
2024-08-22 17:35:00,694.2999878,682.0538826073871,514.5789549485099,534.3015445114986
2024-08-22 17:40:00,637.166687,682.0538826073871,484.88073101978324,529.1691070174803
2024-08-22 17:45:00,580.6000366,682.0538826073871,455.49290503971787,513.7988247593588
2024-08-22 17:50:00,525.4666138,682.0538826073871,426.47725736161465,530.9529702031608
2024-08-22 17:55:00,471.4333496,682.0538826073871,397.8949815390207,540.5992034043346
2024-08-22 18:00:00,419.1333313,682.0538826073871,369.8063037995671,262.8306264306708
2024-08-22 18:05:00,376.1999817,682.0538826073871,342.27010641874057,260.7549940591894
2024-08-22 18:10:00,334.3000183,682.0538826073871,315.3435582849061,230.18984574469093
2024-08-22 18:15:00,317.5,682.0538826073871,289.0817552846971,225.64545879173093
2024-08-22 18:20:00,269.0999756,682.0538826073871,263.5373732410749,225.12443659526426
2024-08-22 18:25:00,225.5500031,682.0538826073871,238.76033628454812,219.42821402973237
2024-08-22 18:30:00,184.8999939,682.0538826073871,214.79750266089167,221.9128359781324
2024-08-22 18:35:00,143.3999939,682.0538826073871,191.69237110302274,103.26671320252159
2024-08-22 18:40:00,105.3500061,682.0538826073871,169.48480922605083,214.8958086870898
2024-08-22 18:45:00,80.00000763,682.0538826073871,148.21080651233592,208.99109044050098
2024-08-22 18:50:00,75.8500061,682.0538826073871,127.90225355885362,205.02161255726605
2024-08-22 18:55:00,64.25,682.0538826073871,108.58674919104608,100.46706354842102
2024-08-22 19:00:00,51.05000305,682.0538826073871,90.28743710191891,35.83298419010989
2024-08-22 19:05:00,41.84999847,682.0538826073871,73.02287291426939,32.40837840652878
2024-08-22 19:10:00,36.40000153,682.0538826073871,56.8069229403402,38.2210323877487
2024-08-22 19:15:00,29.09999847,682.0538826073871,41.64869506581831,34.90460655912489
2024-08-22 19:20:00,22.35000038,682.0538826073871,27.552502676503998,18.047924185105433
2024-08-22 19:25:00,17.75,682.0538826073871,14.517861303350674,31.344908077421145
2024-08-22 19:30:00,13.63333416,682.0538826073871,2.5395184682237417,29.41376435031551
2024-08-22 19:35:00,0.0,682.0538826073871,-8.392483886063902,14.197158372786795
2024-08-22 19:40:00,0.0,682.0538826073871,-18.292714735686328,11.801143594697997
2024-08-22 19:45:00,0.0,682.0538826073871,-27.180227909935365,9.899151721875763
2024-08-22 19:50:00,0.0,682.0538826073871,-35.07840566754904,13.64324166851466
2024-08-22 19:55:00,0.0,682.0538826073871,-42.014773023709054,13.90900315920403
2024-08-22 20:00:00,0.0,682.0538826073871,-48.020784550960734,0.0
2024-08-22 20:05:00,0.0,682.0538826073871,-53.13158498361053,0.27444444444444444
2024-08-22 20:10:00,0.0,682.0538826073871,-57.38574581878063,0.0
2024-08-22 20:15:00,0.0,682.0538826073871,-60.82497976373899,0.42827777922222227
2024-08-22 20:20:00,0.0,682.0538826073871,-63.493835319692515,0.0
2024-08-22 20:25:00,0.0,682.0538826073871,-65.43937386584122,0.0
2024-08-22 20:30:00,0.0,682.0538826073871,-66.71083169843287,0.0
2024-08-22 20:35:00,0.0,682.0538826073871,-67.35926967978419,0.0
2024-08-22 20:40:00,0.0,682.0538826073871,-67.43721314951807,0.0
2024-08-22 20:45:00,0.0,682.0538826073871,-66.99828485568031,0.0
2024-08-22 20:50:00,0.0,682.0538826073871,-66.09683374112225,0.0
2024-08-22 20:55:00,0.0,682.0538826073871,-64.78756236936016,0.0
2024-08-22 21:00:00,0.0,682.0538826073871,-63.125155849890966,0.0
2024-08-22 21:05:00,0.0,682.0538826073871,-61.16391505515253,0.0
2024-08-22 21:10:00,0.0,682.0538826073871,-58.95739690312189,0.0
2024-08-22 21:15:00,0.0,682.0538826073871,-56.55806440143349,0.0
2024-08-22 21:20:00,0.0,682.0538826073871,-54.01694907021808,0.0
2024-08-22 21:25:00,0.0,682.0538826073871,-51.38332826695227,0.0
2024-08-22 21:30:00,0.0,682.0538826073871,-48.704419756223814,0.0
2024-08-22 21:35:00,0.0,682.0538826073871,-46.02509585348556,0.0
2024-08-22 21:40:00,0.0,682.0538826073871,-43.38761911904796,0.0
2024-08-22 21:45:00,0.0,682.0538826073871,-40.83140158164178,0.0
2024-08-22 21:50:00,0.0,682.0538826073871,-38.39278917662009,0.0
2024-08-22 21:55:00,0.0,682.0538826073871,-36.10487290428736,0.0
2024-08-22 22:00:00,0.0,682.0538826073871,-33.997328016430444,0.0
2024-08-22 22:05:00,0.0,682.0538826073871,-32.09628227166452,0.0
2024-08-22 22:10:00,0.0,682.0538826073871,-30.42421411033802,0.0
2024-08-22 22:15:00,0.0,682.0538826073871,-28.999881321045372,0.0
2024-08-22 22:20:00,0.0,682.0538826073871,-27.83828056117686,0.0
2024-08-22 22:25:00,0.0,682.0538826073871,-26.95063781846046,0.0
2024-08-22 22:30:00,0.0,682.0538826073871,-26.344429644979353,0.0
2024-08-22 22:35:00,0.0,682.0538826073871,-26.023434804249902,0.0
2024-08-22 22:40:00,0.0,682.0538826073871,-25.987815653177545,0.0
2024-08-22 22:45:00,0.0,682.0538826073871,-26.234228399220775,0.0
2024-08-22 22:50:00,0.0,682.0538826073871,-26.755961117405928,0.0
2024-08-22 22:55:00,0.0,682.0538826073871,-27.54309819730646,0.0
2024-08-22 23:00:00,0.0,682.0538826073871,-28.58270967577224,0.0
2024-08-22 23:05:00,0.0,682.0538826073871,-29.859063724934416,0.0
2024-08-22 23:10:00,0.0,682.0538826073871,-31.35386033823852,0.0
2024-08-22 23:15:00,0.0,682.0538826073871,-33.04648418617117,0.0
2024-08-22 23:20:00,0.0,682.0538826073871,-34.914274302989924,0.0
2024-08-22 23:25:00,0.0,682.0538826073871,-36.932808336500266,0.0
2024-08-22 23:30:00,0.0,682.0538826073871,-39.07619874922617,0.0
2024-08-22 23:35:00,0.0,682.0538826073871,-41.31739847762227,0.05016666888333333
2024-08-22 23:40:00,0.0,682.0538826073871,-43.62851333189341,0.0
2024-08-22 23:45:00,0.0,682.0538826073871,-45.98111844317573,0.0
2024-08-22 23:50:00,0.0,682.0538826073871,-48.34657598902705,0.0
2024-08-22 23:55:00,0.0,682.0538826073871,-50.69635146483638,0.0
2024-08-23 00:00:00,0.0,682.0538826073871,-53.002325763210074,0.0
2024-08-23 00:05:00,0.0,682.0538826073871,-55.23710027866195,0.0
2024-08-23 00:10:00,0.0,682.0538826073871,-57.37429254200243,0.0
2024-08-23 00:15:00,0.0,682.0538826073871,-59.388819602304494,0.0
2024-08-23 00:20:00,0.0,682.0538826073871,-61.257166909688294,0.0
2024-08-23 00:25:00,0.0,682.0538826073871,-62.95764013854204,0.0
2024-08-23 00:30:00,0.0,682.0538826073871,-64.47059788586053,0.0
2024-08-23 00:35:00,0.0,682.0538826073871,-65.77866311026291,0.0
2024-08-23 00:40:00,0.0,682.0538826073871,-66.86691144780951,0.0
2024-08-23 00:45:00,0.0,682.0538826073871,-67.72303470857592,0.0
2024-08-23 00:50:00,0.0,682.0538826073871,-68.33747805749621,0.0
2024-08-23 00:55:00,0.0,682.0538826073871,-68.70354960379903,0.0
2024-08-23 01:00:00,0.0,682.0538826073871,-68.81750133861999,0.0
2024-08-23 01:05:00,0.0,682.0538826073871,-68.67858064350519,0.0
2024-08-23 01:10:00,0.0,682.0538826073871,-68.28905170222266,0.0
2024-08-23 01:15:00,0.0,682.0538826073871,-67.6541866342803,0.0
2024-08-23 01:20:00,0.0,682.0538826073871,-66.78222612930311,0.0
2024-08-23 01:25:00,0.0,682.0538826073871,-65.68430986326366,0.0
2024-08-23 01:30:00,0.0,682.0538826073871,-64.37437707090359,0.0
2024-08-23 01:35:00,0.0,682.0538826073871,-62.86903799218573,0.0
2024-08-23 01:40:00,0.0,682.0538826073871,-61.18741708366577,0.0
2024-08-23 01:45:00,0.0,682.0538826073871,-59.35096918369972,0.0
2024-08-23 01:50:00,0.0,682.0538826073871,-57.38327001655594,0.0
2024-08-23 01:55:00,0.0,682.0538826073871,-55.309782641256234,0.0
2024-08-23 02:00:00,0.0,682.0538826073871,-53.15760169330025,0.0
2024-08-23 02:05:00,0.0,682.0538826073871,-50.9551773964012,0.0
2024-08-23 02:10:00,0.0,682.0538826073871,-48.7320215863146,0.0
2024-08-23 02:15:00,0.0,682.0538826073871,-46.51839806352539,0.0
2024-08-23 02:20:00,0.0,682.0538826073871,-44.344999805287934,0.0
2024-08-23 02:25:00,0.0,682.0538826073871,-42.24261565964764,0.0
2024-08-23 02:30:00,0.0,682.0538826073871,-40.241789245425025,0.0
2024-08-23 02:35:00,0.0,682.0538826073871,-38.372472902940444,0.0
2024-08-23 02:40:00,0.0,682.0538826073871,-36.663679547136844,0.0
2024-08-23 02:45:00,0.0,682.0538826073871,-35.143135354717515,0.0
2024-08-23 02:50:00,0.0,682.0538826073871,-33.83693625304416,0.0
2024-08-23 02:55:00,0.0,682.0538826073871,-32.76921109336736,0.0
2024-08-23 03:00:00,0.0,682.0538826073871,-31.961794453423476,0.0
2024-08-23 03:05:00,0.0,682.0538826073871,-31.433911908308904,0.0
2024-08-23 03:10:00,0.0,682.0538826073871,-31.201880550774447,0.0
2024-08-23 03:15:00,0.0,682.0538826073871,-31.278827442974137,0.0
2024-08-23 03:20:00,0.0,682.0538826073871,-31.674428565805023,0.0
2024-08-23 03:25:00,0.0,682.0538826073871,-32.394670701422065,0.0
2024-08-23 03:30:00,0.0,682.0538826073871,-33.44163848996288,0.0
2024-08-23 03:35:00,0.0,682.0538826073871,-34.81332880797323,0.0
2024-08-23 03:40:00,0.0,682.0538826073871,-36.50349429582898,0.0
2024-08-23 03:45:00,0.0,682.0538826073871,-38.501517786181516,0.0
2024-08-23 03:50:00,0.0,682.0538826073871,-40.792319064806236,0.0
2024-08-23 03:55:00,0.0,682.0538826073871,-43.35629519955454,0.0
2024-08-23 04:00:00,0.0,682.0538826073871,-46.16929543525961,0.0
2024-08-23 04:05:00,0.0,682.0538826073871,-49.202631338745775,0.0
2024-08-23 04:10:00,0.0,682.0538826073871,-52.42312270740285,0.0
2024-08-23 04:15:00,0.0,682.0538826073871,-55.79317940239524,0.0
2024-08-23 04:20:00,0.0,682.0538826073871,-59.27091904041009,0.0
2024-08-23 04:25:00,0.0,682.0538826073871,-62.81032013972168,0.0
2024-08-23 04:30:00,0.0,682.0538826073871,-66.36141024091458,0.0
2024-08-23 04:35:00,0.0,682.0538826073871,-69.87048790211357,0.0
2024-08-23 04:40:00,0.0,682.0538826073871,-73.28037759718762,0.0
2024-08-23 04:45:00,0.0,682.0538826073871,-76.53071599649557,0.0
2024-08-23 04:50:00,0.0,682.0538826073871,-79.55826800582409,0.0
2024-08-23 04:55:00,0.0,682.0538826073871,-82.29727067140293,0.0
2024-08-23 05:00:00,0.0,682.0538826073871,-84.67980280250538,0.0
2024-08-23 05:05:00,0.0,682.0538826073871,-86.63617801409852,0.0
2024-08-23 05:10:00,0.0,682.0538826073871,-88.09535861552173,0.0
2024-08-23 05:15:00,0.0,682.0538826073871,-88.98538775412288,0.0
2024-08-23 05:20:00,0.0,682.0538826073871,-89.2338367752705,0.0
2024-08-23 05:25:00,0.0,682.0538826073871,-88.76826502761716,0.0
2024-08-23 05:30:00,0.0,682.0538826073871,-87.51668878971486,0.0
2024-08-23 05:35:00,0.0,682.0538826073871,-85.4080563012375,0.0
2024-08-23 05:40:00,0.0,682.0538826073871,-82.37272550691438,0.0
2024-08-23 05:45:00,0.0,682.0538826073871,-78.34294124349528,0.0
2024-08-23 05:50:00,0.0,682.0538826073871,-73.25330855395596,0.0
2024-08-23 05:55:00,0.0,682.0538826073871,-67.04125874879969,0.0
2024-08-23 06:00:00,0.0,682.0538826073871,-59.647504947176614,1.7196429188214282
2024-08-23 06:05:00,0.0,682.0538826073871,-51.01648378975461,2.2783096058214287
2024-08-23 06:10:00,0.0,682.0538826073871,-41.096780252983095,5.085731923204762
2024-08-23 06:15:00,0.0,682.0538826073871,-29.84153232385228,9.580012265146191
2024-08-23 06:20:00,0.0,682.0538826073871,-17.208812726377026,3.6221286197674596
2024-08-23 06:25:00,0.0,682.0538826073871,-3.161984797054317,3.6221286197674596
2024-08-23 06:30:00,0.0,682.0538826073871,12.3299701860182,27.882118865167097
2024-08-23 06:35:00,0.0,682.0538826073871,29.29215643907446,32.35584054386313
2024-08-23 06:40:00,0.0,682.0538826073871,47.743500552657466,18.563344660943393
2024-08-23 06:45:00,59.59999847,682.0538826073871,67.69652341996493,20.351730492179748
2024-08-23 06:50:00,76.30000305,682.0538826073871,89.15714935549744,38.92021649260289
2024-08-23 06:55:00,96.40000153,682.0538826073871,112.12455375774161,39.69563924196717
2024-08-23 07:00:00,114.4000015,682.0538826073871,136.59105076796826,252.70639363726917
2024-08-23 07:05:00,139.1999969,682.0538826073871,162.54202172474032,268.3771640980198
2024-08-23 07:10:00,199.6999969,682.0538826073871,189.95588538071075,268.3771640980198
2024-08-23 07:15:00,258.1000061,682.0538826073871,218.804110400251,302.79473719681454
2024-08-23 07:20:00,299.7000122,682.0538826073871,249.05126977384174,297.7971298966923
2024-08-23 07:25:00,351.5,682.0538826073871,280.65513778473075,322.9679441711466
2024-08-23 07:30:00,404.7000122,682.0538826073871,313.5668285235253,448.19154085447985
2024-08-23 07:35:00,455.5,682.0538826073871,347.730975597287,448.19154085447985
2024-08-23 07:40:00,515.2000122,682.0538826073871,383.0859516622835,448.19154085447985
2024-08-23 07:45:00,566.0,682.0538826073871,419.56412695923905,419.5166663939548
2024-08-23 07:50:00,626.0,682.0538826073871,457.0921649691058,419.5166663939548
2024-08-23 07:55:00,685.5,682.0538826073871,495.59135346717073,419.5166663939548
2024-08-23 08:00:00,740.7999878,682.0538826073871,534.9779692031784,727.4187759014748
2024-08-23 08:05:00,798.0,682.0538826073871,575.1636731453383,725.9459826043193
2024-08-23 08:10:00,852.5999756,682.0538826073871,616.0559349429459,755.0584638842511
2024-08-23 08:15:00,906.2000122,682.0538826073871,657.5584827485661,819.2106612877889
2024-08-23 08:20:00,888.2999878,682.0538826073871,699.5717763642432,983.0136898223458
2024-08-23 08:25:00,923.5333862,682.0538826073871,741.9935002005279,881.9039493416058
2024-08-23 08:30:00,1095.199951,682.0538826073871,784.7190730047017,834.1963866006884
2024-08-23 08:35:00,1046.06665,682.0538826073871,827.6421712032923,861.6027816800639
2024-08-23 08:40:00,1108.900024,682.0538826073871,870.6552619682867,875.7944928676249
2024-08-23 08:45:00,1142.966675,682.0538826073871,913.6501434676936,881.612557771392
2024-08-23 08:50:00,1197.900024,682.0538826073871,956.5184875182392,905.6329647138426
2024-08-23 08:55:00,1249.033325,682.0538826073871,999.1523823987488,891.943885589334
2024-08-23 09:00:00,1299.933228,682.0538826073871,1041.4448714144169,1454.5381108632432
2024-08-23 09:05:00,1348.999878,682.0538826073871,1083.2904842273695,1449.3665688679891
2024-08-23 09:10:00,1397.466675,682.0538826073871,1124.5857570256792,1456.840811571634
2024-08-23 09:15:00,1444.5,682.0538826073871,1165.229738759087,1456.6451118162454
2024-08-23 09:20:00,1490.099976,682.0538826073871,1205.1244797529466,1449.6240883129117
2024-08-23 09:25:00,1532.466675,682.0538826073871,1244.1754996935636,1486.2539369481362
2024-08-23 09:30:00,1573.233398,682.0538826073871,1282.2922323059456,1489.0380970180809
2024-08-23 09:35:00,1613.233398,682.0538826073871,1319.388443070691,1493.7861908614143
2024-08-23 09:40:00,1652.266602,682.0538826073871,1355.3826186298495,1484.2451831665685
2024-08-23 09:45:00,1690.433228,682.0538826073871,1390.198324227601,1475.5609346293993
2024-08-23 09:50:00,1728.533325,682.0538826073871,1423.7645278785235,1477.2700097876589
2024-08-23 09:55:00,1766.633301,682.0538826073871,1456.0158888611338,1462.1840556871875
2024-08-23 10:00:00,1803.766602,682.0538826073871,1486.8930089837024,1846.2108476342214
2024-08-23 10:05:00,1839.799927,682.0538826073871,1516.3426452931205,1857.687425967276
2024-08-23 10:10:00,1876.933228,682.0538826073871,1544.3178827240222,1865.6773760917208
2024-08-23 10:15:00,1914.733398,682.0538826073871,1570.7782664644376,1859.9153043836727
2024-08-23 10:20:00,1950.099976,682.0538826073871,1595.6898925662524,1862.6689752219145
2024-08-23 10:25:00,1981.233398,682.0538826073871,1619.025457412865,1939.0809283749581
2024-08-23 10:30:00,2007.966675,682.0538826073871,1640.764265422997,1961.8125872414275
2024-08-23 10:35:00,2030.5,682.0538826073871,1660.8921955268963,1964.8298584246286
2024-08-23 10:40:00,2047.433228,682.0538826073871,1679.401627020443,1950.5280734521584
2024-08-23 10:45:00,2055.699951,682.0538826073871,1696.2913254648142,1962.4547628181194
2024-08-23 10:50:00,2057.766602,682.0538826073871,1711.5662900448738,1993.7165887583285
2024-08-23 10:55:00,2056.099854,682.0538826073871,1725.237563568099,2002.2274452623833
2024-08-23 11:00:00,2055.033447,682.0538826073871,1737.3220069557174,2056.9292928616674
2024-08-23 11:05:00,2055.899902,682.0538826073871,1747.8420398490277,2057.433492741355
2024-08-23 11:10:00,2057.366699,682.0538826073871,1756.825349857958,2056.9292928616674
2024-08-23 11:15:00,2058.5,682.0538826073871,1764.3045724470524,2056.9292928616674
2024-08-23 11:20:00,2058.533447,682.0538826073871,1770.3169441898538,2056.8947542044043
2024-08-23 11:25:00,2058.56665,682.0538826073871,1774.9039320870504,2056.853472286495
2024-08-23 11:30:00,2059.600098,682.0538826073871,1778.1108417229314,2056.853472286495
2024-08-23 11:35:00,2060.199951,682.0538826073871,1779.9864074183258,2056.9681329654054
2024-08-23 11:40:00,2059.466797,682.0538826073871,1780.5823673249965,2056.9681329654054
2024-08-23 11:45:00,2058.699951,682.0538826073871,1779.9530267999291,2056.9498432146584
2024-08-23 11:50:00,2057.966553,682.0538826073871,1778.1548132524974,2056.489000334494
2024-08-23 11:55:00,2059.500244,682.0538826073871,1775.2458257834473,2056.504502348958
2024-08-23 12:00:00,2059.5,682.0538826073871,1771.285382936622,2057.8970955750156
2024-08-23 12:05:00,2059.166748,682.0538826073871,1766.3335718686417,2057.7834720675123
2024-08-23 12:10:00,2057.366943,682.0538826073871,1760.4508022138089,2057.7960252362323
2024-08-23 12:15:00,2055.866455,682.0538826073871,1753.6973678395927,2058.271674413298
2024-08-23 12:20:00,2054.533447,682.0538826073871,1746.1330197012624,2058.374592300763
2024-08-23 12:25:00,2053.533447,682.0538826073871,1737.816552682725,2058.1280956758146
2024-08-23 12:30:00,2054.899902,682.0538826073871,1728.805409464047,2056.339785863906
2024-08-23 12:35:00,2057.699951,682.0538826073871,1719.1553041466668,2055.2704167634906
2024-08-23 12:40:00,2060.800049,682.0538826073871,1708.9198681394896,2054.6054424539143
2024-08-23 12:45:00,2060.966553,682.0538826073871,1698.1503207664693,2053.8895091878617
2024-08-23 12:50:00,2060.166748,682.0538826073871,1686.8951668630407,2050.4740055602756
2024-08-23 12:55:00,2058.166748,682.0538826073871,1675.199923196977,2051.2770756347572
2024-08-23 13:00:00,2057.833252,682.0538826073871,1663.1068755838205,2031.644714324331
2024-08-23 13:05:00,2057.06665,682.0538826073871,1650.6548681241807,1947.9974291932797
2024-08-23 13:10:00,2057.833252,682.0538826073871,1637.8791258993083,2033.1210279741915
2024-08-23 13:15:00,2058.43335,682.0538826073871,1624.8111119670511,2022.3508935036534
2024-08-23 13:20:00,2058.800049,682.0538826073871,1611.4784196105948,1970.0273600800467
2024-08-23 13:25:00,2058.93335,682.0538826073871,1597.904700010221,1979.9671169595385
2024-08-23 13:30:00,2058.699951,682.0538826073871,1584.1096257163395,1984.4306247433515
2024-08-23 13:35:00,2059.366699,682.0538826073871,1570.1088897447926,1980.9626367067547
2024-08-23 13:40:00,2058.366455,682.0538826073871,1555.9142398732697,1950.9314843602594
2024-08-23 13:45:00,2057.766602,682.0538826073871,1541.5335476419625,1883.9630705369088
2024-08-23 13:50:00,2056.466553,682.0538826073871,1526.9709109527532,1794.4669772050727
2024-08-23 13:55:00,2056.633545,682.0538826073871,1512.2267892709044,1622.223638321953
2024-08-23 14:00:00,2055.93335,682.0538826073871,1497.2981698512945,1515.762309082273
2024-08-23 14:05:00,2056.56665,682.0538826073871,1482.1787636368292,1160.15382733013
2024-08-23 14:10:00,2057.0,682.0538826073871,1466.8592286104417,1175.6763569674495
2024-08-23 14:15:00,2058.533203,682.0538826073871,1451.3274187509928,1119.7670066403782
2024-08-23 14:20:00,2058.266846,682.0538826073871,1435.5686563872184,1124.0916042525848
2024-08-23 14:25:00,2057.699951,682.0538826073871,1419.566025340452,1061.4256640125764
2024-08-23 14:30:00,2055.966797,682.0538826073871,1403.3006824509002,1009.0117892542239
2024-08-23 14:35:00,2055.56665,682.0538826073871,1386.7521846603445,982.9042274591687
2024-08-23 14:40:00,2055.666748,682.0538826073871,1369.8988290361149,948.1095192680089
2024-08-23 14:45:00,2056.166748,682.0538826073871,1352.7180024888808,1054.5448034768037
2024-08-23 14:50:00,2056.333252,682.0538826073871,1335.1865387259438,1143.5040416328961
2024-08-23 14:55:00,2057.733398,682.0538826073871,1317.2810789228506,1158.8777050469844
2024-08-23 15:00:00,2059.733398,682.0538826073871,1298.9784334406786,1174.2597724804482
2024-08-23 15:05:00,2056.5,682.0538826073871,1280.2559414580048,1171.0747356762954
2024-08-23 15:10:00,2043.866699,682.0538826073871,1261.0918254799994,1167.6217336714215
2024-08-23 15:15:00,2019.833374,682.0538826073871,1241.4655379736785,1168.8545744999321
2024-08-23 15:20:00,1997.599976,682.0538826073871,1221.3580970324995,1167.7369626994412
2024-08-23 15:25:00,1978.400024,682.0538826073871,1200.7524085166895,1186.872896916077
2024-08-23 15:30:00,1967.533325,682.0538826073871,1179.6335717758157,1207.7720922228875
2024-08-23 15:35:00,1947.733398,682.0538826073871,1157.9891669133522,1195.8961656054735
2024-08-23 15:40:00,1917.599976,682.0538826073871,1135.8095206197008,1781.1571864862049
2024-08-23 15:45:00,1869.099976,682.0538826073871,1113.0879488426133,1761.3629341649885
2024-08-23 15:50:00,1817.633423,682.0538826073871,1089.8209742497174,1742.9768174378426
2024-08-23 15:55:00,1768.033325,682.0538826073871,1066.0085165095422,1695.9568841061694
2024-08-23 16:00:00,1720.266602,682.0538826073871,1041.654054015953,1584.6991128627137
2024-08-23 16:05:00,1673.599976,682.0538826073871,1016.7647556633356,1515.7566875982588
2024-08-23 16:10:00,1626.299927,682.0538826073871,991.3515815118719,1468.8214443381544
2024-08-23 16:15:00,1596.099976,682.0538826073871,965.4293516528182,1421.4801805475386
2024-08-23 16:20:00,1569.833374,682.0538826073871,939.0167825195725,1352.3951816906965
2024-08-23 16:25:00,1536.966675,682.0538826073871,912.1364904355468,1331.8949836559882
2024-08-23 16:30:00,1494.533325,682.0538826073871,884.8149622390963,1305.9934443070315
2024-08-23 16:35:00,1382.5,682.0538826073871,857.0824931805363,1273.087379510944
2024-08-23 16:40:00,1243.633301,682.0538826073871,828.9730925530291,1243.5234092774415
2024-08-23 16:45:00,1083.066772,682.0538826073871,800.5243578626724,1214.5446531312566
2024-08-23 16:50:00,972.0,682.0538826073871,771.7773182219161,1187.3381410592247
2024-08-23 16:55:00,879.4666138,682.0538826073871,742.776248418902,1162.766998124229
2024-08-23 17:00:00,812.1000366,682.0538826073871,713.5684547505781,915.0034319980996
2024-08-23 17:05:00,733.0666504,682.0538826073871,684.2040348233222,846.4064999799872
2024-08-23 17:10:00,867.7000122,682.0538826073871,654.735612438462,827.6668173820656
2024-08-23 17:15:00,858.8000488,682.0538826073871,625.2180500305866,769.2107595101907
2024-08-23 17:20:00,845.5333862,682.0538826073871,595.7081408965155,680.6684951501023
2024-08-23 17:25:00,821.166687,682.0538826073871,566.2642833115585,654.6153969426921
2024-08-23 17:30:00,753.0666504,682.0538826073871,536.9461391670899,627.3266924838518
2024-08-23 17:35:00,676.7000122,682.0538826073871,507.81427983927966,630.4686727805426
2024-08-23 17:40:00,585.0333252,682.0538826073871,478.9298217315527,629.3947093515268
2024-08-23 17:45:00,554.75,682.0538826073871,450.35405464276863,631.5897528977106
2024-08-23 17:50:00,459.5500183,682.0538826073871,422.14806547630224,635.1566505115217
2024-08-23 17:55:00,368.6666565,682.0538826073871,394.37236041909046,635.1566505115217
2024-08-23 18:00:00,349.2333069,682.0538826073871,367.08648825860723,306.94486249698525
2024-08-23 18:05:00,348.7333069,682.0538826073871,340.348667901812,304.87799696259316
2024-08-23 18:10:00,324.6000061,682.0538826073871,314.2154228676929,278.65404334549794
2024-08-23 18:15:00,316.2999878,682.0538826073871,288.7412254491191,230.47983815944326
2024-08-23 18:20:00,247.0999908,682.0538826073871,263.97815353424477,213.65465227417707
2024-08-23 18:25:00,224.7000122,682.0538826073871,239.97556234760302,202.40108559938415
2024-08-23 18:30:00,197.6500092,682.0538826073871,216.77977372078274,179.45610026709045
2024-08-23 18:35:00,161.7999878,682.0538826073871,194.4337855840616,179.09490768021266
2024-08-23 18:40:00,131.8999939,682.0538826073871,172.9770032906984,179.63402427679043
2024-08-23 18:45:00,107.1500015,682.0538826073871,152.4449951926034,178.6966911231793
2024-08-23 18:50:00,83.3999939,682.0538826073871,132.8692743314846,178.60563553284598
2024-08-23 18:55:00,68.80000305,682.0538826073871,114.27710762103385,178.60563553284598
2024-08-23 19:00:00,60.35000229,682.0538826073871,96.69135416852092,63.596098450532956
2024-08-23 19:05:00,48.34999847,682.0538826073871,80.13033385099675,63.596098450532956
2024-08-23 19:10:00,36.84999847,682.0538826073871,64.60772708226806,63.14275212186294
2024-08-23 19:15:00,27.5,682.0538826073871,50.13250658131286,58.559388213606134
2024-08-23 19:20:00,19.34999847,682.0538826073871,36.70890152922403,50.064095828684685
2024-08-23 19:25:00,13.86666584,682.0538826073871,24.336394420566606,46.88764325071866
2024-08-23 19:30:00,0.0,682.0538826073871,13.009750491061398,42.31957006627452
2024-08-23 19:35:00,0.0,682.0538826073871,2.719079543224656,35.83802004081027
2024-08-23 19:40:00,0.0,682.0538826073871,-6.550070396290165,30.76548245109355
2024-08-23 19:45:00,0.0,682.0538826073871,-14.816588380715048,27.76781759283438
2024-08-23 19:50:00,0.0,682.0538826073871,-22.103645705560613,22.296321517370384
2024-08-23 19:55:00,0.0,682.0538826073871,-28.438512299198457,21.203773136464743
2024-08-23 20:00:00,0.0,682.0538826073871,-33.852345715585116,5.160316442692619
2024-08-23 20:05:00,0.0,682.0538826073871,-38.37995433546078,3.8483830716748417
2024-08-23 20:10:00,0.0,682.0538826073871,-42.05953675105841,1.5291851796873017
2024-08-23 20:15:00,0.0,682.0538826073871,-44.93239925940087,0.5215185139888889
2024-08-23 20:20:00,0.0,682.0538826073871,-47.04265371386363,0.0
2024-08-23 20:25:00,0.0,682.0538826073871,-48.436898025940216,0.0
2024-08-23 20:30:00,0.0,682.0538826073871,-49.16388183696778,0.0
2024-08-23 20:35:00,0.0,682.0538826073871,-49.274159890794614,0.1388888888888889
2024-08-23 20:40:00,0.0,682.0538826073871,-48.81973579300302,0.0
2024-08-23 20:45:00,0.0,682.0538826073871,-47.85369886853595,0.0
2024-08-23 20:50:00,0.0,682.0538826073871,-46.4298568875996,0.0
2024-08-23 20:55:00,0.0,682.0538826073871,-44.602367501179934,0.0
2024-08-23 21:00:00,0.0,682.0538826073871,-42.425371113514885,0.0
2024-08-23 21:05:00,0.0,682.0538826073871,-39.952628024302726,0.0
2024-08-23 21:10:00,0.0,682.0538826073871,-37.237162554711205,0.0
2024-08-23 21:15:00,0.0,682.0538826073871,-34.33091682951272,0.0
2024-08-23 21:20:00,0.0,682.0538826073871,-31.284416817408317,0.0
2024-08-23 21:25:00,0.0,682.0538826073871,-28.146453097661198,0.0
2024-08-23 21:30:00,0.0,682.0538826073871,-24.96377871131629,0.0
2024-08-23 21:35:00,0.0,682.0538826073871,-21.78082633728826,0.0
2024-08-23 21:40:00,0.0,682.0538826073871,-18.639446851764436,0.0
2024-08-23 21:45:00,0.0,682.0538826073871,-15.578671094224477,0.0
2024-08-23 21:50:00,0.0,682.0538826073871,-12.634496633192896,0.0
2024-08-23 21:55:00,0.0,682.0538826073871,-9.839700949788764,0.0
2024-08-23 22:00:00,0.0,682.0538826073871,-7.223682336655717,0.0
2024-08-23 22:05:00,0.0,682.0538826073871,-4.812329574940625,0.0
2024-08-23 22:10:00,0.0,682.0538826073871,-2.6279211939942435,0.0
2024-08-23 22:15:00,0.0,682.0538826073871,-0.6890549141562529,0.0
2024-08-23 22:20:00,0.0,682.0538826073871,0.989392397126495,0.0
2024-08-23 22:25:00,0.0,682.0538826073871,2.3962741696036667,0.0
2024-08-23 22:30:00,0.0,682.0538826073871,3.524153101128328,0.0
2024-08-23 22:35:00,0.0,682.0538826073871,4.369250073537774,0.0
2024-08-23 22:40:00,0.0,682.0538826073871,4.931363630746607,0.4178148313555556
2024-08-23 22:45:00,0.0,682.0538826073871,5.213760903059207,0.46103705528888883
2024-08-23 22:50:00,0.0,682.0538826073871,5.223041058452311,0.46103705528888883
2024-08-23 22:55:00,0.0,682.0538826073871,4.96897261662452,0.8068148467555556
2024-08-23 23:00:00,0.0,682.0538826073871,4.464306138698062,0.0
2024-08-23 23:05:00,0.0,682.0538826073871,3.724564017093625,0.0
2024-08-23 23:10:00,0.0,682.0538826073871,2.7678092729143855,0.0
2024-08-23 23:15:00,0.0,682.0538826073871,1.6143954309624766,0.0
2024-08-23 23:20:00,0.0,682.0538826073871,0.2866996912302253,0.0
2024-08-23 23:25:00,0.0,682.0538826073871,-1.1911582578796516,0.0
2024-08-23 23:30:00,0.0,682.0538826073871,-2.793609266630418,0.0
2024-08-23 23:35:00,0.0,682.0538826073871,-4.493937139399048,0.0
2024-08-23 23:40:00,0.0,682.0538826073871,-6.26458764278447,0.0
2024-08-23 23:45:00,0.0,682.0538826073871,-8.077481607148584,0.0
2024-08-23 23:50:00,0.0,682.0538826073871,-9.904329216126701,0.0
2024-08-23 23:55:00,0.0,682.0538826073871,-11.716942905288368,0.0
2024-08-24 00:00:00,0.0,682.0538826073871,-13.487546073129629,0.0
2024-08-24 00:05:00,0.0,682.0538826073871,-15.189074955258757,0.0
2024-08-24 00:10:00,0.0,682.0538826073871,-16.795471033423784,0.0
2024-08-24 00:15:00,0.0,682.0538826073871,-18.281961429105866,0.0
2024-08-24 00:20:00,0.0,682.0538826073871,-19.6253248675077,0.0
2024-08-24 00:25:00,0.0,682.0538826073871,-20.804140790483324,0.0
2024-08-24 00:30:00,0.0,682.0538826073871,-21.79901959371133,0.0
2024-08-24 00:35:00,0.0,682.0538826073871,-22.592811754123687,0.0
2024-08-24 00:40:00,0.0,682.0538826073871,-23.17079413886286,0.0
2024-08-24 00:45:00,0.0,682.0538826073871,-23.52083173875655,0.0
2024-08-24 00:50:00,0.0,682.0538826073871,-23.633513366947586,0.0
2024-08-24 00:55:00,0.0,682.0538826073871,-23.50226007019171,0.0
2024-08-24 01:00:00,0.0,682.0538826073871,-23.12340519287419,0.0
2024-08-24 01:05:00,0.0,682.0538826073871,-22.496245302313614,0.0
2024-08-24 01:10:00,0.0,682.0538826073871,-21.623061401229542,0.0
2024-08-24 01:15:00,0.0,682.0538826073871,-20.509110107360293,0.0
2024-08-24 01:20:00,0.0,682.0538826073871,-19.162584723973087,0.0
2024-08-24 01:25:00,0.0,682.0538826073871,-17.594546376454545,0.0
2024-08-24 01:30:00,0.0,682.0538826073871,-15.818825658858136,0.0
2024-08-24 01:35:00,0.0,682.0538826073871,-13.851895433005323,0.0
2024-08-24 01:40:00,0.0,682.0538826073871,-11.71271571843465,0.0
2024-08-24 01:45:00,0.0,682.0538826073871,-9.422551820142772,0.0
2024-08-24 01:50:00,0.0,682.0538826073871,-7.004767058854493,0.0
2024-08-24 01:55:00,0.0,682.0538826073871,-4.484591738291133,0.0
2024-08-24 02:00:00,0.0,682.0538826073871,-1.888870091291988,0.0
2024-08-24 02:05:00,0.0,682.0538826073871,0.7542127283323155,0.0
2024-08-24 02:10:00,0.0,682.0538826073871,3.415421498234578,0.0
2024-08-24 02:15:00,0.0,682.0538826073871,6.064777248618865,0.0
2024-08-24 02:20:00,0.0,682.0538826073871,8.671876605209073,0.0
2024-08-24 02:25:00,0.0,682.0538826073871,11.20622151682667,0.0
2024-08-24 02:30:00,0.0,682.0538826073871,13.637556703067684,0.0
2024-08-24 02:35:00,0.0,682.0538826073871,15.936212003607329,0.0
2024-08-24 02:40:00,0.0,682.0538826073871,18.073446788611676,0.0
2024-08-24 02:45:00,0.0,682.0538826073871,20.02179355252421,0.0
2024-08-24 02:50:00,0.0,682.0538826073871,21.75539773716155,0.0
2024-08-24 02:55:00,0.0,682.0538826073871,23.250350957533154,0.0
2024-08-24 03:00:00,0.0,682.0538826073871,24.48501467794965,0.0
2024-08-24 03:05:00,0.0,682.0538826073871,25.440331572022778,0.0
2024-08-24 03:10:00,0.0,682.0538826073871,26.100121788503554,0.0
2024-08-24 03:15:00,0.0,682.0538826073871,26.451361476047566,0.0
2024-08-24 03:20:00,0.0,682.0538826073871,26.48444102970148,0.0
2024-08-24 03:25:00,0.0,682.0538826073871,26.19340065825919,0.0
2024-08-24 03:30:00,0.0,682.0538826073871,25.576141029519007,0.0
2024-08-24 03:35:00,0.0,682.0538826073871,24.63460689908893,0.0
2024-08-24 03:40:00,0.0,682.0538826073871,23.374941915186923,0.0
2024-08-24 03:45:00,0.0,682.0538826073871,21.807612804014422,0.0
2024-08-24 03:50:00,0.0,682.0538826073871,19.947501647800195,0.0
2024-08-24 03:55:00,0.0,682.0538826073871,17.81396486496721,0.0
2024-08-24 04:00:00,0.0,682.0538826073871,15.430858079569406,0.0
2024-08-24 04:05:00,0.0,682.0538826073871,12.826526051626526,0.0
2024-08-24 04:10:00,0.0,682.0538826073871,10.033757272305055,0.0
2024-08-24 04:15:00,0.0,682.0538826073871,7.089702981867215,0.0
2024-08-24 04:20:00,0.0,682.0538826073871,4.035760775584577,0.0
2024-08-24 04:25:00,0.0,682.0538826073871,0.9174230435137385,0.0
2024-08-24 04:30:00,0.0,682.0538826073871,-2.2159090969434643,0.0
2024-08-24 04:35:00,0.0,682.0538826073871,-5.311145423621874,0.0
2024-08-24 04:40:00,0.0,682.0538826073871,-8.311758808628982,0.0
2024-08-24 04:45:00,0.0,682.0538826073871,-11.158068377765193,0.0
2024-08-24 04:50:00,0.0,682.0538826073871,-13.787552215364414,0.0
2024-08-24 04:55:00,0.0,682.0538826073871,-16.135187532413,0.0
2024-08-24 05:00:00,0.0,682.0538826073871,-18.13381636593923,0.0
2024-08-24 05:05:00,0.0,682.0538826073871,-19.71453436355292,0.0
2024-08-24 05:10:00,0.0,682.0538826073871,-20.80710027585937,0.0
2024-08-24 05:15:00,0.0,682.0538826073871,-21.340363406261503,0.0
2024-08-24 05:20:00,0.0,682.0538826073871,-21.24270622529125,0.0
2024-08-24 05:25:00,0.0,682.0538826073871,-20.442499186649798,0.0
2024-08-24 05:30:00,0.0,682.0538826073871,-18.868564646338978,0.0
2024-08-24 05:35:00,0.0,682.0538826073871,-16.450646791260727,0.0
2024-08-24 05:40:00,0.0,682.0538826073871,-13.119884225683109,0.7685555436666667
2024-08-24 05:45:00,0.0,682.0538826073871,-8.809282050825932,0.7685555436666667
2024-08-24 05:50:00,0.0,682.0538826073871,-3.454180082402522,0.7685555436666667
2024-08-24 05:55:00,0.0,682.0538826073871,3.007286096654197,0.7685555436666667
2024-08-24 06:00:00,0.0,682.0538826073871,10.633734516495972,13.973805021839553
2024-08-24 06:05:00,0.0,682.0538826073871,19.480099811076933,42.965565931024926
2024-08-24 06:10:00,0.0,682.0538826073871,29.597213035091148,42.965565931024926
2024-08-24 06:15:00,0.0,682.0538826073871,41.03140129590515,61.47728135048553
2024-08-24 06:20:00,0.0,682.0538826073871,53.824110192878955,58.497263239566855
2024-08-24 06:25:00,0.0,682.0538826073871,68.0115517171942,58.497263239566855
2024-08-24 06:30:00,0.0,682.0538826073871,83.62438049158139,66.09340974793281
2024-08-24 06:35:00,0.0,682.0538826073871,100.68740040407921,71.48072476121818
2024-08-24 06:40:00,0.0,682.0538826073871,119.21930428460081,71.48072476121818
2024-08-24 06:45:00,62.40000153,682.0538826073871,139.2324483668349,68.25542033332175
2024-08-24 06:50:00,80.69999695,682.0538826073871,160.73266341256888,66.82616407343463
2024-08-24 06:55:00,96.30000305,682.0538826073871,183.71910411276767,63.61881390270684
2024-08-24 07:00:00,119.5,682.0538826073871,208.18413782376504,434.7700071553961
2024-08-24 07:05:00,143.6000061,682.0538826073871,234.11327394489524,401.5826164583769
2024-08-24 07:10:00,197.5,682.0538826073871,261.48513441588915,401.5826164583769
2024-08-24 07:15:00,252.1999969,682.0538826073871,290.2714660907306,401.5826164583769
2024-08-24 07:20:00,290.7999878,682.0538826073871,320.4371945993521,399.225337595465
2024-08-24 07:25:00,350.1000061,682.0538826073871,351.9405202612755,399.225337595465
2024-08-24 07:30:00,400.7000122,682.0538826073871,384.73305523835705,399.225337595465
2024-08-24 07:35:00,451.7999878,682.0538826073871,418.76000110882813,399.225337595465
2024-08-24 07:40:00,508.5,682.0538826073871,453.96036627627143,410.1466149732702
2024-08-24 07:45:00,560.4000244,682.0538826073871,490.2672216071347,410.1466149732702
2024-08-24 07:50:00,617.7000122,682.0538826073871,527.60799304573,410.1466149732702
2024-08-24 07:55:00,673.7000122,682.0538826073871,565.9047889745042,415.87658983263157
2024-08-24 08:00:00,725.4000244,682.0538826073871,605.0747610880644,684.6488331549402
2024-08-24 08:05:00,778.9000244,682.0538826073871,645.0304954023899,684.6488331549402
2024-08-24 08:10:00,835.9000244,682.0538826073871,685.6804320592976,686.9019300808468
2024-08-24 08:15:00,894.7999878,682.0538826073871,726.9293104879088,686.9019300808468
2024-08-24 08:20:00,874.3999634,682.0538826073871,768.6786373352862,695.6893102702263
2024-08-24 08:25:00,911.6333008,682.0538826073871,810.8271742807464,695.6893102702263
2024-08-24 08:30:00,1091.300049,682.0538826073871,853.2714421463611,722.426646457582
2024-08-24 08:35:00,1038.93335,682.0538826073871,895.9062386192759,722.426646457582
2024-08-24 08:40:00,1103.166748,682.0538826073871,938.6251657346176,727.5760394523481
2024-08-24 08:45:00,1136.633423,682.0538826073871,981.3211642275257,727.5760394523481
2024-08-24 08:50:00,1191.533325,682.0538826073871,1023.887050337302,743.788328661743
2024-08-24 08:55:00,1242.966675,682.0538826073871,1066.2160528203035,743.788328661743
2024-08-24 09:00:00,1293.533325,682.0538826073871,1108.2023458090762,1406.0696244332682
2024-08-24 09:05:00,1341.06665,682.0538826073871,1149.7415741826119,1406.0696244332682
2024-08-24 09:10:00,1384.200073,682.0538826073871,1190.7313684124786,1412.7724470116016
2024-08-24 09:15:00,1424.200073,682.0538826073871,1231.071845211586,1414.381256185173
2024-08-24 09:20:00,1465.833374,682.0538826073871,1270.6660908909541,1329.935595452099
2024-08-24 09:25:00,1510.400024,682.0538826073871,1309.420624445093,1308.3774274497673
2024-08-24 09:30:00,1556.666626,682.0538826073871,1347.245837146788,1302.4303680048088
2024-08-24 09:35:00,1601.133301,682.0538826073871,1384.0564061581974,1308.5304864683399
2024-08-24 09:40:00,1641.966675,682.0538826073871,1419.7716793671873,1349.398898299933
2024-08-24 09:45:00,1681.233398,682.0538826073871,1454.3160292272994,1351.5604289425994
2024-08-24 09:50:00,1718.099976,682.0538826073871,1487.6191733202331,1375.9359589741448
2024-08-24 09:55:00,1756.866699,682.0538826073871,1519.6164598159453,1379.2784635045841
2024-08-24 10:00:00,1792.366699,682.0538826073871,1550.2491159353992,1552.855566133878
2024-08-24 10:05:00,1827.099976,682.0538826073871,1579.4644583584982,1575.0632125384939
2024-08-24 10:10:00,1856.599976,682.0538826073871,1607.2160641102798,1781.8892748641467
2024-08-24 10:15:00,1887.066772,682.0538826073871,1633.4639014060635,1781.8892748641467
2024-08-24 10:20:00,1918.633301,682.0538826073871,1658.1744193004338,1824.4448548791702
2024-08-24 10:25:00,1950.566772,682.0538826073871,1681.3205965893817,1813.7077163071685
2024-08-24 10:30:00,1981.200073,682.0538826073871,1702.8819494867716,1809.7068760352306
2024-08-24 10:35:00,2008.266602,682.0538826073871,1722.8444983677266,1814.9193175042383
2024-08-24 10:40:00,2032.033325,682.0538826073871,1741.2006944182954,1806.9427248462573
2024-08-24 10:45:00,2048.766602,682.0538826073871,1757.949306814852,1806.9427248462573
2024-08-24 10:50:00,2056.666748,682.0538826073871,1773.095271654021,1808.2601228875985
2024-08-24 10:55:00,2059.366455,682.0538826073871,1786.6495040414816,1808.2601228875985
2024-08-24 11:00:00,2059.199951,682.0538826073871,1798.6286749002943,2053.7146621136085
2024-08-24 11:05:00,2060.199951,682.0538826073871,1809.05495448803,2053.7146621136085
2024-08-24 11:10:00,2059.333252,682.0538826073871,1817.9557246488582,2053.5236363819013
2024-08-24 11:15:00,2058.866699,682.0538826073871,1825.3632622045595,2053.5236363819013
2024-08-24 11:20:00,2058.56665,682.0538826073871,1831.3143959224283,2053.217325535073
2024-08-24 11:25:00,2059.366699,682.0538826073871,1835.8501397851326,2053.38720724496
2024-08-24 11:30:00,2059.033447,682.0538826073871,1839.0153054048635,2053.38720724496
2024-08-24 11:35:00,2058.766602,682.0538826073871,1840.8580965359604,2054.085287238713
2024-08-24 11:40:00,2059.266602,682.0538826073871,1841.4296887570663,2054.085287238713
2024-08-24 11:45:00,2061.699951,682.0538826073871,1840.7837975572193,2045.3846556608623
2024-08-24 11:50:00,2061.699951,682.0538826073871,1838.9762379436847,2045.3846556608623
2024-08-24 11:55:00,2060.133057,682.0538826073871,1836.0644789452579,2045.3846556608623
2024-08-24 12:00:00,2057.533447,682.0538826073871,1832.1071962148765,2048.4796012913125
2024-08-24 12:05:00,2056.93335,682.0538826073871,1827.1638260694451,2048.4671954536607
2024-08-24 12:10:00,2057.099854,682.0538826073871,1821.294124145122,2048.4671954536607
2024-08-24 12:15:00,2057.533447,682.0538826073871,1814.5577318909634,2057.278838249855
2024-08-24 12:20:00,2057.666748,682.0538826073871,1807.01375398991,2057.18227050467
2024-08-24 12:25:00,2057.699951,682.0538826073871,1798.7203496739546,2053.083317991194
2024-08-24 12:30:00,2057.533447,682.0538826073871,1789.7343408855418,2028.1226416224256
2024-08-24 12:35:00,2057.099854,682.0538826073871,1780.1108398907088,2037.9520357487113
2024-08-24 12:40:00,2057.900146,682.0538826073871,1769.9028990429795,2051.575845635402
2024-08-24 12:45:00,2058.966553,682.0538826073871,1759.1611849414796,2037.9957977469428
2024-08-24 12:50:00,2061.700195,682.0538826073871,1747.9336792504437,2054.6137541055427
2024-08-24 12:55:00,2063.56665,682.0538826073871,1736.2654081126923,2056.5603478590847
2024-08-24 13:00:00,2064.299805,682.0538826073871,1724.1982018388057,2021.0744966466632
2024-08-24 13:05:00,2062.533447,682.0538826073871,1711.7704864933596,1934.3595012699816
2024-08-24 13:10:00,2060.366699,682.0538826073871,1699.0171084553601,2038.826677060781
2024-08-24 13:15:00,2059.366455,682.0538826073871,1685.969192969197,1932.6769106235593
2024-08-24 13:20:00,2059.033447,682.0538826073871,1672.6540375738737,1970.6652466645048
2024-08-24 13:25:00,2058.199951,682.0538826073871,1659.0950405568856,1956.0355783748053
2024-08-24 13:30:00,2056.533203,682.0538826073871,1645.3116648393577,1909.4026582079455
2024-08-24 13:35:00,2055.733398,682.0538826073871,1631.3194370405845,1906.0608463824722
2024-08-24 13:40:00,2056.5,682.0538826073871,1617.129981510832,1829.3502686461993
2024-08-24 13:45:00,2058.733398,682.0538826073871,1602.7510884993612,1965.7779552289476
2024-08-24 13:50:00,2061.600098,682.0538826073871,1588.1868157145336,1900.384603167035
2024-08-24 13:55:00,2062.06665,682.0538826073871,1573.437622016439,1929.3302392810908
2024-08-24 14:00:00,2061.333252,682.0538826073871,1558.5005319698842,1832.770761499479
2024-08-24 14:05:00,2058.800049,682.0538826073871,1543.3693294977834,1919.6770604425856
2024-08-24 14:10:00,2057.833252,682.0538826073871,1528.0347789335601,1926.7323298650883
2024-08-24 14:15:00,2056.699951,682.0538826073871,1512.4848712904713,1896.4255847376699
2024-08-24 14:20:00,2055.833252,682.0538826073871,1496.7050936344158,1851.265056853686
2024-08-24 14:25:00,2054.099854,682.0538826073871,1480.6787191234885,1953.6824606736252
2024-08-24 14:30:00,2052.466553,682.0538826073871,1464.3871151173016,1849.454107436861
2024-08-24 14:35:00,2051.300049,682.0538826073871,1447.8100668445197,1721.7956073821697
2024-08-24 14:40:00,2051.233398,682.0538826073871,1430.926113658125,1570.5535089713335
2024-08-24 14:45:00,2045.200073,682.0538826073871,1413.7128950369533,1572.677989801251
2024-08-24 14:50:00,2034.866699,682.0538826073871,1396.1475036880825,1579.1192396734752
2024-08-24 14:55:00,2017.700073,682.0538826073871,1378.2068423183,1486.295351206806
2024-08-24 15:00:00,1999.766724,682.0538826073871,1359.8679814818372,1439.4249033736457
2024-08-24 15:05:00,1975.799927,682.0538826073871,1341.1085152548062,1401.1167241334504
2024-08-24 15:10:00,1947.766602,682.0538826073871,1321.9069120541756,1449.967748601542
2024-08-24 15:15:00,1923.099976,682.0538826073871,1302.242857408505,1479.621515644146
2024-08-24 15:20:00,1902.266602,682.0538826073871,1282.0975860602907,1495.322343224205
2024-08-24 15:25:00,1882.400024,682.0538826073871,1261.4542006142806,1583.8998975902723
2024-08-24 15:30:00,1846.233398,682.0538826073871,1240.2979739720658,1624.8837204542128
2024-08-24 15:35:00,1799.966675,682.0538826073871,1218.6166334817283,1661.9996566000548
2024-08-24 15:40:00,1747.433228,682.0538826073871,1196.4006238516388,1179.3053679574457
2024-08-24 15:45:00,1701.933228,682.0538826073871,1173.6433473397371,1199.2995969930062
2024-08-24 15:50:00,1658.200073,682.0538826073871,1150.3413786918038,1263.8531122242598
2024-08-24 15:55:00,1616.366699,682.0538826073871,1126.4946534969272,1257.9228742619066
2024-08-24 16:00:00,1575.566772,682.0538826073871,1102.1066280354912,1268.1274055307615
2024-08-24 16:05:00,1534.299927,682.0538826073871,1077.1844097371347,1260.2015883279562
2024-08-24 16:10:00,1488.533203,682.0538826073871,1051.7388567527391,1273.0057365650612
2024-08-24 16:15:00,1437.5,682.0538826073871,1025.7846459141722,1245.236143341376
2024-08-24 16:20:00,1386.0,682.0538826073871,999.3403088620813,1204.974194316116
2024-08-24 16:25:00,1339.399902,682.0538826073871,972.4282353927055,1196.3894017664427
2024-08-24 16:30:00,1294.066772,682.0538826073871,945.0746444467661,1230.396788554347
2024-08-24 16:35:00,1247.466675,682.0538826073871,917.3095226019468,1259.1023996926472
2024-08-24 16:40:00,1200.43335,682.0538826073871,889.1665308858076,1285.7882433646275
2024-08-24 16:45:00,1155.600098,682.0538826073871,860.6828800828918,1245.2402735143737
2024-08-24 16:50:00,1110.166626,682.0538826073871,831.8991759553888,1219.0710817178972
2024-08-24 16:55:00,1055.5,682.0538826073871,802.859235233889,1197.5930371714685
2024-08-24 17:00:00,990.833313,682.0538826073871,773.6098737968069,1079.0951757430155
2024-08-24 17:05:00,926.1333008,682.0538826073871,744.2006690564439,1036.5193012329592
2024-08-24 17:10:00,870.7999878,682.0538826073871,714.6836976082164,964.6325196157652
2024-08-24 17:15:00,823.2666626,682.0538826073871,685.1132509487471,934.4099017519211
2024-08-24 17:20:00,772.3666992,682.0538826073871,655.5455308523138,875.9388892418115
2024-08-24 17:25:00,719.6000366,682.0538826073871,626.0383270767471,803.2631194198661
2024-08-24 17:30:00,669.2000122,682.0538826073871,596.6506796212011,764.7322344453202
2024-08-24 17:35:00,629.5333862,682.0538826073871,567.4425284898767,717.5801765425722
2024-08-24 17:40:00,588.3666382,682.0538826073871,538.474353188098,722.1620687008102
2024-08-24 17:45:00,544.666687,682.0538826073871,509.8068049117543,717.9943603935553
2024-08-24 17:50:00,496.4666443,682.0538826073871,481.50033457820837,720.9026001768332
2024-08-24 17:55:00,452.0666504,682.0538826073871,453.614818879004,710.0795906241623
2024-08-24 18:00:00,411.2333069,682.0538826073871,426.20918777274454,471.3701974669604
2024-08-24 18:05:00,373.0666504,682.0538826073871,399.34105593652635,473.89607872664936
2024-08-24 18:10:00,337.4666748,682.0538826073871,373.0663612951241,474.16189529608266
2024-08-24 18:15:00,305.8000183,682.0538826073871,347.43901302764385,501.623973077355
2024-08-24 18:20:00,276.9666748,682.0538826073871,322.51055200176836,452.25296650914885
2024-08-24 18:25:00,255.2000122,682.0538826073871,298.3298261453743,445.51817523641716
2024-08-24 18:30:00,243.9499969,682.0538826073871,274.942683045735,412.4509223948901
2024-08-24 18:35:00,213.5500031,682.0538826073871,252.39168260661077,413.0939017830734
2024-08-24 18:40:00,164.8999939,682.0538826073871,230.71583120108852,378.34013077420127
2024-08-24 18:45:00,124.2666626,682.0538826073871,209.95034004109505,359.3541492662012
2024-08-24 18:50:00,110.7999954,682.0538826073871,190.12640908354834,359.3541492662012
2024-08-24 18:55:00,104.6999969,682.0538826073871,171.27103835490976,380.0321188835679
2024-08-24 19:00:00,91.80000305,682.0538826073871,153.4068680219013,93.4063642531404
2024-08-24 19:05:00,70.44999695,682.0538826073871,136.55204833697383,88.56241695234274
2024-08-24 19:10:00,45.29999924,682.0538826073871,120.72014061524509,80.13116153126624
2024-08-24 19:15:00,26.40000153,682.0538826073871,105.92004959338271,67.98764395884783
2024-08-24 19:20:00,17.29999924,682.0538826073871,92.15598812900765,65.42052345949325
2024-08-24 19:25:00,13.40000057,682.0538826073871,79.42747398531843,59.34347908613801
2024-08-24 19:30:00,12.63333416,682.0538826073871,67.72935900666187,56.253575339390665
2024-08-24 19:35:00,0.0,682.0538826073871,57.05189023933376,42.75472331994859
2024-08-24 19:40:00,0.0,682.0538826073871,47.380802630070505,45.970978316380496
2024-08-24 19:45:00,0.0,682.0538826073871,38.69744237387907,36.6511961601642
2024-08-24 19:50:00,0.0,682.0538826073871,30.978920051143202,25.03679621701817
2024-08-24 19:55:00,0.0,682.0538826073871,24.198292294204148,19.872431233826582
2024-08-24 20:00:00,0.0,682.0538826073871,18.324770491024314,0.9531666676166666
2024-08-24 20:05:00,0.0,682.0538826073871,13.323955076029103,0.4321111180777778
2024-08-24 20:10:00,0.0,682.0538826073871,9.158093277946309,0.05733333586666666
2024-08-24 20:15:00,0.0,682.0538826073871,5.786358619492464,0.05733333586666666
2024-08-24 20:20:00,0.0,682.0538826073871,3.165149794659265,0.19444444444444445
2024-08-24 20:25:00,0.0,682.0538826073871,1.2484067046515237,0.0
2024-08-24 20:30:00,0.0,682.0538826073871,-0.012058811695122813,0.0
2024-08-24 20:35:00,0.0,682.0538826073871,-0.6662201067675843,0.18983333104999997
2024-08-24 20:40:00,0.0,682.0538826073871,-0.7654833146354802,0.18983333104999997
2024-08-24 20:45:00,0.0,682.0538826073871,-0.36232815582876704,0.18983333104999997
2024-08-24 20:50:00,0.0,682.0538826073871,0.4900553888249836,0.18983333104999997
2024-08-24 20:55:00,0.0,682.0538826073871,1.7381316264529214,0.2943444483366667
2024-08-24 21:00:00,0.0,682.0538826073871,3.328382355655519,0.0
2024-08-24 21:05:00,0.0,682.0538826073871,5.207665740728678,0.0
2024-08-24 21:10:00,0.0,682.0538826073871,7.323568393613349,0.0
2024-08-24 21:15:00,0.0,682.0538826073871,9.624747796161664,0.0
2024-08-24 21:20:00,0.0,682.0538826073871,12.061262671295685,0.0
2024-08-24 21:25:00,0.0,682.0538826073871,14.58488875151479,0.0
2024-08-24 21:30:00,0.0,682.0538826073871,17.149417653452133,0.0
2024-08-24 21:35:00,0.0,682.0538826073871,19.710936628774554,0.0
2024-08-24 21:40:00,0.0,682.0538826073871,22.228087195650946,0.0
2024-08-24 21:45:00,0.0,682.0538826073871,24.662300762951144,0.0
2024-08-24 21:50:00,0.0,682.0538826073871,26.978009546425522,0.0
2024-08-24 21:55:00,0.0,682.0538826073871,29.142831387649277,0.0
2024-08-24 22:00:00,0.0,682.0538826073871,31.12772708529935,0.0
2024-08-24 22:05:00,0.0,682.0538826073871,32.90712933579377,0.0
2024-08-24 22:10:00,0.0,682.0538826073871,34.459042340978634,0.0
2024-08-24 22:15:00,0.0,682.0538826073871,35.76511161397766,0.0
2024-08-24 22:20:00,0.0,682.0538826073871,36.810663570992425,0.0
2024-08-24 22:25:00,0.0,682.0538826073871,37.58471486166352,0.0
2024-08-24 22:30:00,0.0,682.0538826073871,38.07995156121972,0.0
2024-08-24 22:35:00,0.0,682.0538826073871,38.292678624913535,0.0
2024-08-24 22:40:00,0.0,682.0538826073871,38.22274022904164,0.0
2024-08-24 22:45:00,0.0,682.0538826073871,37.873411862189194,0.0
2024-08-24 22:50:00,0.0,682.0538826073871,37.25126524398136,0.0
2024-08-24 22:55:00,0.0,682.0538826073871,36.36600739618601,0.0
2024-08-24 23:00:00,0.0,682.0538826073871,35.23029533419011,0.0
2024-08-24 23:05:00,0.0,682.0538826073871,33.859528138858785,0.0
2024-08-24 23:10:00,0.0,682.0538826073871,32.271618238611936,0.0
2024-08-24 23:15:00,0.0,682.0538826073871,30.486743980446143,0.0
2024-08-24 23:20:00,0.0,682.0538826073871,28.527085684930697,0.0
2024-08-24 23:25:00,0.0,682.0538826073871,26.416547503667417,0.0
2024-08-24 23:30:00,0.0,682.0538826073871,24.180467531905393,0.0
2024-08-24 23:35:00,0.0,682.0538826073871,21.845318684357714,0.0
2024-08-24 23:40:00,0.0,682.0538826073871,19.438403015427216,0.0
2024-08-24 23:45:00,0.0,682.0538826073871,16.98754200142921,0.0
2024-08-24 23:50:00,0.0,682.0538826073871,14.520765651478639,0.0
2024-08-24 23:55:00,0.0,682.0538826073871,12.0660029895797,0.2655079470190476
2024-08-25 00:00:00,0.0,682.0538826073871,9.650776682643494,0.0
2024-08-25 00:05:00,0.0,682.0538826073871,7.30190443282308,0.0
2024-08-25 00:10:00,0.0,682.0538826073871,5.045209729057191,0.0
2024-08-25 00:15:00,0.0,682.0538826073871,2.905244487229217,0.0
2024-08-25 00:20:00,0.0,682.0538826073871,0.9050259826551821,0.0
2024-08-25 00:25:00,0.0,682.0538826073871,-0.9342096051098548,0.0
2024-08-25 00:30:00,0.0,682.0538826073871,-2.5932348995614882,0.0
2024-08-25 00:35:00,0.0,682.0538826073871,-4.055038204235318,0.0
2024-08-25 00:40:00,0.0,682.0538826073871,-5.305007794642543,0.0
2024-08-25 00:45:00,0.0,682.0538826073871,-6.331091894059383,0.0
2024-08-25 00:50:00,0.0,682.0538826073871,-7.123932907637791,0.0
2024-08-25 00:55:00,0.0,682.0538826073871,-7.676974651239416,0.0
2024-08-25 01:00:00,0.0,682.0538826073871,-7.986541550903709,0.0
2024-08-25 01:05:00,0.0,682.0538826073871,-8.051889009703162,0.0
2024-08-25 01:10:00,0.0,682.0538826073871,-7.8752243920503,0.0
2024-08-25 01:15:00,0.0,682.0538826073871,-7.461698300860164,0.0
2024-08-25 01:20:00,0.0,682.0538826073871,-6.819366052421535,0.0
2024-08-25 01:25:00,0.0,682.0538826073871,-5.959119575975732,0.0
2024-08-25 01:30:00,0.0,682.0538826073871,-4.894590108543183,0.0
2024-08-25 01:35:00,0.0,682.0538826073871,-3.6420223781749628,0.0
2024-08-25 01:40:00,0.0,682.0538826073871,-2.220121166713039,0.0
2024-08-25 01:45:00,0.0,682.0538826073871,-0.6498714115869828,0.0
2024-08-25 01:50:00,0.0,682.0538826073871,1.0456668149429436,0.0
2024-08-25 01:55:00,0.0,682.0538826073871,2.8415868487111657,0.0
2024-08-25 02:00:00,0.0,682.0538826073871,4.711385732909914,0.0
2024-08-25 02:05:00,0.0,682.0538826073871,6.627234280013488,0.0
2024-08-25 02:10:00,0.0,682.0538826073871,8.560264754384635,0.0
2024-08-25 02:15:00,0.0,682.0538826073871,10.48087389412024,0.0
2024-08-25 02:20:00,0.0,682.0538826073871,12.35903876705432,0.0
2024-08-25 02:25:00,0.0,682.0538826073871,14.164642941723013,0.0
2024-08-25 02:30:00,0.0,682.0538826073871,15.867810264308556,0.0
2024-08-25 02:35:00,0.0,682.0538826073871,17.439243495287503,0.0
2024-08-25 02:40:00,0.0,682.0538826073871,18.85056498635508,0.0
2024-08-25 02:45:00,0.0,682.0538826073871,20.074656529588097,0.0
2024-08-25 02:50:00,0.0,682.0538826073871,21.08599551254041,0.0
2024-08-25 02:55:00,0.0,682.0538826073871,21.860984507856795,0.0
2024-08-25 03:00:00,0.0,682.0538826073871,22.378271434629568,0.0
2024-08-25 03:05:00,0.0,682.0538826073871,22.619057547845916,0.0
2024-08-25 03:10:00,0.0,682.0538826073871,22.56739046530861,0.0
2024-08-25 03:15:00,0.0,682.0538826073871,22.210439674346436,0.0
2024-08-25 03:20:00,0.0,682.0538826073871,21.53875196514286,0.0
2024-08-25 03:25:00,0.0,682.0538826073871,20.546484435987537,0.0
2024-08-25 03:30:00,0.0,682.0538826073871,19.23161282735809,0.0
2024-08-25 03:35:00,0.0,682.0538826073871,17.59611318066596,0.0
2024-08-25 03:40:00,0.0,682.0538826073871,15.646114912999815,0.0
2024-08-25 03:45:00,0.0,682.0538826073871,13.392023674606305,0.0
2024-08-25 03:50:00,0.0,682.0538826073871,10.848612598305218,0.0
2024-08-25 03:55:00,0.0,682.0538826073871,8.035080621751094,0.0
2024-08-25 04:00:00,0.0,682.0538826073871,4.975077101679568,0.0
2024-08-25 04:05:00,0.0,682.0538826073871,1.6966917956494179,0.0
2024-08-25 04:10:00,0.0,682.0538826073871,-1.7675900237045676,0.0
2024-08-25 04:15:00,0.0,682.0538826073871,-5.380967696266909,0.0
2024-08-25 04:20:00,0.0,682.0538826073871,-9.102440338753174,0.0
2024-08-25 04:25:00,0.0,682.0538826073871,-12.886956752625986,0.0
2024-08-25 04:30:00,0.0,682.0538826073871,-16.685599476626958,0.0
2024-08-25 04:35:00,0.0,682.0538826073871,-20.445802081679656,0.0
2024-08-25 04:40:00,0.0,682.0538826073871,-24.11159858840622,0.0
2024-08-25 04:45:00,0.0,682.0538826073871,-27.62390361810811,0.0
2024-08-25 04:50:00,0.0,682.0538826073871,-30.920821688220546,0.0
2024-08-25 04:55:00,0.0,682.0538826073871,-33.93798369005056,0.0
2024-08-25 05:00:00,0.0,682.0538826073871,-36.60890866106254,0.0
2024-08-25 05:05:00,0.0,682.0538826073871,-38.86538833577852,0.0
2024-08-25 05:10:00,0.0,682.0538826073871,-40.63789220781274,0.0
2024-08-25 05:15:00,0.0,682.0538826073871,-41.85599035718162,0.0
2024-08-25 05:20:00,0.0,682.0538826073871,-42.44879125353904,0.0
2024-08-25 05:25:00,0.0,682.0538826073871,-42.34539164727148,0.0
2024-08-25 05:30:00,0.0,682.0538826073871,-41.475335472160275,0.0
2024-08-25 05:35:00,0.0,682.0538826073871,-39.76907864991511,0.0
2024-08-25 05:40:00,0.0,682.0538826073871,-37.15845656905157,0.0
2024-08-25 05:45:00,0.0,682.0538826073871,-33.57715104715435,0.0
2024-08-25 05:50:00,0.0,682.0538826073871,-28.961153445435908,0.7685555436666667
2024-08-25 05:55:00,0.0,682.0538826073871,-23.249220730376994,0.7685555436666667
2024-08-25 06:00:00,0.0,682.0538826073871,-16.383321209106988,13.798991366915795
2024-08-25 06:05:00,0.0,682.0538826073871,-8.309066771733024,13.606991372015795
2024-08-25 06:10:00,0.0,682.0538826073871,1.0238714712782695,13.606991372015795
2024-08-25 06:15:00,0.0,682.0538826073871,11.661367205495432,16.438046958126908
2024-08-25 06:20:00,0.0,682.0538826073871,23.644465392152412,24.713115407071673
2024-08-25 06:25:00,0.0,682.0538826073871,37.00903406139033,30.33755197626136
2024-08-25 06:30:00,0.0,682.0538826073871,51.78544403991724,30.33755197626136
2024-08-25 06:35:00,0.0,682.0538826073871,67.99827878652148,30.33755197626136
2024-08-25 06:40:00,0.0,682.0538826073871,85.66607690099103,37.93569138434716
2024-08-25 06:45:00,65.80000305,682.0538826073871,104.80110903029568,43.50008770948326
2024-08-25 06:50:00,85.69999695,682.0538826073871,125.40919112035223,44.64145943345271
2024-08-25 06:55:00,104.5999985,682.0538826073871,147.48953532666323,35.35384087595049
2024-08-25 07:00:00,125.5,682.0538826073871,171.03464010479308,530.797319681391
2024-08-25 07:05:00,149.6000061,682.0538826073871,196.03022027792755,535.4387755121999
2024-08-25 07:10:00,189.8999939,682.0538826073871,222.4551779656932,535.3602811386019
2024-08-25 07:15:00,240.0,682.0538826073871,250.28161464554134,517.9745017288146
2024-08-25 07:20:00,283.8999939,682.0538826073871,279.4748846778956,513.2740557854146
2024-08-25 07:25:00,330.2999878,682.0538826073871,309.9936900228019,511.6401748729602
2024-08-25 07:30:00,376.7000122,682.0538826073871,341.79021591032455,565.5758617483083
2024-08-25 07:35:00,417.7999878,682.0538826073871,374.8103066087882,573.1713521607663
2024-08-25 07:40:00,474.2000122,682.0538826073871,408.9936803713234,576.8020782811743
2024-08-25 07:45:00,520.7999878,682.0538826073871,444.2741824460514,563.430027956968
2024-08-25 07:50:00,573.0999756,682.0538826073871,480.5800742797681,535.6669419691663
2024-08-25 07:55:00,622.5,682.0538826073871,517.8343575694697,464.4696396811324
2024-08-25 08:00:00,672.0999756,682.0538826073871,555.9551311144645,1013.7564590390566
2024-08-25 08:05:00,720.5999756,682.0538826073871,594.8559775754655,980.4352285640089
2024-08-25 08:10:00,774.5999756,682.0538826073871,634.4463787717202,893.1610064568165
2024-08-25 08:15:00,824.7000122,682.0538826073871,674.6321559305314,873.5084724478163
2024-08-25 08:20:00,888.9000244,682.0538826073871,715.3159327173088,866.5850975355502
2024-08-25 08:25:00,865.2000122,682.0538826073871,756.3976174513909,861.9222994210787
2024-08-25 08:30:00,999.2000122,682.0538826073871,797.7749020263961,829.1407464239535
2024-08-25 08:35:00,1078.099976,682.0538826073871,839.3437738668528,813.7082700517718
2024-08-25 08:40:00,1050.299927,682.0538826073871,880.9990377065955,806.6939302125751
2024-08-25 08:45:00,1096.06665,682.0538826073871,922.6348441245053,774.9461970283642
2024-08-25 08:50:00,1132.766724,682.0538826073871,964.1452205096007,812.7429670983167
2024-08-25 08:55:00,1187.333374,682.0538826073871,1005.4246023321393,840.15988469631
2024-08-25 09:00:00,1236.93335,682.0538826073871,1046.3683599591643,1293.3970942095889
2024-08-25 09:05:00,1285.066772,682.0538826073871,1086.8733185911674,1292.444766010787
2024-08-25 09:10:00,1332.0,682.0538826073871,1126.8382673038475,1278.1306877883997
2024-08-25 09:15:00,1378.666626,682.0538826073871,1166.1644544205697,1284.903579305901
2024-08-25 09:20:00,1423.633301,682.0538826073871,1204.7560654497854,1289.6782510572868
2024-08-25 09:25:00,1467.433228,682.0538826073871,1242.5206811075248,1285.3144821751227
2024-08-25 09:30:00,1508.700073,682.0538826073871,1279.3697123805582,1271.2938275845195
2024-08-25 09:35:00,1549.5,682.0538826073871,1315.2188092801825,1309.5692528273448
2024-08-25 09:40:00,1588.733398,682.0538826073871,1349.9882417349615,1309.1289442120276
2024-08-25 09:45:00,1627.633423,682.0538826073871,1383.6032494596047,1311.7806917082416
2024-08-25 09:50:00,1665.766602,682.0538826073871,1415.9943591167792,1313.4686830572418
2024-08-25 09:55:00,1704.133423,682.0538826073871,1447.0976664607633,1292.4902121009532
2024-08-25 10:00:00,1739.933228,682.0538826073871,1476.8550823028474,1790.020350971946
2024-08-25 10:05:00,1774.133301,682.0538826073871,1505.214540490251,1791.0811353518034
2024-08-25 10:10:00,1807.533325,682.0538826073871,1532.1301669607462,1797.279735690417
2024-08-25 10:15:00,1845.433228,682.0538826073871,1557.5624091274271,1795.1956544883378
2024-08-25 10:20:00,1877.033203,682.0538826073871,1581.478124538475,1788.793833530456
2024-08-25 10:25:00,1908.933228,682.0538826073871,1603.8506292989937,1783.0237963689005
2024-08-25 10:30:00,1934.333374,682.0538826073871,1624.6597054938782,1770.1957718613821
2024-08-25 10:35:00,1969.633301,682.0538826073871,1643.8915684310339,1788.7781438672978
2024-08-25 10:40:00,1999.033325,682.0538826073871,1661.5387939846296,1787.7528477484088
2024-08-25 10:45:00,2025.766602,682.0538826073871,1677.6002070460188,1834.2417121590022
2024-08-25 10:50:00,2040.966797,682.0538826073871,1692.0807320211493,1823.16208834338
2024-08-25 10:55:00,2050.833252,682.0538826073871,1704.991206942622,1815.429345789136
2024-08-25 11:00:00,2054.800049,682.0538826073871,1716.348162789615,2014.9587654403288
2024-08-25 11:05:00,2056.300049,682.0538826073871,1726.1735696487663,2014.9587654403288
2024-08-25 11:10:00,2056.199951,682.0538826073871,1734.494552178445,2014.9587654403288
2024-08-25 11:15:00,2056.833252,682.0538826073871,1741.3430763855315,2017.8086749531283
2024-08-25 11:20:00,2055.866455,682.0538826073871,1746.7556103368797,2017.8086749531283
2024-08-25 11:25:00,2056.733398,682.0538826073871,1750.7727613832812,2023.524232210144
2024-08-25 11:30:00,2057.199951,682.0538826073871,1753.4388927918778,2023.524232210144
2024-08-25 11:35:00,2059.833252,682.0538826073871,1754.8017226561096,2023.524232210144
2024-08-25 11:40:00,2060.43335,682.0538826073871,1754.9119081597555,2036.5251632543293
2024-08-25 11:45:00,2060.899902,682.0538826073871,1753.8226183273503,2036.5251632543293
2024-08-25 11:50:00,2059.766602,682.0538826073871,1751.5890984364094,2036.5251632543293
2024-08-25 11:55:00,2059.533447,682.0538826073871,1748.2682293434589,2036.5251632543293
2024-08-25 12:00:00,2058.900146,682.0538826073871,1743.9180849774232,2033.0685654275244
2024-08-25 12:05:00,2059.099854,682.0538826073871,1738.5974912016263,2055.9571131228004
2024-08-25 12:10:00,2058.900146,682.0538826073871,1732.3655892815382,2054.309178636784
2024-08-25 12:15:00,2060.400146,682.0538826073871,1725.2814070970019,2054.2527704087074
2024-08-25 12:20:00,2060.699951,682.0538826073871,1717.403441132243,2054.218637846651
2024-08-25 12:25:00,2060.766602,682.0538826073871,1708.7892523016144,2054.1504894475756
2024-08-25 12:30:00,2058.599854,682.0538826073871,1699.4950782858668,2054.097250233037
2024-08-25 12:35:00,2056.733398,682.0538826073871,1689.5754652946373,2054.111749285446
2024-08-25 12:40:00,2057.300049,682.0538826073871,1679.0829215725084,2053.523328546133
2024-08-25 12:45:00,2059.033203,682.0538826073871,1668.06759514682,2053.6661765574718
2024-08-25 12:50:00,2062.333252,682.0538826073871,1656.5769778678143,2052.942805583593
2024-08-25 12:55:00,2063.149902,682.0538826073871,1644.6556378117987,2050.6010102785503
2024-08-25 13:00:00,2060.0,682.0538826073871,1632.3449815931447,2022.8287405019773
2024-08-25 13:05:00,2057.049805,682.0538826073871,1619.6830481795205,1969.982844278737
2024-08-25 13:10:00,2057.766602,682.0538826073871,1606.704335402327,1860.3329653848716
2024-08-25 13:15:00,2059.266602,682.0538826073871,1593.4396600466102,1957.7968471002196
2024-08-25 13:20:00,1963.799805,682.0538826073871,1579.9160524404779,1959.1877708733866
2024-08-25 13:25:00,1954.766602,682.0538826073871,1566.1566856877664,1954.7074226615352
2024-08-25 13:30:00,1945.266602,682.0538826073871,1552.1808399667314,1980.3347317900982
2024-08-25 13:35:00,2034.766602,682.0538826073871,1538.0039016273654,1993.5933933562226
2024-08-25 13:40:00,2041.666626,682.0538826073871,1523.6373968082742,1932.7282178443131
2024-08-25 13:45:00,2048.93335,682.0538826073871,1509.0890589155501,1956.5065163244265
2024-08-25 13:50:00,2052.5,682.0538826073871,1494.3629290222855,1831.200351005032
2024-08-25 13:55:00,2053.800049,682.0538826073871,1479.459488222217,1801.226876224937
2024-08-25 14:00:00,2054.900146,682.0538826073871,1464.3758202434535,1431.4971242061404
2024-08-25 14:05:00,2055.633545,682.0538826073871,1449.1058031431003,1492.7027204516098
2024-08-25 14:10:00,2055.5,682.0538826073871,1433.640327859923,1534.487973819109
2024-08-25 14:15:00,2056.06665,682.0538826073871,1417.9675418339511,1538.8477463713223
2024-08-25 14:20:00,2057.599854,682.0538826073871,1402.0731154682735,1691.4210521214272
2024-08-25 14:25:00,2058.93335,682.0538826073871,1385.9405289443182,1710.8812670945856
2024-08-25 14:30:00,2060.233398,682.0538826073871,1369.551377089284,1754.5721336160348
2024-08-25 14:35:00,2061.733398,682.0538826073871,1352.885689410706,1794.8848363320703
2024-08-25 14:40:00,2061.900146,682.0538826073871,1335.9222627424338,1842.671121591729
2024-08-25 14:45:00,1991.900024,682.0538826073871,1318.6390034660287,1738.4870077206836
2024-08-25 14:50:00,1894.900024,682.0538826073871,1301.0132767727343,1716.2663767316722
2024-08-25 14:55:00,1750.333374,682.0538826073871,1283.0222595062894,1627.2647208799735
2024-08-25 15:00:00,1699.700073,682.0538826073871,1264.6432941602689,1773.1053144774598
2024-08-25 15:05:00,1442.449951,682.0538826073871,1245.8542406772692,1837.2474095579773
2024-08-25 15:10:00,1438.099976,682.0538826073871,1226.6338233885126,1872.4695937223705
2024-08-25 15:15:00,2059.399902,682.0538826073871,1206.96197008814,1829.9846693245147
2024-08-25 15:20:00,1904.099854,682.0538826073871,1186.8201404655692,1812.6370365176292
2024-08-25 15:25:00,1904.100098,682.0538826073871,1166.1916413436782,1801.2932317604295
2024-08-25 15:30:00,1584.100098,682.0538826073871,1145.061925759855,1711.337458971904
2024-08-25 15:35:00,1792.800049,682.0538826073871,1123.4188740105217,1619.6834123733906
2024-08-25 15:40:00,2052.899902,682.0538826073871,1101.2530537599296,1459.872694777565
2024-08-25 15:45:00,1922.833374,682.0538826073871,1078.5579574892333,1181.1373365266275
2024-08-25 15:50:00,2005.099976,682.0538826073871,1055.3302151989378,1160.727406704677
2024-08-25 15:55:00,1906.533203,682.0538826073871,1031.5697805671018,1117.0564553321603
2024-08-25 16:00:00,1898.400024,682.0538826073871,1007.2800892267229,786.5737220564579
2024-08-25 16:05:00,1589.699951,682.0538826073871,982.4681876455954,757.1901349333729
2024-08-25 16:10:00,1097.399902,682.0538826073871,957.144831645531,346.412881648539
2024-08-25 16:15:00,1457.400024,682.0538826073871,931.3245536316437,411.7991891740767
2024-08-25 16:20:00,1459.100098,682.0538826073871,905.0256983010174,514.6015299317069
2024-08-25 16:25:00,1565.800049,682.0538826073871,878.2704259631824,497.7193813693949
2024-08-25 16:30:00,1512.300171,682.0538826073871,851.0846837471865,478.2275720890138
2024-08-25 16:35:00,1536.5,682.0538826073871,823.4981449460275,451.7869776140557
2024-08-25 16:40:00,1521.850098,682.0538826073871,795.5441166232848,518.4042875324974
2024-08-25 16:45:00,1302.799927,682.0538826073871,767.2594164343143,546.0904648555563
2024-08-25 16:50:00,1187.5,682.0538826073871,738.6842193780527,561.737629956565
2024-08-25 16:55:00,1016.0,682.0538826073871,709.8618759389044,570.4525369845821
2024-08-25 17:00:00,923.0499878,682.0538826073871,680.8387024762192,353.7404672169662
2024-08-25 17:05:00,725.4500122,682.0538826073871,651.6637462008721,340.963895060074
2024-08-25 17:10:00,478.0333557,682.0538826073871,622.3885257524906,267.9844976433121
2024-08-25 17:15:00,450.1000061,682.0538826073871,593.066749902425,240.29415063255098
2024-08-25 17:20:00,429.6666565,682.0538826073871,563.7540163413847,266.2888755191545
2024-08-25 17:25:00,432.5666809,682.0538826073871,534.5074927811951,259.416788521007
2024-08-25 17:30:00,419.7666931,682.0538826073871,505.385583096269,428.9191473813841
2024-08-25 17:35:00,413.1999817,682.0538826073871,476.4475806866499,496.9058514798152
2024-08-25 17:40:00,391.1333313,682.0538826073871,447.75331204050946,489.81418347743164
2024-08-25 17:45:00,361.7333069,682.0538826073871,419.3627728767422,484.2191065712999
2024-08-25 17:50:00,334.4666748,682.0538826073871,391.3357602632064,492.6288265061893
2024-08-25 17:55:00,313.6000061,682.0538826073871,363.73150275457783,522.0547301006249
2024-08-25 18:00:00,295.166687,682.0538826073871,336.60829186497807,106.33344049447008
2024-08-25 18:05:00,296.5333557,682.0538826073871,310.0231177216727,99.87279572863861
2024-08-25 18:10:00,293.0,682.0538826073871,284.0313113634683,104.73206050183444
2024-08-25 18:15:00,298.6000061,682.0538826073871,258.6861966810854,84.42736451030747
2024-08-25 18:20:00,285.9333191,682.0538826073871,234.03875456077694,89.18712073358226
2024-08-25 18:25:00,283.6499939,682.0538826073871,210.13730172248523,92.45984048293448
2024-08-25 18:30:00,239.3666534,682.0538826073871,187.02718685752964,88.05054028141822
2024-08-25 18:35:00,208.7333221,682.0538826073871,164.75050618972116,147.21080455586005
2024-08-25 18:40:00,199.6999969,682.0538826073871,143.34584077096355,194.51609240520048
2024-08-25 18:45:00,165.75,682.0538826073871,122.848017326893,202.7852104608679
2024-08-25 18:50:00,132.4500122,682.0538826073871,103.28789461961827,202.4172262542568
2024-08-25 18:55:00,108.9999924,682.0538826073871,84.69217677209517,236.6925334979184
2024-08-25 19:00:00,85.75,682.0538826073871,67.08325516174781,11.567129418407958
2024-08-25 19:05:00,56.79999924,682.0538826073871,50.479079789456605,11.0155077229616
2024-08-25 19:10:00,33.34999847,682.0538826073871,34.89306128932915,24.25144324252336
2024-08-25 19:15:00,23.55000114,682.0538826073871,20.33400407536147,47.70723659696025
2024-08-25 19:20:00,19.45000076,682.0538826073871,6.80607144560937,24.86494294466685
2024-08-25 19:25:00,14.5666666,682.0538826073871,-5.691217611991368,8.414584514272828
2024-08-25 19:30:00,12.9333334,682.0538826073871,-17.162959561030284,23.654265493351133
2024-08-25 19:35:00,0.0,682.0538826073871,-27.618805793704325,47.75981912417913
2024-08-25 19:40:00,0.0,682.0538826073871,-37.07287100989799,47.09736119353041
2024-08-25 19:45:00,0.0,682.0538826073871,-45.54361116562902,56.423195513678756
2024-08-25 19:50:00,0.0,682.0538826073871,-53.05367200237984,46.61557768161009
2024-08-25 19:55:00,0.0,682.0538826073871,-59.629709384368674,47.18469709923199
2024-08-25 20:00:00,0.0,682.0538826073871,-65.30218280429628,0.32782222714333337
2024-08-25 20:05:00,0.0,682.0538826073871,-70.10512371954229,0.7098407316877778
2024-08-25 20:10:00,0.0,682.0538826073871,-74.07588055796255,0.6632851776544445
2024-08-25 20:15:00,0.0,682.0538826073871,-77.25484227193635,0.8033962838211111
2024-08-25 20:20:00,0.0,682.0538826073871,-79.68514275375576,0.6632851776544445
2024-08-25 20:25:00,0.0,682.0538826073871,-81.41234820160282,0.4485444414766666
2024-08-25 20:30:00,0.0,682.0538826073871,-82.48413002640525,0.4917666654099999
2024-08-25 20:35:00,0.0,682.0538826073871,-82.94992570629978,0.4917666654099999
2024-08-25 20:40:00,0.0,682.0538826073871,-82.86059023628961,0.24638888993333333
2024-08-25 20:45:00,0.0,682.0538826073871,-82.2680408412359,0.37144815298222217
2024-08-25 20:50:00,0.0,682.0538826073871,-81.22489764056459,0.5736037045255555
2024-08-25 20:55:00,0.0,682.0538826073871,-79.78412304147228,0.3447555673055555
2024-08-25 21:00:00,0.0,682.0538826073871,-77.99866254246209,0.0
2024-08-25 21:05:00,0.0,682.0538826073871,-75.9210897602306,0.0
2024-08-25 21:10:00,0.0,682.0538826073871,-73.60325819899838,0.0
2024-08-25 21:15:00,0.0,682.0538826073871,-71.09596258454332,0.0
2024-08-25 21:20:00,0.0,682.0538826073871,-68.44861207547186,0.0
2024-08-25 21:25:00,0.0,682.0538826073871,-65.70891797588938,0.0
2024-08-25 21:30:00,0.0,682.0538826073871,-62.92259812407827,0.0
2024-08-25 21:35:00,0.0,682.0538826073871,-60.13310019224968,0.0
2024-08-25 21:40:00,0.0,682.0538826073871,-57.381345898085705,0.0
2024-08-25 21:45:00,0.0,682.0538826073871,-54.70549796230514,0.0
2024-08-25 21:50:00,0.0,682.0538826073871,-52.14075148097304,0.0
2024-08-25 21:55:00,0.0,682.0538826073871,-49.71915116729089,0.0
2024-08-25 22:00:00,0.0,682.0538826073871,-47.46943570758788,0.0
2024-08-25 22:05:00,0.0,682.0538826073871,-45.416910269279725,0.0
2024-08-25 22:10:00,0.0,682.0538826073871,-43.58334797311324,0.0
2024-08-25 22:15:00,0.0,682.0538826073871,-41.98692085034501,0.0
2024-08-25 22:20:00,0.0,682.0538826073871,-40.64216070404,0.0
2024-08-25 22:25:00,0.0,682.0538826073871,-39.55994987970406,0.0
2024-08-25 22:30:00,0.0,682.0538826073871,-38.7475418507018,0.0
2024-08-25 22:35:00,0.0,682.0538826073871,-38.20861122139155,0.0
2024-08-25 22:40:00,0.0,682.0538826073871,-37.9433325175379,0.0
2024-08-25 22:45:00,0.0,682.0538826073871,-37.94848692328155,0.0
2024-08-25 22:50:00,0.0,682.0538826073871,-38.21759588538105,0.0
2024-08-25 22:55:00,0.0,682.0538826073871,-38.74108029571287,0.0
2024-08-25 23:00:00,0.0,682.0538826073871,-39.50644376793496,0.0
2024-08-25 23:05:00,0.0,682.0538826073871,-40.49847830306204,0.0
2024-08-25 23:10:00,0.0,682.0538826073871,-41.699490505933014,0.0
2024-08-25 23:15:00,0.0,682.0538826073871,-43.089546309579276,0.0
2024-08-25 23:20:00,0.0,682.0538826073871,-44.64673203898134,0.0
2024-08-25 23:25:00,0.0,682.0538826073871,-46.34742951020853,0.0
2024-08-25 23:30:00,0.0,682.0538826073871,-48.166602753699436,0.0
2024-08-25 23:35:00,0.0,682.0538826073871,-50.07809384689105,0.0
2024-08-25 23:40:00,0.0,682.0538826073871,-52.054925283920255,0.0
2024-08-25 23:45:00,0.0,682.0538826073871,-54.069606272402496,0.0
2024-08-25 23:50:00,0.0,682.0538826073871,-56.09444023553156,0.0
2024-08-25 23:55:00,0.0,682.0538826073871,-58.101830937113895,0.0
2024-08-26 00:00:00,0.0,682.0538826073871,-60.064584509901835,0.0
2024-08-26 00:05:00,0.0,682.0538826073871,-61.95620479451031,0.0
2024-08-26 00:10:00,0.0,682.0538826073871,-63.75117941289072,0.0
2024-08-26 00:15:00,0.0,682.0538826073871,-65.42525409486609,0.0
2024-08-26 00:20:00,0.0,682.0538826073871,-66.95569285759527,0.0
2024-08-26 00:25:00,0.0,682.0538826073871,-68.32152175950287,0.0
2024-08-26 00:30:00,0.0,682.0538826073871,-69.50375410703056,0.0
2024-08-26 00:35:00,0.0,682.0538826073871,-70.4855950626713,0.0
2024-08-26 00:40:00,0.0,682.0538826073871,-71.252623911217,0.0
2024-08-26 00:45:00,0.0,682.0538826073871,-71.79295227877468,0.0
2024-08-26 00:50:00,0.0,682.0538826073871,-72.09735688726823,0.0
2024-08-26 00:55:00,0.0,682.0538826073871,-72.15938560335154,0.0
2024-08-26 01:00:00,0.0,682.0538826073871,-71.97543575788657,0.0
2024-08-26 01:05:00,0.0,682.0538826073871,-71.5448039621328,0.0
2024-08-26 01:10:00,0.0,682.0538826073871,-70.86970684534937,0.0
2024-08-26 01:15:00,0.0,682.0538826073871,-69.95527242095945,0.0
2024-08-26 01:20:00,0.0,682.0538826073871,-68.80950196860685,0.0
2024-08-26 01:25:00,0.0,682.0538826073871,-67.44320269646062,0.0
2024-08-26 01:30:00,0.0,682.0538826073871,-65.86989145110216,0.0
2024-08-26 01:35:00,0.0,682.0538826073871,-64.10567030770976,0.0
2024-08-26 01:40:00,0.0,682.0538826073871,-62.169074788366096,0.0
2024-08-26 01:45:00,0.0,682.0538826073871,-60.080895925924686,0.0
2024-08-26 01:50:00,0.0,682.0538826073871,-57.86397748509353,0.0
2024-08-26 01:55:00,0.0,682.0538826073871,-55.54298991682815,0.0
2024-08-26 02:00:00,0.0,682.0538826073871,-53.14418278388982,0.0
2024-08-26 02:05:00,0.0,682.0538826073871,-50.695117671617204,0.0
2024-08-26 02:10:00,0.0,682.0538826073871,-48.22438362710345,0.0
2024-08-26 02:15:00,0.0,682.0538826073871,-45.76129746949387,0.0
2024-08-26 02:20:00,0.0,682.0538826073871,-43.335591384442154,0.0
2024-08-26 02:25:00,0.0,682.0538826073871,-40.97709031916019,0.0
2024-08-26 02:30:00,0.0,682.0538826073871,-38.71538186126243,0.0
2024-08-26 02:35:00,0.0,682.0538826073871,-36.57948131239291,0.0
2024-08-26 02:40:00,0.0,682.0538826073871,-34.59749474436639,0.0
2024-08-26 02:45:00,0.0,682.0538826073871,-32.79628286017911,0.0
2024-08-26 02:50:00,0.0,682.0538826073871,-31.20112853788381,0.0
2024-08-26 02:55:00,0.0,682.0538826073871,-29.835410846762585,0.0
2024-08-26 03:00:00,0.0,682.0538826073871,-28.720288388008445,0.0
2024-08-26 03:05:00,0.0,682.0538826073871,-27.87439469217451,0.0
2024-08-26 03:10:00,0.0,682.0538826073871,-27.313548406800123,0.0
2024-08-26 03:15:00,0.0,682.0538826073871,-27.050480795995046,0.0
2024-08-26 03:20:00,0.0,682.0538826073871,-27.094583136320495,0.0
2024-08-26 03:25:00,0.0,682.0538826073871,-27.45167624134502,0.0
2024-08-26 03:30:00,0.0,682.0538826073871,-28.123804434027864,0.0
2024-08-26 03:35:00,0.0,682.0538826073871,-29.1090558770698,0.0
2024-08-26 03:40:00,0.0,682.0538826073871,-30.40141118823391,0.0
2024-08-26 03:45:00,0.0,682.0538826073871,-31.99062191610314,0.0
2024-08-26 03:50:00,0.0,682.0538826073871,-33.86212033041292,0.0
2024-08-26 03:55:00,0.0,682.0538826073871,-35.99696169781125,0.0
2024-08-26 04:00:00,0.0,682.0538826073871,-38.371799996612076,0.0
2024-08-26 04:05:00,0.0,682.0538826073871,-40.95889778818364,0.0
2024-08-26 04:10:00,0.0,682.0538826073871,-43.726170629898085,0.0
2024-08-26 04:15:00,0.0,682.0538826073871,-46.63726634955777,0.0
2024-08-26 04:20:00,0.0,682.0538826073871,-49.651678915447846,0.0
2024-08-26 04:25:00,0.0,682.0538826073871,-52.72489673837682,0.0
2024-08-26 04:30:00,0.0,682.0538826073871,-55.8085846920519,0.0
2024-08-26 04:35:00,0.0,682.0538826073871,-58.850799043583145,0.0
2024-08-26 04:40:00,0.0,682.0538826073871,-61.796234122572194,0.0
2024-08-26 04:45:00,0.0,682.0538826073871,-64.5864994217996,0.0
2024-08-26 04:50:00,0.0,682.0538826073871,-67.16042547506616,0.0
2024-08-26 04:55:00,0.0,682.0538826073871,-69.45439669506176,0.0
2024-08-26 05:00:00,0.0,682.0538826073871,-71.40270911900998,0.0
2024-08-26 05:05:00,0.0,682.0538826073871,-72.93795078920789,0.0
2024-08-26 05:10:00,0.0,682.0538826073871,-73.99140235832985,0.0
2024-08-26 05:15:00,0.0,682.0538826073871,-74.49345526094756,0.0
2024-08-26 05:20:00,0.0,682.0538826073871,-74.37404473460371,0.0
2024-08-26 05:25:00,0.0,682.0538826073871,-73.56309476109897,0.0
2024-08-26 05:30:00,0.0,682.0538826073871,-71.99097193399068,0.0
2024-08-26 05:35:00,0.0,682.0538826073871,-69.58894515178251,0.0
2024-08-26 05:40:00,0.0,682.0538826073871,-66.28964798450393,0.0
2024-08-26 05:45:00,0.0,682.0538826073871,-62.02754046374647,0.0
2024-08-26 05:50:00,0.0,682.0538826073871,-56.739367154417,0.0
2024-08-26 05:55:00,0.0,682.0538826073871,-50.364608174093455,0.0
2024-08-26 06:00:00,0.0,682.0538826073871,-42.845920040663664,21.51691514639088
2024-08-26 06:05:00,0.0,682.0538826073871,-34.12956314245306,10.54042889013754
2024-08-26 06:10:00,0.0,682.0538826073871,-24.165812822894708,9.515762192970872
2024-08-26 06:15:00,0.0,682.0538826073871,-12.909351011592966,8.622028865797539
2024-08-26 06:20:00,0.0,682.0538826073871,-0.3196356028904487,8.771584428130872
2024-08-26 06:25:00,0.0,682.0538826073871,13.638755150351404,8.534251104975318
2024-08-26 06:30:00,0.0,682.0538826073871,28.99580590409459,5.606954835230873
2024-08-26 06:35:00,0.0,682.0538826073871,45.77577724097334,5.595565954830872
2024-08-26 06:40:00,0.0,682.0538826073871,63.99695107269742,4.51612940017611
2024-08-26 06:45:00,0.0,682.0538826073871,83.67140995488627,4.51612940017611
2024-08-26 06:50:00,59.79999924,682.0538826073871,104.80485239980388,7.880481747028651
2024-08-26 06:55:00,63.5,682.0538826073871,127.39644550500552,7.880481747028651
2024-08-26 07:00:00,100.5999985,682.0538826073871,151.43871620385565,217.69990311270215
2024-08-26 07:05:00,161.6000061,682.0538826073871,176.91748221224427,216.33493073120215
2024-08-26 07:10:00,192.5,682.0538826073871,203.8118231109277,298.01404319664096
2024-08-26 07:15:00,243.3999939,682.0538826073871,232.094092554079,298.9717870445621
2024-08-26 07:20:00,293.8999939,682.0538826073871,261.7299709479032,302.90820212700896
2024-08-26 07:25:00,268.6333313,682.0538826073871,292.67855936593617,316.5885887418403
2024-08-26 07:30:00,376.1000061,682.0538826073871,324.89251362370754,319.09133688366256
2024-08-26 07:35:00,431.2999878,682.0538826073871,358.31821817020557,352.6399582806706
2024-08-26 07:40:00,466.5,682.0538826073871,392.8959987664799,354.41838757170405
2024-08-26 07:45:00,514.0,682.0538826073871,428.560372532562,312.18648664199924
2024-08-26 07:50:00,561.7000122,682.0538826073871,465.2403342089084,314.75436457159924
2024-08-26 07:55:00,607.7999878,682.0538826073871,502.8596765499291,314.75436457159924
2024-08-26 08:00:00,659.2999878,682.0538826073871,541.3373432974911,943.7919357219577
2024-08-26 08:05:00,640.8666382,682.0538826073871,580.5878116877517,943.2499041811959
2024-08-26 08:10:00,758.5999756,682.0538826073871,620.5215032798664,943.2499041811959
2024-08-26 08:15:00,818.0,682.0538826073871,661.045219275132,802.2158125154052
2024-08-26 08:20:00,795.8999634,682.0538826073871,702.0625984749109,802.2158125154052
2024-08-26 08:25:00,829.2333374,682.0538826073871,743.4745943048121,802.2158125154052
2024-08-26 08:30:00,967.0999756,682.0538826073871,785.1799681880083,813.3538879454292
2024-08-26 08:35:00,929.4666138,682.0538826073871,827.0757959656239,832.264844890872
2024-08-26 08:40:00,1120.5,682.0538826073871,869.057983822273,768.535958680608
2024-08-26 08:45:00,1062.200073,682.0538826073871,911.0217911199406,757.2542222716125
2024-08-26 08:50:00,1132.233276,682.0538826073871,952.8623555305269,796.2765562830306
2024-08-26 08:55:00,1168.866699,682.0538826073871,994.4752183636359,905.0879839756635
2024-08-26 09:00:00,1230.000122,682.0538826073871,1035.7568457798277,1212.667446656197
2024-08-26 09:05:00,1282.366699,682.0538826073871,1076.6051428421197,1215.58676354003
2024-08-26 09:10:00,1329.066772,682.0538826073871,1116.9199571613308,1209.7334392976618
2024-08-26 09:15:00,1368.333374,682.0538826073871,1156.6035685494264,1375.1750588969737
2024-08-26 09:20:00,1411.233398,682.0538826073871,1195.561161943447,1378.0139273537673
2024-08-26 09:25:00,1456.233398,682.0538826073871,1233.7012803049624,1366.96347559682
2024-08-26 09:30:00,1507.900024,682.0538826073871,1270.936254879917,1182.2625679602938
2024-08-26 09:35:00,1555.300171,682.0538826073871,1307.182609485347,1197.2657960798213
2024-08-26 09:40:00,1599.333374,682.0538826073871,1342.3614371751275,1263.4994330107475
2024-08-26 09:45:00,1633.266602,682.0538826073871,1376.3987463771239,1272.2309167246106
2024-08-26 09:50:00,1664.233398,682.0538826073871,1409.2257743258026,1287.5857309579678
2024-08-26 09:55:00,1692.599976,682.0538826073871,1440.7792663401128,1309.5996931510788
2024-08-26 10:00:00,1730.299927,682.0538826073871,1471.0017189235205,1452.238957357019
2024-08-26 10:05:00,1767.5,682.0538826073871,1499.8415855680526,1447.5311432407807
2024-08-26 10:10:00,1810.599976,682.0538826073871,1527.2534438131565,1447.5311432407807
2024-08-26 10:15:00,1842.766602,682.0538826073871,1553.1981232834703,1448.2272726439314
2024-08-26 10:20:00,1877.400024,682.0538826073871,1577.6427933549833,1448.2272726439314
2024-08-26 10:25:00,1904.833374,682.0538826073871,1600.5610109771135,1448.6529403678203
2024-08-26 10:30:00,1931.966675,682.0538826073871,1621.9327280974328,1448.6529403678203
2024-08-26 10:35:00,1958.033325,682.0538826073871,1641.7442591798288,1497.0699178096143
2024-08-26 10:40:00,1981.333374,682.0538826073871,1659.9882094154868,1497.0699178096143
2024-08-26 10:45:00,2009.233398,682.0538826073871,1676.663364268997,1523.5197627138684
2024-08-26 10:50:00,2025.799927,682.0538826073871,1691.7745417275828,1562.208343690167
2024-08-26 10:55:00,2040.933228,682.0538826073871,1705.332408399803,1562.208343690167
2024-08-26 11:00:00,2048.366699,682.0538826073871,1717.3532612564018,1877.105000422867
2024-08-26 11:05:00,2056.400146,682.0538826073871,1727.8587765782527,1877.105000422867
2024-08-26 11:10:00,2060.633057,682.0538826073871,1736.8757285386641,1883.594298947029
2024-08-26 11:15:00,2061.43335,682.0538826073871,1744.4356794442313,1883.594298947029
2024-08-26 11:20:00,2061.199951,682.0538826073871,1750.5746441219653,1817.305096381468
2024-08-26 11:25:00,2060.300049,682.0538826073871,1755.332731178881,1792.980450005061
2024-08-26 11:30:00,2059.699951,682.0538826073871,1758.7537638215201,1792.980450005061
2024-08-26 11:35:00,2058.633545,682.0538826073871,1760.8848831809432,1859.6602335699388
2024-08-26 11:40:00,2058.366455,682.0538826073871,1761.7761371473575,1859.6602335699388
2024-08-26 11:45:00,2059.333252,682.0538826073871,1761.4800578212983,1901.2108853958698
2024-08-26 11:50:00,2060.43335,682.0538826073871,1760.0512307084596,1901.2108853958698
2024-08-26 11:55:00,2060.466553,682.0538826073871,1757.545858910848,1898.075599408055
2024-08-26 12:00:00,2059.0,682.0538826073871,1754.0213254732687,1894.5905762543257
2024-08-26 12:05:00,2059.033203,682.0538826073871,1749.5357571144702,1891.7550102796824
2024-08-26 12:10:00,2060.100098,682.0538826073871,1744.1475924838346,1849.8425884767719
2024-08-26 12:15:00,2061.366455,682.0538826073871,1737.9151581112656,1861.6484186593245
2024-08-26 12:20:00,2061.100098,682.0538826073871,1730.8962550111157,1912.1361548511074
2024-08-26 12:25:00,2060.266846,682.0538826073871,1723.147758931286,1712.3625802060121
2024-08-26 12:30:00,2058.866699,682.0538826073871,1714.7252369892005,1664.5384823428592
2024-08-26 12:35:00,2058.350098,682.0538826073871,1705.6825834669253,1545.2852923983492
2024-08-26 12:40:00,2058.549805,682.0538826073871,1696.0716771853458,1336.1733369420845
2024-08-26 12:45:00,2063.0,682.0538826073871,1685.942062731712,1344.7827225600367
2024-08-26 12:50:00,2063.033447,682.0538826073871,1675.3406578639508,1389.5609980219408
2024-08-26 12:55:00,2063.099854,682.0538826073871,1664.3114887843067,1340.489109225712
2024-08-26 13:00:00,2059.899902,682.0538826073871,1652.8954551196264,1381.4920767244787
2024-08-26 13:05:00,2057.43335,682.0538826073871,1641.1301260174173,1374.7724262577176
2024-08-26 13:10:00,2056.466553,682.0538826073871,1629.0495685367307,1408.0146702420466
2024-08-26 13:15:00,2056.366699,682.0538826073871,1616.6842093706118,1403.4154078370373
2024-08-26 13:20:00,2057.133545,682.0538826073871,1604.0607305066092,1480.5607611287573
2024-08-26 13:25:00,2057.833252,682.0538826073871,1591.2019993551116,1486.5246146368845
2024-08-26 13:30:00,2059.833252,682.0538826073871,1578.1270333565576,1497.7594250799507
2024-08-26 13:35:00,2061.199951,682.0538826073871,1564.8509991727951,1764.3807208348253
2024-08-26 13:40:00,2062.166748,682.0538826073871,1551.385245906324,1825.4428436262692
2024-08-26 13:45:00,2061.866943,682.0538826073871,1537.7373718369206,1831.5946478633698
2024-08-26 13:50:00,2060.733398,682.0538826073871,1523.911323800416,1993.1480293947582
2024-08-26 13:55:00,2057.033203,682.0538826073871,1509.9075280067805,2007.6407319280404
2024-08-26 14:00:00,2054.466553,682.0538826073871,1495.7230509192302,1993.182829066527
2024-08-26 14:05:00,2052.733398,682.0538826073871,1481.3517888503318,1989.1647178674164
2024-08-26 14:10:00,2054.900146,682.0538826073871,1466.7846841073283,1996.9878852095578
2024-08-26 14:15:00,2056.600098,682.0538826073871,1452.009965920788,1867.2456083381212
2024-08-26 14:20:00,2058.5,682.0538826073871,1437.013414011255,1794.1390722215936
2024-08-26 14:25:00,2058.266602,682.0538826073871,1421.7786422665845,1676.9622686222008
2024-08-26 14:30:00,2057.699951,682.0538826073871,1406.287400203276,1601.376243112217
2024-08-26 14:35:00,2056.833252,682.0538826073871,1390.51988953573,1548.9472168583663
2024-08-26 14:40:00,2055.866699,682.0538826073871,1374.4550930972432,1503.4840412278224
2024-08-26 14:45:00,2053.699951,682.0538826073871,1358.0711134212409,1685.1833137569395
2024-08-26 14:50:00,2048.866699,682.0538826073871,1341.345517991912,1642.2409643167111
2024-08-26 14:55:00,2042.433228,682.0538826073871,1324.255688374592,1629.1902489609593
2024-08-26 15:00:00,2035.299927,682.0538826073871,1306.7791701834124,1683.0790347830207
2024-08-26 15:05:00,2025.633301,682.0538826073871,1288.894021080069,1719.8483564597198
2024-08-26 15:10:00,2015.800171,682.0538826073871,1270.579153873939,1783.982669908168
2024-08-26 15:15:00,1995.099976,682.0538826073871,1251.8146718132225,1801.594005839217
2024-08-26 15:20:00,1966.566772,682.0538826073871,1232.5821935259708,1801.8089296384176
2024-08-26 15:25:00,1926.400024,682.0538826073871,1212.865164637131,1745.8089341801347
2024-08-26 15:30:00,1888.533325,682.0538826073871,1192.6491536439662,1577.6750254906678
2024-08-26 15:35:00,1846.566772,682.0538826073871,1171.9221298296845,1537.9420768950888
2024-08-26 15:40:00,1785.933228,682.0538826073871,1150.674720523691,1448.7963688067691
2024-08-26 15:45:00,1714.900024,682.0538826073871,1128.9004458769627,1192.4395352026297
2024-08-26 15:50:00,1568.466797,682.0538826073871,1106.5959292820507,1148.7352507250675
2024-08-26 15:55:00,1564.833374,682.0538826073871,1083.7610814771806,1147.8493532589555
2024-08-26 16:00:00,1563.200073,682.0538826073871,1060.399257018443,1441.6138187814531
2024-08-26 16:05:00,1646.433228,682.0538826073871,1036.5173817738382,1370.5803118465299
2024-08-26 16:10:00,1605.400024,682.0538826073871,1012.126050294189,1360.3655400232653
2024-08-26 16:15:00,1588.566772,682.0538826073871,987.2395924518463,1356.355944386419
2024-08-26 16:20:00,1594.366699,682.0538826073871,961.8761085321801,1325.2468682066747
2024-08-26 16:25:00,1607.0,682.0538826073871,936.0574726705063,1246.7166245067226
2024-08-26 16:30:00,1611.066772,682.0538826073871,909.8093043609657,579.3346853311571
2024-08-26 16:35:00,1600.900024,682.0538826073871,883.1609083784613,599.9207045202999
2024-08-26 16:40:00,1528.400024,682.0538826073871,856.1451834835171,566.8957694939797
2024-08-26 16:45:00,1494.100098,682.0538826073871,828.798500495335,575.5505240167168
2024-08-26 16:50:00,1381.0,682.0538826073871,801.1605508979216,563.7190888407337
2024-08-26 16:55:00,1371.149902,682.0538826073871,773.2741668274542,538.8671970207215
2024-08-26 17:00:00,1370.633301,682.0538826073871,745.185113822669,701.15945974089
2024-08-26 17:05:00,1369.599854,682.0538826073871,716.9418584063935,673.6364001035798
2024-08-26 17:10:00,1197.849976,682.0538826073871,688.5953115043318,664.6464866964892
2024-08-26 17:15:00,1025.999878,682.0538826073871,660.1985502717537,669.6165827566517
2024-08-26 17:20:00,1109.400024,682.0538826073871,631.806520107589,675.7463072990738
2024-08-26 17:25:00,1074.333374,682.0538826073871,603.4757194586258,674.5437201173356
2024-08-26 17:30:00,1088.033325,682.0538826073871,575.2638694589157,658.6761882308905
2024-08-26 17:35:00,1052.266602,682.0538826073871,547.2295712267696,623.9041841558388
2024-08-26 17:40:00,1002.766663,682.0538826073871,519.4319532484177,623.9586001608039
2024-08-26 17:45:00,913.3666992,682.0538826073871,491.9303117509532,582.8685666471354
2024-08-26 17:50:00,869.0,682.0538826073871,464.78374660084654,636.7081028158922
2024-08-26 17:55:00,664.6500244,682.0538826073871,438.05079573257655,635.4676543121785
2024-08-26 18:00:00,472.75,682.0538826073871,411.78907065965376,250.04053513673426
2024-08-26 18:05:00,367.8666992,682.0538826073871,386.05489606771414,236.2890139151789
2024-08-26 18:10:00,373.3999939,682.0538826073871,360.90295615215996,219.16799720820967
2024-08-26 18:15:00,352.5999756,682.0538826073871,336.38595032325543,192.63129643016944
2024-08-26 18:20:00,285.4333496,682.0538826073871,312.55426114433095,183.9299201012257
2024-08-26 18:25:00,251.0,682.0538826073871,289.45563673553414,179.65359635586245
2024-08-26 18:30:00,233.1666718,682.0538826073871,267.1348901191169,184.00753443913942
2024-08-26 18:35:00,223.0499725,682.0538826073871,245.6336181418095,177.82937433134947
2024-08-26 18:40:00,176.5333252,682.0538826073871,224.98994151266137,177.54829062665684
2024-08-26 18:45:00,154.9000092,682.0538826073871,205.2382683881708,198.45158221451914
2024-08-26 18:50:00,149.0500031,682.0538826073871,186.40908302158405,191.32805004319508
2024-08-26 18:55:00,124.9499969,682.0538826073871,168.52876129079968,185.46409027470065
2024-08-26 19:00:00,100.4499893,682.0538826073871,151.6194142154999,26.934268979817958
2024-08-26 19:05:00,78.34999847,682.0538826073871,135.6987608247848,26.67176734505026
2024-08-26 19:10:00,57.94999695,682.0538826073871,120.78003124535496,26.393418429702635
2024-08-26 19:15:00,41.84999847,682.0538826073871,106.87190060454901,26.764596016030815
2024-08-26 19:20:00,27.90000153,682.0538826073871,93.97845452312926,26.868568236430814
2024-08-26 19:25:00,17.64999962,682.0538826073871,82.09918595055672,27.264748129940973
2024-08-26 19:30:00,12.83333302,682.0538826073871,71.22902378483649,26.736178478771365
2024-08-26 19:35:00,0.0,682.0538826073871,61.358392647597434,20.21954309614165
2024-08-26 19:40:00,0.0,682.0538826073871,52.4733035801163,15.54931338211752
2024-08-26 19:45:00,0.0,682.0538826073871,44.55547469777609,15.973325697673815
2024-08-26 19:50:00,0.0,682.0538826073871,37.58248104559109,15.350654052527412
2024-08-26 19:55:00,0.0,682.0538826073871,31.527932285319668,14.812594794191597
2024-08-26 20:00:00,0.0,682.0538826073871,26.36167687299704,0.0
2024-08-26 20:05:00,0.0,682.0538826073871,22.050031224287498,0.0
2024-08-26 20:10:00,0.0,682.0538826073871,18.556031891008256,0.0
2024-08-26 20:15:00,0.0,682.0538826073871,15.83970893097033,0.0
2024-08-26 20:20:00,0.0,682.0538826073871,13.858378275193097,0.0
2024-08-26 20:25:00,0.0,682.0538826073871,12.566950905038249,0.23461110905
2024-08-26 20:30:00,0.0,682.0538826073871,11.918256310900064,0.3193888870166666
2024-08-26 20:35:00,0.0,682.0538826073871,11.863377949451626,0.3193888870166666
2024-08-26 20:40:00,0.0,682.0538826073871,12.351997888283899,0.3193888870166666
2024-08-26 20:45:00,0.0,682.0538826073871,13.332748230867152,0.3193888870166666
2024-08-26 20:50:00,0.0,682.0538826073871,14.75356644089645,0.12417777948666668
2024-08-26 20:55:00,0.0,682.0538826073871,16.562051993069076,0.12417777948666668
2024-08-26 21:00:00,0.0,682.0538826073871,18.70582157906972,0.0
2024-08-26 21:05:00,0.0,682.0538826073871,21.132860199770022,0.0
2024-08-26 21:10:00,0.0,682.0538826073871,23.791865496058595,0.0
2024-08-26 21:15:00,0.0,682.0538826073871,26.63258272228555,0.0
2024-08-26 21:20:00,0.0,682.0538826073871,29.606127892666684,0.0
2024-08-26 21:25:00,0.0,682.0538826073871,32.66529660826209,0.0
2024-08-26 21:30:00,0.0,682.0538826073871,35.76485644013253,0.0
2024-08-26 21:35:00,0.0,682.0538826073871,38.861820521312595,0.0
2024-08-26 21:40:00,0.0,682.0538826073871,41.915700532791554,0.0
2024-08-26 21:45:00,0.0,682.0538826073871,44.888737155169984,0.0
2024-08-26 21:50:00,0.0,682.0538826073871,47.74610639327155,0.0
2024-08-26 21:55:00,0.0,682.0538826073871,50.45610030032444,0.0
2024-08-26 22:00:00,0.0,682.0538826073871,52.9902808989707,0.0
2024-08-26 22:05:00,0.0,682.0538826073871,55.32360625563297,0.0
2024-08-26 22:10:00,0.0,682.0538826073871,57.4345279234577,0.0
2024-08-26 22:15:00,0.0,682.0538826073871,59.305059201505635,0.0
2024-08-26 22:20:00,0.0,682.0538826073871,60.92081383931992,0.0
2024-08-26 22:25:00,0.0,682.0538826073871,62.27101516169394,0.0
2024-08-26 22:30:00,0.0,682.0538826073871,63.348475694690556,0.0
2024-08-26 22:35:00,0.0,682.0538826073871,64.14954771700698,0.0
2024-08-26 22:40:00,0.0,682.0538826073871,64.6740453298083,0.0
2024-08-26 22:45:00,0.0,682.0538826073871,64.9251388937339,0.0
2024-08-26 22:50:00,0.0,682.0538826073871,64.9092228976107,0.0
2024-08-26 22:55:00,0.0,682.0538826073871,64.63575852672626,0.0
2024-08-26 23:00:00,0.0,682.0538826073871,64.11709240997111,0.0
2024-08-26 23:05:00,0.0,682.0538826073871,63.36825322275435,0.0
2024-08-26 23:10:00,0.0,682.0538826073871,62.40672796582885,0.0
2024-08-26 23:15:00,0.0,682.0538826073871,61.252219944711726,0.0
2024-08-26 23:20:00,0.0,682.0538826073871,59.92639058878627,0.0
2024-08-26 23:25:00,0.0,682.0538826073871,58.45258739019995,0.0
2024-08-26 23:30:00,0.0,682.0538826073871,56.85556035229824,0.0
2024-08-26 23:35:00,0.0,682.0538826073871,55.16116942355028,0.0
2024-08-26 23:40:00,0.0,682.0538826073871,53.39608547223642,0.0
2024-08-26 23:45:00,0.0,682.0538826073871,51.5874873742537,0.0
2024-08-26 23:50:00,0.0,682.0538826073871,49.762757928749,0.0
2024-08-26 23:55:00,0.0,682.0538826073871,47.94918108426576,0.0
2024-08-27 00:00:00,0.0,682.0538826073871,46.17364328890388,0.0
2024-08-27 00:05:00,0.0,682.0538826073871,44.46234140409992,0.0
2024-08-27 00:10:00,0.0,682.0538826073871,42.84049979797766,0.0
2024-08-27 00:15:00,0.0,682.0538826073871,41.3320990596197,0.0
2024-08-27 00:20:00,0.0,682.0538826073871,39.95961870082832,0.0
2024-08-27 00:25:00,0.0,682.0538826073871,38.743796102490506,0.0
2024-08-27 00:30:00,0.0,682.0538826073871,37.70340380125655,0.0
2024-08-27 00:35:00,0.0,682.0538826073871,36.855047167631824,0.0
2024-08-27 00:40:00,0.0,682.0538826073871,36.212984120755706,0.0
2024-08-27 00:45:00,0.0,682.0538826073871,35.78896872250362,0.0
2024-08-27 00:50:00,0.0,682.0538826073871,35.59211983997343,0.0
2024-08-27 00:55:00,0.0,682.0538826073871,35.62881632093709,0.0
2024-08-27 01:00:00,0.0,682.0538826073871,35.90261952017149,0.0
2024-08-27 01:05:00,0.0,682.0538826073871,36.41422405355492,0.0
2024-08-27 01:10:00,0.0,682.0538826073871,37.16143728645069,0.0
2024-08-27 01:15:00,0.0,682.0538826073871,38.139187897157534,0.0
2024-08-27 01:20:00,0.0,682.0538826073871,39.33956354187779,0.0
2024-08-27 01:25:00,0.0,682.0538826073871,40.75187749429559,0.0
2024-08-27 01:30:00,0.0,682.0538826073871,42.36276384859256,0.0
2024-08-27 01:35:00,0.0,682.0538826073871,44.15630055831996,0.0
2024-08-27 01:40:00,0.0,682.0538826073871,46.11415956345812,0.0
2024-08-27 01:45:00,0.0,682.0538826073871,48.21578272630769,0.0
2024-08-27 01:50:00,0.0,682.0538826073871,50.438582404418916,0.0
2024-08-27 01:55:00,0.0,682.0538826073871,52.758164971503675,0.0
2024-08-27 02:00:00,0.0,682.0538826073871,55.14857566458981,0.0
2024-08-27 02:05:00,0.0,682.0538826073871,57.58256271473334,0.0
2024-08-27 02:10:00,0.0,682.0538826073871,60.03185875847396,0.0
2024-08-27 02:15:00,0.0,682.0538826073871,62.46747720673847,0.0
2024-08-27 02:20:00,0.0,682.0538826073871,64.86002119801131,0.0
2024-08-27 02:25:00,0.0,682.0538826073871,67.18000262617458,0.0
2024-08-27 02:30:00,0.0,682.0538826073871,69.39816859654313,0.0
2024-08-27 02:35:00,0.0,682.0538826073871,71.4858326518701,0.0
2024-08-27 02:40:00,0.0,682.0538826073871,73.41520797591868,0.0
2024-08-27 02:45:00,0.0,682.0538826073871,75.15973980578082,0.0
2024-08-27 02:50:00,0.0,682.0538826073871,76.69443420085071,0.0
2024-08-27 02:55:00,0.0,682.0538826073871,77.99618041037095,0.0
2024-08-27 03:00:00,0.0,682.0538826073871,79.04406402334762,0.0
2024-08-27 03:05:00,0.0,682.0538826073871,79.81966817668672,0.0
2024-08-27 03:10:00,0.0,682.0538826073871,80.3073601719164,0.0
2024-08-27 03:15:00,0.0,682.0538826073871,80.49456092250618,0.0
2024-08-27 03:20:00,0.0,682.0538826073871,80.37199477572824,0.0
2024-08-27 03:25:00,0.0,682.0538826073871,79.93391740787257,0.0
2024-08-27 03:30:00,0.0,682.0538826073871,79.1783195664444,0.0
2024-08-27 03:35:00,0.0,682.0538826073871,78.1071047377815,0.0
2024-08-27 03:40:00,0.0,682.0538826073871,76.72623884804614,0.0
2024-08-27 03:45:00,0.0,682.0538826073871,75.04587042433677,0.0
2024-08-27 03:50:00,0.0,682.0538826073871,73.08041979898381,0.0
2024-08-27 03:55:00,0.0,682.0538826073871,70.84863617395494,0.0
2024-08-27 04:00:00,0.0,682.0538826073871,68.37362163821074,0.0
2024-08-27 04:05:00,0.0,682.0538826073871,65.682821397057,0.0
2024-08-27 04:10:00,0.0,682.0538826073871,62.80797981214307,0.0
2024-08-27 04:15:00,0.0,682.0538826073871,59.78506203922609,0.0
2024-08-27 04:20:00,0.0,682.0538826073871,56.65414137245163,0.0
2024-08-27 04:25:00,0.0,682.0538826073871,53.459252596892206,0.0
2024-08-27 04:30:00,0.0,682.0538826073871,50.24821195681629,0.0
2024-08-27 04:35:00,0.0,682.0538826073871,47.07240462901665,0.0
2024-08-27 04:40:00,0.0,682.0538826073871,43.98654074892248,0.0
2024-08-27 04:45:00,0.0,682.0538826073871,41.04838139018769,0.0
2024-08-27 04:50:00,0.0,682.0538826073871,38.31843606789244,0.0
2024-08-27 04:55:00,0.0,682.0538826073871,35.85963357567065,0.0
2024-08-27 05:00:00,0.0,682.0538826073871,33.73696821007956,0.0
2024-08-27 05:05:00,0.0,682.0538826073871,32.017123603391944,0.0
2024-08-27 05:10:00,0.0,682.0538826073871,30.76807655171354,0.0
2024-08-27 05:15:00,0.0,682.0538826073871,30.058683472176032,0.0
2024-08-27 05:20:00,0.0,682.0538826073871,29.958252188476795,0.0
2024-08-27 05:25:00,0.0,682.0538826073871,30.536101917601677,0.0
2024-08-27 05:30:00,0.0,682.0538826073871,31.861114439330056,0.0
2024-08-27 05:35:00,0.0,682.0538826073871,34.001279496509,0.0
2024-08-27 05:40:00,0.0,682.0538826073871,37.0232375626069,0.0
2024-08-27 05:45:00,0.0,682.0538826073871,40.991823163681595,0.0
2024-08-27 05:50:00,0.0,682.0538826073871,45.9696119151083,0.0
2024-08-27 05:55:00,0.0,682.0538826073871,52.016474471946026,0.0
2024-08-27 06:00:00,0.0,682.0538826073871,59.189140627719425,109.38970758512507
2024-08-27 06:05:00,0.0,682.0538826073871,67.5407765300157,115.73996147147967
2024-08-27 06:10:00,0.0,682.0538826073871,77.12057821226882,115.73996147147967
2024-08-27 06:15:00,0.0,682.0538826073871,87.97338429272803,114.64126516612191
2024-08-27 06:20:00,0.0,682.0538826073871,100.13931069764301,109.86456520709973
2024-08-27 06:25:00,0.0,682.0538826073871,113.65341014047937,94.47920439418291
2024-08-27 06:30:00,0.0,682.0538826073871,128.54535881514101,85.62206870509387
2024-08-27 06:35:00,0.0,682.0538826073871,144.8391727477735,60.39785508276904
2024-08-27 06:40:00,0.0,682.0538826073871,162.5529558870223,49.33032171274679
2024-08-27 06:45:00,71.80000305,682.0538826073871,181.6986819895908,48.60000426937853
2024-08-27 06:50:00,94.19999695,682.0538826073871,202.28201194628477,44.10037065369591
2024-08-27 06:55:00,116.1999969,682.0538826073871,224.3021480453776,49.745661965291156
2024-08-27 07:00:00,132.3000031,682.0538826073871,247.75172652537367,411.26659434122433
2024-08-27 07:05:00,162.8999939,682.0538826073871,272.6167491424369,417.4235254253553
2024-08-27 07:10:00,205.8999939,682.0538826073871,298.8765547412311,412.8919056535062
2024-08-27 07:15:00,241.3999939,682.0538826073871,326.50383125708487,410.6543650447062
2024-08-27 07:20:00,284.8999939,682.0538826073871,355.46466785335065,325.7941864836261
2024-08-27 07:25:00,322.7999878,682.0538826073871,385.7186477574986,320.8165049264039
2024-08-27 07:30:00,360.8999939,682.0538826073871,417.21898096798753,313.95086988917603
2024-08-27 07:35:00,414.0,682.0538826073871,449.9126761094319,295.6891346311146
2024-08-27 07:40:00,461.6000061,682.0538826073871,483.7407507547603,295.6891346311146
2024-08-27 07:45:00,514.0999756,682.0538826073871,518.6384788332389,295.6891346311146
2024-08-27 07:50:00,570.0,682.0538826073871,554.5356735784272,297.1858948675655
2024-08-27 07:55:00,614.9000244,682.0538826073871,591.357004551837,298.5987828488702
2024-08-27 08:00:00,667.2999878,682.0538826073871,629.0223464085984,1090.8632776676163
2024-08-27 08:05:00,723.5,682.0538826073871,667.4471575545055,1093.9315097392835
2024-08-27 08:10:00,777.0,682.0538826073871,706.5428860217555,1090.1812556074262
2024-08-27 08:15:00,758.5,682.0538826073871,746.2174002687092,1091.5024226075611
2024-08-27 08:20:00,881.7000122,682.0538826073871,786.3754418802201,494.6341203704521
2024-08-27 08:25:00,845.2999878,682.0538826073871,826.9190973557602,488.8949963715156
2024-08-27 08:30:00,989.5,682.0538826073871,867.7482860834695,486.91277414884894
2024-08-27 08:35:00,1077.199951,682.0538826073871,908.7612608972584,484.1614684050157
2024-08-27 08:40:00,1043.466675,682.0538826073871,949.8551185528715,495.0547316215849
2024-08-27 08:45:00,1089.366577,682.0538826073871,990.9263165739075,501.78153543443887
2024-08-27 08:50:00,1122.799927,682.0538826073871,1031.8711926201518,502.08639885320076
2024-08-27 08:55:00,1176.533325,682.0538826073871,1072.5864839244189,502.39698467792294
2024-08-27 09:00:00,1224.666626,682.0538826073871,1112.9698428294405,1408.0056968748452
2024-08-27 09:05:00,1270.400024,682.0538826073871,1152.920344976934,1462.0065930804737
2024-08-27 09:10:00,1316.366577,682.0538826073871,1192.3389873700214,1455.8182719956003
2024-08-27 09:15:00,1362.700073,682.0538826073871,1231.1291726774043,1436.9548793331799
2024-08-27 09:20:00,1410.766602,682.0538826073871,1269.1971768096791,1441.9449718343544
2024-08-27 09:25:00,1457.833374,682.0538826073871,1306.4525968813962,1449.1232182066717
2024-08-27 09:30:00,1502.699829,682.0538826073871,1342.808776432281,1496.8691627997218
2024-08-27 09:35:00,1544.466675,682.0538826073871,1378.1832055519756,1503.57521273552
2024-08-27 09:40:00,1584.266602,682.0538826073871,1412.4978930926825,1522.635124589554
2024-08-27 09:45:00,1624.533325,682.0538826073871,1445.679708980373,1535.0331380368557
2024-08-27 09:50:00,1664.699829,682.0538826073871,1477.660694266106,1538.1108621396736
2024-08-27 09:55:00,1703.700073,682.0538826073871,1508.37833716755,1540.6760949349487
2024-08-27 10:00:00,1740.133423,682.0538826073871,1537.775813578828,1887.8117561938964
2024-08-27 10:05:00,1777.666626,682.0538826073871,1565.8021903724575,1887.8117561938964
2024-08-27 10:10:00,1817.333374,682.0538826073871,1592.4125907749956,1887.8117561938964
2024-08-27 10:15:00,1857.866699,682.0538826073871,1617.568320876535,1886.3557370450085
2024-08-27 10:20:00,1896.333374,682.0538826073871,1641.2369563207167,1886.3557370450085
2024-08-27 10:25:00,1929.033325,682.0538826073871,1663.39238957762,1886.3557370450085
2024-08-27 10:30:00,1960.900024,682.0538826073871,1684.0148372563522,1886.3557370450085
2024-08-27 10:35:00,1990.400024,682.0538826073871,1703.0908080335369,1886.1249966216747
2024-08-27 10:40:00,2021.099976,682.0538826073871,1720.6130315110693,1886.1249966216747
2024-08-27 10:45:00,2042.733398,682.0538826073871,1736.5803491093955,1886.1451639586749
2024-08-27 10:50:00,2054.966553,682.0538826073871,1750.9975678658839,1886.1451639586749
2024-08-27 10:55:00,2057.43335,682.0538826073871,1763.8752786195444,1886.906201422008
2024-08-27 11:00:00,2057.633301,682.0538826073871,1775.2296400671923,1968.938405317167
2024-08-27 11:05:00,2057.666748,682.0538826073871,1785.0821306071755,1979.4945794874752
2024-08-27 11:10:00,2059.033447,682.0538826073871,1793.459269951519,1979.4945794874752
2024-08-27 11:15:00,2059.56665,682.0538826073871,1800.3923128149972,2002.393826793138
2024-08-27 11:20:00,2060.466797,682.0538826073871,1805.916917048397,2002.393826793138
2024-08-27 11:25:00,2059.599854,682.0538826073871,1810.0727888495455,2003.7312811904417
2024-08-27 11:30:00,2058.766846,682.0538826073871,1812.9033078020734,2004.3814196349401
2024-08-27 11:35:00,2057.333252,682.0538826073871,1814.4551345893747,2004.3814196349401
2024-08-27 11:40:00,2057.166748,682.0538826073871,1814.7778043999822,2005.5085646474586
2024-08-27 11:45:00,2056.466553,682.0538826073871,1813.9233090718549,2005.5085646474586
2024-08-27 11:50:00,2056.300049,682.0538826073871,1811.9456710566926,2005.9820466277365
2024-08-27 11:55:00,2056.133301,682.0538826073871,1808.90051248557,2013.1607255622419
2024-08-27 12:00:00,2058.900146,682.0538826073871,1804.8446223301582,2019.6564380117338
2024-08-27 12:05:00,2060.233154,682.0538826073871,1799.8355250181353,2021.399354983751
2024-08-27 12:10:00,2059.900146,682.0538826073871,1793.931053483618,2021.043600184078
2024-08-27 12:15:00,2057.266602,682.0538826073871,1787.1889298154365,2021.043600184078
2024-08-27 12:20:00,2055.43335,682.0538826073871,1779.6663564705561,2021.943777867538
2024-08-27 12:25:00,2053.800049,682.0538826073871,1771.4196209711076,2022.7633444914356
2024-08-27 12:30:00,2005.299927,682.0538826073871,1762.5037167824933,2022.1078608686598
2024-08-27 12:35:00,1980.750122,682.0538826073871,1752.9719832103774,1988.8712341589837
2024-08-27 12:40:00,2049.399902,682.0538826073871,1742.8757665164778,1979.4004640207122
2024-08-27 12:45:00,2051.699707,682.0538826073871,1732.2641047650325,1957.2075443875488
2024-08-27 12:50:00,2052.466553,682.0538826073871,1721.1834384535882,1901.257749026326
2024-08-27 12:55:00,2055.033447,682.0538826073871,1709.6773487212877,1874.2626589037861
2024-08-27 13:00:00,2055.866699,682.0538826073871,1697.786324963684,1831.5834638320791
2024-08-27 13:05:00,2058.033447,682.0538826073871,1685.5475632027774,1796.1962517431964
2024-08-27 13:10:00,2017.200073,682.0538826073871,1672.994796419438,1792.2665953214214
2024-08-27 13:15:00,1976.200073,682.0538826073871,1660.158157727515,1983.363041950567
2024-08-27 13:20:00,1933.333374,682.0538826073871,1647.0640773271384,1975.9457965146125
2024-08-27 13:25:00,2061.800049,682.0538826073871,1633.7352133029458,1975.7237704968609
2024-08-27 13:30:00,2018.866699,682.0538826073871,1620.1904167126418,1816.4535221507338
2024-08-27 13:35:00,2062.733398,682.0538826073871,1606.444730716336,1883.6783465709145
2024-08-27 13:40:00,2062.033203,682.0538826073871,1592.509423490074,1876.5377091303185
2024-08-27 13:45:00,2061.266846,682.0538826073871,1578.392054228633,1876.315152454781
2024-08-27 13:50:00,2059.699951,682.0538826073871,1564.0965713564524,1827.8494183420548
2024-08-27 13:55:00,2058.833496,682.0538826073871,1549.623441959732,1860.0167103271474
2024-08-27 14:00:00,2057.600098,682.0538826073871,1534.9698108393843,1682.396035739025
2024-08-27 14:05:00,2056.199951,682.0538826073871,1520.1296880265113,1643.5334315621212
2024-08-27 14:10:00,2056.666748,682.0538826073871,1505.0941624675772,1647.5666386241799
2024-08-27 14:15:00,1928.099976,682.0538826073871,1489.8516403729855,1669.629167680534
2024-08-27 14:20:00,1778.233398,682.0538826073871,1474.388105749408,1721.1646313122985
2024-08-27 14:25:00,2058.800049,682.0538826073871,1458.6874009717533,1744.9227165480102
2024-08-27 14:30:00,2057.899902,682.0538826073871,1442.7315248847278,1782.6479600410325
2024-08-27 14:35:00,2057.699951,682.0538826073871,1426.500945793421,1656.4894656984457
2024-08-27 14:40:00,2056.93335,682.0538826073871,1409.974926838996,1628.8081244889545
2024-08-27 14:45:00,2056.966553,682.0538826073871,1393.1318606422828,1687.703825262203
2024-08-27 14:50:00,1951.033325,682.0538826073871,1375.9496108716353,1623.9669695373723
2024-08-27 14:55:00,1950.0,682.0538826073871,1358.4058573602426,1687.978053850819
2024-08-27 15:00:00,1871.633301,682.0538826073871,1340.4784422377356,1693.3027231897518
2024-08-27 15:05:00,1976.633301,682.0538826073871,1322.1457139884492,1676.6383299337087
2024-08-27 15:10:00,1829.133301,682.0538826073871,1303.3868667812092,1606.6296491990563
2024-08-27 15:15:00,1832.699951,682.0538826073871,1284.1822720287755,1586.0031660758134
2024-08-27 15:20:00,1499.0,682.0538826073871,1264.5137996196402,1592.6293795406757
2024-08-27 15:25:00,1030.199951,682.0538826073871,1244.3651261369291,1730.371914929505
2024-08-27 15:30:00,626.1000366,682.0538826073871,1223.7220273779621,1795.0007836930497
2024-08-27 15:35:00,639.5333862,682.0538826073871,1202.572653207612,1741.3570841919193
2024-08-27 15:40:00,1689.699951,682.0538826073871,1180.9077818605806,1691.9764047379902
2024-08-27 15:45:00,1824.400024,682.0538826073871,1158.7210522254456,1559.4642017138515
2024-08-27 15:50:00,1758.200073,682.0538826073871,1136.0091717791659,1209.180865422707
2024-08-27 15:55:00,1791.666626,682.0538826073871,1112.7720986923985,1075.7542927229383
2024-08-27 16:00:00,1781.099976,682.0538826073871,1089.0131965505327,934.7914656016347
2024-08-27 16:05:00,1796.033203,682.0538826073871,1064.739360334812,958.9895372780927
2024-08-27 16:10:00,1799.0,682.0538826073871,1039.9611128821261,965.6245898962565
2024-08-27 16:15:00,1519.100098,682.0538826073871,1014.6926705022573,917.6022057240361
2024-08-27 16:20:00,914.4499512,682.0538826073871,988.9519779370593,861.8530776213574
2024-08-27 16:25:00,557.2333374,682.0538826073871,962.7607115559936,643.2708867627762
2024-08-27 16:30:00,539.0666504,682.0538826073871,936.1442512526717,675.277847442355
2024-08-27 16:35:00,575.7000122,682.0538826073871,909.1316210269254,583.1159814458828
2024-08-27 16:40:00,521.666687,682.0538826073871,881.7553986110648,606.6049251134262
2024-08-27 16:45:00,511.7500305,682.0538826073871,854.0515950593816,591.8008167659139
2024-08-27 16:50:00,361.7999878,682.0538826073871,826.05950486468,623.5677496145818
2024-08-27 16:55:00,268.1666565,682.0538826073871,797.8215280214501,611.4838755815794
2024-08-27 17:00:00,266.2333069,682.0538826073871,769.3829650769114,622.4524803234517
2024-08-27 17:05:00,275.6999817,682.0538826073871,740.7917872807158,598.1955006368153
2024-08-27 17:10:00,283.8666687,682.0538826073871,712.0983828160234,590.2049050631518
2024-08-27 17:15:00,297.8666687,682.0538826073871,683.3552817936655,536.4778671408812
2024-08-27 17:20:00,309.2666626,682.0538826073871,654.6168615859089,545.5345735818321
2024-08-27 17:25:00,314.1999817,682.0538826073871,625.9390350474796,550.2499217609917
2024-08-27 17:30:00,309.3999939,682.0538826073871,597.378923923919,539.7617906257997
2024-08-27 17:35:00,369.7999878,682.0538826073871,568.99451985628,526.9468188403022
2024-08-27 17:40:00,427.3999939,682.0538826073871,540.8443358939584,540.0380440168973
2024-08-27 17:45:00,456.6000061,682.0538826073871,512.9870506000457,634.870519220838
2024-08-27 17:50:00,442.0,682.0538826073871,485.4811482809181,651.5375330807533
2024-08-27 17:55:00,429.8666687,682.0538826073871,458.384557299395,614.8707032456862
2024-08-27 18:00:00,416.5,682.0538826073871,431.7542897215907,98.50105208551541
2024-08-27 18:05:00,344.1666565,682.0538826073871,405.6460849520174,89.19852495686084
2024-08-27 18:10:00,316.5333252,682.0538826073871,380.11405991202923,84.99913940008418
2024-08-27 18:15:00,295.7666626,682.0538826073871,355.21036876844676,128.70941363348018
2024-08-27 18:20:00,286.7000122,682.0538826073871,330.98487440559353,129.11385130256483
2024-08-27 18:25:00,245.6499939,682.0538826073871,307.484834459525,117.51896671907645
2024-08-27 18:30:00,202.75,682.0538826073871,284.75460399984354,167.37798470232616
2024-08-27 18:35:00,149.1499939,682.0538826073871,262.8353576146258,164.6451141315744
2024-08-27 18:40:00,96.1000061,682.0538826073871,241.76483228792972,192.42787423002255
2024-08-27 18:45:00,62.70000076,682.0538826073871,221.57709370853973,217.34800985261984
2024-08-27 18:50:00,45.70000076,682.0538826073871,202.3023272671427,241.24692627896735
2024-08-27 18:55:00,35.5,682.0538826073871,183.96665559887177,228.28786017420396
2024-08-27 19:00:00,27.90000343,682.0538826073871,166.59198389897853,52.085746965190246
2024-08-27 19:05:00,21.5,682.0538826073871,150.1958741747308,51.01351119621992
2024-08-27 19:10:00,20.15000153,682.0538826073871,134.79144947913161,51.081925056583415
2024-08-27 19:15:00,17.54999924,682.0538826073871,120.3873285123699,50.59211093327897
2024-08-27 19:20:00,13.70000076,682.0538826073871,106.98759151633686,51.282542906496595
2024-08-27 19:25:00,0.0,682.0538826073871,94.59177718425777,51.111734001855474
2024-08-27 19:30:00,0.0,682.0538826073871,83.19491090276796,59.00917982621507
2024-08-27 19:35:00,0.0,682.0538826073871,72.78756393544094,61.0812836960021
2024-08-27 19:40:00,0.0,682.0538826073871,63.355943046114064,61.0812836960021
2024-08-27 19:45:00,0.0,682.0538826073871,54.882009878265855,48.48780794340081
2024-08-27 19:50:00,0.0,682.0538826073871,47.34362910824644,48.042360925343665
2024-08-27 19:55:00,0.0,682.0538826073871,40.71474413905996,29.010848158123167
2024-08-27 20:00:00,0.0,682.0538826073871,34.965579043875,0.0
2024-08-27 20:05:00,0.0,682.0538826073871,30.06286514500853,0.13229629087777778
2024-08-27 20:10:00,0.0,682.0538826073871,25.970090394325013,0.26185184684444446
2024-08-27 20:15:00,0.0,682.0538826073871,22.647769676399783,0.13229629087777778
2024-08-27 20:20:00,0.0,682.0538826073871,20.053733950238154,0.0
2024-08-27 20:25:00,0.0,682.0538826073871,18.143435923200553,0.0
2024-08-27 20:30:00,0.0,682.0538826073871,16.87026995522262,0.0
2024-08-27 20:35:00,0.0,682.0538826073871,16.185903723917225,0.0
2024-08-27 20:40:00,0.0,682.0538826073871,16.040619046996255,0.0
2024-08-27 20:45:00,0.0,682.0538826073871,16.38365937115697,0.0
2024-08-27 20:50:00,0.0,682.0538826073871,17.163581129900177,0.0
2024-08-27 20:55:00,0.0,682.0538826073871,18.328606405919377,0.0
2024-08-27 21:00:00,0.0,682.0538826073871,19.82697416806406,0.0
2024-08-27 21:05:00,0.0,682.0538826073871,21.60728743702562,0.0
2024-08-27 21:10:00,0.0,682.0538826073871,23.61885376535745,0.0
2024-08-27 21:15:00,0.0,682.0538826073871,25.81201646786172,0.0
2024-08-27 21:20:00,0.0,682.0538826073871,28.13847413322089,0.0
2024-08-27 21:25:00,0.0,682.0538826073871,30.551586029552645,0.0
2024-08-27 21:30:00,0.0,682.0538826073871,33.00666117892227,0.0
2024-08-27 21:35:00,0.0,682.0538826073871,35.46122890323052,0.0
2024-08-27 21:40:00,0.0,682.0538826073871,37.8752889699326,0.0
2024-08-27 21:45:00,0.0,682.0538826073871,40.211539465543495,0.0
2024-08-27 21:50:00,0.0,682.0538826073871,42.43558079307868,0.0
2024-08-27 21:55:00,0.0,682.0538826073871,44.51609438128807,0.0
2024-08-27 22:00:00,0.0,682.0538826073871,46.42499486872159,0.0
2024-08-27 22:05:00,0.0,682.0538826073871,48.13755475986673,0.0
2024-08-27 22:10:00,0.0,682.0538826073871,49.63250077214698,0.0
2024-08-27 22:15:00,0.0,682.0538826073871,50.89208131370286,0.0
2024-08-27 22:20:00,0.0,682.0538826073871,51.90210475841805,0.0
2024-08-27 22:25:00,0.0,682.0538826073871,52.65194844432773,0.0
2024-08-27 22:30:00,0.0,682.0538826073871,53.13453852828232,0.0
2024-08-27 22:35:00,0.0,682.0538826073871,53.34630107391404,0.0
2024-08-27 22:40:00,0.0,682.0538826073871,53.28708498611347,0.0
2024-08-27 22:45:00,0.0,682.0538826073871,52.96005761681809,0.0
2024-08-27 22:50:00,0.0,682.0538826073871,52.37157410088445,0.0
2024-08-27 22:55:00,0.0,682.0538826073871,51.531021679418636,0.0
2024-08-27 23:00:00,0.0,682.0538826073871,50.450640459702605,0.0
2024-08-27 23:05:00,0.0,682.0538826073871,49.145322293628766,0.0
2024-08-27 23:10:00,0.0,682.0538826073871,47.632389537373356,0.0
2024-08-27 23:15:00,0.0,682.0538826073871,45.93135574078701,0.0
2024-08-27 23:20:00,0.0,682.0538826073871,44.063670344749966,0.0
2024-08-27 23:25:00,0.0,682.0538826073871,42.052449655899615,0.0
2024-08-27 23:30:00,0.0,682.0538826073871,39.92219646149064,0.0
2024-08-27 23:35:00,0.0,682.0538826073871,37.69851073141611,0.0
2024-08-27 23:40:00,0.0,682.0538826073871,35.40779392885005,0.0
2024-08-27 23:45:00,0.0,682.0538826073871,33.07694950300158,0.0
2024-08-27 23:50:00,0.0,682.0538826073871,30.733082165078077,0.0
2024-08-27 23:55:00,0.0,682.0538826073871,28.403198537381062,0.0
2024-08-28 00:00:00,0.0,682.0538826073871,26.113911836232763,0.0
2024-08-28 00:05:00,0.0,682.0538826073871,23.891153021880825,0.0
2024-08-28 00:10:00,0.0,682.0538826073871,21.759891109707137,0.0
2024-08-28 00:15:00,0.0,682.0538826073871,19.74386486493465,0.0
2024-08-28 00:20:00,0.0,682.0538826073871,17.865328427384352,0.0
2024-08-28 00:25:00,0.0,682.0538826073871,16.144812933462976,0.0
2024-08-28 00:30:00,0.0,682.0538826073871,14.60090631803751,0.0
2024-08-28 00:35:00,0.0,682.0538826073871,13.250053221494687,0.0
2024-08-28 00:40:00,0.0,682.0538826073871,12.106376780015971,0.0
2024-08-28 00:45:00,0.0,682.0538826073871,11.181523917748152,0.0
2024-08-28 00:50:00,0.0,682.0538826073871,10.484535520940218,0.0
2024-08-28 00:55:00,0.0,682.0538826073871,10.021742788515171,0.0
2024-08-28 01:00:00,0.0,682.0538826073871,9.79669059821818,0.0
2024-08-28 01:05:00,0.0,682.0538826073871,9.810088865156876,0.0
2024-08-28 01:10:00,0.0,682.0538826073871,10.059792219902716,0.0
2024-08-28 01:15:00,0.0,682.0538826073871,10.540808504751931,0.0
2024-08-28 01:20:00,0.0,682.0538826073871,11.245336021929754,0.0
2024-08-28 01:25:00,0.0,682.0538826073871,12.162829429456625,0.0
2024-08-28 01:30:00,0.0,682.0538826073871,13.28009386545604,0.0
2024-08-28 01:35:00,0.0,682.0538826073871,14.581406651065715,0.0
2024-08-28 01:40:00,0.0,682.0538826073871,16.04866569821341,0.0
2024-08-28 01:45:00,0.0,682.0538826073871,17.661563516182383,0.0
2024-08-28 01:50:00,0.0,682.0538826073871,19.397785520671867,0.0
2024-08-28 01:55:00,0.0,682.0538826073871,21.233231057261616,0.0
2024-08-28 02:00:00,0.0,682.0538826073871,23.14225551622902,0.0
2024-08-28 02:05:00,0.0,682.0538826073871,25.097931504826814,0.0
2024-08-28 02:10:00,0.0,682.0538826073871,27.072327107183757,0.0
2024-08-28 02:15:00,0.0,682.0538826073871,29.036798933856698,0.0
2024-08-28 02:20:00,0.0,682.0538826073871,30.962297624223552,0.0
2024-08-28 02:25:00,0.0,682.0538826073871,32.819683283494626,0.0
2024-08-28 02:30:00,0.0,682.0538826073871,34.58004829859974,0.0
2024-08-28 02:35:00,0.0,682.0538826073871,36.215044842026465,0.0
2024-08-28 02:40:00,0.0,682.0538826073871,37.69721434950803,0.0
2024-08-28 02:45:00,0.0,682.0538826073871,39.0003161907697,0.0
2024-08-28 02:50:00,0.0,682.0538826073871,40.099652769281455,0.0
2024-08-28 02:55:00,0.0,682.0538826073871,40.972388262499834,0.0
2024-08-28 03:00:00,0.0,682.0538826073871,41.597858260451765,0.0
2024-08-28 03:05:00,0.0,682.0538826073871,41.95786759695864,0.0
2024-08-28 03:10:00,0.0,682.0538826073871,42.03697374617868,0.7685555436666667
2024-08-28 03:15:00,0.0,682.0538826073871,41.82275324215065,0.7685555436666667
2024-08-28 03:20:00,0.0,682.0538826073871,41.306048700918296,0.7685555436666667
2024-08-28 03:25:00,0.0,682.0538826073871,40.48119413915858,0.7685555436666667
2024-08-28 03:30:00,0.0,682.0538826073871,39.346216447703625,0.7685555436666667
2024-08-28 03:35:00,0.0,682.0538826073871,37.90301103880531,0.7685555436666667
2024-08-28 03:40:00,0.0,682.0538826073871,36.15748987033466,0.7685555436666667
2024-08-28 03:45:00,0.0,682.0538826073871,34.11970025040117,0.7685555436666667
2024-08-28 03:50:00,0.0,682.0538826073871,31.80391302209866,0.7685555436666667
2024-08-28 03:55:00,0.0,682.0538826073871,29.228679000594965,0.7685555436666667
2024-08-28 04:00:00,0.0,682.0538826073871,26.416852688585085,0.7685555436666667
2024-08-28 04:05:00,0.0,682.0538826073871,23.395582620934086,0.0
2024-08-28 04:10:00,0.0,682.0538826073871,20.196267873461075,0.0
2024-08-28 04:15:00,0.0,682.0538826073871,16.85448058237472,0.0
2024-08-28 04:20:00,0.0,682.0538826073871,13.409854540920582,0.0
2024-08-28 04:25:00,0.0,682.0538826073871,9.905940176511768,0.0
2024-08-28 04:30:00,0.0,682.0538826073871,6.390026546384952,0.0
2024-08-28 04:35:00,0.0,682.0538826073871,2.912931165685366,0.0
2024-08-28 04:40:00,0.0,682.0538826073871,-0.4712412225731316,0.0
2024-08-28 04:45:00,0.0,682.0538826073871,-3.705369619892142,0.0
2024-08-28 04:50:00,0.0,682.0538826073871,-6.729615864836201,0.0
2024-08-28 04:55:00,0.0,682.0538826073871,-9.481750110963448,0.0
2024-08-28 05:00:00,0.0,682.0538826073871,-11.897500667407792,0.0
2024-08-28 05:05:00,0.0,682.0538826073871,-13.91092591008065,0.0
2024-08-28 05:10:00,0.0,682.0538826073871,-15.454806059957237,0.0
2024-08-28 05:15:00,0.0,682.0538826073871,-16.461052041839544,0.0
2024-08-28 05:20:00,0.0,682.0538826073871,-16.86112893978342,0.0
2024-08-28 05:25:00,0.0,682.0538826073871,-16.58649104868942,0.0
2024-08-28 05:30:00,0.0,682.0538826073871,-15.569025682211748,0.0
2024-08-28 05:35:00,0.0,682.0538826073871,-13.741502667872863,0.0
2024-08-28 05:40:00,0.0,682.0538826073871,-11.038026447667832,0.0
2024-08-28 05:45:00,0.0,682.0538826073871,-7.394487629732811,0.0
2024-08-28 05:50:00,0.0,682.0538826073871,-2.7490108759982848,0.0
2024-08-28 05:55:00,0.0,682.0538826073871,2.957604092525761,0.0
2024-08-28 06:00:00,0.0,682.0538826073871,9.781451440906947,66.8265647300422
2024-08-28 06:05:00,0.0,682.0538826073871,17.775101223224564,67.6248091886322
2024-08-28 06:10:00,0.0,682.0538826073871,26.987197471392722,75.8926870591974
2024-08-28 06:15:00,0.0,682.0538826073871,37.46207526488096,79.65339635039128
2024-08-28 06:20:00,0.0,682.0538826073871,49.23939954217161,92.97261483849888
2024-08-28 06:25:00,0.0,682.0538826073871,62.353828391207806,93.59967886894111
2024-08-28 06:30:00,0.0,682.0538826073871,76.83470335921008,86.07207088441058
2024-08-28 06:35:00,0.0,682.0538826073871,92.70576887806718,84.65495979409724
2024-08-28 06:40:00,0.0,682.0538826073871,109.98492329230797,83.53059128611889
2024-08-28 06:45:00,67.90000153,682.0538826073871,128.68400315152007,73.42300336558337
2024-08-28 06:50:00,89.0,682.0538826073871,148.80860265587572,82.41450284288719
2024-08-28 06:55:00,106.8000031,682.0538826073871,170.35792951265736,89.38026061027466
2024-08-28 07:00:00,123.8000031,682.0538826073871,193.32469870455932,333.19967314087893
2024-08-28 07:05:00,153.0,682.0538826073871,217.69506490256524,335.10893973339
2024-08-28 07:10:00,204.1999969,682.0538826073871,243.4485943342891,403.53305940223646
2024-08-28 07:15:00,235.3000031,682.0538826073871,270.55827665789946,415.647344571246
2024-08-28 07:20:00,272.8999939,682.0538826073871,298.9905765286969,428.822488254246
2024-08-28 07:25:00,320.6000061,682.0538826073871,328.70552549593845,428.98054665282416
2024-08-28 07:30:00,376.2999878,682.0538826073871,359.6568530507424,405.5718508022063
2024-08-28 07:35:00,424.3999939,682.0538826073871,391.79215673821517,365.44286570728434
2024-08-28 07:40:00,478.6000061,682.0538826073871,425.0531100706614,244.28811376771293
2024-08-28 07:45:00,541.2999878,682.0538826073871,459.3757071292556,244.28811376771293
2024-08-28 07:50:00,585.7000122,682.0538826073871,494.6905424934997,399.0957468964638
2024-08-28 07:55:00,632.0,682.0538826073871,530.9231244565257,398.2400237258698
2024-08-28 08:00:00,682.5999756,682.0538826073871,567.9942202225119,969.7125271803402
2024-08-28 08:05:00,735.2999878,682.0538826073871,605.8202299814,952.3696914907925
2024-08-28 08:10:00,793.5999756,682.0538826073871,644.3135885002096,965.7017931672635
2024-08-28 08:15:00,772.3666382,682.0538826073871,683.3831909420861,953.9004715838333
2024-08-28 08:20:00,891.5,682.0538826073871,722.9348406248644,955.3551463160874
2024-08-28 08:25:00,956.2000122,682.0538826073871,762.8717153839693,950.7354627977319
2024-08-28 08:30:00,933.4666138,682.0538826073871,803.0948500659889,950.7354627977319
2024-08-28 08:35:00,1098.0,682.0538826073871,843.5036316258805,1006.7928578619702
2024-08-28 08:40:00,1046.099976,682.0538826073871,883.9963037258077,998.1601624403779
2024-08-28 08:45:00,1111.666626,682.0538826073871,924.470477844221,1008.6088505877351
2024-08-28 08:50:00,1145.299927,682.0538826073871,964.8236467649511,1024.5109648030273
2024-08-28 08:55:00,1197.299927,682.0538826073871,1004.9536983240718,1081.7237886977136
2024-08-28 09:00:00,1245.733276,682.0538826073871,1044.7594248754892,1550.7977729074576
2024-08-28 09:05:00,1293.199951,682.0538826073871,1084.1410260474443,1550.7977729074576
2024-08-28 09:10:00,1343.833374,682.0538826073871,1123.0006010698587,1518.5055555581314
2024-08-28 09:15:00,1392.133301,682.0538826073871,1161.242627633988,1520.6936669513912
2024-08-28 09:20:00,1440.300171,682.0538826073871,1198.7744243412887,1548.9914584310432
2024-08-28 09:25:00,1481.900024,682.0538826073871,1235.5065933418105,1548.9914584310432
2024-08-28 09:30:00,1522.166626,682.0538826073871,1271.3534411558087,1564.2139029522018
2024-08-28 09:35:00,1559.633423,682.0538826073871,1306.233373915719,1578.8931769796352
2024-08-28 09:40:00,1598.333374,682.0538826073871,1340.0692656641752,1554.976587119689
2024-08-28 09:45:00,1634.333374,682.0538826073871,1372.788796684075,1455.3889217360454
2024-08-28 09:50:00,1669.700073,682.0538826073871,1404.324760059766,1453.435788188712
2024-08-28 09:55:00,1705.166626,682.0538826073871,1434.6153347135216,1466.1849360735544
2024-08-28 10:00:00,1743.533325,682.0538826073871,1463.6043229889674,1809.4587165668408
2024-08-28 10:05:00,1783.933228,682.0538826073871,1491.24135186787,1809.47531867673
2024-08-28 10:10:00,1823.533325,682.0538826073871,1517.482036372491,1809.4587165668408
2024-08-28 10:15:00,1861.766602,682.0538826073871,1542.2881046591574,1794.649099645285
2024-08-28 10:20:00,1895.799927,682.0538826073871,1565.6274837126232,1799.1352804468406
2024-08-28 10:25:00,1927.533203,682.0538826073871,1587.4743461285666,1612.038264569366
2024-08-28 10:30:00,1955.900024,682.0538826073871,1607.8091172599432,1612.038264569366
2024-08-28 10:35:00,1984.033325,682.0538826073871,1626.6184434993888,1646.2614698940974
2024-08-28 10:40:00,2010.666626,682.0538826073871,1643.895121992952,1646.2614698940974
2024-08-28 10:45:00,2034.266602,682.0538826073871,1659.6379926820778,1648.069162568629
2024-08-28 10:50:00,2049.133545,682.0538826073871,1673.851793798927,1648.069162568629
2024-08-28 10:55:00,2055.533447,682.0538826073871,1686.5469819785876,1660.1542950210285
2024-08-28 11:00:00,2055.0,682.0538826073871,1697.7395188707076,1774.869617879205
2024-08-28 11:05:00,2053.93335,682.0538826073871,1707.4506256320133,1775.035243813593
2024-08-28 11:10:00,2053.699951,682.0538826073871,1715.70650776265,1765.8156410995064
2024-08-28 11:15:00,2056.099854,682.0538826073871,1722.538052169472,1726.1648593571003
2024-08-28 11:20:00,2057.93335,682.0538826073871,1727.9804990542682,1744.6584356076269
2024-08-28 11:25:00,2058.833252,682.0538826073871,1732.07309110157,1747.4231495620074
2024-08-28 11:30:00,2058.233154,682.0538826073871,1734.8587027130495,1772.2866470525287
2024-08-28 11:35:00,2058.266602,682.0538826073871,1736.3834521506233,1773.1648885731972
2024-08-28 11:40:00,2059.06665,682.0538826073871,1736.6962995036404,1775.324780230935
2024-08-28 11:45:00,2059.56665,682.0538826073871,1735.8486335140565,1773.6524659681645
2024-08-28 11:50:00,2059.300049,682.0538826073871,1733.8938503692211,1765.9556001432181
2024-08-28 11:55:00,2058.499756,682.0538826073871,1730.8869275657928,1704.5994252460443
2024-08-28 12:00:00,2057.366455,682.0538826073871,1726.883995975493,1695.8524000120508
2024-08-28 12:05:00,2057.699951,682.0538826073871,1721.9419133104197,1694.585940702162
2024-08-28 12:10:00,2057.633545,682.0538826073871,1716.1178419489852,1734.613703342755
2024-08-28 12:15:00,2057.900146,682.0538826073871,1709.4688343560006,1734.0231958754216
2024-08-28 12:20:00,2057.266602,682.0538826073871,1702.0514288391898,1479.1729900289733
2024-08-28 12:25:00,2058.966797,682.0538826073871,1693.9212587481666,1468.3644878765974
2024-08-28 12:30:00,2061.866699,682.0538826073871,1685.1326776003932,1689.8413740986991
2024-08-28 12:35:00,2064.93335,682.0538826073871,1675.738403036644,1793.025801455337
2024-08-28 12:40:00,2065.766602,682.0538826073871,1665.7891817669383,1841.3321720692895
2024-08-28 12:45:00,2065.766602,682.0538826073871,1655.3334779714812,2031.8293302844131
2024-08-28 12:50:00,2064.466553,682.0538826073871,1644.417187173758,2051.2923848268883
2024-08-28 12:55:00,2062.900146,682.0538826073871,1633.083377416185,2048.2710222208607
2024-08-28 13:00:00,2061.600098,682.0538826073871,1621.3720595384627,2032.003693519029
2024-08-28 13:05:00,1735.550171,682.0538826073871,1609.3199877514196,1980.9525309098453
2024-08-28 13:10:00,1199.650024,682.0538826073871,1596.9604919584644,1855.0471187818878
2024-08-28 13:15:00,934.7666626,682.0538826073871,1584.3233424390046,2031.479464307852
2024-08-28 13:20:00,930.8999634,682.0538826073871,1571.434647988336,2029.1434759663007
2024-08-28 13:25:00,880.9332886,682.0538826073871,1558.3167875136123,2012.519361285563
2024-08-28 13:30:00,859.7000122,682.0538826073871,1544.988375480031,1974.4955307132716
2024-08-28 13:35:00,840.0333862,682.0538826073871,1531.4642611439865,1907.8776626070887
2024-08-28 13:40:00,830.9332886,682.0538826073871,1517.7555610417296,1832.860285382831
2024-08-28 13:45:00,842.0,682.0538826073871,1503.8697242755838,1869.5979976965036
2024-08-28 13:50:00,992.0,682.0538826073871,1489.810629623682,1764.0999161944458
2024-08-28 13:55:00,932.3666992,682.0538826073871,1475.578713552099,1741.083720322789
2024-08-28 14:00:00,2056.5,682.0538826073871,1461.1711274632225,1617.5633516615273
2024-08-28 14:05:00,2056.550293,682.0538826073871,1446.5819231055857,1681.8479057884433
2024-08-28 14:10:00,2055.900146,682.0538826073871,1431.8022639027129,1721.2373718567271
2024-08-28 14:15:00,2054.966797,682.0538826073871,1416.8206605660414,1772.557181146926
2024-08-28 14:20:00,2054.149902,682.0538826073871,1401.6232287516882,1664.3940851365608
2024-08-28 14:25:00,1756.5,682.0538826073871,1386.1939664296,1542.734634962809
2024-08-28 14:30:00,1097.949951,682.0538826073871,1370.5150486850468,1454.4287186071876
2024-08-28 14:35:00,657.4499512,682.0538826073871,1354.567137192384,1408.4028147419895
2024-08-28 14:40:00,499.4333496,682.0538826073871,1338.3297018785706,1361.935948036488
2024-08-28 14:45:00,444.7666931,682.0538826073871,1321.7813518426453,1292.017716107543
2024-08-28 14:50:00,415.3666687,682.0538826073871,1304.9001730720179,1198.1448252012772
2024-08-28 14:55:00,453.2000122,682.0538826073871,1287.6640696860898,1143.1143800144544
2024-08-28 15:00:00,427.1000061,682.0538826073871,1270.0511061140426,1454.5556046466388
2024-08-28 15:05:00,560.2999878,682.0538826073871,1252.0398473930138,1401.90418934545
2024-08-28 15:10:00,760.2000122,682.0538826073871,1233.6096945622535,1410.6048618158559
2024-08-28 15:15:00,742.25,682.0538826073871,1214.7412125449616,1452.7822213448326
2024-08-28 15:20:00,743.4333496,682.0538826073871,1195.416447760818,1533.663287671243
2024-08-28 15:25:00,960.2000122,682.0538826073871,1175.6192328072152,1660.6867221762786
2024-08-28 15:30:00,1841.0,682.0538826073871,1155.3354758302555,1629.9496133541306
2024-08-28 15:35:00,1620.799927,682.0538826073871,1134.5534320657564,1615.2309594579579
2024-08-28 15:40:00,2056.300049,682.0538826073871,1113.2639554887487,1568.6890230937809
2024-08-28 15:45:00,1616.066772,682.0538826073871,1091.4607283230423,1508.888711181318
2024-08-28 15:50:00,1929.950073,682.0538826073871,1069.1404667097659,1461.3899450874133
2024-08-28 15:55:00,1828.749878,682.0538826073871,1046.303100687113,1431.1173148787764
2024-08-28 16:00:00,1786.633301,682.0538826073871,1022.9519272325856,1288.9760543611917
2024-08-28 16:05:00,1747.366699,682.0538826073871,999.0937348227579,1353.5678390467194
2024-08-28 16:10:00,1621.5,682.0538826073871,974.7388987223468,1312.1910288040592
2024-08-28 16:15:00,1539.5,682.0538826073871,949.9014459354494,1274.8314527076789
2024-08-28 16:20:00,1441.900024,682.0538826073871,924.5990897083374,1203.5014162329296
2024-08-28 16:25:00,1394.099976,682.0538826073871,898.8532327568611,1148.3243971712632
2024-08-28 16:30:00,1335.199951,682.0538826073871,872.6889393537208,1092.978789586524
2024-08-28 16:35:00,1282.566772,682.0538826073871,846.1348766974875,1179.5170562616256
2024-08-28 16:40:00,1236.199951,682.0538826073871,819.2232255357887,1158.339889363099
2024-08-28 16:45:00,1187.833374,682.0538826073871,791.9895610282887,1040.5848207329711
2024-08-28 16:50:00,1132.5,682.0538826073871,764.4727046328062,1133.012073239284
2024-08-28 16:55:00,1071.166626,682.0538826073871,736.7145480666607,1123.112090188504
2024-08-28 17:00:00,1009.866638,682.0538826073871,708.7598508608654,754.8988192442524
2024-08-28 17:05:00,953.8666992,682.0538826073871,680.6560128255201,720.3322385870022
2024-08-28 17:10:00,900.1000366,682.0538826073871,652.4528234304132,684.6302904448426
2024-08-28 17:15:00,849.4666138,682.0538826073871,624.2021896596152,701.7536893213893
2024-08-28 17:20:00,801.9000854,682.0538826073871,595.957844811646,723.0731733544606
2024-08-28 17:25:00,758.5,682.0538826073871,567.7750401826602,697.1688438237431
2024-08-28 17:30:00,716.5999146,682.0538826073871,539.7102221085844,714.4321514402397
2024-08-28 17:35:00,667.999939,682.0538826073871,511.82069695696083,710.0374877865917
2024-08-28 17:40:00,618.9332886,682.0538826073871,484.1642863934955,688.0351478414233
2024-08-28 17:45:00,572.8999634,682.0538826073871,456.7989755971531,687.6238262144716
2024-08-28 17:50:00,548.3666382,682.0538826073871,429.7825575386897,696.0761513543716
2024-08-28 17:55:00,533.2999878,682.0538826073871,403.1722753792583,695.1127006280319
2024-08-28 18:00:00,533.0333862,682.0538826073871,377.02446613522,340.11082546231097
2024-08-28 18:05:00,508.3000488,682.0538826073871,351.39420842153237,343.87840317204916
2024-08-28 18:10:00,499.5,682.0538826073871,326.33497657637906,273.36556594382057
2024-08-28 18:15:00,426.9000244,682.0538826073871,301.8983041623092,294.88051102864347
2024-08-28 18:20:00,350.25,682.0538826073871,278.13345922442824,298.69029455084166
2024-08-28 18:25:00,261.2000122,682.0538826073871,255.08713379109503,294.0757890374901
2024-08-28 18:30:00,178.8999939,682.0538826073871,232.80315008725086,218.01379806621517
2024-08-28 18:35:00,135.0,682.0538826073871,211.32218553501227,216.03906087005956
2024-08-28 18:40:00,122.2666626,682.0538826073871,190.68151877122398,221.25029358472048
2024-08-28 18:45:00,110.7000046,682.0538826073871,170.91479843731182,215.45147158151585
2024-08-28 18:50:00,105.5500031,682.0538826073871,152.05183662889772,231.53383664888005
2024-08-28 18:55:00,87.65000916,682.0538826073871,134.11842849398965,228.6159839916215
2024-08-28 19:00:00,57.90000534,682.0538826073871,117.13619926323838,62.38188883649263
2024-08-28 19:05:00,38.20000076,682.0538826073871,101.12248004075248,61.32137453958597
2024-08-28 19:10:00,35.84999847,682.0538826073871,86.0902130121868,62.606083096211044
2024-08-28 19:15:00,28.15000153,682.0538826073871,72.0478868722686,61.28629051389103
2024-08-28 19:20:00,20.0,682.0538826073871,58.9995030859617,61.55328125825771
2024-08-28 19:25:00,13.90000057,682.0538826073871,46.94457285880916,58.819725543178805
2024-08-28 19:30:00,12.40000057,682.0538826073871,35.87814507664468,51.40758475110135
2024-08-28 19:35:00,0.0,682.0538826073871,25.790864798694127,16.13940392061591
2024-08-28 19:40:00,0.0,682.0538826073871,16.66906194550979,11.811186667659708
2024-08-28 19:45:00,0.0,682.0538826073871,8.494869298081682,14.004536805088124
2024-08-28 19:50:00,0.0,682.0538826073871,1.2463689873507269,18.028738088276793
2024-08-28 19:55:00,0.0,682.0538826073871,-5.102233769551361,21.63107718171243
2024-08-28 20:00:00,0.0,682.0538826073871,-10.580410972097951,0.023388888033333333
2024-08-28 20:05:00,0.0,682.0538826073871,-15.221087861507874,0.023388888033333333
2024-08-28 20:10:00,0.0,682.0538826073871,-19.06039629807756,0.0
2024-08-28 20:15:00,0.0,682.0538826073871,-22.137407509764092,0.0
2024-08-28 20:20:00,0.0,682.0538826073871,-24.493846226489303,0.0
2024-08-28 20:25:00,0.0,682.0538826073871,-26.173788430002272,0.0
2024-08-28 20:30:00,0.0,682.0538826073871,-27.223345065861103,0.0
2024-08-28 20:35:00,0.0,682.0538826073871,-27.690334119627565,0.0
2024-08-28 20:40:00,0.0,682.0538826073871,-27.623943614944405,0.0
2024-08-28 20:45:00,0.0,682.0538826073871,-27.074388075632896,0.0
2024-08-28 20:50:00,0.0,682.0538826073871,-26.092561114858967,0.0
2024-08-28 20:55:00,0.0,682.0538826073871,-24.729686755569755,0.0
2024-08-28 21:00:00,0.0,682.0538826073871,-23.036972159847664,0.0
2024-08-28 21:05:00,0.0,682.0538826073871,-21.06526438070394,0.0
2024-08-28 21:10:00,0.0,682.0538826073871,-18.864713730707454,0.0
2024-08-28 21:15:00,0.0,682.0538826073871,-16.484446289550068,0.0
2024-08-28 21:20:00,0.0,682.0538826073871,-13.97224800715342,0.0
2024-08-28 21:25:00,0.0,682.0538826073871,-11.374262740504786,0.0
2024-08-28 21:30:00,0.0,682.0538826073871,-8.734706458506846,0.0
2024-08-28 21:35:00,0.0,682.0538826073871,-6.095599755371915,0.0
2024-08-28 21:40:00,0.0,682.0538826073871,-3.4965205116557745,0.0
2024-08-28 21:45:00,0.0,682.0538826073871,-0.9743786313593376,0.0
2024-08-28 21:50:00,0.0,682.0538826073871,1.4367856680563251,0.0
2024-08-28 21:55:00,0.0,682.0538826073871,3.7059785336260074,0.0
2024-08-28 22:00:00,0.0,682.0538826073871,5.805402940540554,0.0
2024-08-28 22:05:00,0.0,682.0538826073871,7.710581930768464,0.0
2024-08-28 22:10:00,0.0,682.0538826073871,9.40045386556054,0.0
2024-08-28 22:15:00,0.0,682.0538826073871,10.857439143129694,0.0
2024-08-28 22:20:00,0.0,682.0538826073871,12.067478024226494,0.0
2024-08-28 22:25:00,0.0,682.0538826073871,13.020039535859874,0.0
2024-08-28 22:30:00,0.0,682.0538826073871,13.70810153994192,0.0
2024-08-28 22:35:00,0.0,682.0538826073871,14.128102373803948,0.0
2024-08-28 22:40:00,0.0,682.0538826073871,14.2798646477106,0.0
2024-08-28 22:45:00,0.0,682.0538826073871,14.166492029733629,0.0
2024-08-28 22:50:00,0.0,682.0538826073871,13.794240052515065,0.0
2024-08-28 22:55:00,0.0,682.0538826073871,13.172362192577594,0.0
2024-08-28 23:00:00,0.0,682.0538826073871,12.31293265874047,0.0
2024-08-28 23:05:00,0.0,682.0538826073871,11.230647530794895,0.0
2024-08-28 23:10:00,0.0,682.0538826073871,9.94260602578344,0.0
2024-08-28 23:15:00,0.0,682.0538826073871,8.468073899554298,0.0
2024-08-28 23:20:00,0.0,682.0538826073871,6.828231004283483,0.0
2024-08-28 23:25:00,0.0,682.0538826073871,5.045905340970599,0.0
2024-08-28 23:30:00,0.0,682.0538826073871,3.1452958056793636,0.0
2024-08-28 23:35:00,0.0,682.0538826073871,1.1516861948243093,0.0
2024-08-28 23:40:00,0.0,682.0538826073871,-0.9088471511902901,0.0
2024-08-28 23:45:00,0.0,682.0538826073871,-3.0097314686269603,0.0
2024-08-28 23:50:00,0.0,682.0538826073871,-5.124194885922468,0.0
2024-08-28 23:55:00,0.0,682.0538826073871,-7.22556237658809,0.0
2024-08-29 00:00:00,0.0,682.0538826073871,-9.287547760187847,0.0
2024-08-29 00:05:00,0.0,682.0538826073871,-11.284539250988141,0.0
2024-08-29 00:10:00,0.0,682.0538826073871,-13.191875989566684,0.0
2024-08-29 00:15:00,0.0,682.0538826073871,-14.986113312721404,0.0
2024-08-29 00:20:00,0.0,682.0538826073871,-16.645274222917468,0.0
2024-08-29 00:25:00,0.0,682.0538826073871,-18.14908510262468,0.0
2024-08-29 00:30:00,0.0,682.0538826073871,-19.479193373138568,0.0
2024-08-29 00:35:00,0.0,682.0538826073871,-20.61936533934462,0.0
2024-08-29 00:40:00,0.0,682.0538826073871,-21.555662367660986,0.0
2024-08-29 00:45:00,0.0,682.0538826073871,-22.276593841497203,0.0
2024-08-29 00:50:00,0.0,682.0538826073871,-22.773245489789186,0.0
2024-08-29 00:55:00,0.0,682.0538826073871,-23.039381895822732,0.0
2024-08-29 01:00:00,0.0,682.0538826073871,-23.071522203080594,0.0
2024-08-29 01:05:00,0.0,682.0538826073871,-22.868988243596597,0.0
2024-08-29 01:10:00,0.0,682.0538826073871,-22.433924595820223,0.0
2024-08-29 01:15:00,0.0,682.0538826073871,-21.771290176824028,0.0
2024-08-29 01:20:00,0.0,682.0538826073871,-20.888821420958113,0.0
2024-08-29 01:25:00,0.0,682.0538826073871,-19.796967108819363,0.0
2024-08-29 01:30:00,0.0,682.0538826073871,-18.50879530716081,0.0
2024-08-29 01:35:00,0.0,682.0538826073871,-17.039873030086046,0.0
2024-08-29 01:40:00,0.0,682.0538826073871,-15.408119513292732,0.0
2024-08-29 01:45:00,0.0,682.0538826073871,-13.633634159635125,0.0
2024-08-29 01:50:00,0.0,682.0538826073871,-11.738500485089824,0.0
2024-08-29 01:55:00,0.0,682.0538826073871,-9.746567567656303,0.0
2024-08-29 02:00:00,0.0,682.0538826073871,-7.6832106956760065,0.0
2024-08-29 02:05:00,0.0,682.0538826073871,-5.575073129712095,0.0
2024-08-29 02:10:00,0.0,682.0538826073871,-3.4497909923275283,0.0
2024-08-29 02:15:00,0.0,682.0538826073871,-1.335703539562038,0.0
2024-08-29 02:20:00,0.0,682.0538826073871,0.7384488831882974,0.0
2024-08-29 02:25:00,0.0,682.0538826073871,2.7438367166161655,0.0
2024-08-29 02:30:00,0.0,682.0538826073871,4.651860341250467,0.0
2024-08-29 02:35:00,0.0,682.0538826073871,6.434473878953277,0.0
2024-08-29 02:40:00,0.0,682.0538826073871,8.064510924308845,0.0
2024-08-29 02:45:00,0.0,682.0538826073871,9.51600951175603,0.0
2024-08-29 02:50:00,0.0,682.0538826073871,10.764533512712328,0.0
2024-08-29 02:55:00,0.0,682.0538826073871,11.787487772620924,0.0
2024-08-29 03:00:00,0.0,682.0538826073871,12.564424235592325,0.0
2024-08-29 03:05:00,0.0,682.0538826073871,13.077336397988386,0.0
2024-08-29 03:10:00,0.0,682.0538826073871,13.310939488210426,0.0
2024-08-29 03:15:00,0.0,682.0538826073871,13.252933865730252,0.0
2024-08-29 03:20:00,0.0,682.0538826073871,12.894249234813856,0.0
2024-08-29 03:25:00,0.0,682.0538826073871,12.229267408272634,0.0
2024-08-29 03:30:00,0.0,682.0538826073871,11.25602147960512,0.0
2024-08-29 03:35:00,0.0,682.0538826073871,9.976369497203944,0.0
2024-08-29 03:40:00,0.0,682.0538826073871,8.39614077307311,0.0
2024-08-29 03:45:00,0.0,682.0538826073871,6.525253353307708,0.0
2024-08-29 03:50:00,0.0,682.0538826073871,4.377801195706257,0.0
2024-08-29 03:55:00,0.0,682.0538826073871,1.9721099463044651,0.0
2024-08-29 04:00:00,0.0,682.0538826073871,-0.669239609851875,0.0
2024-08-29 04:05:00,0.0,682.0538826073871,-3.519421118372834,0.0
2024-08-29 04:10:00,0.0,682.0538826073871,-6.547405633233184,0.0
2024-08-29 04:15:00,0.0,682.0538826073871,-9.71803826699062,0.0
2024-08-29 04:20:00,0.0,682.0538826073871,-12.992148295012694,0.0
2024-08-29 04:25:00,0.0,682.0538826073871,-16.326692589407944,0.0
2024-08-29 04:30:00,0.0,682.0538826073871,-19.674931559694187,0.0
2024-08-29 04:35:00,0.0,682.0538826073871,-22.986637002391245,0.0
2024-08-29 04:40:00,0.0,682.0538826073871,-26.208330563718594,0.0
2024-08-29 04:45:00,0.0,682.0538826073871,-29.28355165278365,0.0
2024-08-29 04:50:00,0.0,682.0538826073871,-32.153153162262065,0.0
2024-08-29 04:55:00,0.0,682.0538826073871,-34.75562324818308,0.0
2024-08-29 05:00:00,0.0,682.0538826073871,-37.02743120461054,0.0
2024-08-29 05:05:00,0.0,682.0538826073871,-38.90339518025528,0.0
2024-08-29 05:10:00,0.0,682.0538826073871,-40.31706947656347,0.0
2024-08-29 05:15:00,0.0,682.0538826073871,-41.20114881305555,0.0
2024-08-29 05:20:00,0.0,682.0538826073871,-41.48788696042468,0.0
2024-08-29 05:25:00,0.0,682.0538826073871,-41.10952684333058,0.0
2024-08-29 05:30:00,0.0,682.0538826073871,-39.99873934997011,0.0
2024-08-29 05:35:00,0.0,682.0538826073871,-38.089067683865444,0.0
2024-08-29 05:40:00,0.0,682.0538826073871,-35.31537436320246,0.0
2024-08-29 05:45:00,0.0,682.0538826073871,-31.6142876312621,0.0
2024-08-29 05:50:00,0.0,682.0538826073871,-26.924644259213448,0.0
2024-08-29 05:55:00,0.0,682.0538826073871,-21.1879255487111,0.0
2024-08-29 06:00:00,0.0,682.0538826073871,-14.348683483092115,78.1071782875387
2024-08-29 06:05:00,0.0,682.0538826073871,-6.3549539722032735,79.49043753064983
2024-08-29 06:10:00,0.0,682.0538826073871,2.8413458207762012,79.49043753064983
2024-08-29 06:15:00,0.0,682.0538826073871,13.284038852351445,79.69948516248077
2024-08-29 06:20:00,0.0,682.0538826073871,25.012331181580375,79.69948516248077
2024-08-29 06:25:00,0.0,682.0538826073871,38.06047905622048,81.38835548789744
2024-08-29 06:30:00,0.0,682.0538826073871,52.45748276155885,77.58131841866967
2024-08-29 06:35:00,0.0,682.0538826073871,68.22680923778941,77.58131841866967
2024-08-29 06:40:00,71.69999695,682.0538826073871,85.38614593805926,79.0353554685649
2024-08-29 06:45:00,91.80000305,682.0538826073871,103.94718764225013,80.31249991342489
2024-08-29 06:50:00,113.1999969,682.0538826073871,123.91545784391637,97.13516508531067
2024-08-29 06:55:00,124.6999969,682.0538826073871,145.29016638410081,97.15870207631623
2024-08-29 07:00:00,144.1999969,682.0538826073871,168.06410435287276,422.3964582828131
2024-08-29 07:05:00,179.6000061,682.0538826073871,192.22357736954606,416.96938414287087
2024-08-29 07:10:00,191.8000031,682.0538826073871,217.7483776887359,391.52395265112585
2024-08-29 07:15:00,247.8999939,682.0538826073871,244.61179601452417,344.7472814953366
2024-08-29 07:20:00,291.7999878,682.0538826073871,272.78067250208045,337.5062279469583
2024-08-29 07:25:00,334.7000122,682.0538826073871,302.2154875477625,361.26232729937533
2024-08-29 07:30:00,387.1000061,682.0538826073871,332.8704914791866,375.3804609758188
2024-08-29 07:35:00,434.2999878,682.0538826073871,364.69387265058384,365.91584642895367
2024-08-29 07:40:00,479.7000122,682.0538826073871,397.6279631175687,447.78922460195724
2024-08-29 07:45:00,549.4000244,682.0538826073871,431.6094803616702,540.3106340368751
2024-08-29 07:50:00,603.5999756,682.0538826073871,466.56980406278035,545.6499740708424
2024-08-29 07:55:00,654.0,682.0538826073871,502.43528585581254,548.177499467894
2024-08-29 08:00:00,704.0999756,682.0538826073871,539.1275905579854,1029.5602087988852
2024-08-29 08:05:00,759.0999756,682.0538826073871,576.5640660126969,939.1619229611634
2024-08-29 08:10:00,812.9000244,682.0538826073871,614.6581401044666,927.3563470860524
2024-08-29 08:15:00,793.2333374,682.0538826073871,653.3197418831252,877.9139847482211
2024-08-29 08:20:00,822.9000854,682.0538826073871,692.4557439787209,892.251919058599
2024-08-29 08:25:00,980.5,682.0538826073871,731.9704239376858,910.2009628704295
2024-08-29 08:30:00,929.6000366,682.0538826073871,771.7659411087336,980.008367171555
2024-08-29 08:35:00,1108.900024,682.0538826073871,811.7428261178488,1035.0014975784266
2024-08-29 08:40:00,1054.666626,682.0538826073871,851.8004798771194,1046.6382286406865
2024-08-29 08:45:00,1121.333374,682.0538826073871,891.8376785829439,1065.8153320555095
2024-08-29 08:50:00,1155.166626,682.0538826073871,931.7530817884322,1078.2817385133585
2024-08-29 08:55:00,1210.900024,682.0538826073871,971.4457398959667,1086.9879950203774
2024-08-29 09:00:00,1259.799927,682.0538826073871,1010.8155981373685,1485.6657151582547
2024-08-29 09:05:00,1307.833374,682.0538826073871,1049.7639934505098,1501.9511510353182
2024-08-29 09:10:00,1352.366577,682.0538826073871,1088.1941413410632,1498.6703860709924
2024-08-29 09:15:00,1396.400024,682.0538826073871,1126.0116091615307,1476.8713096858178
2024-08-29 09:20:00,1438.933228,682.0538826073871,1163.1247733020275,1436.2107990212348
2024-08-29 09:25:00,1482.266602,682.0538826073871,1199.4452569200798,1430.0942746955318
2024-08-29 09:30:00,1525.5,682.0538826073871,1234.8883458637483,1442.6761673032806
2024-08-29 09:35:00,1568.733398,682.0538826073871,1269.3733794525567,1512.2893047161267
2024-08-29 09:40:00,1612.400024,682.0538826073871,1302.8241145294808,1661.218949174409
2024-08-29 09:45:00,1654.266602,682.0538826073871,1335.1690600516645,1708.7416867062423
2024-08-29 09:50:00,1693.266602,682.0538826073871,1366.3417800268137,1716.7556857840038
2024-08-29 09:55:00,1727.633423,682.0538826073871,1396.2811634418808,1716.7556857840038
2024-08-29 10:00:00,1761.966797,682.0538826073871,1424.9316592387838,1580.3146122258674
2024-08-29 10:05:00,1793.966797,682.0538826073871,1452.243475126494,1580.3146122258674
2024-08-29 10:10:00,1823.533325,682.0538826073871,1478.1727392209673,1580.3146122258674
2024-08-29 10:15:00,1850.799927,682.0538826073871,1502.6816235114718,1927.163744499759
2024-08-29 10:20:00,1880.200073,682.0538826073871,1525.738428817044,1950.4260059006635
2024-08-29 10:25:00,1913.333374,682.0538826073871,1547.3176307812637,1951.6310258897747
2024-08-29 10:30:00,1944.933228,682.0538826073871,1567.39988709553,1959.79648425222
2024-08-29 10:35:00,1971.666626,682.0538826073871,1585.972006048395,1963.6850261376087
2024-08-29 10:40:00,1996.200073,682.0538826073871,1603.0268770276812,1962.9435161660213
2024-08-29 10:45:00,2017.633301,682.0538826073871,1618.5633638319612,1962.1348352842435
2024-08-29 10:50:00,2038.400024,682.0538826073871,1632.5861616844834,1962.1348352842435
2024-08-29 10:55:00,2049.533203,682.0538826073871,1645.10561948687,1960.396242347577
2024-08-29 11:00:00,2055.766602,682.0538826073871,1656.1375287845215,2022.4067022587235
2024-08-29 11:05:00,2055.93335,682.0538826073871,1665.702881061421,2029.2149271547064
2024-08-29 11:10:00,2057.099854,682.0538826073871,1673.827595669958,2023.0658216230058
2024-08-29 11:15:00,2057.333252,682.0538826073871,1680.5422203681153,1995.407982747165
2024-08-29 11:20:00,2058.166748,682.0538826073871,1685.881606887494,2032.493131647567
2024-08-29 11:25:00,2058.333252,682.0538826073871,1689.8845641056243,2037.1498315247916
2024-08-29 11:30:00,2058.93335,682.0538826073871,1692.5934915261353,2044.6101177998808
2024-08-29 11:35:00,2059.333252,682.0538826073871,1694.053995775335,2047.4027238343513
2024-08-29 11:40:00,2060.399902,682.0538826073871,1694.3144931766449,2054.593594525287
2024-08-29 11:45:00,2061.0,682.0538826073871,1693.4258012425566,2054.473453315352
2024-08-29 11:50:00,2061.199951,682.0538826073871,1691.4407222591808,2057.2119987112706
2024-08-29 11:55:00,2060.266602,682.0538826073871,1688.4136219965744,2057.3209247390396
2024-08-29 12:00:00,2059.56665,682.0538826073871,1684.4000066500932,1922.5273344522955
2024-08-29 12:05:00,2059.966797,682.0538826073871,1679.4561011215321,1753.6464905380924
2024-08-29 12:10:00,2059.599854,682.0538826073871,1673.6384316968,1729.2888403788425
2024-08-29 12:15:00,2060.333252,682.0538826073871,1667.0034161246,1693.2788066636344
2024-08-29 12:20:00,2059.133301,682.0538826073871,1659.6069640198864,1625.6174141347399
2024-08-29 12:25:00,2058.733398,682.0538826073871,1651.504090495309,1583.513317588255
2024-08-29 12:30:00,2016.266602,682.0538826073871,1642.7485455406857,1578.9666621409447
2024-08-29 12:35:00,1975.766602,682.0538826073871,1633.3924620480336,1620.4053062720318
2024-08-29 12:40:00,1936.466675,682.0538826073871,1623.4860245684413,1604.857373634702
2024-08-29 12:45:00,2060.300049,682.0538826073871,1613.0771612718834,1780.9074712972697
2024-08-29 12:50:00,1946.366577,682.0538826073871,1602.21126103966,1851.2643537075508
2024-08-29 12:55:00,1988.333374,682.0538826073871,1590.9309176741888,1937.1888297633861
2024-08-29 13:00:00,1952.349976,682.0538826073871,1579.2757027027144,1937.0402266681915
2024-08-29 13:05:00,2065.199707,682.0538826073871,1567.281968306307,1938.7597435778957
2024-08-29 13:10:00,2065.75,682.0538826073871,1554.9826814723385,1964.9607012413755
2024-08-29 13:15:00,2064.300049,682.0538826073871,1542.4072903369743,1988.2796267033982
2024-08-29 13:20:00,2061.666748,682.0538826073871,1529.5816233650464,1987.397307344898
2024-08-29 13:25:00,2058.166748,682.0538826073871,1516.5278218186136,1951.2190602211488
2024-08-29 13:30:00,2057.0,682.0538826073871,1503.2643055971027,1951.161569296552
2024-08-29 13:35:00,2057.733398,682.0538826073871,1489.8057724377704,1972.5826915349217
2024-08-29 13:40:00,2059.099854,682.0538826073871,1476.1632300882031,1932.5671377803342
2024-08-29 13:45:00,2059.866455,682.0538826073871,1462.3440607984344,1923.4788420916907
2024-08-29 13:50:00,1954.699829,682.0538826073871,1448.352117427189,1872.943405802499
2024-08-29 13:55:00,1902.200073,682.0538826073871,1434.1878498992878,1313.1150170146782
2024-08-29 14:00:00,2051.899902,682.0538826073871,1419.8484607332648,1229.2447441522443
2024-08-29 14:05:00,2053.049805,682.0538826073871,1405.3280883173536,1309.7786482866366
2024-08-29 14:10:00,2054.499756,682.0538826073871,1390.6180158443412,1365.135816998893
2024-08-29 14:15:00,2057.666504,682.0538826073871,1375.7069042542569,1601.1695434489268
2024-08-29 14:20:00,2060.5,682.0538826073871,1360.58104690877,1572.1174251183295
2024-08-29 14:25:00,2062.633057,682.0538826073871,1345.22464390442,1426.786888184314
2024-08-29 14:30:00,2062.599854,682.0538826073871,1329.6200934172475,1340.4475984415176
2024-08-29 14:35:00,2062.300049,682.0538826073871,1313.7482977032334,1309.7013542380928
2024-08-29 14:40:00,1974.400024,682.0538826073871,1297.588981087169,1309.9350763597229
2024-08-29 14:45:00,1930.949951,682.0538826073871,1281.1210171150453,1288.8583080908638
2024-08-29 14:50:00,1654.5,682.0538826073871,1264.3227624268059,1257.4694010077849
2024-08-29 14:55:00,1324.933228,682.0538826073871,1247.1723940611528,1327.3151675744768
2024-08-29 15:00:00,1232.949951,682.0538826073871,1229.6482478393912,1448.1729325769636
2024-08-29 15:05:00,999.9499512,682.0538826073871,1211.729154673767,1415.6999136950585
2024-08-29 15:10:00,614.6500244,682.0538826073871,1193.3947722016242,1437.2917738934846
2024-08-29 15:15:00,415.3333435,682.0538826073871,1174.625908869198,1464.1826525417462
2024-08-29 15:20:00,391.8499756,682.0538826073871,1155.4048379767848,1520.979189543661
2024-08-29 15:25:00,334.3333435,682.0538826073871,1135.7155988961078,1539.0424795063984
2024-08-29 15:30:00,1680.699951,682.0538826073871,1115.5442830122302,1612.9901337348347
2024-08-29 15:35:00,1823.900024,682.0538826073871,1094.8793023341625,1581.4834382301942
2024-08-29 15:40:00,1768.866699,682.0538826073871,1073.7116381440858,1575.969640107027
2024-08-29 15:45:00,1811.133301,682.0538826073871,1052.035067930635,1522.2752995191993
2024-08-29 15:50:00,1802.933228,682.0538826073871,1029.8463686499026,1512.6503770770044
2024-08-29 15:55:00,1702.833374,682.0538826073871,1007.1454947693418,1478.4811187136354
2024-08-29 16:00:00,1698.566772,682.0538826073871,983.9357294187322,1403.4522638869867
2024-08-29 16:05:00,1639.133301,682.0538826073871,960.2238075900491,1368.6901216707763
2024-08-29 16:10:00,1678.933228,682.0538826073871,936.0200103148248,1371.713999344495
2024-08-29 16:15:00,1551.666626,682.0538826073871,911.338228859819,1332.3552108949139
2024-08-29 16:20:00,1481.233398,682.0538826073871,886.1959988625053,1315.350484667648
2024-08-29 16:25:00,1401.5,682.0538826073871,860.6145033920278,1241.6722485794307
2024-08-29 16:30:00,1371.266602,682.0538826073871,834.6185455366995,1240.3085026231151
2024-08-29 16:35:00,1312.200073,682.0538826073871,808.2364902712934,1240.3429232415174
2024-08-29 16:40:00,1245.966675,682.0538826073871,781.5001761541608,1218.3173990174591
2024-08-29 16:45:00,1192.799927,682.0538826073871,754.4447974890675,1194.6239934379084
2024-08-29 16:50:00,1161.966675,682.0538826073871,727.108757956731,1232.599886978643
2024-08-29 16:55:00,1124.966675,682.0538826073871,699.5334965985146,1160.5828052094298
2024-08-29 17:00:00,1067.0,682.0538826073871,671.7632874890663,803.6692355540349
2024-08-29 17:05:00,985.5666504,682.0538826073871,643.845015054218,802.6219792882353
2024-08-29 17:10:00,907.4666138,682.0538826073871,615.8279260665875,800.1419182776673
2024-08-29 17:15:00,840.6333618,682.0538826073871,587.7633607568587,797.1818394608625
2024-08-29 17:20:00,788.2000122,682.0538826073871,559.704464786296,697.3075124841988
2024-08-29 17:25:00,735.4332886,682.0538826073871,531.705884568246,641.1352675445941
2024-08-29 17:30:00,682.5333252,682.0538826073871,503.82344797925504,715.5782933343844
2024-08-29 17:35:00,628.9666138,682.0538826073871,476.1138330577833,692.586434151448
2024-08-29 17:40:00,576.8666992,682.0538826073871,448.63422730806064,738.8651221521463
2024-08-29 17:45:00,522.333313,682.0538826073871,421.44197986849747,812.1357000640609
2024-08-29 17:50:00,468.1333313,682.0538826073871,394.5942498929979,914.7136580209927
2024-08-29 17:55:00,415.9333496,682.0538826073871,368.14765292513675,886.0977202962812
2024-08-29 18:00:00,374.4666748,682.0538826073871,342.1579088140751,408.3126274985478
2024-08-29 18:05:00,333.9333496,682.0538826073871,316.6794932834037,407.55635727209227
2024-08-29 18:10:00,317.5499878,682.0538826073871,291.7652961157602,330.0260235796295
2024-08-29 18:15:00,242.0500031,682.0538826073871,267.46628846975733,316.7123245166206
2024-08-29 18:20:00,171.1000061,682.0538826073871,243.8312017843937,317.1095089036872
2024-08-29 18:25:00,137.6333466,682.0538826073871,220.90622099178054,323.3918159547351
2024-08-29 18:30:00,122.066658,682.0538826073871,198.73469385287316,321.5625368129518
2024-08-29 18:35:00,119.7000046,682.0538826073871,177.35685933297208,147.50198360287445
2024-08-29 18:40:00,86.5,682.0538826073871,156.80959635591458,147.73653921587444
2024-08-29 18:45:00,72.90000153,682.0538826073871,137.12619532545665,142.0286275017373
2024-08-29 18:50:00,69.19999695,682.0538826073871,118.33615387186696,141.78835345093955
2024-08-29 18:55:00,57.44999695,682.0538826073871,100.46499858202415,144.34591741986225
2024-08-29 19:00:00,44.15000153,682.0538826073871,83.53413377938662,60.57119772893089
2024-08-29 19:05:00,32.15000153,682.0538826073871,67.56071867276161,60.6637977128009
2024-08-29 19:10:00,23.45000076,682.0538826073871,52.55757371560605,60.962121789234246
2024-08-29 19:15:00,18.29999924,682.0538826073871,38.533116752327395,60.962121789234246
2024-08-29 19:20:00,13.80000019,682.0538826073871,25.49132968912741,60.03891503654719
2024-08-29 19:25:00,0.0,682.0538826073871,13.431755465221418,57.39679357736682
2024-08-29 19:30:00,0.0,682.0538826073871,2.349525731220504,57.39679357736682
2024-08-29 19:35:00,0.0,682.0538826073871,-7.764581326474207,56.51463440503903
2024-08-29 19:40:00,0.0,682.0538826073871,-16.9240533410782,55.94010106066569
2024-08-29 19:45:00,0.0,682.0538826073871,-25.14652706977201,55.94010106066569
2024-08-29 19:50:00,0.0,682.0538826073871,-32.453643607748425,56.61890107143903
2024-08-29 19:55:00,0.0,682.0538826073871,-38.87087656690372,57.35280849238904
2024-08-29 20:00:00,0.0,682.0538826073871,-44.42733473735965,1.8485517044700008
2024-08-29 20:05:00,0.0,682.0538826073871,-49.15554058723461,0.14501480608666667
2024-08-29 20:10:00,0.0,682.0538826073871,-53.091186507213244,0.10312592058666667
2024-08-29 20:15:00,0.0,682.0538826073871,-56.272870584660446,0.07519999692
2024-08-29 20:20:00,0.0,682.0538826073871,-58.74181400015184,0.07519999692
2024-08-29 20:25:00,0.0,682.0538826073871,-60.54156224240834,0.07519999692
2024-08-29 20:30:00,0.0,682.0538826073871,-61.71767240695202,0.07519999692
2024-08-29 20:35:00,0.0,682.0538826073871,-62.31738903982348,0.2224169221073016
2024-08-29 20:40:00,0.0,682.0538826073871,-62.389310975536745,0.07519999692
2024-08-29 20:45:00,0.0,682.0538826073871,-61.98305172270509,0.020888888033333334
2024-08-29 20:50:00,0.0,682.0538826073871,-61.14889604224372,0.020888888033333334
2024-08-29 20:55:00,0.0,682.0538826073871,-59.937455217713755,0.020888888033333334
2024-08-29 21:00:00,0.0,682.0538826073871,-58.399323790883706,0.0
2024-08-29 21:05:00,0.0,682.0538826073871,-56.5847402228403,0.0
2024-08-29 21:10:00,0.0,682.0538826073871,-54.54325411647646,0.0
2024-08-29 21:15:00,0.0,682.0538826073871,-52.32340247359589,0.0
2024-08-29 21:20:00,0.0,682.0538826073871,-49.97239740837732,0.0
2024-08-29 21:25:00,0.0,682.0538826073871,-47.53582765341282,0.0
2024-08-29 21:30:00,0.0,682.0538826073871,-45.05737602264167,0.0
2024-08-29 21:35:00,0.0,682.0538826073871,-42.57855500370097,0.0
2024-08-29 21:40:00,0.0,682.0538826073871,-40.13846224637546,0.0
2024-08-29 21:45:00,0.0,682.0538826073871,-37.773557893770345,0.0
2024-08-29 21:50:00,0.0,682.0538826073871,-35.51746516717022,0.0
2024-08-29 21:55:00,0.0,682.0538826073871,-33.400795736671824,0.0
2024-08-29 22:00:00,0.0,682.0538826073871,-31.451000984640515,0.0
2024-08-29 22:05:00,0.0,682.0538826073871,-29.692250179371392,0.0
2024-08-29 22:10:00,0.0,682.0538826073871,-28.145336326500164,0.0
2024-08-29 22:15:00,0.0,682.0538826073871,-26.82761022817951,0.0
2024-08-29 22:20:00,0.0,682.0538826073871,-25.752943092920653,0.0
2024-08-29 22:25:00,0.0,682.0538826073871,-24.931717753262813,0.0
2024-08-29 22:30:00,0.0,682.0538826073871,-24.37084837350023,0.0
2024-08-29 22:35:00,0.0,682.0538826073871,-24.073828271706944,0.0
2024-08-29 22:40:00,0.0,682.0538826073871,-24.0408052592122,0.0
2024-08-29 22:45:00,0.0,682.0538826073871,-24.26868368623162,0.0
2024-08-29 22:50:00,0.0,682.0538826073871,-24.751252167932062,0.0
2024-08-29 22:55:00,0.0,682.0538826073871,-25.479335754937193,0.0
2024-08-29 23:00:00,0.0,682.0538826073871,-26.440971126779797,0.0
2024-08-29 23:05:00,0.0,682.0538826073871,-27.62160319062569,0.0
2024-08-29 23:10:00,0.0,682.0538826073871,-29.004301310976683,0.0
2024-08-29 23:15:00,0.0,682.0538826073871,-30.56999323096504,0.0
2024-08-29 23:20:00,0.0,682.0538826073871,-32.29771460513666,0.0
2024-08-29 23:25:00,0.0,682.0538826073871,-34.164871946003956,0.0
2024-08-29 23:30:00,0.0,682.0538826073871,-36.147516681962344,0.0
2024-08-29 23:35:00,0.0,682.0538826073871,-38.22062789339059,0.0
2024-08-29 23:40:00,0.0,682.0538826073871,-40.35840134745492,0.0
2024-08-29 23:45:00,0.0,682.0538826073871,-42.5345422110923,0.0
2024-08-29 23:50:00,0.0,682.0538826073871,-44.72255897924979,0.0
2024-08-29 23:55:00,0.0,682.0538826073871,-46.89605604262528,0.0
2024-08-30 00:00:00,0.0,682.0538826073871,-49.029022354612486,0.0
2024-08-30 00:05:00,0.0,682.0538826073871,-51.0961136922471,0.0
2024-08-30 00:10:00,0.0,682.0538826073871,-53.072926067544856,0.0
2024-08-30 00:15:00,0.0,682.0538826073871,-54.936257903783186,0.0
2024-08-30 00:20:00,0.0,682.0538826073871,-56.66435868578355,0.0
2024-08-30 00:25:00,0.0,682.0538826073871,-58.23716193058685,0.0
2024-08-30 00:30:00,0.0,682.0538826073871,-59.63650037557969,0.0
2024-08-30 00:35:00,0.0,682.0538826073871,-60.84630155098712,0.0
2024-08-30 00:40:00,0.0,682.0538826073871,-61.85276193971459,0.0
2024-08-30 00:45:00,0.0,682.0538826073871,-62.644498179433775,0.0
2024-08-30 00:50:00,0.0,682.0538826073871,-63.21267391888279,0.0
2024-08-30 00:55:00,0.0,682.0538826073871,-63.55110114839935,0.0
2024-08-30 01:00:00,0.0,682.0538826073871,-63.656315036863234,0.0
2024-08-30 01:05:00,0.0,682.0538826073871,-63.52762151259746,0.0
2024-08-30 01:10:00,0.0,682.0538826073871,-63.167117063305994,0.0
2024-08-30 01:15:00,0.0,682.0538826073871,-62.57968045990056,0.0
2024-08-30 01:20:00,0.0,682.0538826073871,-61.772936318185245,0.0
2024-08-30 01:25:00,0.0,682.0538826073871,-60.75719068864105,0.0
2024-08-30 01:30:00,0.0,682.0538826073871,-59.54533904820665,0.0
2024-08-30 01:35:00,0.0,682.0538826073871,-58.15274735099425,0.0
2024-08-30 01:40:00,0.0,682.0538826073871,-56.59710696469156,0.0
2024-08-30 01:45:00,0.0,682.0538826073871,-54.89826459299658,0.0
2024-08-30 01:50:00,0.0,682.0538826073871,-53.07802846363932,0.0
2024-08-30 01:55:00,0.0,682.0538826073871,-51.15995227277262,0.0
2024-08-30 02:00:00,0.0,682.0538826073871,-49.16909858432278,0.0
2024-08-30 02:05:00,0.0,682.0538826073871,-47.13178353976637,0.0
2024-08-30 02:10:00,0.0,682.0538826073871,-45.07530490851318,0.0
2024-08-30 02:15:00,0.0,682.0538826073871,-43.0276556693729,0.0
2024-08-30 02:20:00,0.0,682.0538826073871,-41.017225434984134,0.0
2024-08-30 02:25:00,0.0,682.0538826073871,-39.07249214491525,0.0
2024-08-30 02:30:00,0.0,682.0538826073871,-37.22170657790429,0.0
2024-08-30 02:35:00,0.0,682.0538826073871,-35.492572263567986,0.0
2024-08-30 02:40:00,0.0,682.0538826073871,-33.91192347940059,0.0
2024-08-30 02:45:00,0.0,682.0538826073871,-32.505404022095384,0.0
2024-08-30 02:50:00,0.0,682.0538826073871,-31.297149488245765,0.0
2024-08-30 02:55:00,0.0,682.0538826073871,-30.309475768340587,0.0
2024-08-30 03:00:00,0.0,682.0538826073871,-29.56257642056334,0.0
2024-08-30 03:05:00,0.0,682.0538826073871,-29.074231614891865,0.0
2024-08-30 03:10:00,0.0,682.0538826073871,-28.85953116294358,0.0
2024-08-30 03:15:00,0.0,682.0538826073871,-28.93061415056063,0.0
2024-08-30 03:20:00,0.0,682.0538826073871,-29.296427530135425,0.0
2024-08-30 03:25:00,0.0,682.0538826073871,-29.962505925474694,0.0
2024-08-30 03:30:00,0.0,682.0538826073871,-30.93077474274653,0.0
2024-08-30 03:35:00,0.0,682.0538826073871,-32.19937850921275,0.0
2024-08-30 03:40:00,0.0,682.0538826073871,-33.76253625145668,0.0
2024-08-30 03:45:00,0.0,682.0538826073871,-35.6104253636826,0.0
2024-08-30 03:50:00,0.0,682.0538826073871,-37.729095481107315,0.0
2024-08-30 03:55:00,0.0,682.0538826073871,-40.10041330382611,0.0
2024-08-30 04:00:00,0.0,682.0538826073871,-42.702039477314194,0.0
2024-08-30 04:05:00,0.0,682.0538826073871,-45.507438022709145,0.0
2024-08-30 04:10:00,0.0,682.0538826073871,-48.48591885905827,0.0
2024-08-30 04:15:00,0.0,682.0538826073871,-51.60271357397679,0.0
2024-08-30 04:20:00,0.0,682.0538826073871,-54.8190842935975,0.0
2024-08-30 04:25:00,0.0,682.0538826073871,-58.09246544618737,0.0
2024-08-30 04:30:00,0.0,682.0538826073871,-61.37663774263049,0.0
2024-08-30 04:35:00,0.0,682.0538826073871,-64.62193362006829,0.0
2024-08-30 04:40:00,0.0,682.0538826073871,-67.77547297717062,0.0
2024-08-30 04:45:00,0.0,682.0538826073871,-70.78142806127455,0.0
2024-08-30 04:50:00,0.0,682.0538826073871,-73.58131574959356,0.0
2024-08-30 04:55:00,0.0,682.0538826073871,-76.11431570113709,0.0
2024-08-30 05:00:00,0.0,682.0538826073871,-78.31761222410218,0.0
2024-08-30 05:05:00,0.0,682.0538826073871,-80.12675781795322,0.0
2024-08-30 05:10:00,0.0,682.0538826073871,-81.47605600641634,0.0
2024-08-30 05:15:00,0.0,682.0538826073871,-82.29896098914605,0.0
2024-08-30 05:20:00,0.0,682.0538826073871,-82.52849145009625,0.0
2024-08-30 05:25:00,0.0,682.0538826073871,-82.09765576571378,0.0
2024-08-30 05:30:00,0.0,682.0538826073871,-80.93988574077642,0.0
2024-08-30 05:35:00,0.0,682.0538826073871,-78.98947588583304,0.0
2024-08-30 05:40:00,0.0,682.0538826073871,-76.18202529118335,0.0
2024-08-30 05:45:00,0.0,682.0538826073871,-72.45487888721875,0.0
2024-08-30 05:50:00,0.0,682.0538826073871,-67.74756518824788,0.0
2024-08-30 05:55:00,0.0,682.0538826073871,-62.00222727580947,0.0
2024-08-30 06:00:00,0.0,682.0538826073871,-55.16404406146753,54.600023171906635
2024-08-30 06:05:00,0.0,682.0538826073871,-47.1816387582433,38.86645304567739
2024-08-30 06:10:00,0.0,682.0538826073871,-38.007471692137344,34.905280546927706
2024-08-30 06:15:00,0.0,682.0538826073871,-27.598214518263767,34.07578054144715
2024-08-30 06:20:00,0.0,682.0538826073871,-15.915103175560777,34.07578054144715
2024-08-30 06:25:00,0.0,682.0538826073871,-2.9242669150649148,41.20462875763048
2024-08-30 06:30:00,0.0,682.0538826073871,11.402968977815618,44.331619488714736
2024-08-30 06:35:00,0.0,682.0538826073871,27.08980911742559,43.09547130703696
2024-08-30 06:40:00,0.0,682.0538826073871,44.153744627062466,45.53623797358141
2024-08-30 06:45:00,64.59999847,682.0538826073871,62.60634241050381,48.80888339877903
2024-08-30 06:50:00,83.40000153,682.0538826073871,82.453068663031,48.80888339877903
2024-08-30 06:55:00,98.90000153,682.0538826073871,103.69314809193803,45.658392446640455
2024-08-30 07:00:00,120.5,682.0538826073871,126.31946012244921,235.61670334880387
2024-08-30 07:05:00,145.6000061,682.0538826073871,150.3184728165538,234.42865168582608
2024-08-30 07:10:00,181.1000061,682.0538826073871,175.67021544556079,375.7012133360518
2024-08-30 07:15:00,205.6999969,682.0538826073871,202.34829012535724,375.7012133360518
2024-08-30 07:20:00,245.6000061,682.0538826073871,230.31992225100876,375.7012133360518
2024-08-30 07:25:00,287.7000122,682.0538826073871,259.5460502604454,411.7497330718251
2024-08-30 07:30:00,349.0,682.0538826073871,289.9814538266101,411.7497330718251
2024-08-30 07:35:00,397.0,682.0538826073871,321.5749201431718,411.7497330718251
2024-08-30 07:40:00,454.3999939,682.0538826073871,354.26944703460737,427.68811085980775
2024-08-30 07:45:00,527.0,682.0538826073871,388.00248213070796,427.68811085980775
2024-08-30 07:50:00,602.2000122,682.0538826073871,422.70619636514067,427.68811085980775
2024-08-30 07:55:00,660.4000244,682.0538826073871,458.3077902052378,420.41391865080925
2024-08-30 08:00:00,716.7999878,682.0538826073871,494.7298309681479,889.0134010582271
2024-08-30 08:05:00,770.0999756,682.0538826073871,531.8906184143824,868.786138306481
2024-08-30 08:10:00,824.2000122,682.0538826073871,569.7045773066827,868.786138306481
2024-08-30 08:15:00,805.1000366,682.0538826073871,608.0826734802628,932.5257556616311
2024-08-30 08:20:00,926.0999756,682.0538826073871,646.9328514213778,1006.3091599342478
2024-08-30 08:25:00,890.2999878,682.0538826073871,686.1604901562632,1021.7508632465393
2024-08-30 08:30:00,941.2666016,682.0538826073871,725.6688747969483,1066.2426681675258
2024-08-30 08:35:00,1082.5,682.0538826073871,765.3596802603852,1066.2426681675258
2024-08-30 08:40:00,1152.199951,682.0538826073871,805.1334645160151,1073.9386267685702
2024-08-30 08:45:00,1126.366699,682.0538826073871,844.8901680546296,1018.6536794709122
2024-08-30 08:50:00,1165.666626,682.0538826073871,884.5296157550986,1020.1083542031661
2024-08-30 08:55:00,1197.43335,682.0538826073871,923.9520188063474,922.9539462750112
2024-08-30 09:00:00,1247.233276,682.0538826073871,963.0584727838482,1515.3664004117861
2024-08-30 09:05:00,1291.299927,682.0538826073871,1001.7514489191942,1525.0344875035973
2024-08-30 09:10:00,1333.266602,682.0538826073871,1039.9352751337965,1496.691362875174
2024-08-30 09:15:00,1374.033325,682.0538826073871,1077.5166041226814,1467.9797717239658
2024-08-30 09:20:00,1417.466675,682.0538826073871,1114.4048651529615,1468.6612733213035
2024-08-30 09:25:00,1462.5,682.0538826073871,1150.512696778388,1402.61181871819
2024-08-30 09:30:00,1507.199829,682.0538826073871,1185.7563579883797,1397.261900159252
2024-08-30 09:35:00,1543.466675,682.0538826073871,1220.0561144339401,1398.1566962960508
2024-08-30 09:40:00,1559.699829,682.0538826073871,1253.3365984280224,1488.0430356740928
2024-08-30 09:45:00,1727.800049,682.0538826073871,1285.5271394428235,1661.850941267104
2024-08-30 09:50:00,1651.200073,682.0538826073871,1316.5620637627057,1705.7209723208136
2024-08-30 09:55:00,1718.699829,682.0538826073871,1346.3809611920947,1710.6704645137977
2024-08-30 10:00:00,1742.799927,682.0538826073871,1374.9289173925938,1919.9460156432287
2024-08-30 10:05:00,1795.899902,682.0538826073871,1402.1567103101604,1909.321214784118
2024-08-30 10:10:00,1816.0,682.0538826073871,1428.0209699273553,1929.2392819748288
2024-08-30 10:15:00,1814.5,682.0538826073871,1452.4843004733111,1942.4208292259975
2024-08-30 10:20:00,1807.866699,682.0538826073871,1475.5153641420263,1958.8790251151083
2024-08-30 10:25:00,1818.300171,682.0538826073871,1497.0889267365462,1958.5323591284418
2024-08-30 10:30:00,1853.166626,682.0538826073871,1517.1858646926012,1958.5323591284418
2024-08-30 10:35:00,1900.133301,682.0538826073871,1535.793134049419,1956.3414303560787
2024-08-30 10:40:00,1949.733398,682.0538826073871,1552.9037016644547,1958.656028962301
2024-08-30 10:45:00,1997.966675,682.0538826073871,1568.516439752016,1959.4638828400052
2024-08-30 10:50:00,2034.866699,682.0538826073871,1582.6359845760292,1959.3170421389575
2024-08-30 10:55:00,2055.366699,682.0538826073871,1595.2725606983886,1959.3170421389575
2024-08-30 11:00:00,2060.666748,682.0538826073871,1606.4417723644028,2011.295874443918
2024-08-30 11:05:00,2060.800049,682.0538826073871,1616.1643635735124,2011.364578871696
2024-08-30 11:10:00,2059.599854,682.0538826073871,1624.4659491567163,2011.4035784372513
2024-08-30 11:15:00,2058.43335,682.0538826073871,1631.376718694718,2012.3460214310826
2024-08-30 11:20:00,2057.399902,682.0538826073871,1636.9311158528124,2021.5174889489833
2024-08-30 11:25:00,2056.800049,682.0538826073871,1641.167495531812,2021.5174889489833
2024-08-30 11:30:00,2057.033203,682.0538826073871,1644.1277615272106,2021.5174889489833
2024-08-30 11:35:00,2056.93335,682.0538826073871,1645.8569874722282,2025.6125700542439
2024-08-30 11:40:00,2057.966797,682.0538826073871,1646.4030239430313,2024.323618503244
2024-08-30 11:45:00,2058.06665,682.0538826073871,1645.8160946645078,2024.323618503244
2024-08-30 11:50:00,2053.06665,682.0538826073871,1644.1483848827575,2023.3567682013386
2024-08-30 11:55:00,2043.666626,682.0538826073871,1641.4536249138632,2023.3567682013386
2024-08-30 12:00:00,2035.700073,682.0538826073871,1637.786671958908,2026.0975986149483
2024-08-30 12:05:00,2042.566772,682.0538826073871,1633.203093222842,2026.4804674289294
2024-08-30 12:10:00,2053.033447,682.0538826073871,1627.7587534143665,2039.3153130854084
2024-08-30 12:15:00,2061.533447,682.0538826073871,1621.509409530891,2041.4692853470353
2024-08-30 12:20:00,2060.466553,682.0538826073871,1614.5103158789225,2043.285467006797
2024-08-30 12:25:00,2057.699951,682.0538826073871,1606.8158421176718,2048.332153359561
2024-08-30 12:30:00,2056.333252,682.0538826073871,1598.4791069618343,2055.847423634034
2024-08-30 12:35:00,2055.300049,682.0538826073871,1589.5516302253995,1993.848400176247
2024-08-30 12:40:00,2057.06665,682.0538826073871,1580.0830053905825,1989.1257343765926
2024-08-30 12:45:00,2058.166748,682.0538826073871,1570.1205951481566,1976.3025652833885
2024-08-30 12:50:00,2060.166748,682.0538826073871,1559.709251758224,1896.5555509763778
2024-08-30 12:55:00,2060.099854,682.0538826073871,1548.8910641726873,1799.0976343752584
2024-08-30 13:00:00,2060.100098,682.0538826073871,1537.7051335011788,1744.8766227138549
2024-08-30 13:05:00,2058.500244,682.0538826073871,1526.18737817101,1821.1748316407275
2024-08-30 13:10:00,2059.100098,682.0538826073871,1514.3703700757233,1804.400126521963
2024-08-30 13:15:00,2059.866699,682.0538826073871,1502.2832023697272,1744.226484183561
2024-08-30 13:20:00,2060.533447,682.0538826073871,1489.9513899152032,1706.889007233135
2024-08-30 13:25:00,2059.166748,682.0538826073871,1477.3968024586577,1610.5283460805917
2024-08-30 13:30:00,2058.099854,682.0538826073871,1464.6376309144925,1587.3792214709688
2024-08-30 13:35:00,2059.333252,682.0538826073871,1451.6883865846485,1539.090171546852
2024-08-30 13:40:00,2060.133301,682.0538826073871,1438.5599329243303,1413.2509698950248
2024-08-30 13:45:00,2060.366699,682.0538826073871,1425.259549393736,1110.081271622648
2024-08-30 13:50:00,2057.466553,682.0538826073871,1411.7910263726271,1082.1907007895302
2024-08-30 13:55:00,2058.43335,682.0538826073871,1398.1547902192235,998.2544708274922
2024-08-30 14:00:00,2059.56665,682.0538826073871,1384.3480569982808,859.2441328506985
2024-08-30 14:05:00,2063.400146,682.0538826073871,1370.3650136776855,745.0715238588739
2024-08-30 14:10:00,2063.333496,682.0538826073871,1356.1970246120661,741.2289077418748
2024-08-30 14:15:00,2062.966797,682.0538826073871,1341.8328618630155,628.2762889010226
2024-08-30 14:20:00,2055.466553,682.0538826073871,1327.2589569473416,813.8662673235801
2024-08-30 14:25:00,2046.033203,682.0538826073871,1312.4596719454894,778.0445530389635
2024-08-30 14:30:00,2038.449951,682.0538826073871,1297.4175875445005,652.1506242209921
2024-08-30 14:35:00,1733.449829,682.0538826073871,1282.1138054676082,734.2453643820105
2024-08-30 14:40:00,1287.199951,682.0538826073871,1266.528262862651,760.3142311435065
2024-08-30 14:45:00,1335.900024,682.0538826073871,1250.6400556500912,1069.8436784161522
2024-08-30 14:50:00,1526.699951,682.0538826073871,1234.4277685462214,1169.6893551789378
2024-08-30 14:55:00,1402.233398,682.0538826073871,1217.8698085328986,1170.625416570955
2024-08-30 15:00:00,1399.599976,682.0538826073871,1200.9447392659672,674.5730986027213
2024-08-30 15:05:00,1298.666626,682.0538826073871,1183.6316135801164,671.0045679937728
2024-08-30 15:10:00,1267.599976,682.0538826073871,1165.910301213489,717.9955114623466
2024-08-30 15:15:00,1165.166626,682.0538826073871,1147.7618092834573,735.9856854243391
2024-08-30 15:20:00,1401.699951,682.0538826073871,1129.1685925899826,725.3601993684439
2024-08-30 15:25:00,1398.5,682.0538826073871,1110.114851416078,427.80416627578495
2024-08-30 15:30:00,1404.766602,682.0538826073871,1090.5868141586386,416.43056950987994
2024-08-30 15:35:00,1383.266602,682.0538826073871,1070.5730028489288,401.7504294319896
2024-08-30 15:40:00,1332.900024,682.0538826073871,1050.0644789203502,348.15373858171006
2024-08-30 15:45:00,1304.133301,682.0538826073871,1029.0550674763226,332.9719331741163
2024-08-30 15:50:00,1250.700073,682.0538826073871,1007.5415583400111,327.6337845769578
2024-08-30 15:55:00,1239.433228,682.0538826073871,985.5238818721606,329.99222317369856
2024-08-30 16:00:00,1123.900024,682.0538826073871,963.0052585049201,376.817770217515
2024-08-30 16:05:00,1058.200073,682.0538826073871,939.9923203943617,400.8897111505856
2024-08-30 16:10:00,944.4332886,682.0538826073871,916.4952046268334,410.0877595859189
2024-08-30 16:15:00,906.0,682.0538826073871,892.527616597563,376.4622457691414
2024-08-30 16:20:00,869.0999756,682.0538826073871,868.1068637435086,380.1017463669306
2024-08-30 16:25:00,748.9498901,682.0538826073871,843.2538586251062,388.02627003184415
2024-08-30 16:30:00,566.5333252,682.0538826073871,817.9930917461672,395.1515758593016
2024-08-30 16:35:00,523.7666626,682.0538826073871,792.3525741297469,393.89221210877145
2024-08-30 16:40:00,564.7000122,682.0538826073871,766.3637499598061,375.69745285426467
2024-08-30 16:45:00,535.7666626,682.0538826073871,740.0613802646471,342.65401565486525
2024-08-30 16:50:00,558.7333374,682.0538826073871,713.4833980280289,337.0137773854822
2024-08-30 16:55:00,560.2000122,682.0538826073871,686.6707363123444,345.54633516114575
2024-08-30 17:00:00,565.666687,682.0538826073871,659.6671301696708,529.8806812042884
2024-08-30 17:05:00,549.7000122,682.0538826073871,632.5188945839552,506.26294991581
2024-08-30 17:10:00,520.2000122,682.0538826073871,605.2746793257742,505.5288388120374
2024-08-30 17:15:00,477.8999939,682.0538826073871,577.9852030801111,504.61480852956254
2024-08-30 17:20:00,442.3666687,682.0538826073871,550.7029689110035,489.16890305683074
2024-08-30 17:25:00,403.3333435,682.0538826073871,523.4819629368806,481.5658867031613
2024-08-30 17:30:00,375.9333496,682.0538826073871,496.3773387822924,498.6188191080006
2024-08-30 17:35:00,353.0,682.0538826073871,469.44509014053097,502.13669494419827
2024-08-30 17:40:00,341.3999939,682.0538826073871,442.7417138837458,517.4329520534734
2024-08-30 17:45:00,329.9666748,682.0538826073871,416.3238664673432,528.4897639983083
2024-08-30 17:50:00,316.166687,682.0538826073871,390.2480160985112,541.1892238306164
2024-08-30 17:55:00,302.1000061,682.0538826073871,364.57009345680694,548.3630733382082
2024-08-30 18:00:00,285.8999939,682.0538826073871,339.34514348871085,279.28250672253984
2024-08-30 18:05:00,265.8666687,682.0538826073871,314.6269811060174,347.13680325798833
2024-08-30 18:10:00,244.5999908,682.0538826073871,290.46785324024216,259.1529141012899
2024-08-30 18:15:00,222.8666534,682.0538826073871,266.9181100868241,283.736007610555
2024-08-30 18:20:00,201.8333282,682.0538826073871,244.02588772465467,276.3907915885307
2024-08-30 18:25:00,182.0,682.0538826073871,221.8368047946697,256.95071395506056
2024-08-30 18:30:00,162.8666687,682.0538826073871,200.39367527112347,272.8777942849581
2024-08-30 18:35:00,147.0666656,682.0538826073871,179.73623996032907,258.4744981963423
2024-08-30 18:40:00,130.8333282,682.0538826073871,159.9009181818362,252.91905502415185
2024-08-30 18:45:00,124.3000031,682.0538826073871,140.920581873244,254.0108846817963
2024-08-30 18:50:00,104.4499969,682.0538826073871,122.82435383771708,240.72705546141458
2024-08-30 18:55:00,82.65000916,682.0538826073871,105.63743141182356,232.6144013288455
2024-08-30 19:00:00,60.40000153,682.0538826073871,89.38093707053166,70.90367407190998
2024-08-30 19:05:00,42.84999847,682.0538826073871,74.07179700441132,71.16544073450997
2024-08-30 19:10:00,30.60000038,682.0538826073871,59.722648521062865,70.90367407190998
2024-08-30 19:15:00,22.84999847,682.0538826073871,46.34177705548883,57.95899737473879
2024-08-30 19:20:00,18.5,682.0538826073871,33.9330830866732,51.05941279002607
2024-08-30 19:25:00,0.0,682.0538826073871,22.496079303980437,17.088668919423807
2024-08-30 19:30:00,0.0,682.0538826073871,12.02591787469851,50.82413866114498
2024-08-30 19:35:00,0.0,682.0538826073871,2.513447666163842,32.1792834006607
2024-08-30 19:40:00,0.0,682.0538826073871,-6.054699146042753,39.86869220052464
2024-08-30 19:45:00,0.0,682.0538826073871,-13.69599168001559,56.27714457375354
2024-08-30 19:50:00,0.0,682.0538826073871,-20.431857228292493,59.73424769613751
2024-08-30 19:55:00,0.0,682.0538826073871,-26.287511439356578,60.78820462893772
2024-08-30 20:00:00,0.0,682.0538826073871,-31.29176321659598,1.2031444731055556
2024-08-30 20:05:00,0.0,682.0538826073871,-35.47679579291078,1.63098703501
2024-08-30 20:10:00,0.0,682.0538826073871,-38.87792574203856,0.5714963000833334
2024-08-30 20:15:00,0.0,682.0538826073871,-41.53334184246721,0.6343296283333334
2024-08-30 20:20:00,0.0,682.0538826073871,-43.483825697130726,0.6343296283333334
2024-08-30 20:25:00,0.0,682.0538826073871,-44.772456398358436,1.4129931855785183
2024-08-30 20:30:00,0.0,682.0538826073871,-45.444301443902354,0.6343296283333334
2024-08-30 20:35:00,0.0,682.0538826073871,-45.54609630922366,1.0262899140833335
2024-08-30 20:40:00,0.0,682.0538826073871,-45.12591513265199,0.5193888951555556
2024-08-30 20:45:00,0.0,682.0538826073871,-44.232835027601176,0.4775000096555555
2024-08-30 20:50:00,0.0,682.0538826073871,-42.91659660049548,0.4775000096555555
2024-08-30 20:55:00,0.0,682.0538826073871,-41.22726322840405,0.4775000096555555
2024-08-30 21:00:00,0.0,682.0538826073871,-39.21488175920848,0.0
2024-08-30 21:05:00,0.0,682.0538826073871,-36.929147059400584,0.0
2024-08-30 21:10:00,0.0,682.0538826073871,-34.41907313146073,0.0
2024-08-30 21:15:00,0.0,682.0538826073871,-31.732673060234102,0.0
2024-08-30 21:20:00,0.0,682.0538826073871,-28.91665037894027,0.0
2024-08-30 21:25:00,0.0,682.0538826073871,-26.016104002042056,0.0
2024-08-30 21:30:00,0.0,682.0538826073871,-23.074248972346368,0.0
2024-08-30 21:35:00,0.0,682.0538826073871,-20.132155085474206,0.35605552675
2024-08-30 21:40:00,0.0,682.0538826073871,-17.228505248022497,0.27227775575
2024-08-30 21:45:00,0.0,682.0538826073871,-14.399375340529984,0.0
2024-08-30 21:50:00,0.0,682.0538826073871,-11.678037146806812,0.0
2024-08-30 21:55:00,0.0,682.0538826073871,-9.09478573960775,0.0
2024-08-30 22:00:00,0.0,682.0538826073871,-6.676792450383554,0.0
2024-08-30 22:05:00,0.0,682.0538826073871,-4.447984482954787,0.0
2024-08-30 22:10:00,0.0,682.0538826073871,-2.4289518314212697,0.0
2024-08-30 22:15:00,0.0,682.0538826073871,-0.6368821304160611,0.3420925649166667
2024-08-30 22:20:00,0.0,682.0538826073871,0.9144763139978853,0.0
2024-08-30 22:25:00,0.0,682.0538826073871,2.2148231921189585,0.0
2024-08-30 22:30:00,0.0,682.0538826073871,3.2572867080801933,0.0
2024-08-30 22:35:00,0.0,682.0538826073871,4.038376307817746,0.0
2024-08-30 22:40:00,0.0,682.0538826073871,4.557908205267958,0.0
2024-08-30 22:45:00,0.0,682.0538826073871,4.818904511816596,0.0
2024-08-30 22:50:00,0.0,682.0538826073871,4.827466989436871,0.0
2024-08-30 22:55:00,0.0,682.0538826073871,4.592626625843948,0.0
2024-08-30 23:00:00,0.0,682.0538826073871,4.1261704778456245,0.0
2024-08-30 23:05:00,0.0,682.0538826073871,3.4424473352858183,0.0
2024-08-30 23:10:00,0.0,682.0538826073871,2.5581539945085647,0.0
2024-08-30 23:15:00,0.0,682.0538826073871,1.4921040420342717,0.0
2024-08-30 23:20:00,0.0,682.0538826073871,0.26498120542580533,0.0
2024-08-30 23:25:00,0.0,682.0538826073871,-1.100920547647532,0.0
2024-08-30 23:30:00,0.0,682.0538826073871,-2.581967890794526,0.0
2024-08-30 23:35:00,0.0,682.0538826073871,-4.153467620350344,0.0
2024-08-30 23:40:00,0.0,682.0538826073871,-5.7899523259161185,0.17288889573333333
2024-08-30 23:45:00,0.0,682.0538826073871,-7.46546971609182,0.17288889573333333
2024-08-30 23:50:00,0.0,682.0538826073871,-9.15387315000092,0.17288889573333333
2024-08-30 23:55:00,0.0,682.0538826073871,-10.8291108084331,0.0
2024-08-31 00:00:00,0.0,682.0538826073871,-12.465511016371742,0.0
2024-08-31 00:05:00,0.0,682.0538826073871,-14.038061233822528,0.0
2024-08-31 00:10:00,0.0,682.0538826073871,-15.522678295013355,0.0
2024-08-31 00:15:00,0.0,682.0538826073871,-16.896467544023754,0.0
2024-08-31 00:20:00,0.0,682.0538826073871,-18.137968603359088,0.0
2024-08-31 00:25:00,0.0,682.0538826073871,-19.227385621962338,0.0
2024-08-31 00:30:00,0.0,682.0538826073871,-20.146800000032147,0.0
2024-08-31 00:35:00,0.0,682.0538826073871,-20.88036365333755,0.0
2024-08-31 00:40:00,0.0,682.0538826073871,-21.414471166800293,0.0
2024-08-31 00:45:00,0.0,682.0538826073871,-21.737909231890185,0.0
2024-08-31 00:50:00,0.0,682.0538826073871,-21.84198202283898,0.0
2024-08-31 00:55:00,0.0,682.0538826073871,-21.720611349709287,0.0
2024-08-31 01:00:00,0.0,682.0538826073871,-21.370410614110618,0.0
2024-08-31 01:05:00,0.0,682.0538826073871,-20.790731830756258,0.0
2024-08-31 01:10:00,0.0,682.0538826073871,-19.98368519237195,0.0
2024-08-31 01:15:00,0.0,682.0538826073871,-18.954130860605353,0.0
2024-08-31 01:20:00,0.0,682.0538826073871,-17.709642978261442,0.0
2024-08-31 01:25:00,0.0,682.0538826073871,-16.260445951616713,0.0
2024-08-31 01:30:00,0.0,682.0538826073871,-14.619323531541031,0.0
2024-08-31 01:35:00,0.0,682.0538826073871,-12.801501214344109,0.0
2024-08-31 01:40:00,0.0,682.0538826073871,-10.82450286026724,0.0
2024-08-31 01:45:00,0.0,682.0538826073871,-8.707982566446312,0.0
2024-08-31 01:50:00,0.0,682.0538826073871,-6.473533104385673,0.0
2024-08-31 01:55:00,0.0,682.0538826073871,-4.144472360107735,0.0
2024-08-31 02:00:00,0.0,682.0538826073871,-1.745609448509429,0.0
2024-08-31 02:05:00,0.0,682.0538826073871,0.6970075944507671,0.0
2024-08-31 02:10:00,0.0,682.0538826073871,3.1563606459714775,0.0
2024-08-31 02:15:00,0.0,682.0538826073871,5.604744576136053,0.0
2024-08-31 02:20:00,0.0,682.0538826073871,8.014062391638065,0.0
2024-08-31 02:25:00,0.0,682.0538826073871,10.356129949180268,0.0
2024-08-31 02:30:00,0.0,682.0538826073871,12.602987808299,0.0
2024-08-31 02:35:00,0.0,682.0538826073871,14.727217604721886,0.0
2024-08-31 02:40:00,0.0,682.0538826073871,16.702260321804822,0.0
2024-08-31 02:45:00,0.0,682.0538826073871,18.50273380240066,0.0
2024-08-31 02:50:00,0.0,682.0538826073871,20.104746774335524,0.0
2024-08-31 02:55:00,0.0,682.0538826073871,21.486206761402606,0.0
2024-08-31 03:00:00,0.0,682.0538826073871,22.627119183140948,0.0
2024-08-31 03:05:00,0.0,682.0538826073871,23.50987504060181,0.0
2024-08-31 03:10:00,0.0,682.0538826073871,24.119524682183457,0.0
2024-08-31 03:15:00,0.0,682.0538826073871,24.444035129151658,0.0
2024-08-31 03:20:00,0.0,682.0538826073871,24.47452870178156,0.0
2024-08-31 03:25:00,0.0,682.0538826073871,24.20550064286342,0.0
2024-08-31 03:30:00,0.0,682.0538826073871,23.63501372261608,0.0
2024-08-31 03:35:00,0.0,682.0538826073871,22.76486789786954,0.0
2024-08-31 03:40:00,0.0,682.0538826073871,21.600743273846895,0.0
2024-08-31 03:45:00,0.0,682.0538826073871,20.152314844364625,0.0
2024-08-31 03:50:00,0.0,682.0538826073871,18.433337652631963,0.0
2024-08-31 03:55:00,0.0,682.0538826073871,16.46170129459549,0.0
2024-08-31 04:00:00,0.0,682.0538826073871,14.25945276988788,0.0
2024-08-31 04:05:00,0.0,682.0538826073871,11.85278717145785,0.0
2024-08-31 04:10:00,0.0,682.0538826073871,9.27200561036094,0.0
2024-08-31 04:15:00,0.0,682.0538826073871,6.551440367844218,0.0
2024-08-31 04:20:00,0.0,682.0538826073871,3.7293472432173194,0.0
2024-08-31 04:25:00,0.0,682.0538826073871,0.8477654388340535,0.0
2024-08-31 04:30:00,0.0,682.0538826073871,-2.0476544026997106,0.0
2024-08-31 04:35:00,0.0,682.0538826073871,-4.907853251647833,0.0
2024-08-31 04:40:00,0.0,682.0538826073871,-7.680596737244431,0.0
2024-08-31 04:45:00,0.0,682.0538826073871,-10.31073690974116,0.0
2024-08-31 04:50:00,0.0,682.0538826073871,-12.740501186365147,0.0
2024-08-31 04:55:00,0.0,682.0538826073871,-14.909806781801732,0.0
2024-08-31 05:00:00,0.0,682.0538826073871,-16.756598618680165,0.0
2024-08-31 05:05:00,0.0,682.0538826073871,-18.21720865170381,0.0
2024-08-31 05:10:00,0.0,682.0538826073871,-19.22673426616809,0.0
2024-08-31 05:15:00,0.0,682.0538826073871,-19.719433281626724,0.0
2024-08-31 05:20:00,0.0,682.0538826073871,-19.629132963073577,0.0
2024-08-31 05:25:00,0.0,682.0538826073871,-18.889650284787276,0.0
2024-08-31 05:30:00,0.0,682.0538826073871,-17.435220629720334,0.0
2024-08-31 05:35:00,0.0,682.0538826073871,-15.200931979546272,0.0
2024-08-31 05:40:00,0.0,682.0538826073871,-12.123161623284371,0.0
2024-08-31 05:45:00,0.0,682.0538826073871,-8.14001231695685,0.0
2024-08-31 05:50:00,0.0,682.0538826073871,-3.191744929790515,0.0
2024-08-31 05:55:00,0.0,682.0538826073871,2.7787955948934298,0.0
2024-08-31 06:00:00,0.0,682.0538826073871,9.825763864755729,15.730493219238754
2024-08-31 06:05:00,0.0,682.0538826073871,17.999910312123323,15.730493219238754
2024-08-31 06:10:00,0.0,682.0538826073871,27.348192976892125,19.34284887097209
2024-08-31 06:15:00,0.0,682.0538826073871,37.91340762484877,22.129552118948283
2024-08-31 06:20:00,0.0,682.0538826073871,49.733838943766294,58.52200002637317
2024-08-31 06:25:00,0.0,682.0538826073871,62.842935269374074,121.15717579472829
2024-08-31 06:30:00,0.0,682.0538826073871,77.26900950792643,135.56102014268865
2024-08-31 06:35:00,0.0,682.0538826073871,93.03496814407474,155.3490432557873
2024-08-31 06:40:00,84.5,682.0538826073871,110.15807078820556,155.3490432557873
2024-08-31 06:45:00,123.0,682.0538826073871,128.64972186774298,155.3490432557873
2024-08-31 06:50:00,135.6999969,682.0538826073871,148.51529619833232,152.56182411921588
2024-08-31 06:55:00,161.6999969,682.0538826073871,169.75399992699852,152.56182411921588
2024-08-31 07:00:00,150.6666718,682.0538826073871,192.35876782182734,420.69315554941824
2024-08-31 07:05:00,201.6000061,682.0538826073871,216.31619811450037,420.69315554941824
2024-08-31 07:10:00,197.8000031,682.0538826073871,241.60652533924807,419.90302223506274
2024-08-31 07:15:00,294.6000061,682.0538826073871,268.2036318629343,419.90302223506274
2024-08-31 07:20:00,331.8999939,682.0538826073871,296.0750977421756,413.48957787566593
2024-08-31 07:25:00,313.2333374,682.0538826073871,325.18228951715884,413.48957787566593
2024-08-31 07:30:00,316.1333313,682.0538826073871,355.48048685919656,412.77516129558256
2024-08-31 07:35:00,431.7999878,682.0538826073871,386.9190469228121,383.3462414653528
2024-08-31 07:40:00,468.7999878,682.0538826073871,419.44160521924397,382.7439567541862
2024-08-31 07:45:00,551.2000122,682.0538826073871,452.9863119228208,382.7439567541862
2024-08-31 07:50:00,626.4000244,682.0538826073871,487.48610231909845,382.7439567541862
2024-08-31 07:55:00,681.7999878,682.0538826073871,522.8689993523086,385.0579506828395
2024-08-31 08:00:00,733.9000244,682.0538826073871,559.0584471265687,719.4903941656443
2024-08-31 08:05:00,712.0999146,682.0538826073871,595.9736722677786,719.4903941656443
2024-08-31 08:10:00,735.7666626,682.0538826073871,633.5300718235255,719.4903941656443
2024-08-31 08:15:00,747.7666016,682.0538826073871,671.6396246818891,719.4903941656443
2024-08-31 08:20:00,845.4000244,682.0538826073871,710.2113239078085,716.294564170438
2024-08-31 08:25:00,815.1333008,682.0538826073871,749.1516275389541,706.15286156704
2024-08-31 08:30:00,971.0999756,682.0538826073871,788.364924370463,701.3646423901733
2024-08-31 08:35:00,911.2333374,682.0538826073871,827.7540123305024,697.0085831521511
2024-08-31 08:40:00,1134.400024,682.0538826073871,867.220585860613,697.0085831521511
2024-08-31 08:45:00,1055.533325,682.0538826073871,906.6657296289832,696.2703054624843
2024-08-31 08:50:00,1143.633423,682.0538826073871,945.9904145242599,695.187833335151
2024-08-31 08:55:00,1177.43335,682.0538826073871,985.0959937712045,697.0383367132844
2024-08-31 09:00:00,1342.300049,682.0538826073871,1023.8846952982026,1190.222724575818
2024-08-31 09:05:00,1304.5,682.0538826073871,1062.260107061126,1198.710438977802
2024-08-31 09:10:00,1363.033325,682.0538826073871,1100.1276527503042,1184.5988288994067
2024-08-31 09:15:00,1401.433228,682.0538826073871,1137.3950542365737,1128.8556824432085
2024-08-31 09:20:00,1604.699951,682.0538826073871,1173.9727782774248,1122.4203712408748
2024-08-31 09:25:00,1533.566772,682.0538826073871,1209.7744640218746,1116.2503383127162
2024-08-31 09:30:00,1569.466675,682.0538826073871,1244.7173294798058,1111.5352614995177
2024-08-31 09:35:00,1555.0,682.0538826073871,1278.7225532419086,1137.2486204324648
2024-08-31 09:40:00,1776.5,682.0538826073871,1311.7156302055482,1159.972770969652
2024-08-31 09:45:00,1687.533325,682.0538826073871,1343.626698333914,1105.5991504013787
2024-08-31 09:50:00,1772.266602,682.0538826073871,1374.3908347320764,1103.065103706712
2024-08-31 09:55:00,1797.400024,682.0538826073871,1403.9483193380029,1099.62149740541
2024-08-31 10:00:00,1852.433228,682.0538826073871,1432.2448643597077,1284.1124276021078
2024-08-31 10:05:00,1859.900024,682.0538826073871,1459.231808611316,884.748968623214
2024-08-31 10:10:00,2060.699951,682.0538826073871,1484.866275277308,896.0393116377694
2024-08-31 10:15:00,1947.133423,682.0538826073871,1509.1112927250178,885.7452866945629
2024-08-31 10:20:00,2020.633301,682.0538826073871,1531.9358772285118,881.0947999087217
2024-08-31 10:25:00,2019.633301,682.0538826073871,1553.3150780563326,881.0947999087217
2024-08-31 10:30:00,2057.833252,682.0538826073871,1573.229984470693,878.2366766744993
2024-08-31 10:35:00,2057.549805,682.0538826073871,1591.667694906097,885.1121811660312
2024-08-31 10:40:00,1807.999878,682.0538826073871,1608.6212491132812,876.3414309406979
2024-08-31 10:45:00,1227.699951,682.0538826073871,1624.0895238379935,880.6263752360312
2024-08-31 10:50:00,1465.0,682.0538826073871,1638.0770931583704,888.7372049330154
2024-08-31 10:55:00,2060.899902,682.0538826073871,1650.5940548022177,892.7023026666344
2024-08-31 11:00:00,1911.899902,682.0538826073871,1661.6558238602736,913.7060898046302
2024-08-31 11:05:00,1961.866577,682.0538826073871,1671.2828957559727,1314.3719779803037
2024-08-31 11:10:00,1912.350098,682.0538826073871,1679.5005803333659,1369.3899032189172
2024-08-31 11:15:00,2061.700195,682.0538826073871,1686.3387092856851,1404.1739633711618
2024-08-31 11:20:00,1721.533325,682.0538826073871,1691.8313191783739,1505.2271348553143
2024-08-31 11:25:00,1753.533325,682.0538826073871,1696.0163125999952,1503.2104647220285
2024-08-31 11:30:00,2057.399902,682.0538826073871,1698.935100014108,1561.5081565024018
2024-08-31 11:35:00,2057.0,682.0538826073871,1700.6322251190936,1726.3199707726474
2024-08-31 11:40:00,2057.199951,682.0538826073871,1701.1549765124112,1733.8875760133799
2024-08-31 11:45:00,2057.833252,682.0538826073871,1700.5529886139093,1725.1369755640947
2024-08-31 11:50:00,2059.300049,682.0538826073871,1698.8778348004232,1722.5521704828038
2024-08-31 11:55:00,2060.149902,682.0538826073871,1696.182615815731,1726.4265771759149
2024-08-31 12:00:00,1821.300049,682.0538826073871,1692.521546436859,1812.3641666214992
2024-08-31 12:05:00,1343.25,682.0538826073871,1687.9495434741239,1812.3210177514993
2024-08-31 12:10:00,1537.099976,682.0538826073871,1682.521818043931,1816.9479294568323
2024-08-31 12:15:00,2064.5,682.0538826073871,1676.293475088644,1817.133679659277
2024-08-31 12:20:00,2063.900146,682.0538826073871,1669.3191230006778,1819.1100550966846
2024-08-31 12:25:00,2063.733154,682.0538826073871,1661.652496091257,1816.9873386649224
2024-08-31 12:30:00,2063.350098,682.0538826073871,1653.3460926082348,1823.9047793856291
2024-08-31 12:35:00,1797.999878,682.0538826073871,1644.4508307828073,1836.2400164213257
2024-08-31 12:40:00,1342.949951,682.0538826073871,1635.0157252744057,1833.493643674242
2024-08-31 12:45:00,1814.800049,682.0538826073871,1625.0875862102,1837.7581186073926
2024-08-31 12:50:00,2061.899902,682.0538826073871,1614.710742838305,1784.7495226652118
2024-08-31 12:55:00,1938.333374,682.0538826073871,1603.9267936031538,1822.6430232796192
2024-08-31 13:00:00,2020.366577,682.0538826073871,1592.774384195305,1810.0334920035637
2024-08-31 13:05:00,2000.0,682.0538826073871,1581.2890150696571,1822.4041270294897
2024-08-31 13:10:00,2020.833374,682.0538826073871,1569.5028794319344,1827.9598125444577
2024-08-31 13:15:00,2000.800049,682.0538826073871,1557.4447326082407,1855.5063028505492
2024-08-31 13:20:00,1691.699951,682.0538826073871,1545.1397936856852,1612.498025298237
2024-08-31 13:25:00,1257.033325,682.0538826073871,1532.6096794408052,1608.7509379902258
2024-08-31 13:30:00,1169.299927,682.0538826073871,1519.8723710322265,1628.8807424720012
2024-08-31 13:35:00,1158.566772,682.0538826073871,1506.9422132519173,1633.6289330183822
2024-08-31 13:40:00,2054.100098,682.0538826073871,1493.8299459441448,1627.6262340287153
2024-08-31 13:45:00,1977.199951,682.0538826073871,1480.5427670740564,1617.6294726496517
2024-08-31 13:50:00,1968.333374,682.0538826073871,1467.0844265901246,1649.4642761348691
2024-08-31 13:55:00,1916.566772,682.0538826073871,1453.4553499770282,1852.958440020653
2024-08-31 14:00:00,1806.966675,682.0538826073871,1439.6527903045655,1838.961082066378
2024-08-31 14:05:00,2053.399902,682.0538826073871,1425.67100717888,1568.5382651585676
2024-08-31 14:10:00,1732.5,682.0538826073871,1411.5014709629763,1569.4329883945788
2024-08-31 14:15:00,2050.550049,682.0538826073871,1397.1330903260773,1646.7296672659224
2024-08-31 14:20:00,2050.749756,682.0538826073871,1382.552461096185,1303.3500766456787
2024-08-31 14:25:00,2051.766602,682.0538826073871,1367.7441342260126,1268.3629756371301
2024-08-31 14:30:00,1969.0,682.0538826073871,1352.6909004256115,1158.2074511019614
2024-08-31 14:35:00,1971.900024,682.0538826073871,1337.3740891714513,1188.6856406535674
2024-08-31 14:40:00,1911.933228,682.0538826073871,1321.773879334184,1259.7000676720693
2024-08-31 14:45:00,1951.033203,682.0538826073871,1305.8696188065167,1159.9734487799967
2024-08-31 14:50:00,1895.300049,682.0538826073871,1289.6401506746208,1131.783572058059
2024-08-31 14:55:00,1614.550049,682.0538826073871,1273.0641428034182,1064.5192596748786
2024-08-31 15:00:00,964.1999512,682.0538826073871,1256.1204183094976,1045.7324777173897
2024-08-31 15:05:00,525.1999512,682.0538826073871,1238.7882842378688,1009.8841923048976
2024-08-31 15:10:00,416.3333435,682.0538826073871,1221.0478554624274,779.6776529971503
2024-08-31 15:15:00,434.8666687,682.0538826073871,1202.8803713770649,737.6596538003006
2024-08-31 15:20:00,483.0,682.0538826073871,1184.2685026120287,1039.674274218527
2024-08-31 15:25:00,539.5,682.0538826073871,1165.1966453073753,649.3032278518384
2024-08-31 15:30:00,593.2999878,682.0538826073871,1145.6512005627676,857.6699829822599
2024-08-31 15:35:00,664.5999756,682.0538826073871,1125.6208366895858,599.8732196188131
2024-08-31 15:40:00,764.5,682.0538826073871,1105.0967322237689,510.6659018821994
2024-08-31 15:45:00,716.2666626,682.0538826073871,1084.0727975760399,520.5783441495776
2024-08-31 15:50:00,978.5999756,682.0538826073871,1062.545873630407,805.7586042094667
2024-08-31 15:55:00,1933.0,682.0538826073871,1040.515905615732,826.3605791401048
2024-08-31 16:00:00,1694.400146,682.0538826073871,1017.9860907558252,769.35263438667
2024-08-31 16:05:00,1594.799927,682.0538826073871,994.9629986654913,765.3367242446808
2024-08-31 16:10:00,1425.699951,682.0538826073871,971.4566633241527,764.8131037362364
2024-08-31 16:15:00,1563.0,682.0538826073871,947.4806457405169,733.736851822775
2024-08-31 16:20:00,1502.799927,682.0538826073871,923.052067307138,757.7447955844133
2024-08-31 16:25:00,1482.733398,682.0538826073871,898.1916128172151,1227.8374885884548
2024-08-31 16:30:00,1353.866699,682.0538826073871,872.9235036129146,1235.0558842985824
2024-08-31 16:35:00,1298.766724,682.0538826073871,847.2754407368482,1243.3806586131313
2024-08-31 16:40:00,1392.199951,682.0538826073871,821.2785187644059,1254.001670289114
2024-08-31 16:45:00,1334.766724,682.0538826073871,794.967110633874,1262.8642435692705
2024-08-31 16:50:00,1363.5,682.0538826073871,768.3787245921923,1212.3737216836325
2024-08-31 16:55:00,1206.300049,682.0538826073871,741.5538341608509,1207.1833814817742
2024-08-31 17:00:00,988.5499878,682.0538826073871,714.535682575867,373.2266524020581
2024-08-31 17:05:00,817.8666992,682.0538826073871,687.3700630607487,689.3894921696069
2024-08-31 17:10:00,848.2666016,682.0538826073871,660.1050767083484,690.8812703287181
2024-08-31 17:15:00,772.2999878,682.0538826073871,632.7908696884956,696.2112181655181
2024-08-31 17:20:00,709.2000122,682.0538826073871,605.4793519440391,696.2112181655181
2024-08-31 17:25:00,646.4333496,682.0538826073871,578.2238994638086,696.2112181655181
2024-08-31 17:30:00,633.9499512,682.0538826073871,551.0790423274135,699.4370220662292
2024-08-31 17:35:00,566.0,682.0538826073871,524.1001411736712,698.3191744855245
2024-08-31 17:40:00,390.1500244,682.0538826073871,497.3430542588204,561.5192228779625
2024-08-31 17:45:00,241.5,682.0538826073871,470.86379769726017,561.5192228779625
2024-08-31 17:50:00,187.4000092,682.0538826073871,444.7182019312813,560.8508526319625
2024-08-31 17:55:00,189.1333466,682.0538826073871,418.9615663418732,561.5192228779625
2024-08-31 18:00:00,193.9333496,682.0538826073871,393.6483152098677,324.84074225431834
2024-08-31 18:05:00,191.8000031,682.0538826073871,368.831657338929,327.6756919205468
2024-08-31 18:10:00,183.6333466,682.0538826073871,344.5632522198154,270.65516083154796
2024-08-31 18:15:00,174.5333252,682.0538826073871,320.8928849552538,268.6862720147891
2024-08-31 18:20:00,165.8000031,682.0538826073871,297.8681526700514,110.61151261700338
2024-08-31 18:25:00,156.7333221,682.0538826073871,275.53416472094483,169.7273083357567
2024-08-31 18:30:00,146.6666565,682.0538826073871,253.93325882493858,169.7273083357567
2024-08-31 18:35:00,132.3999939,682.0538826073871,233.10473571699865,157.81159958605798
2024-08-31 18:40:00,125.8999939,682.0538826073871,213.08461366726257,195.94109013471913
2024-08-31 18:45:00,105.4000015,682.0538826073871,193.9054053671222,195.94109013471913
2024-08-31 18:50:00,84.80000305,682.0538826073871,175.5959184056557,300.0700372058677
2024-08-31 18:55:00,65.05000305,682.0538826073871,158.18108108393318,243.29768747370545
2024-08-31 19:00:00,48.75,682.0538826073871,141.68179471183223,61.750530976210136
2024-08-31 19:05:00,35.25,682.0538826073871,126.11481367398571,62.048855052643475
2024-08-31 19:10:00,24.0,682.0538826073871,111.49265392385497,61.57953146782739
2024-08-31 19:15:00,16.25,682.0538826073871,97.8235306402156,61.57953146782739
2024-08-31 19:20:00,12.83333302,682.0538826073871,85.11132566992595,56.77090098536737
2024-08-31 19:25:00,0.0,682.0538826073871,73.35558465057842,56.77090098536737
2024-08-31 19:30:00,0.0,682.0538826073871,62.55154398936344,55.846149108146726
2024-08-31 19:35:00,0.0,682.0538826073871,52.69018741481846,56.58316341712006
2024-08-31 19:40:00,0.0,682.0538826073871,43.75833162731148,56.92277135748292
2024-08-31 19:45:00,0.0,682.0538826073871,35.73874029447348,56.92277135748292
2024-08-31 19:50:00,0.0,682.0538826073871,28.6102655401859,57.05514634829126
2024-08-31 19:55:00,0.0,682.0538826073871,22.348015781850954,57.3534704247246
2024-08-31 20:00:00,0.0,682.0538826073871,16.92354853787092,0.07634074233777778
2024-08-31 20:05:00,0.0,682.0538826073871,12.305086840841026,0.018711110426666667
2024-08-31 20:10:00,0.0,682.0538826073871,8.45775736542848,0.018711110426666667
2024-08-31 20:15:00,0.0,682.0538826073871,5.343848550192288,0.018711110426666667
2024-08-31 20:20:00,0.0,682.0538826073871,2.9230867182478835,0.06306666945333333
2024-08-31 20:25:00,0.0,682.0538826073871,1.1529279254248366,0.06306666945333333
2024-08-31 20:30:00,0.0,682.0538826073871,-0.01113651369209859,0.06306666945333333
2024-08-31 20:35:00,0.0,682.0538826073871,-0.6152633896500905,0.06306666945333333
2024-08-31 20:40:00,0.0,682.0538826073871,-0.706932099522814,0.0
2024-08-31 20:45:00,0.0,682.0538826073871,-0.33461290620069695,0.0
2024-08-31 20:50:00,0.0,682.0538826073871,0.4525685926364547,0.0
2024-08-31 20:55:00,0.0,682.0538826073871,1.6051681752942955,0.0
2024-08-31 21:00:00,0.0,682.0538826073871,3.0737583625807514,0.0
2024-08-31 21:05:00,0.0,682.0538826073871,4.8092599115182155,0.0
2024-08-31 21:10:00,0.0,682.0538826073871,6.763266862099627,0.0
2024-08-31 21:15:00,0.0,682.0538826073871,8.88836284322869,0.0
2024-08-31 21:20:00,0.0,682.0538826073871,11.138426078214902,0.0
2024-08-31 21:25:00,0.0,682.0538826073871,13.468921024777,0.0
2024-08-31 21:30:00,0.0,682.0538826073871,15.837174320176857,0.0
2024-08-31 21:35:00,0.0,682.0538826073871,18.202633111970748,0.0
2024-08-31 21:40:00,0.0,682.0538826073871,20.52710386388966,1.597333340222222
2024-08-31 21:45:00,0.0,682.0538826073871,22.77496989965948,1.597333340222222
2024-08-31 21:50:00,0.0,682.0538826073871,24.91338616292239,0.0
2024-08-31 21:55:00,0.0,682.0538826073871,26.912449814439928,0.0
2024-08-31 22:00:00,0.0,682.0538826073871,28.745345508722092,0.0
2024-08-31 22:05:00,0.0,682.0538826073871,30.388464388117693,1.4449444071666666
2024-08-31 22:10:00,0.0,682.0538826073871,31.82149603974344,1.4449444071666666
2024-08-31 22:15:00,0.0,682.0538826073871,33.027492890851356,0.0
2024-08-31 22:20:00,0.0,682.0538826073871,33.992906723307655,0.0
2024-08-31 22:25:00,0.0,682.0538826073871,34.707597234991546,0.0
2024-08-31 22:30:00,0.0,682.0538826073871,35.16481277203116,0.0
2024-08-31 22:35:00,0.0,682.0538826073871,35.36114359845626,0.0
2024-08-31 22:40:00,0.0,682.0538826073871,35.29644828435081,0.0
2024-08-31 22:45:00,0.0,682.0538826073871,34.97375400497631,0.0
2024-08-31 22:50:00,0.0,682.0538826073871,34.399131757739546,0.0
2024-08-31 22:55:00,0.0,682.0538826073871,33.581547698221485,1.597333340222222
2024-08-31 23:00:00,0.0,682.0538826073871,32.53269198422697,1.597333340222222
2024-08-31 23:05:00,0.0,682.0538826073871,31.26678672167188,0.0
2024-08-31 23:10:00,0.0,682.0538826073871,29.800374720226447,0.0
2024-08-31 23:15:00,0.0,682.0538826073871,28.15209098125027,0.0
2024-08-31 23:20:00,0.0,682.0538826073871,26.342418927152945,0.0
2024-08-31 23:25:00,0.0,682.0538826073871,24.39343353398958,0.0
2024-08-31 23:30:00,0.0,682.0538826073871,22.32853361872721,0.0
2024-08-31 23:35:00,0.0,682.0538826073871,20.17216561593366,0.0
2024-08-31 23:40:00,0.0,682.0538826073871,17.9495412699185,0.0
2024-08-31 23:45:00,0.0,682.0538826073871,15.68635165315497,0.0
2024-08-31 23:50:00,0.0,682.0538826073871,13.408480070665528,0.0
2024-08-31 23:55:00,0.0,682.0538826073871,11.1417162529582,0.0
2024-09-01 00:00:00,0.0,682.0538826073871,8.911474376622273,0.0
2024-09-01 00:05:00,0.0,682.0538826073871,6.742517339119605,0.0
2024-09-01 00:10:00,0.0,682.0538826073871,4.65868968054866,0.0
2024-09-01 00:15:00,0.0,682.0538826073871,2.682661487934944,0.0
2024-09-01 00:20:00,0.0,682.0538826073871,0.8356855011623143,0.0
2024-09-01 00:25:00,0.0,682.0538826073871,-0.8626304400887866,0.0
2024-09-01 00:30:00,0.0,682.0538826073871,-2.394533611743016,0.0
2024-09-01 00:35:00,0.0,682.0538826073871,-3.7443174374122776,0.0
2024-09-01 00:40:00,0.0,682.0538826073871,-4.8984915887285165,0.0
2024-09-01 00:45:00,0.0,682.0538826073871,-5.84592968768194,0.0
2024-09-01 00:50:00,0.0,682.0538826073871,-6.577993210930662,0.0
2024-09-01 00:55:00,0.0,682.0538826073871,-7.088630460999073,0.0
2024-09-01 01:00:00,0.0,682.0538826073871,-7.374449656860498,0.0
2024-09-01 01:05:00,0.0,682.0538826073871,-7.434765398570292,0.0
2024-09-01 01:10:00,0.0,682.0538826073871,-7.27161800232896,0.0
2024-09-01 01:15:00,0.0,682.0538826073871,-6.889765385962121,0.0
2024-09-01 01:20:00,0.0,682.0538826073871,-6.296647494089656,0.0
2024-09-01 01:25:00,0.0,682.0538826073871,-5.502323324396722,0.0
2024-09-01 01:30:00,0.0,682.0538826073871,-4.519381088268616,0.0
2024-09-01 01:35:00,0.0,682.0538826073871,-3.362821956827994,0.0
2024-09-01 01:40:00,0.0,682.0538826073871,-2.049918385481374,0.0
2024-09-01 01:45:00,0.0,682.0538826073871,-0.6000479465479709,0.0
2024-09-01 01:50:00,0.0,682.0538826073871,0.9654959944108414,0.0
2024-09-01 01:55:00,0.0,682.0538826073871,2.6237153312987442,0.0
2024-09-01 02:00:00,0.0,682.0538826073871,4.350138356738971,0.0
2024-09-01 02:05:00,0.0,682.0538826073871,6.119069125732412,0.0
2024-09-01 02:10:00,0.0,682.0538826073871,7.903853115888871,0.0
2024-09-01 02:15:00,0.0,682.0538826073871,9.677157011602253,0.0
2024-09-01 02:20:00,0.0,682.0538826073871,11.411260361157483,0.0
2024-09-01 02:25:00,0.0,682.0538826073871,13.078356730013542,0.0
2024-09-01 02:30:00,0.0,682.0538826073871,14.650861886715575,0.0
2024-09-01 02:35:00,0.0,682.0538826073871,16.101726465831288,0.0
2024-09-01 02:40:00,0.0,682.0538826073871,17.40475049737777,0.0
2024-09-01 02:45:00,0.0,682.0538826073871,18.534897188259816,0.0
2024-09-01 02:50:00,0.0,682.0538826073871,19.468603264435473,0.0
2024-09-01 02:55:00,0.0,682.0538826073871,20.18408325703309,0.0
2024-09-01 03:00:00,0.0,682.0538826073871,20.66162508647887,0.0
2024-09-01 03:05:00,0.0,682.0538826073871,20.883874371730705,0.0
2024-09-01 03:10:00,0.0,682.0538826073871,20.83610496571552,0.0
2024-09-01 03:15:00,0.0,682.0538826073871,20.506473255312063,0.0
2024-09-01 03:20:00,0.0,682.0538826073871,19.886253983773845,0.0
2024-09-01 03:25:00,0.0,682.0538826073871,18.970055293582945,0.0
2024-09-01 03:30:00,0.0,682.0538826073871,17.756011058307468,0.0
2024-09-01 03:35:00,0.0,682.0538826073871,16.245948520900022,0.0
2024-09-01 03:40:00,0.0,682.0538826073871,14.44552957562627,0.0
2024-09-01 03:45:00,0.0,682.0538826073871,12.364364137207696,0.0
2024-09-01 03:50:00,0.0,682.0538826073871,10.016094310497035,0.0
2024-09-01 03:55:00,0.0,682.0538826073871,7.41844820819381,0.6020000203333333
2024-09-01 04:00:00,0.0,682.0538826073871,4.593262562216785,0.6020000203333333
2024-09-01 04:05:00,0.0,682.0538826073871,1.5664734632620774,0.6020000203333333
2024-09-01 04:10:00,0.0,682.0538826073871,-1.631925201125457,0.6020000203333333
2024-09-01 04:15:00,0.0,682.0538826073871,-4.96795573435499,0.6020000203333333
2024-09-01 04:20:00,0.0,682.0538826073871,-8.403763057072224,0.6020000203333333
2024-09-01 04:25:00,0.0,682.0538826073871,-11.89775315337973,0.6020000203333333
2024-09-01 04:30:00,0.0,682.0538826073871,-15.404763057896254,0.6020000203333333
2024-09-01 04:35:00,0.0,682.0538826073871,-18.876261521175874,0.6020000203333333
2024-09-01 04:40:00,0.0,682.0538826073871,-22.26057934651111,0.6020000203333333
2024-09-01 04:45:00,0.0,682.0538826073871,-25.50316807131742,0.6020000203333333
2024-09-01 04:50:00,0.0,682.0538826073871,-28.546885550508538,0.6020000203333333
2024-09-01 04:55:00,0.0,682.0538826073871,-31.33230668323374,0.6020000203333333
2024-09-01 05:00:00,0.0,682.0538826073871,-33.79805739071622,0.6020000203333333
2024-09-01 05:05:00,0.0,682.0538826073871,-35.88116971268747,0.6020000203333333
2024-09-01 05:10:00,0.0,682.0538826073871,-37.51745577308308,0.6020000203333333
2024-09-01 05:15:00,0.0,682.0538826073871,-38.64189816124006,0.6020000203333333
2024-09-01 05:20:00,0.0,682.0538826073871,-39.18905412855174,0.6020000203333333
2024-09-01 05:25:00,0.0,682.0538826073871,-39.093470937553,0.6020000203333333
2024-09-01 05:30:00,0.0,682.0538826073871,-38.29010952286245,0.6020000203333333
2024-09-01 05:35:00,0.0,682.0538826073871,-36.714773587058396,0.6020000203333333
2024-09-01 05:40:00,0.0,682.0538826073871,-34.30454117646973,0.6020000203333333
2024-09-01 05:45:00,0.0,682.0538826073871,-30.99819573212106,0.6020000203333333
2024-09-01 05:50:00,0.0,682.0538826073871,-26.7366536304567,0.6020000203333333
2024-09-01 05:55:00,0.0,682.0538826073871,-21.463385168322322,0.6020000203333333
2024-09-01 06:00:00,0.0,682.0538826073871,-15.124826019360697,12.413090625198413
2024-09-01 06:05:00,0.0,682.0538826073871,-7.670776226827929,13.213090625198411
2024-09-01 06:10:00,0.0,682.0538826073871,0.9452161422794194,13.213090625198411
2024-09-01 06:15:00,0.0,682.0538826073871,10.765489494827237,2.5462556194555557
2024-09-01 06:20:00,0.0,682.0538826073871,21.82792395285802,2.5462556194555557
2024-09-01 06:25:00,0.0,682.0538826073871,34.16561996935495,2.5462556194555557
2024-09-01 06:30:00,0.0,682.0538826073871,47.80660274015137,3.2324778399666667
2024-09-01 06:35:00,0.0,682.0538826073871,62.7735544133307,12.380325597507142
2024-09-01 06:40:00,0.0,682.0538826073871,79.08357645973686,66.56713711570096
2024-09-01 06:45:00,0.0,682.0538826073871,96.7479838645539,66.56713711570096
2024-09-01 06:50:00,0.0,682.0538826073871,115.77213270935484,9.298215321506033
2024-09-01 06:55:00,0.0,682.0538826073871,136.1552827470222,5.569048591133809
2024-09-01 07:00:00,0.0,682.0538826073871,157.8904959804723,84.96484837520843
2024-09-01 07:05:00,0.0,682.0538826073871,180.96457221272354,84.96484837520843
2024-09-01 07:10:00,0.0,682.0538826073871,205.35802231049072,84.96484837520843
2024-09-01 07:15:00,0.0,682.0538826073871,231.0450794355765,84.96484837520843
2024-09-01 07:20:00,0.0,682.0538826073871,257.99374856623155,85.25396423779178
2024-09-01 07:25:00,0.0,682.0538826073871,286.16589401014096,80.97122068417208
2024-09-01 07:30:00,0.0,682.0538826073871,315.5173647749638,67.88050032581437
2024-09-01 07:35:00,76.0,682.0538826073871,345.9981568840882,59.93228383406977
2024-09-01 07:40:00,99.09999847,682.0538826073871,377.5526119317189,62.85709126024976
2024-09-01 07:45:00,122.9000015,682.0538826073871,410.1196506944872,70.59860949872173
2024-09-01 07:50:00,173.8000031,682.0538826073871,443.633040215131,210.18038297321527
2024-09-01 07:55:00,199.3999939,682.0538826073871,478.0216930088669,212.57260156677123
2024-09-01 08:00:00,186.9000092,682.0538826073871,513.2099965559639,379.36411104101495
2024-09-01 08:05:00,242.1999969,682.0538826073871,549.1181704117345,389.0419395000318
2024-09-01 08:10:00,279.2999878,682.0538826073871,585.6626495744301,389.0419395000318
2024-09-01 08:15:00,300.3999939,682.0538826073871,622.7564911205743,430.77040794137184
2024-09-01 08:20:00,292.9666443,682.0538826073871,660.3098013736112,430.77040794137184
2024-09-01 08:25:00,370.2000122,682.0538826073871,698.2301813938241,578.0272718741398
2024-09-01 08:30:00,340.7333374,682.0538826073871,736.4231873878911,578.0272718741398
2024-09-01 08:35:00,530.7999878,682.0538826073871,774.7928033785391,577.8138461353842
2024-09-01 08:40:00,612.7000122,682.0538826073871,813.2419229601323,534.4692287101013
2024-09-01 08:45:00,569.0,682.0538826073871,851.67283694805,574.6222549721458
2024-09-01 08:50:00,576.666687,682.0538826073871,889.987723892933,565.5224403932235
2024-09-01 08:55:00,601.2999878,682.0538826073871,928.0891400937298,567.2954181764235
2024-09-01 09:00:00,573.4333496,682.0538826073871,965.8805061904105,1476.4810151207957
2024-09-01 09:05:00,580.833313,682.0538826073871,1003.2665869253858,1476.4810151207957
2024-09-01 09:10:00,641.9000244,682.0538826073871,1040.153961077385,1540.6032744760178
2024-09-01 09:15:00,609.2666626,682.0538826073871,1076.4514786478937,1521.4880288146474
2024-09-01 09:20:00,625.1000366,682.0538826073871,1112.0707020413151,1518.7377367921154
2024-09-01 09:25:00,612.0,682.0538826073871,1146.9263287624558,1524.4953336981155
2024-09-01 09:30:00,697.9000244,682.0538826073871,1180.936592988658,1260.9459783325492
2024-09-01 09:35:00,644.7666626,682.0538826073871,1214.0236428026524,1283.5834480218664
2024-09-01 09:40:00,660.4666138,682.0538826073871,1246.113891718088,1282.4739301766538
2024-09-01 09:45:00,636.833313,682.0538826073871,1277.1383415607977,1270.456937372746
2024-09-01 09:50:00,726.5,682.0538826073871,1307.0328751488764,1274.9863511906126
2024-09-01 09:55:00,1001.799988,682.0538826073871,1335.7385166551285,1245.1923553219642
2024-09-01 10:00:00,1083.300049,682.0538826073871,1363.2016585456972,1202.9139144078088
2024-09-01 10:05:00,1044.0,682.0538826073871,1389.3742534733833,1262.6650430576549
2024-09-01 10:10:00,1066.566772,682.0538826073871,1414.2139702940344,1289.9377343946996
2024-09-01 10:15:00,1020.033264,682.0538826073871,1437.6843132381332,1292.418220260833
2024-09-01 10:20:00,965.5999146,682.0538826073871,1459.754703886743,1289.3171693941824
2024-09-01 10:25:00,893.4333496,682.0538826073871,1480.4005255395186,1277.4160164513414
2024-09-01 10:30:00,849.7333374,682.0538826073871,1499.603130140813,1278.5986329044763
2024-09-01 10:35:00,832.8000488,682.0538826073871,1517.34980787221,1311.7674483928254
2024-09-01 10:40:00,733.7999878,682.0538826073871,1533.6337200097032,1374.1018241403447
2024-09-01 10:45:00,697.7999878,682.0538826073871,1548.453795870141,1436.707877740422
2024-09-01 10:50:00,734.666687,682.0538826073871,1561.8145947216562,1479.2628585278842
2024-09-01 10:55:00,742.833313,682.0538826073871,1573.726134126092,1514.6288668039003
2024-09-01 11:00:00,769.0332642,682.0538826073871,1584.2036861532058,1521.1633474390355
2024-09-01 11:05:00,776.6000366,682.0538826073871,1593.2675430068239,1526.3315038563687
2024-09-01 11:10:00,1106.400024,682.0538826073871,1600.9427543179495,1529.135566264727
2024-09-01 11:15:00,1070.400024,682.0538826073871,1607.2588379622496,1547.9255297557986
2024-09-01 11:20:00,1048.700073,682.0538826073871,1612.249466826653,1593.5986353794685
2024-09-01 11:25:00,993.7999878,682.0538826073871,1615.9521339048504,1550.8034982142226
2024-09-01 11:30:00,940.7666626,682.0538826073871,1618.4077983903765,1502.935158588576
2024-09-01 11:35:00,873.5666504,682.0538826073871,1619.6605154200338,1629.6080462843768
2024-09-01 11:40:00,808.9333496,682.0538826073871,1619.7570523094478,1612.1575117699308
2024-09-01 11:45:00,731.8999634,682.0538826073871,1618.7464941513501,1538.7762859028755
2024-09-01 11:50:00,696.0,682.0538826073871,1616.6798417705852,1536.7359520637328
2024-09-01 11:55:00,571.5999756,682.0538826073871,1613.609604931485,1533.0709436339866
2024-09-01 12:00:00,444.3333435,682.0538826073871,1609.5893939064401,1246.91569898516
2024-09-01 12:05:00,416.1666565,682.0538826073871,1604.673512298579,1253.5924211764377
2024-09-01 12:10:00,397.4333496,682.0538826073871,1598.916554131567,1253.6654488628787
2024-09-01 12:15:00,400.8999939,682.0538826073871,1592.3730080628548,1254.990467825006
2024-09-01 12:20:00,381.3999939,682.0538826073871,1585.0968716272869,1273.5950009096073
2024-09-01 12:25:00,521.7000122,682.0538826073871,1577.1412781652962,1277.4879987621946
2024-09-01 12:30:00,528.25,682.0538826073871,1568.5581390438358,1280.0857576859723
2024-09-01 12:35:00,613.0,682.0538826073871,1559.3978038484354,1325.73943664421
2024-09-01 12:40:00,568.5333862,682.0538826073871,1549.7087405529164,1331.7065797304556
2024-09-01 12:45:00,845.2000122,682.0538826073871,1539.5372381860748,1347.0896893109907
2024-09-01 12:50:00,1731.199951,682.0538826073871,1528.9271336701422,1368.5841322288954
2024-09-01 12:55:00,1757.250122,682.0538826073871,1517.9195649021656,1524.7601936798821
2024-09-01 13:00:00,2064.399902,682.0538826073871,1506.5527514220703,1537.7881770887584
2024-09-01 13:05:00,1932.5,682.0538826073871,1494.8618041640848,1546.9550961447585
2024-09-01 13:10:00,2007.099976,682.0538826073871,1482.878565391543,1424.0581345822238
2024-09-01 13:15:00,1721.299927,682.0538826073871,1470.631479603734,1402.8886044206668
2024-09-01 13:20:00,1185.550049,682.0538826073871,1458.1454963409321,1366.7019597368062
2024-09-01 13:25:00,831.1999512,682.0538826073871,1445.4420048785562,1294.1815907428904
2024-09-01 13:30:00,791.666687,682.0538826073871,1432.538801385017,1290.8539568701026
2024-09-01 13:35:00,770.4500122,682.0538826073871,1419.4500880979353,1284.718513802674
2024-09-01 13:40:00,667.0667114,682.0538826073871,1406.1865044512597,984.3508836877587
2024-09-01 13:45:00,736.4000244,682.0538826073871,1392.7551893683167,993.8213632312032
2024-09-01 13:50:00,670.5667114,682.0538826073871,1379.159874013749,1006.0972902763729
2024-09-01 13:55:00,673.2000122,682.0538826073871,1365.4010039730995,1050.9637408268345
2024-09-01 14:00:00,617.3666382,682.0538826073871,1351.4758893851786,1078.5050713854707
2024-09-01 14:05:00,583.8999634,682.0538826073871,1337.3788819231534,1073.5852974080367
2024-09-01 14:10:00,627.5,682.0538826073871,1323.1015765198467,1059.2106767592772
2024-09-01 14:15:00,1250.800049,682.0538826073871,1308.6330362789583,1135.9980059273712
2024-09-01 14:20:00,1225.25,682.0538826073871,1293.960038361779,1082.1857121094613
2024-09-01 14:25:00,1216.700073,682.0538826073871,1279.0673388366727,1090.1869925198612
2024-09-01 14:30:00,1339.5,682.0538826073871,1263.9379539585275,1083.541608247626
2024-09-01 14:35:00,1209.900024,682.0538826073871,1248.5534556076748,1038.932609934293
2024-09-01 14:40:00,1151.266724,682.0538826073871,1232.8942782909228,1011.0539812029799
2024-09-01 14:45:00,2056.100098,682.0538826073871,1216.9400349882105,1036.655533231528
2024-09-01 14:50:00,2055.600098,682.0538826073871,1200.6698394908717,1031.8195344235628
2024-09-01 14:55:00,2055.43335,682.0538826073871,1184.0626320410645,1019.6791482066202
2024-09-01 15:00:00,1997.900024,682.0538826073871,1167.097506016439,971.0424150761087
2024-09-01 15:05:00,1969.300049,682.0538826073871,1149.754032606843,969.68425934162
2024-09-01 15:10:00,1658.050171,682.0538826073871,1132.0125809638687,910.8879239133653
2024-09-01 15:15:00,1370.699951,682.0538826073871,1113.8546311290881,866.6511975699603
2024-09-01 15:20:00,1039.400024,682.0538826073871,1095.2630770847875,849.6812871032761
2024-09-01 15:25:00,648.25,682.0538826073871,1076.2225176794498,848.9175254422844
2024-09-01 15:30:00,469.4500122,682.0538826073871,1056.7195325772807,834.5877687956333
2024-09-01 15:35:00,379.0,682.0538826073871,1036.7429416108107,970.9788836000705
2024-09-01 15:40:00,299.9500122,682.0538826073871,1016.2840447735884,952.7353871390555
2024-09-01 15:45:00,228.6499939,682.0538826073871,995.336841309931,958.4873572393699
2024-09-01 15:50:00,172.0999908,682.0538826073871,973.8982259627012,1139.4489588810795
2024-09-01 15:55:00,154.1999969,682.0538826073871,951.9681607163258,1145.699287050848
2024-09-01 16:00:00,151.1666718,682.0538826073871,929.5498208266647,533.5926029697316
2024-09-01 16:05:00,152.8666687,682.0538826073871,906.6497136688661,537.1193620083455
2024-09-01 16:10:00,155.3666534,682.0538826073871,883.2777696486772,584.5778315235103
2024-09-01 16:15:00,156.3000031,682.0538826073871,859.4474041389152,688.2248704171448
2024-09-01 16:20:00,147.4666595,682.0538826073871,835.1755504282459,705.980984873778
2024-09-01 16:25:00,142.7999878,682.0538826073871,810.4826626349319,745.3665849922432
2024-09-01 16:30:00,109.4499969,682.0538826073871,785.3926892381079,746.715268400805
2024-09-01 16:35:00,78.2666626,682.0538826073871,759.9330168937068,787.7505482104291
2024-09-01 16:40:00,70.20000458,682.0538826073871,734.1343851949064,783.3172981900957
2024-09-01 16:45:00,65.3666687,682.0538826073871,708.0307729326225,1387.0047088830952
2024-09-01 16:50:00,62.03333664,682.0538826073871,681.6592566233508,691.9776780111464
2024-09-01 16:55:00,59.60000229,682.0538826073871,655.0598426574672,769.1506103629429
2024-09-01 17:00:00,57.70000076,682.0538826073871,628.2752737900788,808.7682352497189
2024-09-01 17:05:00,55.56666565,682.0538826073871,601.3508122536755,862.3808050319634
2024-09-01 17:10:00,53.06666565,682.0538826073871,574.334000307259,642.5160491866875
2024-09-01 17:15:00,50.20000076,682.0538826073871,547.2744006266576,640.3508851587368
2024-09-01 17:20:00,46.76666641,682.0538826073871,520.2233183171603,640.3508851587368
2024-09-01 17:25:00,43.43333435,682.0538826073871,493.2335066126346,640.5762627087812
2024-09-01 17:30:00,39.89999771,682.0538826073871,466.3588587742918,640.5762627087812
2024-09-01 17:35:00,37.29999924,682.0538826073871,439.65408820501835,477.7315064713794
2024-09-01 17:40:00,33.73333359,682.0538826073871,413.1743995246079,475.53508121515733
2024-09-01 17:45:00,32.34999847,682.0538826073871,386.97515280381174,475.4238220259351
2024-09-01 17:50:00,25.24999809,682.0538826073871,361.11152411858234,461.5907405498046
2024-09-01 17:55:00,18.43333435,682.0538826073871,335.6381641554132,405.2157126901289
2024-09-01 18:00:00,17.03333282,682.0538826073871,310.6088583431242,91.67854784419718
2024-09-01 18:05:00,16.96666718,682.0538826073871,286.07619048644926,154.85494015303493
2024-09-01 18:10:00,17.13333321,682.0538826073871,262.09121279971225,190.8058723966788
2024-09-01 18:15:00,17.43333435,682.0538826073871,238.70312475777965,265.9617123167575
2024-09-01 18:20:00,17.76666641,682.0538826073871,215.95896313769697,265.9617123167575
2024-09-01 18:25:00,17.86666679,682.0538826073871,193.90330586989776,293.96644190999746
2024-09-01 18:30:00,17.80000114,682.0538826073871,172.57799146547325,259.8533301304701
2024-09-01 18:35:00,17.70000076,682.0538826073871,152.02185681815047,177.51021616155808
2024-09-01 18:40:00,17.80000114,682.0538826073871,132.2704946864146,231.80436794990493
2024-09-01 18:45:00,17.63333321,682.0538826073871,113.35603313815191,107.10142552210579
2024-09-01 18:50:00,17.16666603,682.0538826073871,95.30693846818987,107.06295156709467
2024-09-01 18:55:00,16.06666756,682.0538826073871,78.14784300032714,95.36044904734841
2024-09-01 19:00:00,14.83333302,682.0538826073871,61.899399263273054,38.650297236429964
2024-09-01 19:05:00,13.63333416,682.0538826073871,46.578161362712564,38.650297236429964
2024-09-01 19:10:00,12.93333435,682.0538826073871,32.19649462973533,38.6162972358033
2024-09-01 19:15:00,12.69999981,682.0538826073871,18.762514003668617,39.36009725418615
2024-09-01 19:20:00,0.0,682.0538826073871,6.280051890835217,39.41568984770838
2024-09-01 19:25:00,0.0,682.0538826073871,-5.251344690576732,38.95012784327852
2024-09-01 19:30:00,0.0,682.0538826073871,-15.836387447144906,39.046405621871855
2024-09-01 19:35:00,0.0,682.0538826073871,-25.483990858728426,39.344729698305194
2024-09-01 19:40:00,0.0,682.0538826073871,-34.207187613352275,45.58300532274009
2024-09-01 19:45:00,0.0,682.0538826073871,-42.02301587794955,47.109102975763996
2024-09-01 19:50:00,0.0,682.0538826073871,-48.95237953191582,47.52011205943101
2024-09-01 19:55:00,0.0,682.0538826073871,-55.019882255833494,47.56687756751603
2024-09-01 20:00:00,0.0,682.0538826073871,-60.25363702117468,0.0
2024-09-01 20:05:00,0.0,682.0538826073871,-64.68505222344723,0.0
2024-09-01 20:10:00,0.0,682.0538826073871,-68.34859636422804,0.0
2024-09-01 20:15:00,0.0,682.0538826073871,-71.281542959629,0.0
2024-09-01 20:20:00,0.0,682.0538826073871,-73.52369771382041,0.0
2024-09-01 20:25:00,0.0,682.0538826073871,-75.11711007625567,0.0
2024-09-01 20:30:00,0.0,682.0538826073871,-76.10577134795683,0.0
2024-09-01 20:35:00,0.0,682.0538826073871,-76.53530178944236,0.0
2024-09-01 20:40:00,0.0,682.0538826073871,-76.45262894412117,0.0
2024-09-01 20:45:00,0.0,682.0538826073871,-75.90565984742173,0.0
2024-09-01 20:50:00,0.0,682.0538826073871,-74.94294944827371,0.0
2024-09-01 20:55:00,0.0,682.0538826073871,-73.61336788252893,0.0
2024-09-01 21:00:00,0.0,682.0538826073871,-71.96576907087942,0.0
2024-09-01 21:05:00,0.0,682.0538826073871,-70.04866316507307,0.0
2024-09-01 21:10:00,0.0,682.0538826073871,-67.90989530972564,0.0
2024-09-01 21:15:00,0.0,682.0538826073871,-65.59633313166482,0.0
2024-09-01 21:20:00,0.0,682.0538826073871,-63.153565297447365,0.0
2024-09-01 21:25:00,0.0,682.0538826073871,-60.62561335913001,0.0
2024-09-01 21:30:00,0.0,682.0538826073871,-58.05465907091104,0.0
2024-09-01 21:35:00,0.0,682.0538826073871,-55.48078911074431,0.0
2024-09-01 21:40:00,0.0,682.0538826073871,-52.94175911893881,0.0
2024-09-01 21:45:00,0.0,682.0538826073871,-50.47277872414618,0.0
2024-09-01 21:50:00,0.0,682.0538826073871,-48.10631910044867,0.0
2024-09-01 21:55:00,0.0,682.0538826073871,-45.87194438918046,0.0
2024-09-01 22:00:00,0.0,682.0538826073871,-43.7961681553699,0.0
2024-09-01 22:05:00,0.0,682.0538826073871,-41.90233580625919,0.0
2024-09-01 22:10:00,0.0,682.0538826073871,-40.21053373154541,0.0
2024-09-01 22:15:00,0.0,682.0538826073871,-38.73752566839785,0.0
2024-09-01 22:20:00,0.0,682.0538826073871,-37.49671663857174,0.0
2024-09-01 22:25:00,0.0,682.0538826073871,-36.49814448901454,0.0
2024-09-01 22:30:00,0.0,682.0538826073871,-35.748498937866756,0.0
2024-09-01 22:35:00,0.0,682.0538826073871,-35.25116776108415,0.0
2024-09-01 22:40:00,0.0,682.0538826073871,-35.006309537563844,0.0
2024-09-01 22:45:00,0.0,682.0538826073871,-35.01095217547708,0.0
2024-09-01 22:50:00,0.0,682.0538826073871,-35.2591162245096,0.0
2024-09-01 22:55:00,0.0,682.0538826073871,-35.741961785006126,0.0
2024-09-01 23:00:00,0.0,682.0538826073871,-36.44795763574978,0.0
2024-09-01 23:05:00,0.0,682.0538826073871,-37.363071032808634,0.0
2024-09-01 23:10:00,0.0,682.0538826073871,-38.47097643921888,0.0
2024-09-01 23:15:00,0.0,682.0538826073871,-39.75328134454845,0.0
2024-09-01 23:20:00,0.0,682.0538826073871,-41.18976714667775,0.0
2024-09-01 23:25:00,0.0,682.0538826073871,-42.758642979326794,0.0
2024-09-01 23:30:00,0.0,682.0538826073871,-44.43681025771559,0.0
2024-09-01 23:35:00,0.0,682.0538826073871,-46.20013562354488,0.0
2024-09-01 23:40:00,0.0,682.0538826073871,-48.02372991917092,0.0
2024-09-01 23:45:00,0.0,682.0538826073871,-49.882230760227706,0.0
2024-09-01 23:50:00,0.0,682.0538826073871,-51.75008626365735,0.0
2024-09-01 23:55:00,0.0,682.0538826073871,-53.6018374197845,0.0
2024-09-02 00:00:00,0.0,682.0538826073871,-55.412396775553475,0.0
2024-09-02 00:05:00,0.0,682.0538826073871,-57.15732085273858,0.0
2024-09-02 00:10:00,0.0,682.0538826073871,-58.81307407179008,0.0
2024-09-02 00:15:00,0.0,682.0538826073871,-60.35728180885698,0.0
2024-09-02 00:20:00,0.0,682.0538826073871,-61.76897040206164,0.0
2024-09-02 00:25:00,0.0,682.0538826073871,-63.02879200407231,0.0
2024-09-02 00:30:00,0.0,682.0538826073871,-64.11923229637371,0.0
2024-09-02 00:35:00,0.0,682.0538826073871,-65.02479925713271,0.0
2024-09-02 00:40:00,0.0,682.0538826073871,-65.73219121770855,0.0
2024-09-02 00:45:00,0.0,682.0538826073871,-66.23044284707463,0.0
2024-09-02 00:50:00,0.0,682.0538826073871,-66.51104752330009,0.0
2024-09-02 00:55:00,0.0,682.0538826073871,-66.56805518014933,0.0
2024-09-02 01:00:00,0.0,682.0538826073871,-66.39814447683278,0.0
2024-09-02 01:05:00,0.0,682.0538826073871,-66.00066872953012,0.0
2024-09-02 01:10:00,0.0,682.0538826073871,-65.37767499806988,0.0
2024-09-02 01:15:00,0.0,682.0538826073871,-64.53389606172841,0.0
2024-09-02 01:20:00,0.0,682.0538826073871,-63.47671524727749,0.0
2024-09-02 01:25:00,0.0,682.0538826073871,-62.21610422052123,0.0
2024-09-02 01:30:00,0.0,682.0538826073871,-60.764534165615316,0.0
2024-09-02 01:35:00,0.0,682.0538826073871,-59.136860932050254,0.0
2024-09-02 01:40:00,0.0,682.0538826073871,-57.350185022257875,0.0
2024-09-02 01:45:00,0.0,682.0538826073871,-55.42368737216202,0.0
2024-09-02 01:50:00,0.0,682.0538826073871,-53.37844229516713,0.0
2024-09-02 01:55:00,0.0,682.0538826073871,-51.237208894217545,0.0
2024-09-02 02:00:00,0.0,682.0538826073871,-49.02420268541765,0.6020000203333333
2024-09-02 02:05:00,0.0,682.0538826073871,-46.76484916351853,0.6020000203333333
2024-09-02 02:10:00,0.0,682.0538826073871,-44.48552130459906,0.6020000203333333
2024-09-02 02:15:00,0.0,682.0538826073871,-42.213263089461286,0.6020000203333333
2024-09-02 02:20:00,0.0,682.0538826073871,-39.97550130411885,0.6020000203333333
2024-09-02 02:25:00,0.0,682.0538826073871,-37.79974795456756,0.6020000203333333
2024-09-02 02:30:00,0.0,682.0538826073871,-35.713295732673195,0.6020000203333333
2024-09-02 02:35:00,0.0,682.0538826073871,-33.74290907194774,0.6020000203333333
2024-09-02 02:40:00,0.0,682.0538826073871,-31.91451333825553,0.6020000203333333
2024-09-02 02:45:00,0.0,682.0538826073871,-30.252884772528066,0.6020000203333333
2024-09-02 02:50:00,0.0,682.0538826073871,-28.781343838279092,0.6020000203333333
2024-09-02 02:55:00,0.0,682.0538826073871,-27.52145454239871,0.6020000203333333
2024-09-02 03:00:00,0.0,682.0538826073871,-26.492732362713255,0.6020000203333333
2024-09-02 03:05:00,0.0,682.0538826073871,-25.712363312678757,0.6020000203333333
2024-09-02 03:10:00,0.0,682.0538826073871,-25.194936630176624,0.6020000203333333
2024-09-02 03:15:00,0.0,682.0538826073871,-24.952193478577684,0.6020000203333333
2024-09-02 03:20:00,0.0,682.0538826073871,-24.992793957447297,0.6020000203333333
2024-09-02 03:25:00,0.0,682.0538826073871,-25.322104588896053,0.6020000203333333
2024-09-02 03:30:00,0.0,682.0538826073871,-25.942008288242675,0.6020000203333333
2024-09-02 03:35:00,0.0,682.0538826073871,-26.850738725218758,0.6020000203333333
2024-09-02 03:40:00,0.0,682.0538826073871,-28.042740718516825,0.6020000203333333
2024-09-02 03:45:00,0.0,682.0538826073871,-29.508558214813466,0.6020000203333333
2024-09-02 03:50:00,0.0,682.0538826073871,-31.23475113727828,0.6020000203333333
2024-09-02 03:55:00,0.0,682.0538826073871,-33.203842202804765,0.6020000203333333
2024-09-02 04:00:00,0.0,682.0538826073871,-35.394294597415836,0.6020000203333333
2024-09-02 04:05:00,0.0,682.0538826073871,-37.78052112310624,0.6020000203333333
2024-09-02 04:10:00,0.0,682.0538826073871,-40.33292526802757,0.6020000203333333
2024-09-02 04:15:00,0.0,682.0538826073871,-43.01797434910952,0.6020000203333333
2024-09-02 04:20:00,0.0,682.0538826073871,-45.79830464481215,0.6020000203333333
2024-09-02 04:25:00,0.0,682.0538826073871,-48.63285823199471,0.6020000203333333
2024-09-02 04:30:00,0.0,682.0538826073871,-51.477050943439394,0.6020000203333333
2024-09-02 04:35:00,0.0,682.0538826073871,-54.28297067207647,0.6020000203333333
2024-09-02 04:40:00,0.0,682.0538826073871,-56.99960494836918,0.6020000203333333
2024-09-02 04:45:00,0.0,682.0538826073871,-59.57309658119052,0.6020000203333333
2024-09-02 04:50:00,0.0,682.0538826073871,-61.947025839072744,0.6020000203333333
2024-09-02 04:55:00,0.0,682.0538826073871,-64.06271749058146,0.6020000203333333
2024-09-02 05:00:00,0.0,682.0538826073871,-65.85957081170848,0.6020000203333333
2024-09-02 05:05:00,0.0,682.0538826073871,-67.27541048238444,0.6020000203333333
2024-09-02 05:10:00,0.0,682.0538826073871,-68.24685608326175,0.6020000203333333
2024-09-02 05:15:00,0.0,682.0538826073871,-68.70970785303376,0.6020000203333333
2024-09-02 05:20:00,0.0,682.0538826073871,-68.59934608356978,0.6020000203333333
2024-09-02 05:25:00,0.0,682.0538826073871,-67.8511415238435,0.6020000203333333
2024-09-02 05:30:00,0.0,682.0538826073871,-66.40087400469054,0.6020000203333333
2024-09-02 05:35:00,0.0,682.0538826073871,-64.18515643034566,0.6020000203333333
2024-09-02 05:40:00,0.0,682.0538826073871,-61.14186122427442,0.6020000203333333
2024-09-02 05:45:00,0.0,682.0538826073871,-57.21054623565997,0.6020000203333333
2024-09-02 05:50:00,0.0,682.0538826073871,-52.33287721893075,0.6020000203333333
2024-09-02 05:55:00,0.0,682.0538826073871,-46.453043770334524,0.6020000203333333
2024-09-02 06:00:00,0.0,682.0538826073871,-39.51816592125061,11.798866681858886
2024-09-02 06:05:00,0.0,682.0538826073871,-31.478688334417186,11.798866681858886
2024-09-02 06:10:00,0.0,682.0538826073871,-22.288759420677874,11.798866681858886
2024-09-02 06:15:00,0.0,682.0538826073871,-11.906592483772314,11.798866681858886
2024-09-02 06:20:00,0.0,682.0538826073871,-0.2948063390650972,11.798866681858886
2024-09-02 06:25:00,0.0,682.0538826073871,12.579257116794498,11.926833328804443
2024-09-02 06:30:00,0.0,682.0538826073871,26.74324085477075,11.926833328804443
2024-09-02 06:35:00,0.0,682.0538826073871,42.219508108968995,11.539944443315555
2024-09-02 06:40:00,0.0,682.0538826073871,59.0249076426123,11.539944443315555
2024-09-02 06:45:00,0.0,682.0538826073871,77.17057030399243,19.7467321980423
2024-09-02 06:50:00,62.29999924,682.0538826073871,96.66173877194267,19.7467321980423
2024-09-02 06:55:00,86.40000153,682.0538826073871,117.49763174457586,19.7467321980423
2024-09-02 07:00:00,86.09999847,682.0538826073871,139.6713437218614,360.629406873295
2024-09-02 07:05:00,85.63333893,682.0538826073871,163.16978143138672,360.629406873295
2024-09-02 07:10:00,84.76667023,682.0538826073871,187.97363725186992,360.629406873295
2024-09-02 07:15:00,95.19999695,682.0538826073871,214.05740057208703,359.79196248307284
2024-09-02 07:20:00,107.9000015,682.0538826073871,241.38940648833469,352.8108526404191
2024-09-02 07:25:00,102.5666733,682.0538826073871,269.93192249589293,351.1598800241445
2024-09-02 07:30:00,138.1000061,682.0538826073871,299.64127225914694,351.1598800241445
2024-09-02 07:35:00,151.1999969,682.0538826073871,330.4679961335554,352.7654354441445
2024-09-02 07:40:00,169.0,682.0538826073871,362.35704726962905,349.700568214663
2024-09-02 07:45:00,160.9333344,682.0538826073871,395.24802245069833,346.5590415046074
2024-09-02 07:50:00,166.8333282,682.0538826073871,429.07542614547776,345.21406003875273
2024-09-02 07:55:00,186.3000031,682.0538826073871,463.76896605050575,345.21406003875273
2024-09-02 08:00:00,175.9000092,682.0538826073871,499.2538787357105,875.2281255666411
2024-09-02 08:05:00,176.3333282,682.0538826073871,535.4512824718864,875.2281255666411
2024-09-02 08:10:00,168.1999969,682.0538826073871,572.2785561857833,875.2281255666411
2024-09-02 08:15:00,195.1000061,682.0538826073871,609.6497410124637,875.2281255666411
2024-09-02 08:20:00,176.5999908,682.0538826073871,647.4759626599277,988.7135597567224
2024-09-02 08:25:00,213.1999969,682.0538826073871,685.6658714471052,988.7135597567224
2024-09-02 08:30:00,243.1999969,682.0538826073871,724.1260972925584,993.0415346485256
2024-09-02 08:35:00,286.2999878,682.0538826073871,762.7617168495724,993.0415346485256
2024-09-02 08:40:00,266.2333374,682.0538826073871,801.4767292793341,993.0415346485256
2024-09-02 08:45:00,280.1000061,682.0538826073871,840.1745384857666,993.0415346485256
2024-09-02 08:50:00,328.8999939,682.0538826073871,878.7584374005805,992.4679606329701
2024-09-02 08:55:00,308.6666565,682.0538826073871,917.1320924581187,992.4679606329701
2024-09-02 09:00:00,320.1333313,682.0538826073871,955.2000242669255,1068.0186943367032
2024-09-02 09:05:00,391.7999878,682.0538826073871,992.8680816616327,1082.5703619904782
2024-09-02 09:10:00,367.6000061,682.0538826073871,1030.043906169649,1312.5277608538095
2024-09-02 09:15:00,440.2999878,682.0538826073871,1066.6373835102863,1150.1984805107918
2024-09-02 09:20:00,624.2999878,682.0538826073871,1102.5610797443248,1054.7245424860653
2024-09-02 09:25:00,747.2000122,682.0538826073871,1137.7306588509514,1072.8423620797541
2024-09-02 09:30:00,693.8999634,682.0538826073871,1172.0652795005237,1072.2327331442543
2024-09-02 09:35:00,843.2999878,682.0538826073871,1205.4879677945096,996.777468221546
2024-09-02 09:40:00,781.0,682.0538826073871,1237.925964677609,969.7352525893311
2024-09-02 09:45:00,812.4666138,682.0538826073871,1269.3110448535456,965.7528636407757
2024-09-02 09:50:00,761.333313,682.0538826073871,1299.5798059822075,943.3177805347756
2024-09-02 09:55:00,747.25,682.0538826073871,1328.673926033872,943.3177805347756
2024-09-02 10:00:00,592.2333374,682.0538826073871,1356.5403874134633,1027.1899154109806
2024-09-02 10:05:00,672.7000122,682.0538826073871,1383.1316666719829,1033.7266084893508
2024-09-02 10:10:00,881.4000244,682.0538826073871,1408.4058884590104,1035.5200521287952
2024-09-02 10:15:00,1443.099976,682.0538826073871,1432.326943520985,1035.5200521287952
2024-09-02 10:20:00,1460.899902,682.0538826073871,1454.8645694425077,1028.983359050425
2024-09-02 10:25:00,1466.833374,682.0538826073871,1475.9943946538353,1028.983359050425
2024-09-02 10:30:00,1417.666626,682.0538826073871,1495.6979451816505,1028.983359050425
2024-09-02 10:35:00,1387.149902,682.0538826073871,1513.9626145997208,1028.983359050425
2024-09-02 10:40:00,1063.56665,682.0538826073871,1530.7815977299636,1106.840399335167
2024-09-02 10:45:00,913.2000122,682.0538826073871,1546.1537886942713,1115.492625185856
2024-09-02 10:50:00,844.0,682.0538826073871,1560.0836445721015,1160.2970014380082
2024-09-02 10:55:00,787.25,682.0538826073871,1572.5810157225155,1158.977150028564
2024-09-02 11:00:00,582.75,682.0538826073871,1583.6609444259338,1178.0092554663815
2024-09-02 11:05:00,420.0,682.0538826073871,1593.343433301851,1197.586350705937
2024-09-02 11:10:00,476.0,682.0538826073871,1601.6531857038308,1197.7838621872702
2024-09-02 11:15:00,559.0,682.0538826073871,1608.6193200189934,1197.7838621872702
2024-09-02 11:20:00,605.5999756,682.0538826073871,1614.275060098221,1202.716140358826
2024-09-02 11:25:00,572.5666504,682.0538826073871,1618.6574043893975,1204.1840404254926
2024-09-02 11:30:00,572.8666382,682.0538826073871,1621.8067762178414,1211.605924944904
2024-09-02 11:35:00,557.5333252,682.0538826073871,1623.7666579493703,1263.611539083015
2024-09-02 11:40:00,560.0666504,682.0538826073871,1624.583211784139,1266.7431381449042
2024-09-02 11:45:00,557.2333374,682.0538826073871,1624.3048900674153,1393.2257510606353
2024-09-02 11:50:00,523.9667358,682.0538826073871,1622.9820380243393,1386.644181030246
2024-09-02 11:55:00,505.5999756,682.0538826073871,1620.6664918174645,1386.9825766139686
2024-09-02 12:00:00,406.8999634,682.0538826073871,1617.4111750018444,1382.6502876513018
2024-09-02 12:05:00,345.2000122,682.0538826073871,1613.2696961708061,1382.8502209805683
2024-09-02 12:10:00,388.5,682.0538826073871,1608.2959508755478,1383.6009556468462
2024-09-02 12:15:00,461.8999939,682.0538826073871,1602.5437305669302,1387.7830137076612
2024-09-02 12:20:00,551.5999756,682.0538826073871,1596.0663414170401,1185.9087734314962
2024-09-02 12:25:00,717.7000122,682.0538826073871,1588.9162357180392,1185.9087734314962
2024-09-02 12:30:00,948.7000122,682.0538826073871,1581.144658379699,1208.6081276520297
2024-09-02 12:35:00,1178.400024,682.0538826073871,1572.8013111538141,1189.6347381753428
2024-09-02 12:40:00,1188.000122,682.0538826073871,1563.9340366764593,1180.8225379815267
2024-09-02 12:45:00,1900.599976,682.0538826073871,1554.5885246164921,1136.2714868805322
2024-09-02 12:50:00,1779.899902,682.0538826073871,1544.8080418562695,1230.2681269864452
2024-09-02 12:55:00,2057.199951,682.0538826073871,1534.6331884877413,1274.744449715834
2024-09-02 13:00:00,1839.333374,682.0538826073871,1524.1016811016873,1273.541098954584
2024-09-02 13:05:00,1886.799927,682.0538826073871,1513.248164829932,1278.474043698584
2024-09-02 13:10:00,1929.199951,682.0538826073871,1502.1040552102445,1282.7178406611938
2024-09-02 13:15:00,2059.800049,682.0538826073871,1490.6974106348523,1340.677537214493
2024-09-02 13:20:00,1994.5,682.0538826073871,1479.0528363160938,1380.5470105608263
2024-09-02 13:25:00,2037.333374,682.0538826073871,1467.191419813954,1314.492457587265
2024-09-02 13:30:00,2035.366577,682.0538826073871,1455.1306985305735,1355.2487827203076
2024-09-02 13:35:00,2055.166504,682.0538826073871,1442.8846589804916,1335.8850373340883
2024-09-02 13:40:00,2053.733154,682.0538826073871,1430.4637674851526,1520.681225277664
2024-09-02 13:45:00,1981.666626,682.0538826073871,1417.8750317963782,1589.8252982076565
2024-09-02 13:50:00,1874.533203,682.0538826073871,1405.1220927493684,1599.255462701498
2024-09-02 13:55:00,1690.233398,682.0538826073871,1392.2053449441216,1630.5729335241858
2024-09-02 14:00:00,1557.799927,682.0538826073871,1379.1220851531502,1424.0210653429099
2024-09-02 14:05:00,1394.233398,682.0538826073871,1365.8666871698967,1367.3934761748087
2024-09-02 14:10:00,1330.433472,682.0538826073871,1352.4308011594358,1364.7834386036975
2024-09-02 14:15:00,1483.099976,682.0538826073871,1338.803575845634,1353.5989500955682
2024-09-02 14:20:00,1390.599976,682.0538826073871,1324.9719015675137,1349.6005281424573
2024-09-02 14:25:00,2051.899902,682.0538826073871,1310.920671877686,1460.912097259593
2024-09-02 14:30:00,1875.550049,682.0538826073871,1296.6330615280935,1429.9219873006566
2024-09-02 14:35:00,1770.266602,682.0538826073871,1282.0908183814927,1427.912900229063
2024-09-02 14:40:00,1629.450073,682.0538826073871,1267.2745667100646,1474.6143156600413
2024-09-02 14:45:00,1683.400024,682.0538826073871,1252.1641193855125,1479.831372622835
2024-09-02 14:50:00,1664.250122,682.0538826073871,1236.7387962238743,1420.3379205746203
2024-09-02 14:55:00,1657.866699,682.0538826073871,1220.977745892402,1392.2824747489055
2024-09-02 15:00:00,1645.099854,682.0538826073871,1204.8602685866856,1325.546880785839
2024-09-02 15:05:00,1464.099976,682.0538826073871,1188.3661368935918,1276.5737457926557
2024-09-02 15:10:00,1074.900146,682.0538826073871,1171.4759120691094,1273.7135110126558
2024-09-02 15:15:00,779.9667358,682.0538826073871,1154.1712532788845,1285.3318289550846
2024-09-02 15:20:00,736.5999756,682.0538826073871,1136.4352170456852,1206.7134505326703
2024-09-02 15:25:00,631.2999268,682.0538826073871,1118.252544620151,1224.8612549992731
2024-09-02 15:30:00,473.0500183,682.0538826073871,1099.6099347033562,1224.8612549992731
2024-09-02 15:35:00,331.5,682.0538826073871,1080.4962996726888,1179.7905030437144
2024-09-02 15:40:00,224.0666656,682.0538826073871,1060.9030027240833,1188.0444049430398
2024-09-02 15:45:00,193.1999969,682.0538826073871,1040.8240742918365,1167.8400598312562
2024-09-02 15:50:00,183.5666656,682.0538826073871,1020.256406007436,1157.4422920907798
2024-09-02 15:55:00,178.0500031,682.0538826073871,999.1999203926094,1142.0303651482243
2024-09-02 16:00:00,143.9499969,682.0538826073871,977.6577150727123,1148.953152993132
2024-09-02 16:05:00,99.69999695,682.0538826073871,955.636180265217,1148.953152993132
2024-09-02 16:10:00,86.94999695,682.0538826073871,933.1450885178602,1148.953152993132
2024-09-02 16:15:00,86.6333313,682.0538826073871,910.1976560547774,1145.9909309742432
2024-09-02 16:20:00,86.2666626,682.0538826073871,886.8105751093722,1148.4444404176318
2024-09-02 16:25:00,87.36666107,682.0538826073871,863.00401701863,1147.8483522829652
2024-09-02 16:30:00,89.06667328,682.0538826073871,838.801605899555,1131.7347126298682
2024-09-02 16:35:00,90.36666107,682.0538826073871,814.2303632067828,1131.7347126298682
2024-09-02 16:40:00,90.1333313,682.0538826073871,789.3206235062183,1131.9854311251925
2024-09-02 16:45:00,89.1333313,682.0538826073871,764.1059220105005,1131.9854311251925
2024-09-02 16:50:00,87.90000153,682.0538826073871,738.6228549502295,829.654033469251
2024-09-02 16:55:00,84.59999847,682.0538826073871,712.9109135637782,827.3637300810994
2024-09-02 17:00:00,82.8500061,682.0538826073871,687.0122929755855,859.5612042005787
2024-09-02 17:05:00,72.96666718,682.0538826073871,660.9716778940947,844.8534108273565
2024-09-02 17:10:00,109.0,682.0538826073871,634.8360060047718,847.7765033438009
2024-09-02 17:15:00,98.15000916,682.0538826073871,608.6542114262743,854.9415871654676
2024-09-02 17:20:00,96.43332672,682.0538826073871,582.4769501106099,869.2600150792048
2024-09-02 17:25:00,89.2666626,682.0538826073871,556.356309064406,874.8194785965381
2024-09-02 17:30:00,148.6999969,682.0538826073871,530.3455018418498,876.2618119705381
2024-09-02 17:35:00,223.5,682.0538826073871,504.49855256956664,876.2618119705381
2024-09-02 17:40:00,219.5500183,682.0538826073871,478.86997085232923,845.3651685115318
2024-09-02 17:45:00,215.6333466,682.0538826073871,453.51442021675257,826.761131309865
2024-09-02 17:50:00,204.4333496,682.0538826073871,428.4863824554894,826.761131309865
2024-09-02 17:55:00,189.1333466,682.0538826073871,403.8398205844878,811.5353324852506
2024-09-02 18:00:00,170.5333252,682.0538826073871,379.6278428602145,87.57002666317406
2024-09-02 18:05:00,154.9000092,682.0538826073871,355.9023705061031,87.61083404814629
2024-09-02 18:10:00,140.2666626,682.0538826073871,332.7138117195645,95.41221625241306
2024-09-02 18:15:00,134.3999939,682.0538826073871,310.11074427192426,96.65734218696504
2024-09-02 18:20:00,114.3500137,682.0538826073871,288.1396094313666,268.02389792892996
2024-09-02 18:25:00,93.79999542,682.0538826073871,266.844419204301,268.02389792892996
2024-09-02 18:30:00,77.94999695,682.0538826073871,246.26647920673213,259.6456755453744
2024-09-02 18:35:00,60.86666489,682.0538826073871,226.44412959179516,259.6456755453744
2024-09-02 18:40:00,52.3666687,682.0538826073871,207.41250544489623,259.9695008561362
2024-09-02 18:45:00,49.69999695,682.0538826073871,189.2033188910447,264.97311061553785
2024-09-02 18:50:00,41.09999847,682.0538826073871,171.84466431698576,256.1327886823156
2024-09-02 18:55:00,32.34999847,682.0538826073871,155.3608483647674,256.1327886823156
2024-09-02 19:00:00,25.09999847,682.0538826073871,139.77224575016135,136.44039828430266
2024-09-02 19:05:00,20.0,682.0538826073871,125.0951821225606,139.5558639407471
2024-09-02 19:10:00,14.96666718,682.0538826073871,111.34184476143852,136.44039828430266
2024-09-02 19:15:00,13.19999981,682.0538826073871,98.52022180530285,136.44039828430266
2024-09-02 19:20:00,0.0,682.0538826073871,86.63407037551276,133.51934468649463
2024-09-02 19:25:00,0.0,682.0538826073871,75.68291386491542,133.51934468649463
2024-09-02 19:30:00,0.0,682.0538826073871,65.66206828239359,133.51934468649463
2024-09-02 19:35:00,0.0,682.0538826073871,56.562697493890056,134.68021457876765
2024-09-02 19:40:00,0.0,682.0538826073871,48.37189685377771,131.3362978314318
2024-09-02 19:45:00,0.0,682.0538826073871,41.072804535074795,127.72499093367072
2024-09-02 19:50:00,0.0,682.0538826073871,34.644739693490955,127.72499093367072
2024-09-02 19:55:00,0.0,682.0538826073871,29.063366369322555,127.27027424282497
2024-09-02 20:00:00,0.0,682.0538826073871,24.300881732164658,323.45668896279994
2024-09-02 20:05:00,0.0,682.0538826073871,20.326227403857256,323.40911488772775
2024-09-02 20:10:00,0.0,682.0538826073871,17.105321967407022,323.40911488772775
2024-09-02 20:15:00,0.0,682.0538826073871,14.60131301622507,322.9470777885055
2024-09-02 20:20:00,0.0,682.0538826073871,12.774846711856773,322.92668889918883
2024-09-02 20:25:00,0.0,682.0538826073871,11.584352808213378,2.612228448832224
2024-09-02 20:30:00,0.0,682.0538826073871,10.986342895580579,2.612228448832224
2024-09-02 20:35:00,0.0,682.0538826073871,10.93571960184666,2.5493951205822234
2024-09-02 20:40:00,0.0,682.0538826073871,11.386094380616443,2.5326395663822234
2024-09-02 20:45:00,0.0,682.0538826073871,12.290111408177264,2.5326395663822234
2024-09-02 20:50:00,0.0,682.0538826073871,13.599775183234968,2.5493951205822234
2024-09-02 20:55:00,0.0,682.0538826073871,15.266779275108108,2.612228448832224
2024-09-02 21:00:00,0.0,682.0538826073871,17.242833759874234,1.4812813979433337
2024-09-02 21:05:00,0.0,682.0538826073871,19.479988852327594,1.4812813979433337
2024-09-02 21:10:00,0.0,682.0538826073871,21.930952295462173,1.8233739628600005
2024-09-02 21:15:00,0.0,682.0538826073871,24.54939813105407,0.6459148131600002
2024-09-02 21:20:00,0.0,682.0538826073871,27.290264531124567,0.6179888894933335
2024-09-02 21:25:00,0.0,682.0538826073871,30.110038480215437,0.6179888894933335
2024-09-02 21:30:00,0.0,682.0538826073871,32.96702523020003,0.6179888894933335
2024-09-02 21:35:00,0.0,682.0538826073871,35.821600472734794,0.6565370386222225
2024-09-02 21:40:00,0.0,682.0538826073871,38.63644349671134,0.6644925961555558
2024-09-02 21:45:00,0.0,682.0538826073871,41.376749572082616,0.6644925961555558
2024-09-02 21:50:00,0.0,682.0538826073871,44.01042008987168,0.6644925961555558
2024-09-02 21:55:00,0.0,682.0538826073871,46.508229101364485,0.6644925961555558
2024-09-02 22:00:00,0.0,682.0538826073871,48.84396514808344,0.6644925961555558
2024-09-02 22:05:00,0.0,682.0538826073871,50.994547422623675,0.6644925961555558
2024-09-02 22:10:00,0.0,682.0538826073871,52.94011553267067,0.6644925961555558
2024-09-02 22:15:00,0.0,682.0538826073871,54.66409236451718,0.6644925961555558
2024-09-02 22:20:00,0.0,682.0538826073871,56.15321971100542,0.6644925961555558
2024-09-02 22:25:00,0.0,682.0538826073871,57.397566620043975,0.6644925961555558
2024-09-02 22:30:00,0.0,682.0538826073871,58.39051056447263,0.6644925961555558
2024-09-02 22:35:00,0.0,682.0538826073871,59.12869180783084,0.6644925961555558
2024-09-02 22:40:00,0.0,682.0538826073871,59.61194152014655,0.6644925961555558
2024-09-02 22:45:00,0.0,682.0538826073871,59.84318442759154,0.6644925961555558
2024-09-02 22:50:00,0.0,682.0538826073871,59.828316967872624,0.6644925961555558
2024-09-02 22:55:00,0.0,682.0538826073871,59.576062136714256,0.6644925961555558
2024-09-02 23:00:00,0.0,682.0538826073871,59.097802382871365,0.6644925961555558
2024-09-02 23:05:00,0.0,682.0538826073871,58.40739207357275,0.6644925961555558
2024-09-02 23:10:00,0.0,682.0538826073871,57.52095127159077,0.6644925961555558
2024-09-02 23:15:00,0.0,682.0538826073871,56.45664260067643,0.6644925961555558
2024-09-02 23:20:00,0.0,682.0538826073871,55.23443326355965,0.6644925961555558
2024-09-02 23:25:00,0.0,682.0538826073871,53.875844245545196,0.6644925961555558
2024-09-02 23:30:00,0.0,682.0538826073871,52.40368894038091,0.6644925961555558
2024-09-02 23:35:00,0.0,682.0538826073871,50.841803472284376,0.6644925961555558
2024-09-02 23:40:00,0.0,682.0538826073871,49.21477106669885,0.6644925961555558
2024-09-02 23:45:00,0.0,682.0538826073871,47.547642862641105,0.6644925961555558
2024-09-02 23:50:00,0.0,682.0538826073871,45.865657599585994,0.6644925961555558
2024-09-02 23:55:00,0.0,682.0538826073871,44.193962600012036,0.6644925961555558
2024-09-03 00:00:00,0.0,682.0538826073871,42.5573384614139,0.0
2024-09-03 00:05:00,0.0,682.0538826073871,40.97992990235473,0.0
2024-09-03 00:10:00,0.0,682.0538826073871,39.48498497462391,0.0
2024-09-03 00:15:00,0.0,682.0538826073871,38.09460509476922,0.0
2024-09-03 00:20:00,0.0,682.0538826073871,36.82950786765736,0.0
2024-09-03 00:25:00,0.0,682.0538826073871,35.70880497353056,0.0
2024-09-03 00:30:00,0.0,682.0538826073871,34.749796928519345,0.0
2024-09-03 00:35:00,0.0,682.0538826073871,33.96778660641198,0.0
2024-09-03 00:40:00,0.0,682.0538826073871,33.375913164500595,0.0
2024-09-03 00:45:00,0.0,682.0538826073871,32.98500787059211,0.0
2024-09-03 00:50:00,0.0,682.0538826073871,32.803473151207896,0.0
2024-09-03 00:55:00,0.0,682.0538826073871,32.837185960688046,0.0
2024-09-03 01:00:00,0.0,682.0538826073871,33.08942648100246,0.0
2024-09-03 01:05:00,0.0,682.0538826073871,33.56083271787429,0.0
2024-09-03 01:10:00,0.0,682.0538826073871,34.249381696719865,0.0
2024-09-03 01:15:00,0.0,682.0538826073871,35.150397348682574,0.0
2024-09-03 01:20:00,0.0,682.0538826073871,36.25658530058301,0.0
2024-09-03 01:25:00,0.0,682.0538826073871,37.55809433323347,0.0
2024-09-03 01:30:00,0.0,682.0538826073871,39.0426041377872,0.0
2024-09-03 01:35:00,0.0,682.0538826073871,40.69543879259809,0.0
2024-09-03 01:40:00,0.0,682.0538826073871,42.499705120801416,0.0
2024-09-03 01:45:00,0.0,682.0538826073871,44.43645491211461,0.0
2024-09-03 01:50:00,0.0,682.0538826073871,46.48486976945601,0.0
2024-09-03 01:55:00,0.0,682.0538826073871,48.622467174152376,0.0
2024-09-03 02:00:00,0.0,682.0538826073871,50.82532613711815,0.0
2024-09-03 02:05:00,0.0,682.0538826073871,53.068330666454955,0.0
2024-09-03 02:10:00,0.0,682.0538826073871,55.325429127685965,0.0
2024-09-03 02:15:00,0.0,682.0538826073871,57.56990739401886,0.0
2024-09-03 02:20:00,0.0,682.0538826073871,59.77467358721071,0.0
2024-09-03 02:25:00,0.0,682.0538826073871,61.912552097123935,0.6020000203333333
2024-09-03 02:30:00,0.0,682.0538826073871,63.9565844422286,0.6020000203333333
2024-09-03 02:35:00,0.0,682.0538826073871,65.880334518134,0.6020000203333333
2024-09-03 02:40:00,0.0,682.0538826073871,67.6581956636906,0.6020000203333333
2024-09-03 02:45:00,0.0,682.0538826073871,69.2656969941068,0.6020000203333333
2024-09-03 02:50:00,0.0,682.0538826073871,70.67980636441385,0.2206666565
2024-09-03 02:55:00,0.0,682.0538826073871,71.87922743628258,0.2206666565
2024-09-03 03:00:00,0.0,682.0538826073871,72.84468823162885,0.0
2024-09-03 03:05:00,0.0,682.0538826073871,73.55921869012612,0.0
2024-09-03 03:10:00,0.0,682.0538826073871,74.00841476319232,0.0
2024-09-03 03:15:00,0.0,682.0538826073871,74.180686684533,0.0
2024-09-03 03:20:00,0.0,682.0538826073871,74.06748915141947,0.0
2024-09-03 03:25:00,0.0,682.0538826073871,73.66353128103668,0.0
2024-09-03 03:30:00,0.0,682.0538826073871,72.96696433825099,0.0
2024-09-03 03:35:00,0.0,682.0538826073871,71.9795453851376,0.0
2024-09-03 03:40:00,0.0,682.0538826073871,70.70677519031987,0.0
2024-09-03 03:45:00,0.0,682.0538826073871,69.15800889597986,0.0
2024-09-03 03:50:00,0.0,682.0538826073871,67.34653816129142,0.0
2024-09-03 03:55:00,0.0,682.0538826073871,65.28964368410986,0.0
2024-09-03 04:00:00,0.0,682.0538826073871,63.008617265718044,0.0
2024-09-03 04:05:00,0.0,682.0538826073871,60.528752742716236,0.0
2024-09-03 04:10:00,0.0,682.0538826073871,57.879305408908785,0.0
2024-09-03 04:15:00,0.0,682.0538826073871,55.09341974063163,0.0
2024-09-03 04:20:00,0.0,682.0538826073871,52.20802549957247,0.0
2024-09-03 04:25:00,0.0,682.0538826073871,49.26370256852801,0.0
2024-09-03 04:30:00,0.0,682.0538826073871,46.30451495040398,0.0
2024-09-03 04:35:00,0.0,682.0538826073871,43.37781488428585,0.0
2024-09-03 04:40:00,0.0,682.0538826073871,40.53401796315703,0.0
2024-09-03 04:45:00,0.0,682.0538826073871,37.82635057211875,0.0
2024-09-03 04:50:00,0.0,682.0538826073871,35.310571077791074,0.0
2024-09-03 04:55:00,0.0,682.0538826073871,33.044666488763276,0.0
2024-09-03 05:00:00,0.0,682.0538826073871,31.088526395572256,0.0
2024-09-03 05:05:00,0.0,682.0538826073871,29.503596289314217,0.0
2024-09-03 05:10:00,0.0,682.0538826073871,28.352512512651575,0.0
2024-09-03 05:15:00,0.0,682.0538826073871,27.698721109020298,0.0
2024-09-03 05:20:00,0.0,682.0538826073871,27.606083265851225,0.0
2024-09-03 05:25:00,0.0,682.0538826073871,28.138469808332925,0.0
2024-09-03 05:30:00,0.0,682.0538826073871,29.359347626625272,0.0
2024-09-03 05:35:00,0.0,682.0538826073871,31.33136077630465,0.0
2024-09-03 05:40:00,0.0,682.0538826073871,34.11590916599791,0.0
2024-09-03 05:45:00,0.0,682.0538826073871,37.772727762325694,0.0
2024-09-03 05:50:00,0.0,682.0538826073871,42.35946921921549,0.0
2024-09-03 05:55:00,0.0,682.0538826073871,47.93129291409362,0.0
2024-09-03 06:00:00,0.0,682.0538826073871,54.540463295164095,4.129622281852223
2024-09-03 06:05:00,0.0,682.0538826073871,62.23596037957439,4.129622281852223
2024-09-03 06:10:00,0.0,682.0538826073871,71.06310524105321,4.129622281852223
2024-09-03 06:15:00,0.0,682.0538826073871,81.06320320436245,4.129622281852223
2024-09-03 06:20:00,0.0,682.0538826073871,92.27320735001106,4.129622281852223
2024-09-03 06:25:00,0.0,682.0538826073871,104.72540475115947,4.129622281852223
2024-09-03 06:30:00,0.0,682.0538826073871,118.44712792499057,3.3847333829633333
2024-09-03 06:35:00,0.0,682.0538826073871,133.46049351671877,3.3847333829633333
2024-09-03 06:40:00,0.0,682.0538826073871,149.78217027178786,3.3847333829633333
2024-09-03 06:45:00,0.0,682.0538826073871,167.4231781528084,3.3847333829633333
2024-09-03 06:50:00,0.0,682.0538826073871,186.38872009271554,3.3847333829633333
2024-09-03 06:55:00,89.40000153,682.0538826073871,206.67804788087605,2.7369555457966666
2024-09-03 07:00:00,105.8000031,682.0538826073871,228.28436311196225,70.88512213451605
2024-09-03 07:05:00,162.1999969,682.0538826073871,251.1947543808181,76.25119275510161
2024-09-03 07:10:00,224.8000031,682.0538826073871,275.39017110467296,84.37867395872917
2024-09-03 07:15:00,225.5,682.0538826073871,300.8454347110634,136.51276621718378
2024-09-03 07:20:00,348.7000122,682.0538826073871,327.52928677404833,193.12324610348918
2024-09-03 07:25:00,346.0500183,682.0538826073871,355.40447465284024,194.80796539698278
2024-09-03 07:30:00,345.1666565,682.0538826073871,384.42787388165146,194.80796539698278
2024-09-03 07:35:00,343.3999939,682.0538826073871,414.55064658914597,198.12980951506836
2024-09-03 07:40:00,285.4999695,682.0538826073871,445.7184354186652,198.12980951506836
2024-09-03 07:45:00,241.1999969,682.0538826073871,477.87159154271944,200.46206503047415
2024-09-03 07:50:00,224.6333466,682.0538826073871,510.9454354995623,205.31887280505566
2024-09-03 07:55:00,210.3000031,682.0538826073871,544.8705493371776,205.31887280505566
2024-09-03 08:00:00,210.3000031,682.0538826073871,579.57309807207,1226.248028984725
2024-09-03 08:05:00,328.7999878,682.0538826073871,614.9751786374791,1242.6965735006581
2024-09-03 08:10:00,330.8999939,682.0538826073871,650.9951939203729,1242.6965735006581
2024-09-03 08:15:00,363.0,682.0538826073871,687.5482497518805,1239.9220022642962
2024-09-03 08:20:00,651.0999756,682.0538826073871,724.5465720443757,1239.9220022642962
2024-09-03 08:25:00,727.0,682.0538826073871,761.8999416585941,1219.2130686387104
2024-09-03 08:30:00,689.0333862,682.0538826073871,799.516143790803,1218.4839321944628
2024-09-03 08:35:00,680.166687,682.0538826073871,837.3014294751441,1195.0522093422403
2024-09-03 08:40:00,617.166687,682.0538826073871,875.1609857788675,1195.0522093422403
2024-09-03 08:45:00,559.2999878,682.0538826073871,912.9994120837073,1130.1114558843117
2024-09-03 08:50:00,517.166687,682.0538826073871,950.721198601169,1172.2529016838323
2024-09-03 08:55:00,609.5,682.0538826073871,988.2312049625134,1167.61664531788
2024-09-03 09:00:00,1055.400024,682.0538826073871,1025.4351352035908,1165.5800820898355
2024-09-03 09:05:00,1544.199951,682.0538826073871,1062.2400059688832,1165.5800820898355
2024-09-03 09:10:00,1422.0,682.0538826073871,1098.554605378126,1194.8916377242244
2024-09-03 09:15:00,1346.866699,682.0538826073871,1134.2899392050956,1247.6024671788007
2024-09-03 09:20:00,1248.199951,682.0538826073871,1169.3596616377151,1231.6199063156853
2024-09-03 09:25:00,971.3499146,682.0538826073871,1203.6804879538313,1235.1312038006058
2024-09-03 09:30:00,667.3999634,682.0538826073871,1237.1725862538767,1220.0920685856968
2024-09-03 09:35:00,625.7333374,682.0538826073871,1269.7599460247804,1219.1039104875254
2024-09-03 09:40:00,774.7999878,682.0538826073871,1301.3707210302443,1324.2192856526008
2024-09-03 09:45:00,783.5999146,682.0538826073871,1331.9375446079443,1339.2365035783955
2024-09-03 09:50:00,789.7999878,682.0538826073871,1361.3978152552131,1345.0540031769344
2024-09-03 09:55:00,1085.900024,682.0538826073871,1389.6939508700636,1382.7669474922093
2024-09-03 10:00:00,2056.600098,682.0538826073871,1416.7736102535066,1317.8731835100812
2024-09-03 10:05:00,1813.900146,682.0538826073871,1442.589880325704,1262.022446406564
2024-09-03 10:10:00,1735.433228,682.0538826073871,1467.1014283979835,1259.761335363231
2024-09-03 10:15:00,1574.849976,682.0538826073871,1490.2726186366117,1308.7893629067096
2024-09-03 10:20:00,1526.200073,682.0538826073871,1512.0735918274352,1242.9935129252494
2024-09-03 10:25:00,2055.600098,682.0538826073871,1532.4803088281012,1234.087219710694
2024-09-03 10:30:00,2056.5,682.0538826073871,1551.474557268268,1234.087219710694
2024-09-03 10:35:00,2056.333252,682.0538826073871,1569.0439217760572,1277.2454980963453
2024-09-03 10:40:00,2056.5,682.0538826073871,1585.181718469672,1281.9685883095199
2024-09-03 10:45:00,2056.049805,682.0538826073871,1599.886894277115,1295.4544933750913
2024-09-03 10:50:00,1833.150024,682.0538826073871,1613.1638921638514,1275.042339338822
2024-09-03 10:55:00,2056.600098,682.0538826073871,1625.0224835381364,1273.929685227203
2024-09-03 11:00:00,2057.299805,682.0538826073871,1635.477569212885,1299.8546927906514
2024-09-03 11:05:00,2030.466797,682.0538826073871,1644.548950713509,1358.2131894189108
2024-09-03 11:10:00,1982.700073,682.0538826073871,1652.261073705044,1363.5670045864608
2024-09-03 11:15:00,1916.433228,682.0538826073871,1658.642745747188,1362.767023287812
2024-09-03 11:20:00,1884.700073,682.0538826073871,1663.726830452453,1359.8951733257795
2024-09-03 11:25:00,1788.799927,682.0538826073871,1667.5499205970914,1344.2491203270781
2024-09-03 11:30:00,1753.599854,682.0538826073871,1670.1519925995563,1244.9633764444884
2024-09-03 11:35:00,1445.599854,682.0538826073871,1671.576045078223,1253.9749289324884
2024-09-03 11:40:00,1207.099976,682.0538826073871,1671.8677242261836,1247.1562937253354
2024-09-03 11:45:00,1979.900024,682.0538826073871,1671.0749388020022,1234.8946525430595
2024-09-03 11:50:00,1711.099976,682.0538826073871,1669.24746764253,1151.9460056675455
2024-09-03 11:55:00,1620.900024,682.0538826073871,1666.4365625895323,1550.9561072504453
2024-09-03 12:00:00,1441.400146,682.0538826073871,1662.6945497681081,1579.3018263976771
2024-09-03 12:05:00,1170.199951,682.0538826073871,1658.0744321068312,1565.3746332476974
2024-09-03 12:10:00,847.0500488,682.0538826073871,1652.6294960626262,1760.5142359801828
2024-09-03 12:15:00,704.8499756,682.0538826073871,1646.4129252400112,1765.98651797689
2024-09-03 12:20:00,532.7999878,682.0538826073871,1639.4774238650734,1767.5266052182872
2024-09-03 12:25:00,385.5,682.0538826073871,1631.8748525630845,1761.0267155319023
2024-09-03 12:30:00,290.9333191,682.0538826073871,1623.6558791999962,1745.6053788813435
2024-09-03 12:35:00,273.9666748,682.0538826073871,1614.869647077865,1738.171200590366
2024-09-03 12:40:00,284.5666504,682.0538826073871,1605.5634628510545,1731.2898956838305
2024-09-03 12:45:00,263.7666931,682.0538826073871,1595.7825062028458,1720.3791445404224
2024-09-03 12:50:00,260.6500244,682.0538826073871,1585.5695632881752,1688.730319040109
2024-09-03 12:55:00,197.5,682.0538826073871,1574.9647856631418,1610.8692879811497
2024-09-03 13:00:00,175.3999939,682.0538826073871,1564.0054761956403,1408.5874269083492
2024-09-03 13:05:00,252.8000031,682.0538826073871,1552.7259034284655,1371.295743842593
2024-09-03 13:10:00,353.7999878,682.0538826073871,1541.1571452779356,1319.6975071328
2024-09-03 13:15:00,322.6499939,682.0538826073871,1529.3269630942307,1312.2570166280789
2024-09-03 13:20:00,318.6999817,682.0538826073871,1517.2597067550284,1328.9132002860347
2024-09-03 13:25:00,285.8999939,682.0538826073871,1504.9762509905383,960.2714730282386
2024-09-03 13:30:00,330.7000122,682.0538826073871,1492.4939632809858,1511.919865408081
2024-09-03 13:35:00,292.1333313,682.0538826073871,1479.8267031006005,1336.908686257816
2024-09-03 13:40:00,308.4333191,682.0538826073871,1466.98485232444,1313.4669549408222
2024-09-03 13:45:00,348.8999939,682.0538826073871,1453.975376047153,1373.538909420883
2024-09-03 13:50:00,399.2000122,682.0538826073871,1440.80191314888,1382.7664065761053
2024-09-03 13:55:00,377.2333069,682.0538826073871,1427.4648955444482,1388.557929343931
2024-09-03 14:00:00,453.1000061,682.0538826073871,1413.96169478079,1362.8173056757823
2024-09-03 14:05:00,496.1000061,682.0538826073871,1400.2867947998827,1345.4522601628698
2024-09-03 14:10:00,535.5,682.0538826073871,1386.431988834281,1205.3740398273326
2024-09-03 14:15:00,694.2000122,682.0538826073871,1372.3865990066895,1238.5374763627985
2024-09-03 14:20:00,820.7999878,682.0538826073871,1358.1377163623902,1210.5756015424736
2024-09-03 14:25:00,900.0,682.0538826073871,1343.6704593642412,1192.8517777190766
2024-09-03 14:30:00,961.5,682.0538826073871,1328.9682484726345,1190.9009640140766
2024-09-03 14:35:00,1133.599976,682.0538826073871,1314.0130945812512,1405.8333737187709
2024-09-03 14:40:00,1378.0,682.0538826073871,1298.785898661001,1410.336038414122
2024-09-03 14:45:00,1773.099976,682.0538826073871,1283.2667600783195,1415.7718387383443
2024-09-03 14:50:00,1749.800049,682.0538826073871,1267.4352912301715,1429.7093429979109
2024-09-03 14:55:00,1742.0,682.0538826073871,1251.2709354512167,1435.6813509497745
2024-09-03 15:00:00,1654.699829,682.0538826073871,1234.753285847977,1414.045167791832
2024-09-03 15:05:00,1618.799927,682.0538826073871,1217.86240221718,1269.4050824125925
2024-09-03 15:10:00,1211.06665,682.0538826073871,1200.5791236023142,1207.2355753245185
2024-09-03 15:15:00,1062.166626,682.0538826073871,1182.8853736866815,1227.5123301639755
2024-09-03 15:20:00,1191.099976,682.0538826073871,1164.764456667762,1236.5251910810866
2024-09-03 15:25:00,1110.5,682.0538826073871,1146.2013411376902,1218.7857691677318
2024-09-03 15:30:00,1114.133301,682.0538826073871,1127.182929495855,1213.9181580014542
2024-09-03 15:35:00,1075.649902,682.0538826073871,1107.6983110985886,1208.8809326889875
2024-09-03 15:40:00,949.5,682.0538826073871,1087.7389964375084,1141.760975493152
2024-09-03 15:45:00,689.333313,682.0538826073871,1067.2991310792559,1100.2621026066024
2024-09-03 15:50:00,608.7333374,682.0538826073871,1046.375687137391,1078.5708317655628
2024-09-03 15:55:00,573.5999756,682.0538826073871,1024.968630978252,1045.6095950868992
2024-09-03 16:00:00,534.0,682.0538826073871,1003.0810656143261,721.4142375173236
2024-09-03 16:05:00,489.4666748,682.0538826073871,980.719346827681,720.6955780808089
2024-09-03 16:10:00,439.6666565,682.0538826073871,957.8931718265825,796.5626470927589
2024-09-03 16:15:00,417.0999756,682.0538826073871,934.6156396937881,792.5081193016479
2024-09-03 16:20:00,324.1000061,682.0538826073871,910.9032835321946,1345.3211852482273
2024-09-03 16:25:00,286.1000061,682.0538826073871,886.7760733146464,1291.450482460069
2024-09-03 16:30:00,274.6666565,682.0538826073871,862.2573900050683,1285.6543150284024
2024-09-03 16:35:00,259.6000061,682.0538826073871,837.3739706462444,1282.3999364820595
2024-09-03 16:40:00,245.0333405,682.0538826073871,812.1558252559614,1285.0301059296041
2024-09-03 16:45:00,233.8333282,682.0538826073871,786.6361256928765,1248.1054158770762
2024-09-03 16:50:00,229.366684,682.0538826073871,760.8510676328273,1248.1054158770762
2024-09-03 16:55:00,233.2666626,682.0538826073871,734.8397066133062,1248.1054158770762
2024-09-03 17:00:00,235.0333252,682.0538826073871,708.6437692119766,917.8681658704179
2024-09-03 17:05:00,233.6666718,682.0538826073871,682.3074413143366,1021.8632285415175
2024-09-03 17:10:00,224.7666626,682.0538826073871,655.8771343040132,965.9868449492636
2024-09-03 17:15:00,212.4000092,682.0538826073871,629.4012317776645,978.161714746486
2024-09-03 17:20:00,197.3333282,682.0538826073871,602.9298180662644,955.8589892360488
2024-09-03 17:25:00,181.6333466,682.0538826073871,576.5143910892477,979.8580517364707
2024-09-03 17:30:00,168.7333221,682.0538826073871,550.2075614875017,982.8281732667849
2024-09-03 17:35:00,162.3999939,682.0538826073871,524.0627404084167,976.2850728944295
2024-09-03 17:40:00,133.3333282,682.0538826073871,498.1338185120867,934.4044281347088
2024-09-03 17:45:00,118.4666672,682.0538826073871,472.4748381745932,931.7770509195246
2024-09-03 17:50:00,111.9000015,682.0538826073871,447.1396621378822,930.0122847882229
2024-09-03 17:55:00,107.2333374,682.0538826073871,422.18164037173807,916.856242927277
2024-09-03 18:00:00,101.0333328,682.0538826073871,397.6532782329533,279.00926851304104
2024-09-03 18:05:00,93.76667023,682.0538826073871,373.60590815371035,279.00926851304104
2024-09-03 18:10:00,90.25,682.0538826073871,350.089367661046,279.1626467532451
2024-09-03 18:15:00,75.09999847,682.0538826073871,327.15168582233287,109.72379327092199
2024-09-03 18:20:00,58.95000076,682.0538826073871,304.8387807982907,110.14454698390531
2024-09-03 18:25:00,45.29999924,682.0538826073871,283.1941706888664,110.21946764185991
2024-09-03 18:30:00,40.0,682.0538826073871,262.2586997486551,110.21946764185991
2024-09-03 18:35:00,36.39999771,682.0538826073871,242.0702824706896,110.30846767238657
2024-09-03 18:40:00,33.09999847,682.0538826073871,222.66366682951588,110.33942688562989
2024-09-03 18:45:00,29.73333168,682.0538826073871,204.07021910355226,118.34554827446087
2024-09-03 18:50:00,27.3666687,682.0538826073871,186.31773145038554,119.88657457334882
2024-09-03 18:55:00,24.76666832,682.0538826073871,169.43025391402196,123.58004192947953
2024-09-03 19:00:00,23.75000191,682.0538826073871,153.42795204344992,36.555333080068294
2024-09-03 19:05:00,19.79999924,682.0538826073871,138.32699112671267,36.555333080068294
2024-09-03 19:10:00,15.65000057,682.0538826073871,124.13944808072716,36.555333080068294
2024-09-03 19:15:00,12.59999943,682.0538826073871,110.87325127349621,37.383296074201624
2024-09-03 19:20:00,0.0,682.0538826073871,98.53214919083428,37.383296074201624
2024-09-03 19:25:00,0.0,682.0538826073871,87.11570766051715,38.59563374754977
2024-09-03 19:30:00,0.0,682.0538826073871,76.61933593111146,38.59563374754977
2024-09-03 19:35:00,0.0,682.0538826073871,67.03434125037963,38.59563374754977
2024-09-03 19:40:00,0.0,682.0538826073871,58.3480114599859,38.73570782894977
2024-09-03 19:45:00,0.0,682.0538826073871,50.543725037474125,38.73570782894977
2024-09-03 19:50:00,0.0,682.0538826073871,43.601087558640074,38.73570782894977
2024-09-03 19:55:00,0.0,682.0538826073871,37.49609361175619,38.73570782894977
2024-09-03 20:00:00,0.0,682.0538826073871,32.20131280284627,1.4600469803600005
2024-09-03 20:05:00,0.0,682.0538826073871,27.686098498621632,1.4600469803600005
2024-09-03 20:10:00,0.0,682.0538826073871,23.91681752217759,1.4600469803600005
2024-09-03 20:15:00,0.0,682.0538826073871,20.8570991719143,1.4600469803600005
2024-09-03 20:20:00,0.0,682.0538826073871,18.468101509897647,1.4600469803600005
2024-09-03 20:25:00,0.0,682.0538826073871,16.70879292687594,1.4600469803600005
2024-09-03 20:30:00,0.0,682.0538826073871,15.536246785645046,1.4600469803600005
2024-09-03 20:35:00,0.0,682.0538826073871,14.905946872250528,1.4600469803600005
2024-09-03 20:40:00,0.0,682.0538826073871,14.772101330338119,1.4600469803600005
2024-09-03 20:45:00,0.0,682.0538826073871,15.0879626525713,1.4600469803600005
2024-09-03 20:50:00,0.0,682.0538826073871,15.806151286336746,1.4600469803600005
2024-09-03 20:55:00,0.0,682.0538826073871,16.878980409565187,1.5019358658600006
2024-09-03 21:00:00,0.0,682.0538826073871,18.258779392405998,1.3878739624600005
2024-09-03 21:05:00,0.0,682.0538826073871,19.89821350419766,0.044637034093333326
2024-09-03 21:10:00,0.0,682.0538826073871,21.75059745450233,0.044637034093333326
2024-09-03 21:15:00,0.0,682.0538826073871,23.770200412112388,0.044637034093333326
2024-09-03 21:20:00,0.0,682.0538826073871,25.912540224475034,0.01671111042666667
2024-09-03 21:25:00,0.0,682.0538826073871,28.13466464606607,0.01671111042666667
2024-09-03 21:30:00,0.0,682.0538826073871,30.395417502230117,0.01671111042666667
2024-09-03 21:35:00,0.0,682.0538826073871,32.65568783210748,0.01671111042666667
2024-09-03 21:40:00,0.0,682.0538826073871,34.878640167620794,0.01671111042666667
2024-09-03 21:45:00,0.0,682.0538826073871,37.029924377747086,0.01671111042666667
2024-09-03 21:50:00,0.0,682.0538826073871,39.077863456422094,0.01671111042666667
2024-09-03 21:55:00,0.0,682.0538826073871,40.99361805675652,0.01671111042666667
2024-09-03 22:00:00,0.0,682.0538826073871,42.75132658203222,0.0
2024-09-03 22:05:00,0.0,682.0538826073871,44.32821993125251,0.0
2024-09-03 22:10:00,0.0,682.0538826073871,45.70471016242215,0.0
2024-09-03 22:15:00,0.0,682.0538826073871,46.86445258132264,0.0
2024-09-03 22:20:00,0.0,682.0538826073871,47.79438093358503,0.0
2024-09-03 22:25:00,0.0,682.0538826073871,48.484715630256815,0.0
2024-09-03 22:30:00,0.0,682.0538826073871,48.92894514847387,0.0
2024-09-03 22:35:00,0.0,682.0538826073871,49.12378093024294,0.0
2024-09-03 22:40:00,0.0,682.0538826073871,49.06908636522843,0.0
2024-09-03 22:45:00,0.0,682.0538826073871,48.76778060644359,0.0
2024-09-03 22:50:00,0.0,682.0538826073871,48.22571819936641,0.0
2024-09-03 22:55:00,0.0,682.0538826073871,47.451545677369616,0.0
2024-09-03 23:00:00,0.0,682.0538826073871,46.456536470572914,0.0
2024-09-03 23:05:00,0.0,682.0538826073871,45.25440565106294,0.0
2024-09-03 23:10:00,0.0,682.0538826073871,43.86110618634159,0.0
2024-09-03 23:15:00,0.0,682.0538826073871,42.2946085160941,0.0
2024-09-03 23:20:00,0.0,682.0538826073871,40.57466545631938,0.0
2024-09-03 23:25:00,0.0,682.0538826073871,38.72256441802596,0.0
2024-09-03 23:30:00,0.0,682.0538826073871,36.760869230509364,0.0
2024-09-03 23:35:00,0.0,682.0538826073871,34.71315369964529,0.0
2024-09-03 23:40:00,0.0,682.0538826073871,32.60372934169251,0.0
2024-09-03 23:45:00,0.0,682.0538826073871,30.457369573132674,0.0
2024-09-03 23:50:00,0.0,682.0538826073871,28.29903279463514,0.0
2024-09-03 23:55:00,0.0,682.0538826073871,26.15358676190668,0.0
2024-09-04 00:00:00,0.0,682.0538826073871,24.045536627176176,0.0
2024-09-04 00:05:00,0.0,682.0538826073871,21.99875902447445,0.0
2024-09-04 00:10:00,0.0,682.0538826073871,20.03624447742864,0.0
2024-09-04 00:15:00,0.0,682.0538826073871,18.1798504520177,0.0
2024-09-04 00:20:00,0.0,682.0538826073871,16.4500670603743,0.0
2024-09-04 00:25:00,0.0,682.0538826073871,14.865797663995926,0.0
2024-09-04 00:30:00,0.0,682.0538826073871,13.444156092101723,0.0
2024-09-04 00:35:00,0.0,682.0538826073871,12.200282469926119,0.0
2024-09-04 00:40:00,0.0,682.0538826073871,11.14717914438202,0.0
2024-09-04 00:45:00,0.0,682.0538826073871,10.295568270506557,0.0
2024-09-04 00:50:00,0.0,682.0538826073871,9.65377232839423,0.0
2024-09-04 00:55:00,0.0,682.0538826073871,9.22761869052703,0.0
2024-09-04 01:00:00,0.0,682.0538826073871,9.020369152121008,0.0
2024-09-04 01:05:00,0.0,682.0538826073871,9.032675136041556,0.0
2024-09-04 01:10:00,0.0,682.0538826073871,9.262559076337826,0.0
2024-09-04 01:15:00,0.0,682.0538826073871,9.70542223903512,0.0
2024-09-04 01:20:00,0.0,682.0538826073871,10.354079096276003,0.0
2024-09-04 01:25:00,0.0,682.0538826073871,11.198818027073617,0.0
2024-09-04 01:30:00,0.0,682.0538826073871,12.227488028738783,0.0
2024-09-04 01:35:00,0.0,682.0538826073871,13.425610811510483,0.0
2024-09-04 01:40:00,0.0,682.0538826073871,14.77651748687986,0.0
2024-09-04 01:45:00,0.0,682.0538826073871,16.26150881410374,0.0
2024-09-04 01:50:00,0.0,682.0538826073871,17.860037814616916,0.0
2024-09-04 01:55:00,0.0,682.0538826073871,19.549913326514496,0.0
2024-09-04 02:00:00,0.0,682.0538826073871,21.307522926613842,0.0
2024-09-04 02:05:00,0.0,682.0538826073871,23.108073438868992,8.137111061333334
2024-09-04 02:10:00,0.0,682.0538826073871,24.925847141692884,8.137111061333334
2024-09-04 02:15:00,0.0,682.0538826073871,26.73447160810001,8.137111061333334
2024-09-04 02:20:00,0.0,682.0538826073871,28.507200978267704,8.137111061333334
2024-09-04 02:25:00,0.0,682.0538826073871,30.21720640507373,8.137111061333334
2024-09-04 02:30:00,0.0,682.0538826073871,31.837873266535688,3.466577596133334
2024-09-04 02:35:00,0.0,682.0538826073871,33.34310269462809,3.466577596133334
2024-09-04 02:40:00,0.0,682.0538826073871,34.70761491289715,0.6020000203333333
2024-09-04 02:45:00,0.0,682.0538826073871,35.90725183195324,0.6020000203333333
2024-09-04 02:50:00,0.0,682.0538826073871,36.91927634111103,0.6020000203333333
2024-09-04 02:55:00,0.0,682.0538826073871,37.722665746317496,0.6020000203333333
2024-09-04 03:00:00,0.0,682.0538826073871,38.29839681909235,0.6020000203333333
2024-09-04 03:05:00,0.0,682.0538826073871,38.62971996979228,0.6020000203333333
2024-09-04 03:10:00,0.0,682.0538826073871,38.702420124756856,0.6020000203333333
2024-09-04 03:15:00,0.0,682.0538826073871,38.50506197029499,0.6020000203333333
2024-09-04 03:20:00,0.0,682.0538826073871,38.029217329573534,0.6020000203333333
2024-09-04 03:25:00,0.0,682.0538826073871,37.26967255494035,0.6020000203333333
2024-09-04 03:30:00,0.0,682.0538826073871,36.22461396711201,0.6020000203333333
2024-09-04 03:35:00,0.0,682.0538826073871,34.8957894940294,0.6020000203333333
2024-09-04 03:40:00,0.0,682.0538826073871,33.28864491892872,0.6020000203333333
2024-09-04 03:45:00,0.0,682.0538826073871,31.412433159339514,0.6020000203333333
2024-09-04 03:50:00,0.0,682.0538826073871,29.280295422700444,0.6020000203333333
2024-09-04 03:55:00,0.0,682.0538826073871,26.909313076826045,0.6020000203333333
2024-09-04 04:00:00,0.0,682.0538826073871,24.320529426188916,0.6020000203333333
2024-09-04 04:05:00,0.0,682.0538826073871,21.538940753590474,0.6020000203333333
2024-09-04 04:10:00,0.0,682.0538826073871,18.593456213501987,0.6020000203333333
2024-09-04 04:15:00,0.0,682.0538826073871,15.516826437829165,0.6020000203333333
2024-09-04 04:20:00,0.0,682.0538826073871,12.345540890761793,0.6020000203333333
2024-09-04 04:25:00,0.0,682.0538826073871,9.119694333459647,0.6020000203333333
2024-09-04 04:30:00,0.0,682.0538826073871,5.882822832539914,0.6020000203333333
2024-09-04 04:35:00,0.0,682.0538826073871,2.681710270377255,0.6020000203333333
2024-09-04 04:40:00,0.0,682.0538826073871,-0.4338338484707533,0.2206666565
2024-09-04 04:45:00,0.0,682.0538826073871,-3.411223856979057,0.2206666565
2024-09-04 04:50:00,0.0,682.0538826073871,-6.19537336061578,0.0
2024-09-04 04:55:00,0.0,682.0538826073871,-8.728994900342872,0.0
2024-09-04 05:00:00,0.0,682.0538826073871,-10.952922056058647,0.0
2024-09-04 05:05:00,0.0,682.0538826073871,-12.806451878791025,0.0
2024-09-04 05:10:00,0.0,682.0538826073871,-14.2277055507108,0.0
2024-09-04 05:15:00,0.0,682.0538826073871,-15.154004849255985,0.0
2024-09-04 05:20:00,0.0,682.0538826073871,-15.522261942165121,0.0
2024-09-04 05:25:00,0.0,682.0538826073871,-15.26937994502765,0.0
2024-09-04 05:30:00,0.0,682.0538826073871,-14.3326614426099,0.0
2024-09-04 05:35:00,0.0,682.0538826073871,-12.650222323499795,0.0
2024-09-04 05:40:00,0.0,682.0538826073871,-10.161407920276368,0.0
2024-09-04 05:45:00,0.0,682.0538826073871,-6.807208714244429,0.0
2024-09-04 05:50:00,0.0,682.0538826073871,-2.5306725927824063,0.0
2024-09-04 05:55:00,0.0,682.0538826073871,2.7226891838396363,0.0
2024-09-04 06:00:00,0.0,682.0538826073871,9.00450522133377,9.704037497898252
2024-09-04 06:05:00,0.0,682.0538826073871,16.363159251026126,9.704037497898252
2024-09-04 06:10:00,0.0,682.0538826073871,24.843420184059706,9.704037497898252
2024-09-04 06:15:00,0.0,682.0538826073871,34.486089679186584,9.704037497898252
2024-09-04 06:20:00,0.0,682.0538826073871,45.32766970017951,9.704037497898252
2024-09-04 06:25:00,0.0,682.0538826073871,57.400052643170326,9.704037497898252
2024-09-04 06:30:00,0.0,682.0538826073871,70.73023631988892,9.704037497898252
2024-09-04 06:35:00,0.0,682.0538826073871,85.34006576286102,9.704037497898252
2024-09-04 06:40:00,0.0,682.0538826073871,101.24600412213411,9.704037497898252
2024-09-04 06:45:00,0.0,682.0538826073871,118.45893418922253,9.704037497898252
2024-09-04 06:50:00,0.0,682.0538826073871,136.98399228358824,9.704037497898252
2024-09-04 06:55:00,0.0,682.0538826073871,156.82043566640718,10.133170796867143
2024-09-04 07:00:00,0.0,682.0538826073871,177.9615448394563,94.88372857509282
2024-09-04 07:05:00,0.0,682.0538826073871,200.3945614471722,94.88372857509282
2024-09-04 07:10:00,0.0,682.0538826073871,224.10066246646937,93.54248709609084
2024-09-04 07:15:00,0.0,682.0538826073871,249.0549712531258,93.54248709609084
2024-09-04 07:20:00,0.0,682.0538826073871,275.22660510686075,93.54248709609084
2024-09-04 07:25:00,0.0,682.0538826073871,302.5787599675257,93.54248709609084
2024-09-04 07:30:00,0.0,682.0538826073871,331.0688311471284,95.52887045955748
2024-09-04 07:35:00,0.0,682.0538826073871,360.6485700188156,95.52887045955748
2024-09-04 07:40:00,0.0,682.0538826073871,391.26427547684733,95.52887045955748
2024-09-04 07:45:00,60.20000076,682.0538826073871,422.85701929051874,95.52887045955748
2024-09-04 07:50:00,68.80000305,682.0538826073871,455.36290366982723,95.52887045955748
2024-09-04 07:55:00,80.5,682.0538826073871,488.71334984777616,99.13051402228274
2024-09-04 08:00:00,74.76667023,682.0538826073871,522.8354158347864,1148.7987790069674
2024-09-04 08:05:00,128.1999969,682.0538826073871,557.6521408341907,1159.7871998554995
2024-09-04 08:10:00,129.2999878,682.0538826073871,593.082914971666,1173.395874708334
2024-09-04 08:15:00,128.4666595,682.0538826073871,629.0438713188468,1176.0628744310961
2024-09-04 08:20:00,127.8000107,682.0538826073871,665.448298102171,1198.58218252865
2024-09-04 08:25:00,120.2000046,682.0538826073871,702.2070680286371,1178.7819071239005
2024-09-04 08:30:00,116.8999939,682.0538826073871,739.2290824509106,1179.2475737804007
2024-09-04 08:35:00,93.59999847,682.0538826073871,776.4217271245134,1179.2475737804007
2024-09-04 08:40:00,85.7666626,682.0538826073871,813.6913366977715,1172.4680549912339
2024-09-04 08:45:00,87.93332672,682.0538826073871,850.9436652056156,1170.9777664529822
2024-09-04 08:50:00,86.5,682.0538826073871,888.0843586940478,1169.8428330267152
2024-09-04 08:55:00,87.59999847,682.0538826073871,925.0194281391399,970.9368829449816
2024-09-04 09:00:00,98.0,682.0538826073871,961.6557183639583,961.0522524852356
2024-09-04 09:05:00,92.86666107,682.0538826073871,997.9013707944501,953.6078690624354
2024-09-04 09:10:00,108.8000031,682.0538826073871,1033.666276573804,976.8095213086427
2024-09-04 09:15:00,100.0666733,682.0538826073871,1068.8625174210097,970.5644071686429
2024-09-04 09:20:00,101.6333313,682.0538826073871,1103.4047910079407,976.2944746424339
2024-09-04 09:25:00,95.80001068,682.0538826073871,1137.2108185783848,1022.6108173704857
2024-09-04 09:30:00,92.53333282,682.0538826073871,1170.2017321287599,1052.434997558527
2024-09-04 09:35:00,114.6999969,682.0538826073871,1202.3024381397033,1040.641298492938
2024-09-04 09:40:00,162.5,682.0538826073871,1233.4419565436644,1148.594343970898
2024-09-04 09:45:00,156.2000122,682.0538826073871,1263.5537320047463,1177.6760748248098
2024-09-04 09:50:00,154.0999908,682.0538826073871,1292.5759161413444,1204.7509091480322
2024-09-04 09:55:00,140.9666595,682.0538826073871,1320.4516185365912,1204.7509091480322
2024-09-04 10:00:00,136.5,682.0538826073871,1347.1291255363042,1414.2763005113293
2024-09-04 10:05:00,108.8999863,682.0538826073871,1372.5620852642874,1408.278053078456
2024-09-04 10:10:00,126.5999985,682.0538826073871,1396.7096579456781,1408.278053078456
2024-09-04 10:15:00,217.1000061,682.0538826073871,1419.5366309563722,1407.727460361567
2024-09-04 10:20:00,278.2999878,682.0538826073871,1441.0134975901224,1407.228978511567
2024-09-04 10:25:00,245.7666626,682.0538826073871,1461.1165000322799,1366.6167499404878
2024-09-04 10:30:00,258.1333313,682.0538826073871,1479.827635829076,1366.6167499404878
2024-09-04 10:35:00,237.0,682.0538826073871,1497.1346286035262,1408.9829297461304
2024-09-04 10:40:00,225.7333221,682.0538826073871,1513.0308632638069,1452.0207856733662
2024-09-04 10:45:00,210.8000031,682.0538826073871,1527.5152865404236,1419.5750698208687
2024-09-04 10:50:00,236.6000061,682.0538826073871,1540.5922738981876,1425.9909069375078
2024-09-04 10:55:00,310.0,682.0538826073871,1552.2714638716975,1406.2806454444762
2024-09-04 11:00:00,376.6000061,682.0538826073871,1562.5675615743426,1366.5958242863064
2024-09-04 11:05:00,346.5,682.0538826073871,1571.5001126642596,1368.8670891534368
2024-09-04 11:10:00,365.6333313,682.0538826073871,1579.0932499888488,1352.9069857842744
2024-09-04 11:15:00,432.3999939,682.0538826073871,1585.3754147117631,1338.5612550591188
2024-09-04 11:20:00,617.7999878,682.0538826073871,1590.3790542457657,1276.1262425328664
2024-09-04 11:25:00,734.5999756,682.0538826073871,1594.1402993047589,1280.8367365245554
2024-09-04 11:30:00,682.7666016,682.0538826073871,1596.6986226030178,1251.8362744672338
2024-09-04 11:35:00,708.4666138,682.0538826073871,1598.096481849019,1251.7156173375452
2024-09-04 11:40:00,678.1333618,682.0538826073871,1598.3789496461345,1213.2721623811112
2024-09-04 11:45:00,640.2999878,682.0538826073871,1597.5933332188722,1201.5689328326798
2024-09-04 11:50:00,590.5333252,682.0538826073871,1595.78878669029,1188.6829325602794
2024-09-04 11:55:00,994.4000244,682.0538826073871,1593.015918859029,1132.2030032270884
2024-09-04 12:00:00,928.5499878,682.0538826073871,1589.326399352047,1134.6059702230996
2024-09-04 12:05:00,928.333313,682.0538826073871,1584.7725660093301,1142.5389815858994
2024-09-04 12:10:00,858.166687,682.0538826073871,1579.4070363765118,1134.6059702230996
2024-09-04 12:15:00,841.833313,682.0538826073871,1573.2823260984048,1134.6059702230996
2024-09-04 12:20:00,780.0,682.0538826073871,1566.4504769339571,1135.0739702474218
2024-09-04 12:25:00,750.5667114,682.0538826073871,1558.9626970467325,1135.0739702474218
2024-09-04 12:30:00,690.4333496,682.0538826073871,1550.8690160630163,1153.1460765338832
2024-09-04 12:35:00,623.9332886,682.0538826073871,1542.2179573801322,1153.1460765338832
2024-09-04 12:40:00,554.4666138,682.0538826073871,1533.0562298511768,1191.9174625212129
2024-09-04 12:45:00,581.0999756,682.0538826073871,1523.4284410456264,1193.8953978593331
2024-09-04 12:50:00,717.9000244,682.0538826073871,1513.3768339565138,1204.8762406948865
2024-09-04 12:55:00,988.7999878,682.0538826073871,1502.9410488461176,1204.8762406948865
2024-09-04 13:00:00,1103.900024,682.0538826073871,1492.157911862923,1214.7581414354086
2024-09-04 13:05:00,1054.200073,682.0538826073871,1481.0612515887856,1219.869477955047
2024-09-04 13:10:00,1076.0,682.0538826073871,1469.6817447301619,1220.3720335987139
2024-09-04 13:15:00,1045.466675,682.0538826073871,1458.0467916868836,1223.9396079490089
2024-09-04 13:20:00,1047.033325,682.0538826073871,1446.1804228425017,1224.0992641427551
2024-09-04 13:25:00,1047.699951,682.0538826073871,1434.1032356411563,1230.990445991105
2024-09-04 13:30:00,1516.099976,682.0538826073871,1421.8323629312977,1231.0865385882162
2024-09-04 13:35:00,1464.899902,682.0538826073871,1409.3814722326297,1230.3643915206032
2024-09-04 13:40:00,1434.233276,682.0538826073871,1396.7607957363325,1230.3643915206032
2024-09-04 13:45:00,1358.833374,682.0538826073871,1383.9771904389695,1234.5444448861501
2024-09-04 13:50:00,1310.266724,682.0538826073871,1371.0342275667492,1234.5444448861501
2024-09-04 13:55:00,1253.133301,682.0538826073871,1357.9323104304672,1263.0191086610691
2024-09-04 14:00:00,1227.633301,682.0538826073871,1344.6688192080999,1262.9687676391009
2024-09-04 14:05:00,1209.666626,682.0538826073871,1331.2382816048735,1257.8431587301397
2024-09-04 14:10:00,1641.5,682.0538826073871,1317.6325673879,1328.0144626461242
2024-09-04 14:15:00,2057.600098,682.0538826073871,1303.8411052559009,1348.704209839715
2024-09-04 14:20:00,2058.5,682.0538826073871,1289.8511199909267,1373.5653878932694
2024-09-04 14:25:00,2058.800049,682.0538826073871,1275.6478877451273,1424.9979454823151
2024-09-04 14:30:00,2018.833374,682.0538826073871,1261.2150073649432,1421.5463893456483
2024-09-04 14:35:00,1998.550049,682.0538826073871,1246.5346852127022,1421.6731323082674
2024-09-04 14:40:00,2058.199951,682.0538826073871,1231.588031197522,1420.8975951989344
2024-09-04 14:45:00,1700.166626,682.0538826073871,1216.3553633207005,1420.8975951989344
2024-09-04 14:50:00,1740.666626,682.0538826073871,1200.816518470348,1458.717271444307
2024-09-04 14:55:00,1581.899902,682.0538826073871,1184.9511664452011,1468.5093340403976
2024-09-04 15:00:00,1246.25,682.0538826073871,1168.7391248491986,1736.427395488082
2024-09-04 15:05:00,861.8000488,682.0538826073871,1152.1606722362064,1736.427395488082
2024-09-04 15:10:00,2057.899902,682.0538826073871,1135.196856739361,1736.427395488082
2024-09-04 15:15:00,1751.949829,682.0538826073871,1117.8297977941643,1724.1278272650525
2024-09-04 15:20:00,2046.149902,682.0538826073871,1100.042978336111,1734.6916801751636
2024-09-04 15:25:00,1634.866577,682.0538826073871,1081.8215252755492,1734.6916801751636
2024-09-04 15:30:00,2033.650024,682.0538826073871,1063.1524755673063,1740.8718286277192
2024-09-04 15:35:00,1634.433228,682.0538826073871,1044.0250262598172,1741.5563783822747
2024-09-04 15:40:00,1632.300171,682.0538826073871,1024.430765849751,1734.9934473459043
2024-09-04 15:45:00,1432.0,682.0538826073871,1004.3638855450274,1728.8132988933487
2024-09-04 15:50:00,1066.800049,682.0538826073871,983.8213684188378,1728.8132988933487
2024-09-04 15:55:00,1990.800049,682.0538826073871,962.8031550120637,1728.8132988933487
2024-09-04 16:00:00,1985.550049,682.0538826073871,941.3122840949057,1507.0791663725454
2024-09-04 16:05:00,1983.800171,682.0538826073871,919.3550072361492,1506.3896109805455
2024-09-04 16:10:00,1980.300049,682.0538826073871,896.9408764300571,1506.3896109805455
2024-09-04 16:15:00,1674.449951,682.0538826073871,874.0828038049485,1506.3896109805455
2024-09-04 16:20:00,1050.300049,682.0538826073871,850.7970933298757,1504.4325278488786
2024-09-04 16:25:00,1082.900024,682.0538826073871,827.1034436900485,1504.4325278488786
2024-09-04 16:30:00,967.3000488,682.0538826073871,803.0249225950259,1505.156968749482
2024-09-04 16:35:00,914.8666992,682.0538826073871,778.5879127117482,1505.156968749482
2024-09-04 16:40:00,830.8499756,682.0538826073871,753.8220294280937,1505.156968749482
2024-09-04 16:45:00,634.75,682.0538826073871,728.7600111099694,1505.156968749482
2024-09-04 16:50:00,397.7999878,682.0538826073871,703.4375828182973,1417.5244697316793
2024-09-04 16:55:00,291.1000061,682.0538826073871,677.8932942196503,1403.5053608965939
2024-09-04 17:00:00,239.5666504,682.0538826073871,652.1683332932199,908.4171867455965
2024-09-04 17:05:00,235.3333282,682.0538826073871,626.3063169181175,908.4171867455965
2024-09-04 17:10:00,238.7333221,682.0538826073871,600.353060190447,908.4171867455965
2024-09-04 17:15:00,232.3999786,682.0538826073871,574.3563260223848,908.4171867455965
2024-09-04 17:20:00,231.9333344,682.0538826073871,548.3655571273518,908.4171867455965
2024-09-04 17:25:00,230.5,682.0538826073871,522.4315922676492,914.0919778153764
2024-09-04 17:30:00,231.5499878,682.0538826073871,496.6063691784698,937.3196189176653
2024-09-04 17:35:00,200.8999939,682.0538826073871,470.94261617836366,909.5977077316556
2024-09-04 17:40:00,144.3999939,682.0538826073871,445.4935350012557,909.5977077316556
2024-09-04 17:45:00,110.4333267,682.0538826073871,420.31247711054243,909.5977077316556
2024-09-04 17:50:00,114.4666672,682.0538826073871,395.45261637849865,909.5977077316556
2024-09-04 17:55:00,112.3333359,682.0538826073871,370.9666200521581,909.5977077316556
2024-09-04 18:00:00,105.9333267,682.0538826073871,346.90632090212046,285.70684156766816
2024-09-04 18:05:00,101.9500046,682.0538826073871,323.322393101895,285.70684156766816
2024-09-04 18:10:00,78.25,682.0538826073871,300.26403402826116,285.70684156766816
2024-09-04 18:15:00,56.43333435,682.0538826073871,277.77865464871087,285.70684156766816
2024-09-04 18:20:00,50.93333435,682.0538826073871,255.91158077402142,285.72073046927375
2024-09-04 18:25:00,47.93333054,682.0538826073871,234.70576739218066,285.5673522290697
2024-09-04 18:30:00,45.59999466,682.0538826073871,214.20152840205986,285.5673522290697
2024-09-04 18:35:00,43.23333359,682.0538826073871,194.4362836318171,285.5673522290697
2024-09-04 18:40:00,42.46667099,682.0538826073871,175.44432520129908,281.7067055098419
2024-09-04 18:45:00,47.0,682.0538826073871,157.25660484300266,280.04719321174656
2024-09-04 18:50:00,45.16666794,682.0538826073871,139.90054392730136,280.1991266453133
2024-09-04 18:55:00,46.09999847,682.0538826073871,123.3998674799147,280.04719321174656
2024-09-04 19:00:00,40.70000076,682.0538826073871,107.77446361877844,141.92574552589338
2024-09-04 19:05:00,29.84999847,682.0538826073871,93.04026921727782,141.92574552589338
2024-09-04 19:10:00,20.25,682.0538826073871,79.20918282594737,141.83654627922812
2024-09-04 19:15:00,0.0,682.0538826073871,66.28900530642417,136.047583874117
2024-09-04 19:20:00,0.0,682.0538826073871,54.283408868378,136.047583874117
2024-09-04 19:25:00,0.0,682.0538826073871,43.19193435750749,136.047583874117
2024-09-04 19:30:00,0.0,682.0538826073871,33.01001699545778,136.047583874117
2024-09-04 19:35:00,0.0,682.0538826073871,23.72904034437911,142.7184345189628
2024-09-04 19:40:00,0.0,682.0538826073871,15.33641789644422,143.41551604162944
2024-09-04 19:45:00,0.0,682.0538826073871,7.815701746951839,143.41551604162944
2024-09-04 19:50:00,0.0,682.0538826073871,1.1467174302765735,142.7184345189628
2024-09-04 19:55:00,0.0,682.0538826073871,-4.694276168368738,150.47279167628147
2024-09-04 20:00:00,0.0,682.0538826073871,-9.734403038496724,77.22528511733171
2024-09-04 20:05:00,0.0,682.0538826073871,-14.003963887046009,77.22528511733171
2024-09-04 20:10:00,0.0,682.0538826073871,-17.53620921513034,77.22528511733171
2024-09-04 20:15:00,0.0,682.0538826073871,-20.367093373246963,77.22528511733171
2024-09-04 20:20:00,0.0,682.0538826073871,-22.535011510574616,80.34820432689871
2024-09-04 20:25:00,0.0,682.0538826073871,-24.08052145733091,79.9940698048987
2024-09-04 20:30:00,0.0,682.0538826073871,-25.04605269570378,88.18959507067649
2024-09-04 20:35:00,0.0,682.0538826073871,-25.47560462965684,88.18959507067649
2024-09-04 20:40:00,0.0,682.0538826073871,-25.414436510660718,88.1080395134098
2024-09-04 20:45:00,0.0,682.0538826073871,-24.908751371324833,87.8194287597376
2024-09-04 20:50:00,0.0,682.0538826073871,-24.005376352130995,87.78652798648204
2024-09-04 20:55:00,0.0,682.0538826073871,-22.751441953272472,87.32076135566538
2024-09-04 21:00:00,0.0,682.0538826073871,-21.194062490898574,84.94325656445109
2024-09-04 21:05:00,0.0,682.0538826073871,-19.38002034410576,86.77770317145108
2024-09-04 21:10:00,0.0,682.0538826073871,-17.355456244641086,84.48225626333998
2024-09-04 21:15:00,0.0,682.0538826073871,-15.165568002653993,84.48225626333998
2024-09-04 21:20:00,0.0,682.0538826073871,-12.854319898070633,1.029070287116667
2024-09-04 21:25:00,0.0,682.0538826073871,-10.464164899650592,1.029070287116667
2024-09-04 21:30:00,0.0,682.0538826073871,-8.035781778126411,1.112848058116667
2024-09-04 21:35:00,0.0,682.0538826073871,-5.607829013189907,1.112848058116667
2024-09-04 21:40:00,0.0,682.0538826073871,-3.2167173480161457,1.050014729866667
2024-09-04 21:45:00,0.0,682.0538826073871,-0.8964025262826774,1.050014729866667
2024-09-04 21:50:00,0.0,682.0538826073871,1.3218001863590931,1.029070287116667
2024-09-04 21:55:00,0.0,682.0538826073871,3.409378524252934,1.0011443634500001
2024-09-04 22:00:00,0.0,682.0538826073871,5.340761575299705,1.0011443634500001
2024-09-04 22:05:00,0.0,682.0538826073871,7.093433114275823,1.0011443634500001
2024-09-04 22:10:00,0.0,682.0538826073871,8.648019177366265,1.0011443634500001
2024-09-04 22:15:00,0.0,682.0538826073871,9.988349380929582,1.0011443634500001
2024-09-04 22:20:00,0.0,682.0538826073871,11.101491671821094,1.0011443634500001
2024-09-04 22:25:00,0.0,682.0538826073871,11.977760453599283,1.0011443634500001
2024-09-04 22:30:00,0.0,682.0538826073871,12.610698201108178,1.0011443634500001
2024-09-04 22:35:00,0.0,682.0538826073871,12.997030915041954,1.3711628520333339
2024-09-04 22:40:00,0.0,682.0538826073871,13.136597962181332,0.027925923666666665
2024-09-04 22:45:00,0.0,682.0538826073871,13.03225707718027,0.027925923666666665
2024-09-04 22:50:00,0.0,682.0538826073871,12.689765453487897,0.0
2024-09-04 22:55:00,0.0,682.0538826073871,12.117638102504136,0.0
2024-09-04 23:00:00,0.0,682.0538826073871,11.32698478348443,0.0
2024-09-04 23:05:00,0.0,682.0538826073871,10.331327018077253,0.0
2024-09-04 23:10:00,0.0,682.0538826073871,9.146396840824261,0.0
2024-09-04 23:15:00,0.0,682.0538826073871,7.78991909238559,0.0
2024-09-04 23:20:00,0.0,682.0538826073871,6.281379185148788,0.0
2024-09-04 23:25:00,0.0,682.0538826073871,4.641778393465328,0.0
2024-09-04 23:30:00,0.0,682.0538826073871,2.8933788159890055,0.0
2024-09-04 23:35:00,0.0,682.0538826073871,1.0594402275127506,0.0
2024-09-04 23:40:00,0.0,682.0538826073871,-0.8360488362684995,0.0
2024-09-04 23:45:00,0.0,682.0538826073871,-2.7686435328472627,0.0
2024-09-04 23:50:00,0.0,682.0538826073871,-4.71371618792794,0.0
2024-09-04 23:55:00,0.0,682.0538826073871,-6.646728558561858,0.0
2024-09-05 00:00:00,0.0,682.0538826073871,-8.54350043818257,0.0
2024-09-05 00:05:00,0.0,682.0538826073871,-10.380472307677849,0.0
2024-09-05 00:10:00,0.0,682.0538826073871,-12.134959738029044,0.0
2024-09-05 00:15:00,0.0,682.0538826073871,-13.785397336881863,0.0
2024-09-05 00:20:00,0.0,682.0538826073871,-15.311570109208589,0.0
2024-09-05 00:25:00,0.0,682.0538826073871,-16.694830202509674,0.0
2024-09-05 00:30:00,0.0,682.0538826073871,-17.91829715098071,0.0
2024-09-05 00:35:00,0.0,682.0538826073871,-18.96703979567441,0.0
2024-09-05 00:40:00,0.0,682.0538826073871,-19.828238328953123,0.0
2024-09-05 00:45:00,0.0,682.0538826073871,-20.491324951786915,0.0
2024-09-05 00:50:00,0.0,682.0538826073871,-20.9481018776992,0.0
2024-09-05 00:55:00,0.0,682.0538826073871,-21.192835587015185,0.0
2024-09-05 01:00:00,0.0,682.0538826073871,-21.222326415543417,0.0
2024-09-05 01:05:00,0.0,682.0538826073871,-21.035952796101824,0.0
2024-09-05 01:10:00,0.0,682.0538826073871,-20.635689637917768,0.0
2024-09-05 01:15:00,0.0,682.0538826073871,-20.026100583205714,0.0
2024-09-05 01:20:00,0.0,682.0538826073871,-19.21430406106715,0.0
2024-09-05 01:25:00,0.0,682.0538826073871,-18.20991331302089,0.0
2024-09-05 01:30:00,0.0,682.0538826073871,-17.024950745904874,0.0
2024-09-05 01:35:00,0.0,682.0538826073871,-15.673737200014898,0.0
2024-09-05 01:40:00,0.0,682.0538826073871,-14.172756946572322,0.0
2024-09-05 01:45:00,0.0,682.0538826073871,-12.54049939226588,0.0
2024-09-05 01:50:00,0.0,682.0538826073871,-10.797278709053193,0.0
2024-09-05 01:55:00,0.0,682.0538826073871,-8.965032777460209,0.0
2024-09-05 02:00:00,0.0,682.0538826073871,-7.067102999505885,0.0
2024-09-05 02:05:00,0.0,682.0538826073871,-5.127996739686458,0.0
2024-09-05 02:10:00,0.0,682.0538826073871,-3.1731342704531507,0.0
2024-09-05 02:15:00,0.0,682.0538826073871,-1.228582249053888,0.0
2024-09-05 02:20:00,0.0,682.0538826073871,0.6792241065083392,0.0
2024-09-05 02:25:00,0.0,682.0538826073871,2.523767885787921,0.0
2024-09-05 02:30:00,0.0,682.0538826073871,4.278744043704117,0.0
2024-09-05 02:35:00,0.0,682.0538826073871,5.918357225207321,0.0
2024-09-05 02:40:00,0.0,682.0538826073871,7.417621360172903,0.0
2024-09-05 02:45:00,0.0,682.0538826073871,8.75265854877234,0.0
2024-09-05 02:50:00,0.0,682.0538826073871,9.900994652378268,0.6020000203333333
2024-09-05 02:55:00,0.0,682.0538826073871,10.841849135048943,0.6020000203333333
2024-09-05 03:00:00,0.0,682.0538826073871,11.556416585313222,0.6020000203333333
2024-09-05 03:05:00,0.0,682.0538826073871,12.028137525810163,0.6020000203333333
2024-09-05 03:10:00,0.0,682.0538826073871,12.24295606319743,0.6020000203333333
2024-09-05 03:15:00,0.0,682.0538826073871,12.189562114898427,0.6020000203333333
2024-09-05 03:20:00,0.0,682.0538826073871,11.859615978739624,0.6020000203333333
2024-09-05 03:25:00,0.0,682.0538826073871,11.247953168886934,0.6020000203333333
2024-09-05 03:30:00,0.0,682.0538826073871,10.352767553802734,0.6020000203333333
2024-09-05 03:35:00,0.0,682.0538826073871,9.175771020985971,0.6020000203333333
2024-09-05 03:40:00,0.0,682.0538826073871,7.722328012663779,0.6020000203333333
2024-09-05 03:45:00,0.0,682.0538826073871,6.001563464800945,0.6020000203333333
2024-09-05 03:50:00,0.0,682.0538826073871,4.026442964720389,0.6020000203333333
2024-09-05 03:55:00,0.0,682.0538826073871,1.8138239423660691,0.6020000203333333
2024-09-05 04:00:00,0.0,682.0538826073871,-0.615522787849434,0.6020000203333333
2024-09-05 04:05:00,0.0,682.0538826073871,-3.2369219292963884,0.6020000203333333
2024-09-05 04:10:00,0.0,682.0538826073871,-6.021833281948341,0.6020000203333333
2024-09-05 04:15:00,0.0,682.0538826073871,-8.937922308269336,0.6020000203333333
2024-09-05 04:20:00,0.0,682.0538826073871,-11.949161480087575,0.6020000203333333
2024-09-05 04:25:00,0.0,682.0538826073871,-15.015962225449863,0.6020000203333333
2024-09-05 04:30:00,0.0,682.0538826073871,-18.095336856845833,0.6020000203333333
2024-09-05 04:35:00,0.0,682.0538826073871,-21.141089735669482,0.6020000203333333
2024-09-05 04:40:00,0.0,682.0538826073871,-24.104036702779403,0.6020000203333333
2024-09-05 04:45:00,0.0,682.0538826073871,-26.932251473713652,0.6020000203333333
2024-09-05 04:50:00,0.0,682.0538826073871,-29.571337718716993,0.6020000203333333
2024-09-05 04:55:00,0.0,682.0538826073871,-31.964724993159496,0.6020000203333333
2024-09-05 05:00:00,0.0,682.0538826073871,-34.05398691449464,0.6020000203333333
2024-09-05 05:05:00,0.0,682.0538826073871,-35.7791793610309,0.6020000203333333
2024-09-05 05:10:00,0.0,682.0538826073871,-37.07919670302925,0.6020000203333333
2024-09-05 05:15:00,0.0,682.0538826073871,-37.892143616316964,0.6020000203333333
2024-09-05 05:20:00,0.0,682.0538826073871,-38.155720092701294,0.6020000203333333
2024-09-05 05:25:00,0.0,682.0538826073871,-37.807617037258574,0.6020000203333333
2024-09-05 05:30:00,0.0,682.0538826073871,-36.785919790751045,0.6020000203333333
2024-09-05 05:35:00,0.0,682.0538826073871,-35.02951682224571,0.2206666565
2024-09-05 05:40:00,0.0,682.0538826073871,-32.47851077049149,0.2206666565
2024-09-05 05:45:00,0.0,682.0538826073871,-29.074628999706587,0.0
2024-09-05 05:50:00,0.0,682.0538826073871,-24.76163078712346,0.0
2024-09-05 05:55:00,0.0,682.0538826073871,-19.48570826716034,0.0
2024-09-05 06:00:00,0.0,682.0538826073871,-13.195878301113286,7.730081931601588
2024-09-05 06:05:00,0.0,682.0538826073871,-5.844362469859866,7.730081931601588
2024-09-05 06:10:00,0.0,682.0538826073871,2.613047574346873,7.730081931601588
2024-09-05 06:15:00,0.0,682.0538826073871,12.216641976824333,7.730081931601588
2024-09-05 06:20:00,0.0,682.0538826073871,23.002464407266036,10.665915303329365
2024-09-05 06:25:00,0.0,682.0538826073871,35.00200598229337,10.665915303329365
2024-09-05 06:30:00,0.0,682.0538826073871,48.241923788970475,10.665915303329365
2024-09-05 06:35:00,106.5999985,682.0538826073871,62.74378587224014,10.665915303329365
2024-09-05 06:40:00,99.30000305,682.0538826073871,78.52384501283355,10.665915303329365
2024-09-05 06:45:00,96.8666687,682.0538826073871,95.59284266467392,10.665915303329365
2024-09-05 06:50:00,92.0,682.0538826073871,113.95584489810342,75.44370309930187
2024-09-05 06:55:00,74.90000153,682.0538826073871,133.6121115222053,75.44370309930187
2024-09-05 07:00:00,76.69999695,682.0538826073871,154.5549995454033,382.2710954238517
2024-09-05 07:05:00,71.56666565,682.0538826073871,176.77190192872607,382.2710954238517
2024-09-05 07:10:00,73.23332977,682.0538826073871,200.24422202354543,382.2710954238517
2024-09-05 07:15:00,114.6999969,682.0538826073871,224.9473845548376,382.2710954238517
2024-09-05 07:20:00,130.8999939,682.0538826073871,250.85088261985072,382.2710954238517
2024-09-05 07:25:00,150.6000061,682.0538826073871,277.9183612840589,378.0274440810015
2024-09-05 07:30:00,140.7666626,682.0538826073871,306.107736945128,378.0274440810015
2024-09-05 07:35:00,137.1000061,682.0538826073871,335.37135201470323,371.84247054297913
2024-09-05 07:40:00,130.3500061,682.0538826073871,365.6561641514562,371.84247054297913
2024-09-05 07:45:00,159.1000061,682.0538826073871,396.90396864270497,371.84247054297913
2024-09-05 07:50:00,149.6000061,682.0538826073871,429.05165301247644,371.84247054297913
2024-09-05 07:55:00,224.6000061,682.0538826073871,462.0314819496093,371.84247054297913
2024-09-05 08:00:00,361.8999939,682.0538826073871,495.7714111916144,259.05559798809037
2024-09-05 08:05:00,412.0,682.0538826073871,530.1954276647702,259.05559798809037
2024-09-05 08:10:00,438.1000061,682.0538826073871,565.2239146868975,455.2991581970361
2024-09-05 08:15:00,425.0333252,682.0538826073871,600.7740392346973,456.46695449582506
2024-09-05 08:20:00,409.2666931,682.0538826073871,636.7601588675255,457.0824208249583
2024-09-05 08:25:00,378.6000061,682.0538826073871,673.0942459885595,457.0824208249583
2024-09-05 08:30:00,342.7000427,682.0538826073871,709.6863263896065,458.4497838165251
2024-09-05 08:35:00,334.6666565,682.0538826073871,746.4449295151703,456.7046861428357
2024-09-05 08:40:00,408.0,682.0538826073871,783.2775470699264,455.5667819422296
2024-09-05 08:45:00,512.4000244,682.0538826073871,820.0910978089514,455.5667819422296
2024-09-05 08:50:00,461.2000427,682.0538826073871,856.7923943258351,431.47276750139883
2024-09-05 08:55:00,492.3000183,682.0538826073871,893.2886100483145,435.9163267890543
2024-09-05 09:00:00,483.6333313,682.0538826073871,929.4877424820994,436.43535293680526
2024-09-05 09:05:00,494.2333069,682.0538826073871,965.2990701729601,436.43535293680526
2024-09-05 09:10:00,466.9333496,682.0538826073871,1000.6336003224482,436.43535293680526
2024-09-05 09:15:00,453.1666565,682.0538826073871,1035.4045039890345,436.43535293680526
2024-09-05 09:20:00,594.5,682.0538826073871,1069.5275364349752,437.076968083791
2024-09-05 09:25:00,557.1499634,682.0538826073871,1102.9214395860995,437.076968083791
2024-09-05 09:30:00,524.9000244,682.0538826073871,1135.5083244437146,437.076968083791
2024-09-05 09:35:00,495.4333191,682.0538826073871,1167.214030328732,437.076968083791
2024-09-05 09:40:00,483.25,682.0538826073871,1197.9684596057484,437.076968083791
2024-09-05 09:45:00,423.3333435,682.0538826073871,1227.705885235595,437.076968083791
2024-09-05 09:50:00,375.3999939,682.0538826073871,1256.3652292868037,437.076968083791
2024-09-05 09:55:00,364.5666504,682.0538826073871,1283.8903110243473,437.076968083791
2024-09-05 10:00:00,353.6666565,682.0538826073871,1310.2300629137553,433.2014695547535
2024-09-05 10:05:00,349.3499756,682.0538826073871,1335.3387133155052,440.7223601982701
2024-09-05 10:10:00,296.1666565,682.0538826073871,1359.17593503684,447.84569255690985
2024-09-05 10:15:00,255.2999878,682.0538826073871,1381.7069587558483,444.1378997191358
2024-09-05 10:20:00,247.0,682.0538826073871,1402.9026510424085,439.74211554510964
2024-09-05 10:25:00,319.7999878,682.0538826073871,1422.739556552557,438.4762466794985
2024-09-05 10:30:00,282.4666748,682.0538826073871,1441.1999045685857,437.23315630210885
2024-09-05 10:35:00,296.1333313,682.0538826073871,1458.2715799723971,437.85932106948445
2024-09-05 10:40:00,281.1666565,682.0538826073871,1473.9480593007017,433.4687754568766
2024-09-05 10:45:00,281.8666687,682.0538826073871,1488.2283124351093,406.3043994282889
2024-09-05 10:50:00,262.6000061,682.0538826073871,1501.1166711525882,398.4053688560819
2024-09-05 10:55:00,251.9333496,682.0538826073871,1512.6226655335604,395.88108057486824
2024-09-05 11:00:00,271.3999939,682.0538826073871,1522.7608298556893,399.4958387358771
2024-09-05 11:05:00,349.2999878,682.0538826073871,1531.5504793377124,414.15989517744663
2024-09-05 11:10:00,411.1000061,682.0538826073871,1539.015459902753,413.5224063265133
2024-09-05 11:15:00,546.2999878,682.0538826073871,1545.183872758589,413.5224063265133
2024-09-05 11:20:00,592.2000122,682.0538826073871,1550.0877760122048,414.78562860638004
2024-09-05 11:25:00,573.8999634,682.0538826073871,1553.7628657325129,414.78562860638004
2024-09-05 11:30:00,808.2000122,682.0538826073871,1556.2481388603615,415.9831476416604
2024-09-05 11:35:00,791.0,682.0538826073871,1557.5855405769155,425.27482827054513
2024-09-05 11:40:00,793.3999634,682.0538826073871,1557.8195988039145,425.27482827054513
2024-09-05 11:45:00,796.9333496,682.0538826073871,1556.997048600917,448.4682431823609
2024-09-05 11:50:00,1049.599976,682.0538826073871,1555.1664492301177,448.4682431823609
2024-09-05 11:55:00,938.7333374,682.0538826073871,1552.3777967917817,455.63298165636564
2024-09-05 12:00:00,974.5999146,682.0538826073871,1548.6821352251982,466.82365381242676
2024-09-05 12:05:00,914.166687,682.0538826073871,1544.1311685517205,458.5896456982054
2024-09-05 12:10:00,871.0666504,682.0538826073871,1538.7768771714414,461.6842695656998
2024-09-05 12:15:00,1052.400024,682.0538826073871,1532.6711409536679,462.6072793512998
2024-09-05 12:20:00,928.1333008,682.0538826073871,1525.865371880897,462.6072793512998
2024-09-05 12:25:00,982.9499512,682.0538826073871,1518.4101587734385,461.54680726963306
2024-09-05 12:30:00,811.75,682.0538826073871,1510.354926605922,456.64062946638626
2024-09-05 12:35:00,540.3500366,682.0538826073871,1501.7476128804396,478.3289793634614
2024-09-05 12:40:00,495.1000061,682.0538826073871,1492.634363132989,507.9486277329013
2024-09-05 12:45:00,482.3500061,682.0538826073871,1483.0592477136388,920.8208517645664
2024-09-05 12:50:00,556.2999878,682.0538826073871,1473.064001790517,511.3048966676966
2024-09-05 12:55:00,502.9666748,682.0538826073871,1462.6877901479602,551.3124486831232
2024-09-05 13:00:00,513.8666992,682.0538826073871,1451.9669983860501,563.5942232533016
2024-09-05 13:05:00,477.5333252,682.0538826073871,1440.9350517806656,552.0435255622831
2024-09-05 13:10:00,740.9000244,682.0538826073871,1429.622262842358,546.4974717174783
2024-09-05 13:15:00,1535.300049,682.0538826073871,1418.0557085210667,515.3333229862056
2024-09-05 13:20:00,1336.700195,682.0538826073871,1406.2591375388884,497.19817130567503
2024-09-05 13:25:00,1264.099976,682.0538826073871,1394.2529083788356,496.7416526154528
2024-09-05 13:30:00,1128.5,682.0538826073871,1382.0539579343938,496.7416526154528
2024-09-05 13:35:00,867.1499634,682.0538826073871,1369.675800834726,500.7710493031274
2024-09-05 13:40:00,626.1000366,682.0538826073871,1357.1285590834113,506.5896788321351
2024-09-05 13:45:00,580.3999634,682.0538826073871,1344.4190214085863,504.62527419272357
2024-09-05 13:50:00,577.4333496,682.0538826073871,1331.55073167766,516.9542044315325
2024-09-05 13:55:00,526.166687,682.0538826073871,1318.5241052127599,501.87154820251163
2024-09-05 14:00:00,502.5666504,682.0538826073871,1305.336571831625,663.7703332146666
2024-09-05 14:05:00,560.2999878,682.0538826073871,1291.9827443869206,508.75602738074286
2024-09-05 14:10:00,487.5666504,682.0538826073871,1278.454610921602,616.1324415253958
2024-09-05 14:15:00,495.5,682.0538826073871,1264.7417488080466,483.66341739865544
2024-09-05 14:20:00,463.1000061,682.0538826073871,1250.8315590212842,573.8931260254137
2024-09-05 14:25:00,484.8500061,682.0538826073871,1236.7095182693658,498.7008013936219
2024-09-05 14:30:00,523.7999878,682.0538826073871,1222.3594469141747,529.7360078293567
2024-09-05 14:35:00,510.3333435,682.0538826073871,1207.763790315729,423.7190935350602
2024-09-05 14:40:00,584.7000122,682.0538826073871,1192.9039111425182,482.41039237581464
2024-09-05 14:45:00,546.5333252,682.0538826073871,1177.7603902552657,515.7922851404425
2024-09-05 14:50:00,556.3666992,682.0538826073871,1162.3133335108303,518.4875679429241
2024-09-05 14:55:00,529.9333496,682.0538826073871,1146.542682000958,526.2087264154907
2024-09-05 15:00:00,517.6333618,682.0538826073871,1130.428523037373,527.7854290015218
2024-09-05 15:05:00,478.3000183,682.0538826073871,1113.9513993543264,619.6962451110139
2024-09-05 15:10:00,445.2333069,682.0538826073871,1097.0926139822516,814.4502863502067
2024-09-05 15:15:00,412.7666931,682.0538826073871,1079.8345281441698,884.3026698802495
2024-09-05 15:20:00,394.9000244,682.0538826073871,1062.1608499545405,957.8627313379809
2024-09-05 15:25:00,377.0,682.0538826073871,1044.0569112960195,962.2165018793976
2024-09-05 15:30:00,350.7333069,682.0538826073871,1025.5099306530628,965.5883507765503
2024-09-05 15:35:00,407.0,682.0538826073871,1006.5092600214799,963.0108444812919
2024-09-05 15:40:00,361.1000061,682.0538826073871,987.0466134241155,974.5237903501425
2024-09-05 15:45:00,377.7666931,682.0538826073871,967.116275522319,969.4106457645772
2024-09-05 15:50:00,466.2000122,682.0538826073871,946.7152883819695,975.2092065228103
2024-09-05 15:55:00,418.8000183,682.0538826073871,925.8436151402283,985.2836741135164
2024-09-05 16:00:00,435.4666443,682.0538826073871,904.5042788576,1335.3724248402177
2024-09-05 16:05:00,420.0999756,682.0538826073871,882.7034757791838,1325.1895715681692
2024-09-05 16:10:00,377.4000244,682.0538826073871,860.4506617375223,1351.0421326418107
2024-09-05 16:15:00,309.3999939,682.0538826073871,837.7586112951111,1353.148325613966
2024-09-05 16:20:00,300.5,682.0538826073871,814.6434488387977,1366.2365651246773
2024-09-05 16:25:00,300.0333252,682.0538826073871,791.1246515483992,1364.7900002844553
2024-09-05 16:30:00,292.8666687,682.0538826073871,767.225023997342,1363.6009261200109
2024-09-05 16:35:00,278.666687,682.0538826073871,742.9706446904023,1360.9115039669218
2024-09-05 16:40:00,263.0666809,682.0538826073871,718.3907848696836,1359.2761708420053
2024-09-05 16:45:00,249.9666748,682.0538826073871,693.5178000841022,1344.0996594032013
2024-09-05 16:50:00,247.3000031,682.0538826073871,668.386995639455,1344.0996594032013
2024-09-05 16:55:00,235.3333282,682.0538826073871,643.0364665349922,1344.0996594032013
2024-09-05 17:00:00,231.7999878,682.0538826073871,617.5069133033434,464.07425986680704
2024-09-05 17:05:00,190.3000031,682.0538826073871,591.8414354132509,463.9499636360293
2024-09-05 17:10:00,150.7999878,682.0538826073871,566.085303258771,459.8582510590082
2024-09-05 17:15:00,144.1999969,682.0538826073871,540.2857109516249,451.1619321716907
2024-09-05 17:20:00,176.6000061,682.0538826073871,514.491511523965,442.92227558484785
2024-09-05 17:25:00,162.5,682.0538826073871,488.752936846918,442.6092074506659
2024-09-05 17:30:00,172.8000031,682.0538826073871,463.1213040834699,440.23717347202785
2024-09-05 17:35:00,172.0333252,682.0538826073871,437.6487111697932,427.34852139597785
2024-09-05 17:40:00,166.4666748,682.0538826073871,412.38772359660004,428.9260023312112
2024-09-05 17:45:00,220.5,682.0538826073871,387.39105469724876,395.7995551620383
2024-09-05 17:50:00,253.6999969,682.0538826073871,362.7112424261798,414.36290715247617
2024-09-05 17:55:00,232.4666748,682.0538826073871,338.4003243115313,390.63833393174565
2024-09-05 18:00:00,229.5333252,682.0538826073871,314.5095138302102,122.18911777145544
2024-09-05 18:05:00,208.5666656,682.0538826073871,291.08888014805814,559.1889122871311
2024-09-05 18:10:00,201.2499847,682.0538826073871,268.187033962326,567.7988435454591
2024-09-05 18:15:00,170.2000122,682.0538826073871,245.85082165465488,566.3116148525704
2024-09-05 18:20:00,122.3500061,682.0538826073871,224.1250303283212,626.0240201628174
2024-09-05 18:25:00,83.84999084,682.0538826073871,203.052105699188,626.0240201628174
2024-09-05 18:30:00,63.84999847,682.0538826073871,182.67188504486552,623.0380198661505
2024-09-05 18:35:00,48.66666794,682.0538826073871,163.021347563249,623.0380198661505
2024-09-05 18:40:00,45.44999695,682.0538826073871,144.13438348609532,626.7368495000024
2024-09-05 18:45:00,40.34999847,682.0538826073871,126.04158412449691,626.3483219716691
2024-09-05 18:50:00,31.94999886,682.0538826073871,108.770054184902,625.6341399537008
2024-09-05 18:55:00,25.70000076,682.0538826073871,92.34324797177462,625.6341399537008
2024-09-05 19:00:00,21.14999771,682.0538826073871,76.780830457226,496.2533233609352
2024-09-05 19:05:00,16.70000076,682.0538826073871,62.09856442923666,496.2533233609352
2024-09-05 19:10:00,13.30000019,682.0538826073871,48.308224492835805,498.30950158266853
2024-09-05 19:15:00,0.0,682.0538826073871,35.41753843919075,498.00715028855745
2024-09-05 19:20:00,0.0,682.0538826073871,23.430156702106714,498.00715028855745
2024-09-05 19:25:00,0.0,682.0538826073871,12.345649627297647,63.77696087563597
2024-09-05 19:30:00,0.0,682.0538826073871,2.1595329942439445,63.77696087563597
2024-09-05 19:35:00,0.0,682.0538826073871,-7.136678766526025,63.77696087563597
2024-09-05 19:40:00,0.0,682.0538826073871,-15.555391946143958,63.77696087563597
2024-09-05 19:45:00,0.0,682.0538826073871,-23.112826229404842,63.77696087563597
2024-09-05 19:50:00,0.0,682.0538826073871,-29.828881551679263,63.23360697796169
2024-09-05 19:55:00,0.0,682.0538826073871,-35.72698010674391,63.23360697796169
2024-09-05 20:00:00,0.0,682.0538826073871,-40.83388492340399,1.301746984633334
2024-09-05 20:05:00,0.0,682.0538826073871,-45.1794961870448,1.301746984633334
2024-09-05 20:10:00,0.0,682.0538826073871,-48.796627195638,1.301746984633334
2024-09-05 20:15:00,0.0,682.0538826073871,-51.7207614026471,1.301746984633334
2024-09-05 20:20:00,0.0,682.0538826073871,-53.989792680266525,1.301746984633334
2024-09-05 20:25:00,0.0,682.0538826073871,-55.643750618793334,1.301746984633334
2024-09-05 20:30:00,0.0,682.0538826073871,-56.72451311548069,1.301746984633334
2024-09-05 20:35:00,0.0,682.0538826073871,-57.27550839952936,1.2932803199866674
2024-09-05 20:40:00,0.0,682.0538826073871,-57.34140879757725,1.328421065773334
2024-09-05 20:45:00,0.0,682.0538826073871,-56.96781859358188,1.328421065773334
2024-09-05 20:50:00,0.0,682.0538826073871,-56.2009583402528,1.2506432858933338
2024-09-05 20:55:00,0.0,682.0538826073871,-55.08734806604264,1.2506432858933338
2024-09-05 21:00:00,0.0,682.0538826073871,-53.67349172822347,1.0011443634500001
2024-09-05 21:05:00,0.0,682.0538826073871,-52.005565390387126,1.0011443634500001
2024-09-05 21:10:00,0.0,682.0538826073871,-50.129111326751925,1.0011443634500001
2024-09-05 21:15:00,0.0,682.0538826073871,-48.088740545822525,1.0011443634500001
2024-09-05 21:20:00,0.0,682.0538826073871,-45.92784574625188,1.3432369283666672
2024-09-05 21:25:00,0.0,682.0538826073871,-43.6883270368632,0.0
2024-09-05 21:30:00,0.0,682.0538826073871,-41.410332292173486,0.0
2024-09-05 21:35:00,0.0,682.0538826073871,-39.132014151668336,0.0
2024-09-05 21:40:00,0.0,682.0538826073871,-36.889305375989885,0.0
2024-09-05 21:45:00,0.0,682.0538826073871,-34.71571420360616,0.0
2024-09-05 21:50:00,0.0,682.0538826073871,-32.64214115790598,0.0
2024-09-05 21:55:00,0.0,682.0538826073871,-30.696718567455832,74.60683167122488
2024-09-05 22:00:00,0.0,682.0538826073871,-28.904673952622467,68.29480407719471
2024-09-05 22:05:00,0.0,682.0538826073871,-27.288218085633353,68.29480407719471
2024-09-05 22:10:00,0.0,682.0538826073871,-25.86645854261652,56.82408612907328
2024-09-05 22:15:00,0.0,682.0538826073871,-24.6553391363957,48.838993073568304
2024-09-05 22:20:00,0.0,682.0538826073871,-23.667605624958863,28.093052672275565
2024-09-05 22:25:00,0.0,682.0538826073871,-22.91279768826933,0.0
2024-09-05 22:30:00,0.0,682.0538826073871,-22.397267102097295,0.0
2024-09-05 22:35:00,0.0,682.0538826073871,-22.124221739295855,0.0
2024-09-05 22:40:00,0.0,682.0538826073871,-22.09379486533091,0.0
2024-09-05 22:45:00,0.0,682.0538826073871,-22.30313897320972,0.0
2024-09-05 22:50:00,0.0,682.0538826073871,-22.746543219543238,0.0
2024-09-05 22:55:00,0.0,682.0538826073871,-23.415573313045826,0.0
2024-09-05 23:00:00,0.0,682.0538826073871,-24.299232576593393,0.0
2024-09-05 23:05:00,0.0,682.0538826073871,-25.384142656190356,0.0
2024-09-05 23:10:00,0.0,682.0538826073871,-26.654742282061914,0.0
2024-09-05 23:15:00,0.0,682.0538826073871,-28.09350227601316,0.0
2024-09-05 23:20:00,0.0,682.0538826073871,-29.68115490520684,12.27831581653248
2024-09-05 23:25:00,0.0,682.0538826073871,-31.3969355575682,14.973458438930257
2024-09-05 23:30:00,0.0,682.0538826073871,-33.21883461224071,22.666226255502114
2024-09-05 23:35:00,0.0,682.0538826073871,-35.12385731200804,35.47640407161016
2024-09-05 23:40:00,0.0,682.0538826073871,-37.08828936330291,55.413483672896035
2024-09-05 23:45:00,0.0,682.0538826073871,-39.08796597893377,72.11609903699178
2024-09-05 23:50:00,0.0,682.0538826073871,-41.09854196883661,77.069448038564
2024-09-05 23:55:00,0.0,682.0538826073871,-43.09576061722976,77.93558141085288
2024-09-06 00:00:00,0.0,682.0538826073871,-45.05571894632082,0.6020000203333333
2024-09-06 00:05:00,0.0,682.0538826073871,-46.95512710209413,0.6020000203333333
2024-09-06 00:10:00,0.0,682.0538826073871,-48.77155959320284,0.6020000203333333
2024-09-06 00:15:00,0.0,682.0538826073871,-50.483696201535246,0.6020000203333333
2024-09-06 00:20:00,0.0,682.0538826073871,-52.071550465104366,0.6020000203333333
2024-09-06 00:25:00,0.0,682.0538826073871,-53.516683722453564,0.6020000203333333
2024-09-06 00:30:00,0.0,682.0538826073871,-54.802402865362716,0.6020000203333333
2024-09-06 00:35:00,0.0,682.0538826073871,-55.913939991907704,0.6020000203333333
2024-09-06 00:40:00,0.0,682.0538826073871,-56.838612431942146,0.6020000203333333
2024-09-06 00:45:00,0.0,682.0538826073871,-57.56596165025051,0.6020000203333333
2024-09-06 00:50:00,0.0,682.0538826073871,-58.08786977955066,0.6020000203333333
2024-09-06 00:55:00,0.0,682.0538826073871,-58.39865269331944,0.6020000203333333
2024-09-06 01:00:00,0.0,682.0538826073871,-58.49512873188457,0.6020000203333333
2024-09-06 01:05:00,0.0,682.0538826073871,-58.37666238164344,0.6020000203333333
2024-09-06 01:10:00,0.0,682.0538826073871,-58.04518242434004,0.6020000203333333
2024-09-06 01:15:00,0.0,682.0538826073871,-57.50517428862308,0.6020000203333333
2024-09-06 01:20:00,0.0,682.0538826073871,-56.76364650723152,0.6020000203333333
2024-09-06 01:25:00,0.0,682.0538826073871,-55.830071513957186,0.6020000203333333
2024-09-06 01:30:00,0.0,682.0538826073871,-54.716301025562764,0.6020000203333333
2024-09-06 01:35:00,0.0,682.0538826073871,-53.436456709945595,0.6020000203333333
2024-09-06 01:40:00,0.0,682.0538826073871,-52.00679684599482,0.6020000203333333
2024-09-06 01:45:00,0.0,682.0538826073871,-50.44556000378494,0.6020000203333333
2024-09-06 01:50:00,0.0,682.0538826073871,-48.77278691048496,0.6020000203333333
2024-09-06 01:55:00,0.0,682.0538826073871,-47.010121903280655,0.6020000203333333
2024-09-06 02:00:00,0.0,682.0538826073871,-45.18059547669589,0.6020000203333333
2024-09-06 02:05:00,0.0,682.0538826073871,-43.30838968301454,0.6020000203333333
2024-09-06 02:10:00,0.0,682.0538826073871,-41.418588231262284,0.6020000203333333
2024-09-06 02:15:00,0.0,682.0538826073871,-39.53691327556328,0.6020000203333333
2024-09-06 02:20:00,0.0,682.0538826073871,-37.68945106330114,0.6020000203333333
2024-09-06 02:25:00,0.0,682.0538826073871,-35.90236863002779,0.6020000203333333
2024-09-06 02:30:00,0.0,682.0538826073871,-34.201623910350385,0.6020000203333333
2024-09-06 02:35:00,0.0,682.0538826073871,-32.612671624208495,0.6020000203333333
2024-09-06 02:40:00,0.0,682.0538826073871,-31.160167412608175,0.6020000203333333
2024-09-06 02:45:00,0.0,682.0538826073871,-29.867672688386104,0.6020000203333333
2024-09-06 02:50:00,0.0,682.0538826073871,-28.757362724545448,0.6020000203333333
2024-09-06 02:55:00,0.0,682.0538826073871,-27.849740441630228,0.6020000203333333
2024-09-06 03:00:00,0.0,682.0538826073871,-27.163358387813762,0.6020000203333333
2024-09-06 03:05:00,0.0,682.0538826073871,-26.71455131949936,0.6020000203333333
2024-09-06 03:10:00,0.0,682.0538826073871,-26.51718177486457,0.6020000203333333
2024-09-06 03:15:00,0.0,682.0538826073871,-26.58240085623987,0.6020000203333333
2024-09-06 03:20:00,0.0,682.0538826073871,-26.918426494531175,0.6020000203333333
2024-09-06 03:25:00,0.0,682.0538826073871,-27.530341152495996,0.6020000203333333
2024-09-06 03:30:00,0.0,682.0538826073871,-28.419910992439124,0.6020000203333333
2024-09-06 03:35:00,0.0,682.0538826073871,-29.585428213440228,0.6020000203333333
2024-09-06 03:40:00,0.0,682.0538826073871,-31.02157820418225,0.6020000203333333
2024-09-06 03:45:00,0.0,682.0538826073871,-32.719332944797536,0.6020000203333333
2024-09-06 03:50:00,0.0,682.0538826073871,-34.6658718918302,0.6020000203333333
2024-09-06 03:55:00,0.0,682.0538826073871,-36.84453140792632,0.6020000203333333
2024-09-06 04:00:00,0.0,682.0538826073871,-39.23478351600288,0.6020000203333333
2024-09-06 04:05:00,0.0,682.0538826073871,-41.81224470634437,0.6020000203333333
2024-09-06 04:10:00,0.0,682.0538826073871,-44.54871501464942,0.6020000203333333
2024-09-06 04:15:00,0.0,682.0538826073871,-47.41224774504793,0.6020000203333333
2024-09-06 04:20:00,0.0,682.0538826073871,-50.367249550973945,0.6020000203333333
2024-09-06 04:25:00,0.0,682.0538826073871,-53.37461074847276,0.6020000203333333
2024-09-06 04:30:00,0.0,682.0538826073871,-56.391865248065876,0.6020000203333333
2024-09-06 04:35:00,0.0,682.0538826073871,-59.37337933410706,0.6020000203333333
2024-09-06 04:40:00,0.0,682.0538826073871,-62.27056836131801,0.6020000203333333
2024-09-06 04:45:00,0.0,682.0538826073871,-65.03214012221363,0.6020000203333333
2024-09-06 04:50:00,0.0,682.0538826073871,-67.60436349304398,0.6020000203333333
2024-09-06 04:55:00,0.0,682.0538826073871,-69.93136073071561,0.6020000203333333
2024-09-06 05:00:00,0.0,682.0538826073871,-71.95542164553088,0.6020000203333333
2024-09-06 05:05:00,0.0,682.0538826073871,-73.61733762558163,0.6020000203333333
2024-09-06 05:10:00,0.0,682.0538826073871,-74.85675339718303,0.6020000203333333
2024-09-06 05:15:00,0.0,682.0538826073871,-75.61253422720226,0.6020000203333333
2024-09-06 05:20:00,0.0,682.0538826073871,-75.82314612494713,0.6020000203333333
2024-09-06 05:25:00,0.0,682.0538826073871,-75.4270465071725,0.6020000203333333
2024-09-06 05:30:00,0.0,682.0538826073871,-74.36308268887753,0.6020000203333333
2024-09-06 05:35:00,0.0,682.0538826073871,-72.57089547298462,0.6020000203333333
2024-09-06 05:40:00,0.0,682.0538826073871,-69.99132507537313,0.6020000203333333
2024-09-06 05:45:00,0.0,682.0538826073871,-66.56681653102952,0.6020000203333333
2024-09-06 05:50:00,0.0,682.0538826073871,-62.24182182236457,0.6020000203333333
2024-09-06 05:55:00,0.0,682.0538826073871,-56.96319580619512,0.6020000203333333
2024-09-06 06:00:00,0.0,682.0538826073871,-50.6805831775303,44.06318505356914
2024-09-06 06:05:00,0.0,682.0538826073871,-43.34679372688294,44.06318505356914
2024-09-06 06:10:00,0.0,682.0538826073871,-34.918163132488196,44.06318505356914
2024-09-06 06:15:00,0.0,682.0538826073871,-25.354896712397508,43.263185053569146
2024-09-06 06:20:00,0.0,682.0538826073871,-14.621393616908264,43.263185053569146
2024-09-06 06:25:00,0.0,682.0538826073871,-2.6865490330124966,43.263185053569146
2024-09-06 06:30:00,0.0,682.0538826073871,10.475967780275788,43.263185053569146
2024-09-06 06:35:00,0.0,682.0538826073871,24.887461795772097,43.263185053569146
2024-09-06 06:40:00,0.0,682.0538826073871,40.56398870132501,43.263185053569146
2024-09-06 06:45:00,0.0,682.0538826073871,57.51616140074393,43.263185053569146
2024-09-06 06:50:00,0.0,682.0538826073871,75.74898797049593,43.263185053569146
2024-09-06 06:55:00,0.0,682.0538826073871,95.2617424272831,43.263185053569146
2024-09-06 07:00:00,0.0,682.0538826073871,116.04786947670756,495.96568991305026
2024-09-06 07:05:00,0.0,682.0538826073871,138.0949239097235,104.55463984158919
2024-09-06 07:10:00,0.0,682.0538826073871,161.38454550856054,104.55463984158919
2024-09-06 07:15:00,0.0,682.0538826073871,185.89246985029348,104.55463984158919
2024-09-06 07:20:00,50.5,682.0538826073871,211.58857472594684,104.55463984158919
2024-09-06 07:25:00,63.0,682.0538826073871,238.43696273572218,104.55463984158919
2024-09-06 07:30:00,94.80000305,682.0538826073871,266.3960791292425,104.55463984158919
2024-09-06 07:35:00,105.5,682.0538826073871,295.4188646888159,104.55463984158919
2024-09-06 07:40:00,98.96666718,682.0538826073871,325.4529424065725,104.55463984158919
2024-09-06 07:45:00,98.5,682.0538826073871,356.44083730168575,104.55463984158919
2024-09-06 07:50:00,137.8999939,682.0538826073871,388.32022773851656,104.55463984158919
2024-09-06 07:55:00,133.9499969,682.0538826073871,421.0242269401989,104.55463984158919
2024-09-06 08:00:00,132.6333313,682.0538826073871,454.48169271633304,95.81672328793348
2024-09-06 08:05:00,130.0,682.0538826073871,488.6175636795311,95.81672328793348
2024-09-06 08:10:00,124.7000046,682.0538826073871,523.3532196701001,95.81672328793348
2024-09-06 08:15:00,154.8999939,682.0538826073871,558.6068642083258,96.31227850126685
2024-09-06 08:20:00,137.8333282,682.0538826073871,594.2939264780805,96.31227850126685
2024-09-06 08:25:00,145.3999939,682.0538826073871,630.3274801409738,96.31227850126685
2024-09-06 08:30:00,277.5,682.0538826073871,666.6186765886521,96.31227850126685
2024-09-06 08:35:00,271.5,682.0538826073871,703.0771893171276,96.31227850126685
2024-09-06 08:40:00,271.5666809,682.0538826073871,739.6116670600701,96.31227850126685
2024-09-06 08:45:00,314.6000061,682.0538826073871,776.1301926448954,96.31227850126685
2024-09-06 08:50:00,290.0333557,682.0538826073871,812.5407439880128,96.31227850126685
2024-09-06 08:55:00,288.9666748,682.0538826073871,848.7516552175401,96.31227850126685
2024-09-06 09:00:00,408.8999939,682.0538826073871,884.6720741498602,1089.8724801251894
2024-09-06 09:05:00,377.1000061,682.0538826073871,920.2124136103264,1089.8724801251894
2024-09-06 09:10:00,366.5,682.0538826073871,955.2847932387594,1089.8724801251894
2024-09-06 09:15:00,334.6333313,682.0538826073871,989.8034694859576,1134.6013501265359
2024-09-06 09:20:00,387.7000122,682.0538826073871,1023.685250529525,1134.6013501265359
2024-09-06 09:25:00,479.7000122,682.0538826073871,1056.8498938628413,1134.6013501265359
2024-09-06 09:30:00,623.4000244,682.0538826073871,1089.2204836510928,1134.6013501265359
2024-09-06 09:35:00,788.5,682.0538826073871,1120.7237857947614,1134.6013501265359
2024-09-06 09:40:00,705.9666138,682.0538826073871,1151.2905782282667,1134.6013501265359
2024-09-06 09:45:00,717.0,682.0538826073871,1180.855954655858,1134.6013501265359
2024-09-06 09:50:00,897.2000122,682.0538826073871,1209.359599648215,1134.6013501265359
2024-09-06 09:55:00,866.3499756,682.0538826073871,1236.7460335430528,1134.6013501265359
2024-09-06 10:00:00,856.0666504,682.0538826073871,1262.9648258012903,947.5740787527892
2024-09-06 10:05:00,791.8999634,682.0538826073871,1287.9707753257098,947.5740787527892
2024-09-06 10:10:00,743.2666016,682.0538826073871,1311.7240571303964,947.5740787527892
2024-09-06 10:15:00,1235.699951,682.0538826073871,1334.190334482567,947.5740787527892
2024-09-06 10:20:00,1505.5,682.0538826073871,1355.3408357176795,947.5740787527892
2024-09-06 10:25:00,1347.266602,682.0538826073871,1375.1523960601294,947.5740787527892
2024-09-06 10:30:00,2060.300049,682.0538826073871,1393.6074639763262,947.5740787527892
2024-09-06 10:35:00,1835.349854,682.0538826073871,1410.6940725713634,947.5740787527892
2024-09-06 10:40:00,1793.266724,682.0538826073871,1426.4057763089834,947.5740787527892
2024-09-06 10:45:00,1659.75,682.0538826073871,1440.7415540381617,947.5740787527892
2024-09-06 10:50:00,1436.5,682.0538826073871,1453.7056791078771,947.5740787527892
2024-09-06 10:55:00,1107.599976,682.0538826073871,1465.3075578285873,947.5740787527892
2024-09-06 11:00:00,2052.300049,682.0538826073871,1475.5615377731192,1004.1425650542188
2024-09-06 11:05:00,1820.350098,682.0538826073871,1484.4866872982714,1004.1425650542188
2024-09-06 11:10:00,1743.033325,682.0538826073871,1492.1065484533078,1004.1425650542188
2024-09-06 11:15:00,1588.400024,682.0538826073871,1498.448864942374,1004.1425650542188
2024-09-06 11:20:00,1514.549927,682.0538826073871,1503.5452875132999,1004.1425650542188
2024-09-06 11:25:00,1314.699951,682.0538826073871,1507.4310589749493,1004.1425650542188
2024-09-06 11:30:00,1325.933228,682.0538826073871,1510.144681328579,1004.1425650542188
2024-09-06 11:35:00,1268.966675,682.0538826073871,1511.7275675289357,1004.1425650542188
2024-09-06 11:40:00,1290.000122,682.0538826073871,1512.2236805612217,1004.1425650542188
2024-09-06 11:45:00,1236.866699,682.0538826073871,1511.6791625290625,1004.1425650542188
2024-09-06 11:50:00,1194.200073,682.0538826073871,1510.141956513356,1004.1425650542188
2024-09-06 11:55:00,1165.400024,682.0538826073871,1507.6614240444037,1004.1425650542188
2024-09-06 12:00:00,981.9333496,682.0538826073871,1504.2879609771874,1067.462086672917
2024-09-06 12:05:00,1313.5,682.0538826073871,1500.0726145735866,1067.462086672917
2024-09-06 12:10:00,2060.699951,682.0538826073871,1495.0667046150845,1067.462086672917
2024-09-06 12:15:00,1873.899902,682.0538826073871,1489.3214512183429,1067.462086672917
2024-09-06 12:20:00,1757.266602,682.0538826073871,1482.887612056807,458.76972609507163
2024-09-06 12:25:00,1605.550049,682.0538826073871,1475.815131552848,458.76972609507163
2024-09-06 12:30:00,1209.050049,682.0538826073871,1468.1528044630797,458.76972609507163
2024-09-06 12:35:00,808.5499878,682.0538826073871,1459.94795629682,464.84809145767156
2024-09-06 12:40:00,624.8999634,682.0538826073871,1451.2461426419102,506.932455915862
2024-09-06 12:45:00,701.7999878,682.0538826073871,1442.0908695298851,506.1516996610049
2024-09-06 12:50:00,854.2000122,682.0538826073871,1432.5233366538407,501.85759617916045
2024-09-06 12:55:00,1081.099976,682.0538826073871,1422.582205148607,500.8390252502081
2024-09-06 13:00:00,1229.099976,682.0538826073871,1412.3033914148468,481.3319236730473
2024-09-06 13:05:00,1170.666626,682.0538826073871,1401.7198882182918,484.5090624755287
2024-09-06 13:10:00,1758.699951,682.0538826073871,1390.861614252352,480.3518359769097
2024-09-06 13:15:00,1983.599976,682.0538826073871,1379.7552927754393,483.7611291618938
2024-09-06 13:20:00,1882.566528,682.0538826073871,1368.4243602200218,483.7611291618938
2024-09-06 13:25:00,1958.099976,682.0538826073871,1356.8889049098445,483.7611291618938
2024-09-06 13:30:00,1958.933472,682.0538826073871,1345.1656361211951,483.7611291618938
2024-09-06 13:35:00,1898.733398,682.0538826073871,1333.2678834246951,483.7611291618938
2024-09-06 13:40:00,1924.299927,682.0538826073871,1321.2056259755702,715.5180404590747
2024-09-06 13:45:00,1864.366699,682.0538826073871,1308.985551145488,725.3429546291793
2024-09-06 13:50:00,1976.0,682.0538826073871,1296.6111417929033,727.7825249890905
2024-09-06 13:55:00,1889.966675,682.0538826073871,1284.082791165993,739.3006432349791
2024-09-06 14:00:00,1931.800049,682.0538826073871,1271.3979441466608,839.0145099467757
2024-09-06 14:05:00,1657.75,682.0538826073871,1258.551263708352,818.7052656967853
2024-09-06 14:10:00,1196.75,682.0538826073871,1245.5348206146334,822.2298869027092
2024-09-06 14:15:00,1137.199951,682.0538826073871,1232.3383049751815,704.7288473349257
2024-09-06 14:20:00,1008.366699,682.0538826073871,1218.9492575079423,643.9479819005752
2024-09-06 14:25:00,1056.700073,682.0538826073871,1205.3533185506187,543.9500891872538
2024-09-06 14:30:00,997.5333862,682.0538826073871,1191.534492638203,498.1383493616718
2024-09-06 14:35:00,962.333313,682.0538826073871,1177.4754262749893,519.2076835123415
2024-09-06 14:40:00,897.5333862,682.0538826073871,1163.15769668973,871.0152968492887
2024-09-06 14:45:00,874.5666504,682.0538826073871,1148.562108810829,991.9917068814478
2024-09-06 14:50:00,852.9333496,682.0538826073871,1133.668998367689,1076.821232443477
2024-09-06 14:55:00,978.7000122,682.0538826073871,1118.4585381418544,1281.0619637101402
2024-09-06 15:00:00,898.0999146,682.0538826073871,1102.9110450929913,1127.6879232383822
2024-09-06 15:05:00,913.833313,682.0538826073871,1087.0072857006467,1127.6879232383822
2024-09-06 15:10:00,881.4000854,682.0538826073871,1070.728776947023,1143.987412948493
2024-09-06 15:15:00,777.4667358,682.0538826073871,1054.0580805913232,1143.987412948493
2024-09-06 15:20:00,697.8666992,682.0538826073871,1036.9790881474664,1143.987412948493
2024-09-06 15:25:00,1089.699951,682.0538826073871,1019.477294318034,1143.6188346618267
2024-09-06 15:30:00,2058.399902,682.0538826073871,1001.5400565416722,1143.6188346618267
2024-09-06 15:35:00,1871.299927,682.0538826073871,983.1568387995372,1152.6270565718269
2024-09-06 15:40:00,1920.233276,682.0538826073871,964.3194372180789,1151.7593347101604
2024-09-06 15:45:00,1782.033203,682.0538826073871,945.0221861136803,1166.4588750001824
2024-09-06 15:50:00,1739.866577,682.0538826073871,925.2621424272309,1167.997226945452
2024-09-06 15:55:00,1600.75,682.0538826073871,905.0392472385581,1167.997226945452
2024-09-06 16:00:00,1268.900146,682.0538826073871,884.3564629753611,1125.220159201606
2024-09-06 16:05:00,895.7999878,682.0538826073871,863.2198851253552,1058.8280165654762
2024-09-06 16:10:00,874.499939,682.0538826073871,841.6388277257468,1058.8280165654762
2024-09-06 16:15:00,715.8666992,682.0538826073871,819.6258815423245,1068.0996319221429
2024-09-06 16:20:00,689.3499756,682.0538826073871,797.1969449716038,1063.1333737382247
2024-09-06 16:25:00,606.9000244,682.0538826073871,774.3712268144474,1069.5470765834764
2024-09-06 16:30:00,494.1999817,682.0538826073871,751.1712212575322,1069.5470765834764
2024-09-06 16:35:00,471.9333496,682.0538826073871,727.6226550755727,1058.8182000308022
2024-09-06 16:40:00,478.4666748,682.0538826073871,703.7544073705649,1058.8182000308022
2024-09-06 16:45:00,463.4000244,682.0538826073871,679.5984026633984,1225.1972781256477
2024-09-06 16:50:00,408.2999573,682.0538826073871,655.1894778380771,1067.4460250490563
2024-09-06 16:55:00,314.8999939,682.0538826073871,630.565224205829,1388.511170653623
2024-09-06 17:00:00,260.9666748,682.0538826073871,605.7658055888858,402.4421682346177
2024-09-06 17:05:00,263.0666504,682.0538826073871,580.8337543603716,402.4421682346177
2024-09-06 17:10:00,256.1000061,682.0538826073871,555.8137462130765,402.68927456762884
2024-09-06 17:15:00,241.2333374,682.0538826073871,530.7523561331813,408.12349322442145
2024-09-06 17:20:00,234.8499908,682.0538826073871,505.6977969256417,459.8553080724489
2024-09-06 17:25:00,185.3500061,682.0538826073871,480.69964256510116,464.1226523554482
2024-09-06 17:30:00,124.5999985,682.0538826073871,455.80853841375233,464.1226523554482
2024-09-06 17:35:00,138.6999969,682.0538826073871,431.0759004446544,461.93900823091485
2024-09-06 17:40:00,188.8999939,682.0538826073871,406.5536060517839,472.1865755192913
2024-09-06 17:45:00,189.5499878,682.0538826073871,382.2936782921049,466.91207130897385
2024-09-06 17:50:00,189.7666626,682.0538826073871,358.3479667207447,465.4430526526404
2024-09-06 17:55:00,183.0,682.0538826073871,334.76782649463166,485.2397414824448
2024-09-06 18:00:00,179.3999939,682.0538826073871,311.6037987190234,126.34591026954622
2024-09-06 18:05:00,140.5666656,682.0538826073871,288.90529429321936,126.34591026954622
2024-09-06 18:10:00,124.5666733,682.0538826073871,266.72028361390886,126.6354585557851
2024-09-06 18:15:00,114.5666733,682.0538826073871,245.09499472465797,129.0669382872063
2024-09-06 18:20:00,104.1999893,682.0538826073871,224.0736219158599,126.65128068329298
2024-09-06 18:25:00,96.00000763,682.0538826073871,203.69804724193068,129.9359634152587
2024-09-06 18:30:00,83.94999695,682.0538826073871,184.00757682151777,127.45165764683424
2024-09-06 18:35:00,63.25,682.0538826073871,165.03869433684585,129.29254679547614
2024-09-06 18:40:00,42.0,682.0538826073871,146.8248330734355,142.70770737275225
2024-09-06 18:45:00,33.46666336,682.0538826073871,129.39616855414712,142.70770737275225
2024-09-06 18:50:00,31.23333168,682.0538826073871,112.77943334401165,142.20975367825224
2024-09-06 18:55:00,30.10000229,682.0538826073871,96.99775520277207,142.20975367825224
2024-09-06 19:00:00,23.04999924,682.0538826073871,82.07051998273734,57.60999597054261
2024-09-06 19:05:00,15.36666775,682.0538826073871,68.01326015637048,56.976366294453726
2024-09-06 19:10:00,13.36666584,682.0538826073871,54.837569970803045,57.06549409254039
2024-09-06 19:15:00,0.0,682.0538826073871,42.55104752972962,57.98261581542625
2024-09-06 19:20:00,0.0,682.0538826073871,31.157264646271397,57.98261581542625
2024-09-06 19:25:00,0.0,682.0538826073871,20.655764187879118,58.28093989185961
2024-09-06 19:30:00,0.0,682.0538826073871,11.04208526075883,58.28093989185961
2024-09-06 19:35:00,0.0,682.0538826073871,2.307815781611012,56.26873574581737
2024-09-06 19:40:00,0.0,682.0538826073871,-5.5593278953096466,58.28093989185961
2024-09-06 19:45:00,0.0,682.0538826073871,-12.575394979025626,58.24960655979293
2024-09-06 19:50:00,0.0,682.0538826073871,-18.760068750971215,57.98261581542625
2024-09-06 19:55:00,0.0,682.0538826073871,-24.136510576475562,57.98261581542625
2024-09-06 20:00:00,0.0,682.0538826073871,-28.73118072094331,0.32283334106666667
2024-09-06 20:05:00,0.0,682.0538826073871,-32.57363724708482,0.32283334106666667
2024-09-06 20:10:00,0.0,682.0538826073871,-35.696314736040385,0.5762963191111111
2024-09-06 20:15:00,0.0,682.0538826073871,-38.13428442224291,0.5762963191111111
2024-09-06 20:20:00,0.0,682.0538826073871,-39.924997680276896,0.5330740951777777
2024-09-06 20:25:00,0.0,682.0538826073871,-41.108014767005166,0.5330740951777777
2024-09-06 20:30:00,0.0,682.0538826073871,-41.724721050818346,0.5330740951777777
2024-09-06 20:35:00,0.0,682.0538826073871,-41.818032727798204,0.5330740951777777
2024-09-06 20:40:00,0.0,682.0538826073871,-41.43209447217415,0.5330740951777777
2024-09-06 20:45:00,0.0,682.0538826073871,-40.61197119020365,0.5330740951777777
2024-09-06 20:50:00,0.0,682.0538826073871,-39.403336310226756,0.5330740951777777
2024-09-06 20:55:00,0.0,682.0538826073871,-37.85215895929462,0.5330740951777777
2024-09-06 21:00:00,0.0,682.0538826073871,-36.00439240163473,0.0
2024-09-06 21:05:00,0.0,682.0538826073871,-33.90566610140791,0.0
2024-09-06 21:10:00,0.0,682.0538826073871,-31.60098370543559,0.0
2024-09-06 21:15:00,0.0,682.0538826073871,-29.134429290998114,0.0
2024-09-06 21:20:00,0.0,682.0538826073871,-26.548883937842337,0.0
2024-09-06 21:25:00,0.0,682.0538826073871,-23.885754906199242,0.0
2024-09-06 21:30:00,0.0,682.0538826073871,-21.18471923580878,0.0
2024-09-06 21:35:00,0.0,682.0538826073871,-18.483483833734926,0.3420925649166667
2024-09-06 21:40:00,0.0,682.0538826073871,-15.817563644883498,0.0
2024-09-06 21:45:00,0.0,682.0538826073871,-13.22007958491804,0.0
2024-09-06 21:50:00,0.0,682.0538826073871,-10.721577662027794,0.0
2024-09-06 21:55:00,0.0,682.0538826073871,-8.34987052821057,0.0
2024-09-06 22:00:00,0.0,682.0538826073871,-6.129902565252865,0.0
2024-09-06 22:05:00,0.0,682.0538826073871,-4.083639389890479,0.0
2024-09-06 22:10:00,0.0,682.0538826073871,-2.229982468684129,0.0
2024-09-06 22:15:00,0.0,682.0538826073871,-0.5847093460083451,0.0
2024-09-06 22:20:00,0.0,682.0538826073871,0.8395602308827519,0.0
2024-09-06 22:25:00,0.0,682.0538826073871,2.033372214747457,0.0
2024-09-06 22:30:00,0.0,682.0538826073871,2.990420315167327,0.0
2024-09-06 22:35:00,0.0,682.0538826073871,3.7075025424169175,0.0
2024-09-06 22:40:00,0.0,682.0538826073871,4.18445277895149,0.0
2024-09-06 22:45:00,0.0,682.0538826073871,4.424048121711793,0.0
2024-09-06 22:50:00,0.0,682.0538826073871,4.431892919127041,0.0
2024-09-06 22:55:00,0.0,682.0538826073871,4.2162806348473,0.0
2024-09-06 23:00:00,0.0,682.0538826073871,3.7880348166331603,0.0
2024-09-06 23:05:00,0.0,682.0538826073871,3.16033065372324,0.0
2024-09-06 23:10:00,0.0,682.0538826073871,2.348498716396455,0.0
2024-09-06 23:15:00,0.0,682.0538826073871,1.3698126527247054,0.0
2024-09-06 23:20:00,0.0,682.0538826073871,0.24326272220438797,0.0
2024-09-06 23:25:00,0.0,682.0538826073871,-1.0106828373539911,0.0
2024-09-06 23:30:00,0.0,682.0538826073871,-2.3703265118264967,0.0
2024-09-06 23:35:00,0.0,682.0538826073871,-3.812998107894948,0.0
2024-09-06 23:40:00,0.0,682.0538826073871,-5.315317009332031,0.0
2024-09-06 23:45:00,0.0,682.0538826073871,-6.853457825274084,0.0
2024-09-06 23:50:00,0.0,682.0538826073871,-8.40341708383896,0.0
2024-09-06 23:55:00,0.0,682.0538826073871,-9.941278711879795,0.0
2024-09-07 00:00:00,0.0,682.0538826073871,-11.443475960045209,0.0
2024-09-07 00:05:00,0.0,682.0538826073871,-12.887047512215451,0.0
2024-09-07 00:10:00,0.0,682.0538826073871,-14.249885556581022,0.0
2024-09-07 00:15:00,0.0,682.0538826073871,-15.51097365523388,0.0
2024-09-07 00:20:00,0.0,682.0538826073871,-16.65061233939027,0.7685555436666667
2024-09-07 00:25:00,0.0,682.0538826073871,-17.650630453609562,0.7685555436666667
2024-09-07 00:30:00,0.0,682.0538826073871,-18.494580409912984,0.8954444717777779
2024-09-07 00:35:00,0.0,682.0538826073871,-19.16791555287948,1.2026667073333335
2024-09-07 00:40:00,0.0,682.0538826073871,-19.658148198605712,0.6020000203333333
2024-09-07 00:45:00,0.0,682.0538826073871,-19.954986725194768,0.6020000203333333
2024-09-07 00:50:00,0.0,682.0538826073871,-20.05045067871306,0.6020000203333333
2024-09-07 00:55:00,0.0,682.0538826073871,-19.93896262955499,0.6020000203333333
2024-09-07 01:00:00,0.0,682.0538826073871,-19.617416035787368,0.6020000203333333
2024-09-07 01:05:00,0.0,682.0538826073871,-19.08521836018529,0.6020000203333333
2024-09-07 01:10:00,0.0,682.0538826073871,-18.344308979842932,0.6020000203333333
2024-09-07 01:15:00,0.0,682.0538826073871,-17.399151618606933,0.6020000203333333
2024-09-07 01:20:00,0.0,682.0538826073871,-16.25670123286426,0.6020000203333333
2024-09-07 01:25:00,0.0,682.0538826073871,-14.926345529780411,0.6020000203333333
2024-09-07 01:30:00,0.0,682.0538826073871,-13.41982140417514,0.6020000203333333
2024-09-07 01:35:00,0.0,682.0538826073871,-11.751106998352489,0.6020000203333333
2024-09-07 01:40:00,0.0,682.0538826073871,-9.936290000233278,0.6020000203333333
2024-09-07 01:45:00,0.0,682.0538826073871,-7.9934133128721445,0.6020000203333333
2024-09-07 01:50:00,0.0,682.0538826073871,-5.942299149838594,0.6020000203333333
2024-09-07 01:55:00,0.0,682.0538826073871,-3.804352980028453,0.6020000203333333
2024-09-07 02:00:00,0.0,682.0538826073871,-1.6023488072856624,0.6020000203333333
2024-09-07 02:05:00,0.0,682.0538826073871,0.6398024617382859,0.6020000203333333
2024-09-07 02:10:00,0.0,682.0538826073871,2.897299792831861,0.6020000203333333
2024-09-07 02:15:00,0.0,682.0538826073871,5.144711903894057,0.6020000203333333
2024-09-07 02:20:00,0.0,682.0538826073871,7.356248177291048,0.6020000203333333
2024-09-07 02:25:00,0.0,682.0538826073871,9.506038381485736,0.6020000203333333
2024-09-07 02:30:00,0.0,682.0538826073871,11.568418913581388,0.6020000203333333
2024-09-07 02:35:00,0.0,682.0538826073871,13.518223204393626,0.6020000203333333
2024-09-07 02:40:00,0.0,682.0538826073871,15.331073854325611,0.6020000203333333
2024-09-07 02:45:00,0.0,682.0538826073871,16.983674051381186,0.6020000203333333
2024-09-07 02:50:00,0.0,682.0538826073871,18.454095810799007,0.6020000203333333
2024-09-07 02:55:00,0.0,682.0538826073871,19.7220625663836,0.6020000203333333
2024-09-07 03:00:00,0.0,682.0538826073871,20.769223686892158,0.6020000203333333
2024-09-07 03:05:00,0.0,682.0538826073871,21.579418510452065,0.6020000203333333
2024-09-07 03:10:00,0.0,682.0538826073871,22.138927572734374,0.6020000203333333
2024-09-07 03:15:00,0.0,682.0538826073871,22.436708784393584,0.6020000203333333
2024-09-07 03:20:00,0.0,682.0538826073871,22.464616373767917,0.6020000203333333
2024-09-07 03:25:00,0.0,682.0538826073871,22.217600624874894,0.6020000203333333
2024-09-07 03:30:00,0.0,682.0538826073871,21.69388641580481,0.6020000203333333
2024-09-07 03:35:00,0.0,682.0538826073871,20.895128894072204,0.6020000203333333
2024-09-07 03:40:00,0.0,682.0538826073871,19.8265446323698,0.6020000203333333
2024-09-07 03:45:00,0.0,682.0538826073871,18.49701687955553,0.6020000203333333
2024-09-07 03:50:00,0.0,682.0538826073871,16.919173660601878,0.6020000203333333
2024-09-07 03:55:00,0.0,682.0538826073871,15.109437721030666,0.6020000203333333
