fecha_hora,Real,ARIMA,Prophet,Random Forest
2024-08-06 12:00:00,2053.166748,2050.8926381221854,2444.079342174798,2051.4513689075075
2024-08-06 12:05:00,2056.266846,2051.073799027029,2436.8395859796624,2051.4513689075075
2024-08-06 12:10:00,2057.833252,2051.3508617577036,2428.3500503205864,2051.2037337409524
2024-08-06 12:15:00,2057.166748,2051.5254475485467,2418.6929416227385,2051.560798333754
2024-08-06 12:20:00,2056.900146,2051.595959128686,2407.9499727540206,2054.011227661035
2024-08-06 12:25:00,2058.633545,2051.593524537356,2396.201800784106,2051.0194015334055
2024-08-06 12:30:00,2061.099854,2051.57078401109,2383.527485049634,2049.0851562128305
2024-08-06 12:35:00,2063.0,2051.5464332223346,2370.003969819171,2052.8817294187147
2024-08-06 12:40:00,2062.966553,2051.532647571986,2355.7055946309547,2054.850713904001
2024-08-06 12:45:00,2061.866699,2051.528060950296,2340.7036358768896,2056.2772335498903
2024-08-06 12:50:00,2059.06665,2051.5290000243904,2325.0658827611987,2056.0245425152316
2024-08-06 12:55:00,2057.333252,2051.531393237293,2308.8562502230407,2045.784447539566
2024-08-06 13:00:00,2058.099854,2051.533477314827,2292.1344314997964,2038.1831275351376
2024-08-06 13:05:00,2060.466797,2051.534540334852,2274.9555923650905,2055.2233202117986
2024-08-06 13:10:00,2062.233398,2051.5348090618445,2257.3701091575654,2059.109881457456
2024-08-06 13:15:00,2061.800049,2051.534662657519,2239.4233516216414,2056.9504978606974
2024-08-06 13:20:00,2062.233398,2051.534430218764,2221.1555124127817,2058.113607086855
2024-08-06 13:25:00,2062.033447,2051.534255866299,2202.6014833859617,2021.1268121208534
2024-08-06 13:30:00,2063.06665,2051.5341766938864,2183.7907795517017,2008.7703060024826
2024-08-06 13:35:00,2062.300049,2051.534164275555,2164.7475106185257,2005.3272494746257
2024-08-06 13:40:00,2061.966553,2051.534182173585,2145.490399784708,2046.8891873352372
2024-08-06 13:45:00,2059.766602,2051.5342036782736,2126.0328493345305,2056.2657338853237
2024-08-06 13:50:00,2057.733398,2051.534217925236,2106.383051761045,2045.0721717136787
2024-08-06 13:55:00,2057.833252,2051.534223555377,2086.5441453069598,2041.4314872983132
2024-08-06 14:00:00,2060.099854,2051.5342237293003,2066.5144120082773,1983.4496063783454
2024-08-06 14:05:00,2063.533447,2051.5342217868733,2046.2875166377441,2012.0237504605009
2024-08-06 14:10:00,2064.533447,2051.534219866722,2025.8527837630763,2046.3789740676034
2024-08-06 14:15:00,2064.133301,2051.5342187321585,2005.1955106304326,2048.7461419813894
2024-08-06 14:20:00,2062.93335,2051.5342183570856,1984.2973130928815,2037.7727697712735
2024-08-06 14:25:00,2062.43335,2051.534218415246,1963.1365012431886,2056.1073025866253
2024-08-06 14:30:00,2062.033447,2051.5342186112707,1941.6884816708102,2050.9056277490313
2024-08-06 14:35:00,2052.56665,2051.534218777736,1919.9261827808034,2044.8713889160738
2024-08-06 14:40:00,2045.966675,2051.53421886548,1897.820499476641,2042.4410891368439
2024-08-06 14:45:00,2037.033325,2051.5342188879695,1875.3407535688045,2044.4900785506384
2024-08-06 14:50:00,2045.133301,2051.534218877137,1852.4551658627329,2033.9016421361703
2024-08-06 14:55:00,2048.166748,2051.534218858332,1829.1313361310501,1996.594256167503
2024-08-06 15:00:00,2050.06665,2051.534218844283,1805.3367267922424,1384.4606995310592
2024-08-06 15:05:00,2027.766602,2051.53421883773,1781.0391464585841,1318.1127975420732
2024-08-06 15:10:00,1983.033325,2051.5342188366444,1756.2072291949898,1140.8568323164845
2024-08-06 15:15:00,1917.133301,2051.5342188380278,1730.8109057943195,1873.768858292145
2024-08-06 15:20:00,1848.533325,2051.534218839763,1704.8218628995555,1874.3215582310957
2024-08-06 15:25:00,1792.0,2051.534218840918,1678.2139864854175,1878.7205334771436
2024-08-06 15:30:00,1751.566772,2051.534218841386,1650.9637857986459,1848.6757258110479
2024-08-06 15:35:00,1732.266724,2051.5342188414074,1623.0507948004647,1876.8846318176575
2024-08-06 15:40:00,1721.299927,2051.5342188412546,1594.4579472892672,1837.442132242915
2024-08-06 15:45:00,1719.566772,2051.5342188410996,1565.1719228951163,1752.4821650167682
2024-08-06 15:50:00,1630.099976,2051.5342188410073,1535.1834614151985,1327.014649422015
2024-08-06 15:55:00,1587.64978,2051.534218840976,1504.4876424590898,1343.6901609323945
2024-08-06 16:00:00,1457.199951,2051.53421884098,1473.0841284999135,1310.0601419351146
2024-08-06 16:05:00,1426.0,2051.5342188409954,1440.9773692472575,1304.6040785742298
2024-08-06 16:10:00,1424.700073,2051.534218841009,1408.1767656107181,1253.038187410575
2024-08-06 16:15:00,1408.133301,2051.5342188410164,1374.696792121375,1242.2773434203652
2024-08-06 16:20:00,1326.033325,2051.534218841018,1340.557076550231,1213.1754390585043
2024-08-06 16:25:00,1278.0,2051.5342188410173,1305.7824363882912,1183.8567160827681
2024-08-06 16:30:00,965.3499756,2051.534218841016,1270.402871395199,1080.37851545762
2024-08-06 16:35:00,1197.0,2051.5342188410145,1234.4535127930994,1012.5391645319513
2024-08-06 16:40:00,1183.849976,2051.534218841014,1197.9745288834376,921.8050989144672
2024-08-06 16:45:00,1178.733276,2051.534218841014,1161.0109884665098,1053.4774561395984
2024-08-06 16:50:00,1164.5,2051.534218841014,1123.6126824160456,1044.4839137212048
2024-08-06 16:55:00,1097.066772,2051.534218841014,1085.8339052804376,1030.51059348812
2024-08-06 17:00:00,994.0667114,2051.534218841014,1047.7331981203074,1079.4876170416796
2024-08-06 17:05:00,894.0,2051.534218841014,1009.3730553062392,1063.9269076272196
2024-08-06 17:10:00,847.4333496,2051.534218841014,970.8195966028258,1020.5814324194153
2024-08-06 17:15:00,835.333313,2051.534218841014,932.1422075987855,983.8083826020796
2024-08-06 17:20:00,810.7666626,2051.534218841014,893.4131514371452,953.3270877841456
2024-08-06 17:25:00,780.7333984,2051.534218841014,854.7071541985946,944.8717724249955
2024-08-06 17:30:00,736.8666992,2051.534218841014,816.100967747528,923.4329520191118
2024-08-06 17:35:00,703.4332886,2051.534218841014,777.6729130223035,866.1451742040099
2024-08-06 17:40:00,671.8666382,2051.534218841014,739.5024074137964,773.1054878087182
2024-08-06 17:45:00,639.7999878,2051.534218841014,701.6694799446104,755.9075822297716
2024-08-06 17:50:00,598.0667114,2051.534218841014,664.2542777890305,735.8634890406846
2024-08-06 17:55:00,544.0333862,2051.534218841014,627.3365681379609,773.8288162590876
2024-08-06 18:00:00,518.3499756,2051.534218841014,590.9952389653024,195.57677055395817
2024-08-06 18:05:00,407.2333069,2051.534218841014,555.3078027647181,369.806214547007
2024-08-06 18:10:00,360.4333496,2051.534218841014,520.349906953878,358.29231471206566
2024-08-06 18:15:00,341.5333252,2051.534218841014,486.19485457711016,349.4188490907259
2024-08-06 18:20:00,316.2333069,2051.534218841014,452.91313930547506,327.36644553391045
2024-08-06 18:25:00,292.0333252,2051.534218841014,420.5719978761676,298.1246674146057
2024-08-06 18:30:00,276.1499939,2051.534218841014,389.23498343752334,287.4939034016549
2024-08-06 18:35:00,240.7999878,2051.534218841014,358.9615635776904,225.07695613204788
2024-08-06 18:40:00,187.5666504,2051.534218841014,329.80674524138533,227.76134041214232
2024-08-06 18:45:00,166.3333282,2051.534218841014,301.82072991254347,226.39578173565664
2024-08-06 18:50:00,149.6999969,2051.534218841014,275.0486016906794,280.260880266115
2024-08-06 18:55:00,135.8333282,2051.534218841014,249.5300502526277,278.3241091291642
2024-08-06 19:00:00,122.2666702,2051.534218841014,225.2991310674578,106.76826407624046
2024-08-06 19:05:00,108.7666702,2051.534218841014,202.38406453945566,105.05333257455673
2024-08-06 19:10:00,97.2333374,2051.534218841014,180.8070754930821,104.73861998540674
2024-08-06 19:15:00,91.6499939,2051.534218841014,160.58427434703287,104.24092332373822
2024-08-06 19:20:00,80.30000305,2051.534218841014,141.72558059405006,103.54641625864028
2024-08-06 19:25:00,62.84999847,2051.534218841014,124.23468931261235,101.8246488952607
2024-08-06 19:30:00,43.90000153,2051.534218841014,108.10908069645491,96.08982085080012
2024-08-06 19:35:00,28.75000191,2051.534218841014,93.34007260871098,74.81380290480622
2024-08-06 19:40:00,20.14999771,2051.534218841014,79.91291561963136,61.2430795806408
2024-08-06 19:45:00,14.85000038,2051.534218841014,67.80692967668287,58.86802415149224
2024-08-06 19:50:00,0.0,2051.534218841014,56.99568143337494,55.68221102629176
2024-08-06 19:55:00,0.0,2051.534218841014,47.44720060882004,52.83686839019835
2024-08-06 20:00:00,0.0,2051.534218841014,39.1242337443398,1.5490407368222223
2024-08-06 20:05:00,0.0,2051.534218841014,31.984533424555433,1.6462629590444446
2024-08-06 20:10:00,0.0,2051.534218841014,25.981180487400575,1.5490407368222223
2024-08-06 20:15:00,0.0,2051.534218841014,21.062936849748397,1.7448740701555554
2024-08-06 20:20:00,0.0,2051.534218841014,17.174626095819306,1.5490407368222223
2024-08-06 20:25:00,0.0,2051.534218841014,14.257538935628986,1.6268185146
2024-08-06 20:30:00,0.0,2051.534218841014,12.249860287583314,1.7865407368222221
2024-08-06 20:35:00,0.0,2051.534218841014,11.087114743615828,1.1190407368222224
2024-08-06 20:40:00,0.0,2051.534218841014,10.702626927890154,0.6073740626722223
2024-08-06 20:45:00,0.0,2051.534218841014,11.027993258186518,0.6073740626722223
2024-08-06 20:50:00,0.0,2051.534218841014,11.993561371414442,0.5657073960055555
2024-08-06 20:55:00,0.0,2051.534218841014,13.528913664734231,0.4198740626722222
2024-08-06 21:00:00,0.0,2051.534218841014,15.563351160003538,0.22491110769444447
2024-08-06 21:05:00,0.0,2051.534218841014,18.02637404582342,0.22491110769444447
2024-08-06 21:10:00,0.0,2051.534218841014,20.848155234159194,0.15522592620000003
2024-08-06 21:15:00,0.0,2051.534218841014,23.960003352781158,0.15522592620000003
2024-08-06 21:20:00,0.0,2051.534218841014,27.294811675571253,0.06405555566666667
2024-08-06 21:25:00,0.0,2051.534218841014,30.787489626195242,0.0
2024-08-06 21:30:00,0.0,2051.534218841014,34.37537367512269,0.0
2024-08-06 21:35:00,0.0,2051.534218841014,37.9986144536575,0.0
2024-08-06 21:40:00,0.0,2051.534218841014,41.60053746236661,0.0
2024-08-06 21:45:00,0.0,2051.534218841014,45.127974475356716,0.0
2024-08-06 21:50:00,0.0,2051.534218841014,48.53156351285837,0.0
2024-08-06 21:55:00,0.0,2051.534218841014,51.76601501645173,0.0
2024-08-06 22:00:00,0.0,2051.534218841014,54.79034255015193,0.0
2024-08-06 22:05:00,0.0,2051.534218841014,57.56805635987155,0.0
2024-08-06 22:10:00,0.0,2051.534218841014,60.067318555894374,0.0
2024-08-06 22:15:00,0.0,2051.534218841014,62.26105897257598,0.0
2024-08-06 22:20:00,0.0,2051.534218841014,64.12705102876497,0.0
2024-08-06 22:25:00,0.0,2051.534218841014,65.6479473352387,0.0
2024-08-06 22:30:00,0.0,2051.534218841014,66.81127499203131,0.0
2024-08-06 22:35:00,0.0,2051.534218841014,67.60939096785943,0.0
2024-08-06 22:40:00,0.0,2051.534218841014,68.03939817987015,0.0
2024-08-06 22:45:00,0.0,2051.534218841014,68.10302325865449,0.0
2024-08-06 22:50:00,0.0,2051.534218841014,67.80645728209636,0.0
2024-08-06 22:55:00,0.0,2051.534218841014,67.16016104787197,0.0
2024-08-06 23:00:00,0.0,2051.534218841014,66.17863675031822,0.0
2024-08-06 23:05:00,0.0,2051.534218841014,64.88016819176376,0.0
2024-08-06 23:10:00,0.0,2051.534218841014,63.28653191333689,0.0
2024-08-06 23:15:00,0.0,2051.534218841014,61.422681864714555,0.0
2024-08-06 23:20:00,0.0,2051.534218841014,59.3164104160468,0.0
2024-08-06 23:25:00,0.0,2051.534218841014,56.99798881144192,0.0
2024-08-06 23:30:00,0.0,2051.534218841014,54.499790094907034,0.0
2024-08-06 23:35:00,0.0,2051.534218841014,51.85589803985347,0.0
2024-08-06 23:40:00,0.0,2051.534218841014,49.101705285541286,0.0
2024-08-06 23:45:00,0.0,2051.534218841014,46.27350441673178,0.0
2024-08-06 23:50:00,0.0,2051.534218841014,43.40807541566335,0.0
2024-08-06 23:55:00,0.0,2051.534218841014,40.54227315023215,0.0
2024-08-07 00:00:00,0.0,2051.534218841014,37.712618504499936,0.0
2024-08-07 00:05:00,0.0,2051.534218841014,34.954896708582666,0.0
2024-08-07 00:10:00,0.0,2051.534218841014,32.30376639355177,0.0
2024-08-07 00:15:00,0.0,2051.534218841014,29.79238279527565,0.0
2024-08-07 00:20:00,0.0,2051.534218841014,27.452038423521454,0.0
2024-08-07 00:25:00,0.0,2051.534218841014,25.311824335680605,0.0
2024-08-07 00:30:00,0.0,2051.534218841014,23.39831509599208,0.0
2024-08-07 00:35:00,0.0,2051.534218841014,21.73528011887293,0.0
2024-08-07 00:40:00,0.0,2051.534218841014,20.343424071448467,0.0
2024-08-07 00:45:00,0.0,2051.534218841014,19.24015865607715,0.0
2024-08-07 00:50:00,0.0,2051.534218841014,18.43940788069995,0.0
2024-08-07 00:55:00,0.0,2051.534218841014,17.951448628225233,0.0
2024-08-07 01:00:00,0.0,2051.534218841014,17.78278807201678,0.0
2024-08-07 01:05:00,0.0,2051.534218841014,17.93607915720022,0.0
2024-08-07 01:10:00,0.0,2051.534218841014,18.410075067250645,0.0
2024-08-07 01:15:00,0.0,2051.534218841014,19.199623258200226,0.0
2024-08-07 01:20:00,0.0,2051.534218841014,20.29569934870604,0.0
2024-08-07 01:25:00,0.0,2051.534218841014,21.685480771921632,0.0
2024-08-07 01:30:00,0.0,2051.534218841014,23.352459789883337,0.0
2024-08-07 01:35:00,0.0,2051.534218841014,25.27659516355899,0.0
2024-08-07 01:40:00,0.0,2051.534218841014,27.434501396568,0.0
2024-08-07 01:45:00,0.0,2051.534218841014,29.799674183549946,0.0
2024-08-07 01:50:00,0.0,2051.534218841014,32.34275039209397,0.0
2024-08-07 01:55:00,0.0,2051.534218841014,35.03180055456308,0.0
2024-08-07 02:00:00,0.0,2051.534218841014,37.83265166866034,0.0
2024-08-07 02:05:00,0.0,2051.534218841014,40.70923770369183,0.0
2024-08-07 02:10:00,0.0,2051.534218841014,43.623975093826125,0.0
2024-08-07 02:15:00,0.0,2051.534218841014,46.53816017639672,0.0
2024-08-07 02:20:00,0.0,2051.534218841014,49.41238539380038,0.0
2024-08-07 02:25:00,0.0,2051.534218841014,52.206970836990486,0.0
2024-08-07 02:30:00,0.0,2051.534218841014,54.88240763559458,0.0
2024-08-07 02:35:00,0.0,2051.534218841014,57.39980949590704,0.0
2024-08-07 02:40:00,0.0,2051.534218841014,59.721368636109,0.0
2024-08-07 02:45:00,0.0,2051.534218841014,61.810812298433774,0.0
2024-08-07 02:50:00,0.0,2051.534218841014,63.633855938380854,0.0
2024-08-07 02:55:00,0.0,2051.534218841014,65.15864925385044,0.0
2024-08-07 03:00:00,0.0,2051.534218841014,66.35621116889199,0.0
2024-08-07 03:05:00,0.0,2051.534218841014,67.20084998909074,0.0
2024-08-07 03:10:00,0.0,2051.534218841014,67.67056499898477,0.0
2024-08-07 03:15:00,0.0,2051.534218841014,67.74742590160804,0.0
2024-08-07 03:20:00,0.0,2051.534218841014,67.41792663011337,0.0
2024-08-07 03:25:00,0.0,2051.534218841014,66.67331025122812,0.0
2024-08-07 03:30:00,0.0,2051.534218841014,65.50986182433539,0.0
2024-08-07 03:35:00,0.0,2051.534218841014,63.929166423367796,0.0
2024-08-07 03:40:00,0.0,2051.534218841014,61.93832953604212,0.0
2024-08-07 03:45:00,0.0,2051.534218841014,59.550157697338456,0.0
2024-08-07 03:50:00,0.0,2051.534218841014,56.7832970174514,0.0
2024-08-07 03:55:00,0.0,2051.534218841014,53.66232809565769,0.0
2024-08-07 04:00:00,0.0,2051.534218841014,50.21781565170166,0.0
2024-08-07 04:05:00,0.0,2051.534218841014,46.48631189490181,0.0
2024-08-07 04:10:00,0.0,2051.534218841014,42.51031280686353,0.0
2024-08-07 04:15:00,0.0,2051.534218841014,38.33816688701113,0.0
2024-08-07 04:20:00,0.0,2051.534218841014,34.02393642410923,0.0
2024-08-07 04:25:00,0.0,2051.534218841014,29.62721140419963,0.0
2024-08-07 04:30:00,0.0,2051.534218841014,25.212876941604314,0.0
2024-08-07 04:35:00,0.0,2051.534218841014,20.850834998611585,0.0
2024-08-07 04:40:00,0.0,2051.534218841014,16.61568207793225,0.0
2024-08-07 04:45:00,0.0,2051.534218841014,12.58634427200203,0.0
2024-08-07 04:50:00,0.0,2051.534218841014,8.845672049655203,0.0
2024-08-07 04:55:00,0.0,2051.534218841014,5.479996910500814,0.0
2024-08-07 05:00:00,0.0,2051.534218841014,2.5786527060533997,0.0
2024-08-07 05:05:00,0.0,2051.534218841014,0.2334646411046749,0.0
2024-08-07 05:10:00,0.0,2051.534218841014,-1.4617909279155632,0.0
2024-08-07 05:15:00,0.0,2051.534218841014,-2.411952306958141,0.0
2024-08-07 05:20:00,0.0,2051.534218841014,-2.521060229972311,0.0
2024-08-07 05:25:00,0.0,2051.534218841014,-1.6929636419436331,0.0
2024-08-07 05:30:00,0.0,2051.534218841014,0.16806049040083884,0.0
2024-08-07 05:35:00,0.0,2051.534218841014,3.1566777004685047,0.0
2024-08-07 05:40:00,0.0,2051.534218841014,7.36586097027229,0.0
2024-08-07 05:45:00,0.0,2051.534218841014,12.886254762237435,0.0
2024-08-07 05:50:00,0.0,2051.534218841014,19.805542288893818,0.0
2024-08-07 05:55:00,0.0,2051.534218841014,28.207820697007076,0.0
2024-08-07 06:00:00,0.0,2051.534218841014,38.17298849171021,23.17381842748466
2024-08-07 06:05:00,0.0,2051.534218841014,49.77614954337664,20.811713089460856
2024-08-07 06:10:00,0.0,2051.534218841014,63.08703806074877,39.70726900353028
2024-08-07 06:15:00,0.0,2051.534218841014,78.169468619407,40.4989259325017
2024-08-07 06:20:00,0.0,2051.534218841014,95.08081536623763,41.0356028974238
2024-08-07 06:25:00,0.0,2051.534218841014,113.87152405427406,47.682991165173156
2024-08-07 06:30:00,61.90000153,2051.534218841014,134.58466092399885,56.41130578384754
2024-08-07 06:35:00,78.59999847,2051.534218841014,157.25550128831352,56.84386629349683
2024-08-07 06:40:00,95.19999695,2051.534218841014,181.91116154786155,55.95662185789681
2024-08-07 06:45:00,115.0,2051.534218841014,208.57027711143493,47.90344497856824
2024-08-07 06:50:00,130.0,2051.534218841014,237.24272891502895,24.99369129948412
2024-08-07 06:55:00,158.5,2051.534218841014,267.9294208661846,20.384624592884126
2024-08-07 07:00:00,150.5333405,2051.534218841014,300.62210981532144,306.5342920448425
2024-08-07 07:05:00,195.1000061,2051.534218841014,335.3032899766769,306.5342920448425
2024-08-07 07:10:00,181.8333282,2051.534218841014,371.94613263225284,280.1608822554462
2024-08-07 07:15:00,261.3999939,2051.534218841014,410.51448230546595,255.00686299883736
2024-08-07 07:20:00,299.8999939,2051.534218841014,450.96290907236596,255.10730743639292
2024-08-07 07:25:00,325.0,2051.534218841014,493.2368179394419,236.55743473217535
2024-08-07 07:30:00,313.9333496,2051.534218841014,537.272614379798,423.2437032490608
2024-08-07 07:35:00,354.7000122,2051.534218841014,582.997925091585,421.7036438946957
2024-08-07 07:40:00,411.6000061,2051.534218841014,630.331873367114,476.14109744768336
2024-08-07 07:45:00,441.2999878,2051.534218841014,679.1854070937253,486.2793433802858
2024-08-07 07:50:00,490.3999939,2051.534218841014,729.4616776273457,485.88947666075256
2024-08-07 07:55:00,570.0999756,2051.534218841014,781.0564674240229,469.262247577849
2024-08-07 08:00:00,538.3999634,2051.534218841014,833.8586634571299,926.0217112525897
2024-08-07 08:05:00,574.7333374,2051.534218841014,887.7507739491075,926.0217112525897
2024-08-07 08:10:00,715.0999756,2051.534218841014,942.6094847384367,931.075010546928
2024-08-07 08:15:00,670.7666626,2051.534218841014,998.3062522512582,938.5423116748817
2024-08-07 08:20:00,720.6333008,2051.534218841014,1054.7079288802784,940.5512955709768
2024-08-07 08:25:00,841.2999878,2051.534218841014,1111.6774172041728,938.1821890524625
2024-08-07 08:30:00,802.0333862,2051.534218841014,1169.074348227157,946.0506260717004
2024-08-07 08:35:00,832.7666626,2051.534218841014,1226.7557800565553,966.3555285530387
2024-08-07 08:40:00,913.4000244,2051.534218841014,1284.5769118571247,977.7665467943671
2024-08-07 08:45:00,882.6000366,2051.534218841014,1342.3918091321527,996.7887582748234
2024-08-07 08:50:00,912.166687,2051.534218841014,1400.0541345374934,999.5045024157375
2024-08-07 08:55:00,926.4667358,2051.534218841014,1457.41788080779,1039.7388604881983
2024-08-07 09:00:00,1260.800049,2051.534218841014,1514.3381003827444,1233.5139001128791
2024-08-07 09:05:00,1372.5,2051.534218841014,1570.6716266590026,1482.8978121109772
2024-08-07 09:10:00,1325.200073,2051.534218841014,1626.2777830453622,1491.546656599154
2024-08-07 09:15:00,1370.866699,2051.534218841014,1681.0190746108576,1484.190845282222
2024-08-07 09:20:00,1378.666626,2051.534218841014,1734.761858083587,1462.287207160107
2024-08-07 09:25:00,1395.233398,2051.534218841014,1787.3769860527138,1462.0920119235802
2024-08-07 09:30:00,1386.166626,2051.534218841014,1838.7404208848677,1458.084682378675
2024-08-07 09:35:00,1377.933228,2051.534218841014,1888.73381487558,1442.0044409295695
2024-08-07 09:40:00,1515.699951,2051.534218841014,1937.2450525918032,1432.627165883423
2024-08-07 09:45:00,1609.5,2051.534218841014,1984.1687524851047,1382.1865551528417
2024-08-07 09:50:00,1569.0,2051.534218841014,2029.4067241701377,1382.965639458505
2024-08-07 09:55:00,1609.466675,2051.534218841014,2072.8683789407837,1477.3192932089555
2024-08-07 10:00:00,1635.266602,2051.534218841014,2114.4710909940522,1853.324954121898
2024-08-07 10:05:00,1692.066772,2051.534218841014,2154.140507003587,1854.710510219358
2024-08-07 10:10:00,1739.200073,2051.534218841014,2191.8108027159947,1889.8981210528418
2024-08-07 10:15:00,1771.400024,2051.534218841014,2227.4248851183042,1914.5528530263261
2024-08-07 10:20:00,1778.733398,2051.534218841014,2260.934538605686,1951.845339104927
2024-08-07 10:25:00,1784.833374,2051.534218841014,2292.300515521267,1955.337477644186
2024-08-07 10:30:00,1790.966675,2051.534218841014,2321.4925702249534,1930.171845200874
2024-08-07 10:35:00,1800.166626,2051.534218841014,2348.489436891894,1926.6056422580957
2024-08-07 10:40:00,1791.166626,2051.534218841014,2373.2787519876106,1917.2751396676242
2024-08-07 10:45:00,1776.133423,2051.534218841014,2395.856922084333,1916.8056566400078
2024-08-07 10:50:00,1895.599976,2051.534218841014,2416.228938472905,1899.0461605537757
2024-08-07 10:55:00,1832.599976,2051.534218841014,2434.408140361153,1906.5462470362309
2024-08-07 11:00:00,1887.766602,2051.534218841014,2450.41592855597,2048.0868964138626
2024-08-07 11:05:00,1914.466797,2051.534218841014,2464.2814322305026,2038.7924401821742
2024-08-07 11:10:00,1964.233398,2051.534218841014,2476.041131363479,2022.5105153455142
2024-08-07 11:15:00,1993.966675,2051.534218841014,2485.7384379995274,2007.2997901935448
2024-08-07 11:20:00,2000.166626,2051.534218841014,2493.4232395356626,2007.4919974032746
2024-08-07 11:25:00,1997.766602,2051.534218841014,2499.151407633058,2007.1393562595104
2024-08-07 11:30:00,1973.633301,2051.534218841014,2502.984276564345,2006.0711327387326
2024-08-07 11:35:00,1995.800171,2051.534218841014,2504.9880948555165,2005.9808236542372
2024-08-07 11:40:00,1999.133301,2051.534218841014,2505.23345457058,2005.067212466441
2024-08-07 11:45:00,2037.700073,2051.534218841014,2503.794702266819,2004.358952970965
2024-08-07 11:50:00,2035.133423,2051.534218841014,2500.7493362151195,2003.5272859780332
2024-08-07 11:55:00,2055.033447,2051.534218841014,2496.177394212662,2003.5272859780332
2024-08-07 12:00:00,2055.56665,2051.534218841014,2490.1608364969807,2011.059532727255
2024-08-07 12:05:00,2057.233154,2051.534218841014,2482.7829283201013,2013.5265059578267
2024-08-07 12:10:00,2057.333252,2051.534218841014,2474.1276265559736,2012.7428614251603
2024-08-07 12:15:00,2057.666748,2051.534218841014,2464.2789748161345,2014.4035718459625
2024-08-07 12:20:00,2055.966553,2051.534218841014,2453.320511366063,2048.1486279235464
2024-08-07 12:25:00,2054.800049,2051.534218841014,2441.334694022605,2048.1343267776447
2024-08-07 12:30:00,2053.233398,2051.534218841014,2428.4023460703015,2044.2319757697219
2024-08-07 12:35:00,2054.0,2051.534218841014,2414.602127071433,1968.5338087475914
2024-08-07 12:40:00,2054.699951,2051.534218841014,2400.010032213465,1950.4489339002357
2024-08-07 12:45:00,2056.000244,2051.534218841014,2384.6989235206465,1940.6498015194402
2024-08-07 12:50:00,2056.800049,2051.534218841014,2368.738096167754,1924.4751665080005
2024-08-07 12:55:00,2057.0,2051.534218841014,2352.1928827191487,1789.0164845843221
2024-08-07 13:00:00,2057.43335,2051.534218841014,2335.1242977754805,1467.5975488210418
2024-08-07 13:05:00,2056.56665,2051.534218841014,2317.5887254553904,1348.4054838482953
2024-08-07 13:10:00,2055.966553,2051.534218841014,2299.63765137421,1323.1509733377513
2024-08-07 13:15:00,2054.400146,2051.534218841014,2281.3174407249408,1338.693398233931
2024-08-07 13:20:00,2053.966553,2051.534218841014,2262.6691639029277,1400.138960988174
2024-08-07 13:25:00,2053.466553,2051.534218841014,2243.7284700672126,1484.367033751087
2024-08-07 13:30:00,2053.833252,2051.534218841014,2224.525509430624,1768.9079005056115
2024-08-07 13:35:00,2048.133545,2051.534218841014,2205.0849041426472,1820.1823990305218
2024-08-07 13:40:00,2043.099976,2051.534218841014,2185.4257676981833,1623.277356005553
2024-08-07 13:45:00,2025.533325,2051.534218841014,2165.5617719316574,1587.7361904028983
2024-08-07 13:50:00,2020.066772,2051.534218841014,2145.5012607945614,1381.6839877935993
2024-08-07 13:55:00,2011.866577,2051.534218841014,2125.2474093884553,1347.3323781546994
2024-08-07 14:00:00,2028.133301,2051.534218841014,2104.798426687545,1495.8673684449438
2024-08-07 14:05:00,2039.5,2051.534218841014,2084.1477997694933,1575.2654927153621
2024-08-07 14:10:00,2055.233154,2051.534218841014,2063.2845773104073,1769.6541609224805
2024-08-07 14:15:00,2059.766602,2051.534218841014,2042.1936895978017,1838.6098439749458
2024-08-07 14:20:00,2061.266602,2051.534218841014,2020.8563022585174,1886.7443201474407
2024-08-07 14:25:00,2060.599854,2051.534218841014,1999.2502005081362,1911.0264110969135
2024-08-07 14:30:00,2058.199951,2051.534218841014,1977.3502004753948,1909.5199797924663
2024-08-07 14:35:00,2058.06665,2051.534218841014,1955.128584255815,1903.6373360258542
2024-08-07 14:40:00,2057.93335,2051.534218841014,1932.5555547044426,1905.4899239206893
2024-08-07 14:45:00,2042.766602,2051.534218841014,1909.5997061405294,1877.8082750947879
2024-08-07 14:50:00,2015.933228,2051.534218841014,1886.2285073461223,1891.527145298422
2024-08-07 14:55:00,1997.933228,2051.534218841014,1862.4087922622452,1836.9304385054795
2024-08-07 15:00:00,2006.733398,2051.534218841014,1838.107254696602,1835.1418165341718
2024-08-07 15:05:00,2029.466675,2051.534218841014,1813.290942746339,1862.7623125988446
2024-08-07 15:10:00,2033.099976,2051.534218841014,1787.9277490488257,1843.4643378121962
2024-08-07 15:15:00,2007.433228,2051.534218841014,1761.9868925644462,1860.0171010347808
2024-08-07 15:20:00,1966.233398,2051.534218841014,1735.4393881573806,1863.5923466919091
2024-08-07 15:25:00,1915.666626,2051.534218841014,1708.2585000841598,1854.3048392323087
2024-08-07 15:30:00,1875.599976,2051.534218841014,1680.4201755048368,1822.3605035690766
2024-08-07 15:35:00,1801.966675,2051.534218841014,1651.9034550247886,1831.3347515914834
2024-08-07 15:40:00,1750.900024,2051.534218841014,1622.690856149994,1826.408127523738
2024-08-07 15:45:00,1682.333374,2051.534218841014,1592.768727294909,1818.5043927506742
2024-08-07 15:50:00,1684.400024,2051.534218841014,1562.1275690261577,1787.9731852188936
2024-08-07 15:55:00,1596.933472,2051.534218841014,1530.7623200569735,1751.4030490644448
2024-08-07 16:00:00,1577.999878,2051.534218841014,1498.6726057194026,1661.5035136853594
2024-08-07 16:05:00,1262.449951,2051.534218841014,1465.8629469901687,1671.5502900966449
2024-08-07 16:10:00,954.5500488,2051.534218841014,1432.3429281524934,1663.3597446700471
2024-08-07 16:15:00,749.7999878,2051.534218841014,1398.1273217325952,1625.9920803496186
2024-08-07 16:20:00,566.666626,2051.534218841014,1363.2361701965563,1600.2421196370601
2024-08-07 16:25:00,514.4666138,2051.534218841014,1327.6948229189568,1563.5924407282191
2024-08-07 16:30:00,505.6666565,2051.534218841014,1291.5339287358643,1441.678084306352
2024-08-07 16:35:00,498.7333069,2051.534218841014,1254.7893837273155,1416.808357815995
2024-08-07 16:40:00,492.1000061,2051.534218841014,1217.502234943052,1378.196013625428
2024-08-07 16:45:00,488.6999817,2051.534218841014,1179.7185404708455,1362.42042565079
2024-08-07 16:50:00,484.3000183,2051.534218841014,1141.4891869936862,1345.2314730409553
2024-08-07 16:55:00,476.6333008,2051.534218841014,1102.8696664817421,1334.130054383114
2024-08-07 17:00:00,468.3333435,2051.534218841014,1063.919813101805,1168.0154986783828
2024-08-07 17:05:00,461.3999939,2051.534218841014,1024.7035034425141,1160.283011141186
2024-08-07 17:10:00,580.9000244,2051.534218841014,985.2883210028784,1143.6444092777308
2024-08-07 17:15:00,1228.400024,2051.534218841014,945.745188754533,1112.2382176851925
2024-08-07 17:20:00,1211.300049,2051.534218841014,906.1479717736728,1076.9461159139075
2024-08-07 17:25:00,1192.43335,2051.534218841014,866.5730534346509,1020.9487633890298
2024-08-07 17:30:00,1137.166626,2051.534218841014,827.0988883025575,972.4401514147692
2024-08-07 17:35:00,1062.566528,2051.534218841014,787.8055350100515,943.2568049888996
2024-08-07 17:40:00,976.5666504,2051.534218841014,748.7741732371378,928.1423074098298
2024-08-07 17:45:00,894.7333984,2051.534218841014,710.0866075235482,923.8695555715408
2024-08-07 17:50:00,832.5667114,2051.534218841014,671.8247630627601,916.6272312998966
2024-08-07 17:55:00,800.5,2051.534218841014,634.0701760334179,914.6058239647855
2024-08-07 18:00:00,708.4499512,2051.534218841014,596.9034832560894,579.3458842942566
2024-08-07 18:05:00,527.3666992,2051.534218841014,560.4039146207137,577.768948753562
2024-08-07 18:10:00,462.7333069,2051.534218841014,524.6487925809556,575.2141800514787
2024-08-07 18:15:00,453.2666931,2051.534218841014,489.71304205796065,575.2141800514787
2024-08-07 18:20:00,439.7500305,2051.534218841014,455.66871485856234,573.4071725171009
2024-08-07 18:25:00,392.6000061,2051.534218841014,422.5845321335025,569.1724165155675
2024-08-07 18:30:00,302.5499878,2051.534218841014,390.52544811424383,569.1724165155675
2024-08-07 18:35:00,226.5499878,2051.534218841014,359.55223912521103,569.1724165155675
2024-08-07 18:40:00,173.3999939,2051.534218841014,329.7211199808968,546.2347705750377
2024-08-07 18:45:00,146.1000061,2051.534218841014,301.083391637327,501.0355949847988
2024-08-07 18:50:00,118.7666626,2051.534218841014,273.68512207381747,539.7361278379403
2024-08-07 18:55:00,105.9000015,2051.534218841014,247.56686316185878,561.6702005640082
2024-08-07 19:00:00,101.4333267,2051.534218841014,222.76340551745065,492.45016159364025
2024-08-07 19:05:00,98.8999939,2051.534218841014,199.30357308565883,535.2558776740681
2024-08-07 19:10:00,88.05000305,2051.534218841014,177.2100592447805,491.8129283274069
2024-08-07 19:15:00,67.69999695,2051.534218841014,156.49930511376067,491.8129283274069
2024-08-07 19:20:00,50.5,2051.534218841014,137.18142159919603,524.4912429569457
2024-08-07 19:25:00,38.09999847,2051.534218841014,119.2601550433631,549.6960456964915
2024-08-07 19:30:00,27.84999847,2051.534218841014,102.73289710088007,474.19838828107885
2024-08-07 19:35:00,20.0,2051.534218841014,87.5907385300496,453.5411072132364
2024-08-07 19:40:00,14.40000057,2051.534218841014,73.818566378235,453.5411072132364
2024-08-07 19:45:00,12.90000057,2051.534218841014,61.39520389394992,464.89786326387133
2024-08-07 19:50:00,0.0,2051.534218841014,50.293591797289345,453.45660740123645
2024-08-07 19:55:00,0.0,2051.534218841014,40.48100962507745,453.45660740123645
2024-08-07 20:00:00,0.0,2051.534218841014,31.91933524609951,464.78348364176577
2024-08-07 20:05:00,0.0,2051.534218841014,24.565340629231297,464.78348364176577
2024-08-07 20:10:00,0.0,2051.534218841014,18.3710213834991,500.53122412913797
2024-08-07 20:15:00,0.0,2051.534218841014,13.283957556726264,0.9922777685944446
2024-08-07 20:20:00,0.0,2051.534218841014,9.247702852436943,1.0352777704944445
2024-08-07 20:25:00,0.0,2051.534218841014,6.202199230585077,1.0782777723944443
2024-08-07 20:30:00,0.0,2051.534218841014,4.0842136615865545,1.1547222149388892
2024-08-07 20:35:00,0.0,2051.534218841014,2.8277936335854377,1.1130555482722224
2024-08-07 20:40:00,0.0,2051.534218841014,2.3647379286684385,1.0352777704944445
2024-08-07 20:45:00,0.0,2051.534218841014,2.6250789971599997,0.9435740609722223
2024-08-07 20:50:00,0.0,2051.534218841014,3.5375731952135556,0.7644629489722223
2024-08-07 20:55:00,0.0,2051.534218841014,5.03019526423805,0.6375925779722222
2024-08-07 21:00:00,0.0,2051.534218841014,7.03063302104834,0.4354999961666667
2024-08-07 21:05:00,0.0,2051.534218841014,9.466778796522405,0.2862407361666667
2024-08-07 21:10:00,0.0,2051.534218841014,12.267213593964637,0.11459258716666668
2024-08-07 21:15:00,0.0,2051.534218841014,15.361680518122832,0.06981480916666667
2024-08-07 21:20:00,0.0,2051.534218841014,18.681543795963833,0.06981480916666667
2024-08-07 21:25:00,0.0,2051.534218841014,22.160229980765337,0.06981480916666667
2024-08-07 21:30:00,0.0,2051.534218841014,25.73364805267997,0.20057036526
2024-08-07 21:35:00,0.0,2051.534218841014,29.340585266666473,0.3295258992666667
2024-08-07 21:40:00,0.0,2051.534218841014,32.92307591230928,0.4272666321000001
2024-08-07 21:45:00,0.0,2051.534218841014,36.4267401595977,0.4272666321000001
2024-08-07 21:50:00,0.0,2051.534218841014,39.80109074726619,0.4272666321000001
2024-08-07 21:55:00,0.0,2051.534218841014,42.999805108315144,0.4272666321000001
2024-08-07 22:00:00,0.0,2051.534218841014,45.98096124103093,0.0
2024-08-07 22:05:00,0.0,2051.534218841014,48.707235566826306,0.0
2024-08-07 22:10:00,0.0,2051.534218841014,51.14606156850247,0.0
2024-08-07 22:15:00,0.0,2051.534218841014,53.269748218531184,0.0
2024-08-07 22:20:00,0.0,2051.534218841014,55.0555575051263,0.0
2024-08-07 22:25:00,0.0,2051.534218841014,56.48574079189769,0.0
2024-08-07 22:30:00,0.0,2051.534218841014,57.54753398041939,0.0
2024-08-07 22:35:00,0.0,2051.534218841014,58.23311183709964,0.0
2024-08-07 22:40:00,0.0,2051.534218841014,58.53950215254606,0.0
2024-08-07 22:45:00,0.0,2051.534218841014,58.46846070965053,0.0418888855
2024-08-07 22:50:00,0.0,2051.534218841014,58.02630841841483,0.0418888855
2024-08-07 22:55:00,0.0,2051.534218841014,57.22373215548473,0.0
2024-08-07 23:00:00,0.0,2051.534218841014,56.07555129227065,0.0
2024-08-07 23:05:00,0.0,2051.534218841014,54.60045202945312,0.0
2024-08-07 23:10:00,0.0,2051.534218841014,52.82069201097088,0.0
2024-08-07 23:15:00,0.0,2051.534218841014,50.761777875578495,0.0
2024-08-07 23:20:00,0.0,2051.534218841014,48.45211865304733,0.0
2024-08-07 23:25:00,0.0,2051.534218841014,45.92265807731181,0.0
2024-08-07 23:30:00,0.0,2051.534218841014,43.206489081053185,0.0
2024-08-07 23:35:00,0.0,2051.534218841014,40.3384538714093,0.0
2024-08-07 23:40:00,0.0,2051.534218841014,37.354733075225454,0.0
2024-08-07 23:45:00,0.0,2051.534218841014,34.29242760664587,0.0
2024-08-07 23:50:00,0.0,2051.534218841014,31.189136858187133,0.0
2024-08-07 23:55:00,0.0,2051.534218841014,28.08253692856598,0.0
2024-08-08 00:00:00,0.0,2051.534218841014,25.00996257378886,0.0
2024-08-08 00:05:00,0.0,2051.534218841014,22.00799653009708,0.0
2024-08-08 00:10:00,0.0,2051.534218841014,19.112069800958093,0.0
2024-08-08 00:15:00,0.0,2051.534218841014,16.356076421385524,0.0
2024-08-08 00:20:00,0.0,2051.534218841014,13.772006071610294,0.0
2024-08-08 00:25:00,0.0,2051.534218841014,11.38959779742107,0.0
2024-08-08 00:30:00,0.0,2051.534218841014,9.23601786335483,0.0
2024-08-08 00:35:00,0.0,2051.534218841014,7.335564705983686,0.0
2024-08-08 00:40:00,0.0,2051.534218841014,5.709403507111747,0.0
2024-08-08 00:45:00,0.0,2051.534218841014,4.37533289424008,0.0
2024-08-08 00:50:00,0.0,2051.534218841014,3.347585868711481,0.0
2024-08-08 00:55:00,0.0,2051.534218841014,2.6366668369725113,0.0
2024-08-08 01:00:00,0.0,2051.534218841014,2.249226307107767,0.0
2024-08-08 01:05:00,0.0,2051.534218841014,2.1879745076566763,0.0
2024-08-08 01:10:00,0.0,2051.534218841014,2.451634870123885,0.0
2024-08-08 01:15:00,0.0,2051.534218841014,3.03493797230757,0.0
2024-08-08 01:20:00,0.0,2051.534218841014,3.928656198338162,0.0
2024-08-08 01:25:00,0.0,2051.534218841014,5.119679096902536,0.0
2024-08-08 01:30:00,0.0,2051.534218841014,6.5911289595625595,0.0
2024-08-08 01:35:00,0.0,2051.534218841014,8.322515915099045,0.0
2024-08-08 01:40:00,0.0,2051.534218841014,10.289931454553251,0.0
2024-08-08 01:45:00,0.0,2051.534218841014,12.466278952031107,0.0
2024-08-08 01:50:00,0.0,2051.534218841014,14.821539495766372,0.0
2024-08-08 01:55:00,0.0,2051.534218841014,17.323070969499277,0.0
2024-08-08 02:00:00,0.0,2051.534218841014,19.93593810779716,0.0
2024-08-08 02:05:00,0.0,2051.534218841014,22.623270851079422,0.0
2024-08-08 02:10:00,0.0,2051.534218841014,25.346648293932756,0.0
2024-08-08 02:15:00,0.0,2051.534218841014,28.066505023074605,0.0
2024-08-08 02:20:00,0.0,2051.534218841014,30.742556644208232,0.0
2024-08-08 02:25:00,0.0,2051.534218841014,33.334241008526625,0.0
2024-08-08 02:30:00,0.0,2051.534218841014,35.80117152545938,0.0
2024-08-08 02:35:00,0.0,2051.534218841014,38.103598808590874,0.0
2024-08-08 02:40:00,0.0,2051.534218841014,40.20287681827091,0.0
2024-08-08 02:45:00,0.0,2051.534218841014,42.061929570890136,0.0
2024-08-08 02:50:00,0.0,2051.534218841014,43.64571447627575,0.0
2024-08-08 02:55:00,0.0,2051.534218841014,44.921678309997425,0.0
2024-08-08 03:00:00,0.0,2051.534218841014,45.860201939523165,0.0
2024-08-08 03:05:00,0.0,2051.534218841014,46.43502982383432,0.0
2024-08-08 03:10:00,0.0,2051.534218841014,46.62368060043428,0.0
2024-08-08 03:15:00,0.0,2051.534218841014,46.40783495706957,0.0
2024-08-08 03:20:00,0.0,2051.534218841014,45.77369733935492,0.0
2024-08-08 03:25:00,0.0,2051.534218841014,44.712328075008394,0.0
2024-08-08 03:30:00,0.0,2051.534218841014,43.219942750684446,0.0
2024-08-08 03:35:00,0.0,2051.534218841014,41.29817593949839,0.0
2024-08-08 03:40:00,0.0,2051.534218841014,38.95430652838513,0.0
2024-08-08 03:45:00,0.0,2051.534218841014,36.20144228792253,0.0
2024-08-08 03:50:00,0.0,2051.534218841014,33.05866148345699,0.0
2024-08-08 03:55:00,0.0,2051.534218841014,29.5511098635135,0.0
2024-08-08 04:00:00,0.0,2051.534218841014,25.71005130519325,0.0
2024-08-08 04:05:00,0.0,2051.534218841014,21.572871276017963,0.0
2024-08-08 04:10:00,0.0,2051.534218841014,17.183032009088674,0.0
2024-08-08 04:15:00,0.0,2051.534218841014,12.58997922862697,0.0
2024-08-08 04:20:00,0.0,2051.534218841014,7.849000201281973,0.0
2024-08-08 04:25:00,0.0,2051.534218841014,3.021033504422916,0.0
2024-08-08 04:30:00,0.0,2051.534218841014,-1.8275688668182275,0.0
2024-08-08 04:35:00,0.0,2051.534218841014,-6.625325960168404,0.0
2024-08-08 04:40:00,0.0,2051.534218841014,-11.29595750522686,0.0
2024-08-08 04:45:00,0.0,2051.534218841014,-15.758756998836867,0.0
2024-08-08 04:50:00,0.0,2051.534218841014,-19.92900602160412,0.0
2024-08-08 04:55:00,0.0,2051.534218841014,-23.71842756604768,0.0
2024-08-08 05:00:00,0.0,2051.534218841014,-27.035675370135632,0.0
2024-08-08 05:05:00,0.0,2051.534218841014,-29.786856415288305,0.0
2024-08-08 05:10:00,0.0,2051.534218841014,-31.876083188583454,0.0
2024-08-08 05:15:00,0.0,2051.534218841014,-33.20605215580046,0.0
2024-08-08 05:20:00,0.0,2051.534218841014,-33.67864467052308,0.0
2024-08-08 05:25:00,0.0,2051.534218841014,-33.19554629687801,0.0
2024-08-08 05:30:00,0.0,2051.534218841014,-31.6588804318211,0.0
2024-08-08 05:35:00,0.0,2051.534218841014,-28.97185189135548,0.0
2024-08-08 05:40:00,0.0,2051.534218841014,-25.03939606553208,0.0
2024-08-08 05:45:00,0.0,2051.534218841014,-19.768829130743278,0.0
2024-08-08 05:50:00,0.0,2051.534218841014,-13.070494839926603,0.0
2024-08-08 05:55:00,0.0,2051.534218841014,-4.858403280494166,0.0
2024-08-08 06:00:00,0.0,2051.534218841014,4.94914289724832,39.931191519176664
2024-08-08 06:05:00,0.0,2051.534218841014,16.42893924853402,47.76908724642809
2024-08-08 06:10:00,0.0,2051.534218841014,29.65229168875345,46.43034651626142
2024-08-08 06:15:00,0.0,2051.534218841014,44.684454346415066,47.79475017014253
2024-08-08 06:20:00,0.0,2051.534218841014,61.584097099891274,47.79475017014253
2024-08-08 06:25:00,0.0,2051.534218841014,80.4028068823997,48.322559691133
2024-08-08 06:30:00,0.0,2051.534218841014,101.18462650112812,60.482736994740854
2024-08-08 06:35:00,0.0,2051.534218841014,123.96563412375538,81.41352418951278
2024-08-08 06:40:00,68.5,2051.534218841014,148.77356714743595,99.25102280930467
2024-08-08 06:45:00,85.5,2051.534218841014,175.62749298790985,110.0903866895879
2024-08-08 06:50:00,105.4000015,2051.534218841014,204.53752966371337,125.89450482105407
2024-08-08 06:55:00,124.4000015,2051.534218841014,235.5046181631187,126.4770464781085
2024-08-08 07:00:00,141.1999969,2051.534218841014,268.52034888893616,345.1700122744458
2024-08-08 07:05:00,171.8999939,2051.534218841014,303.5668434586583,412.38082171120936
2024-08-08 07:10:00,218.1000061,2051.534218841014,340.6166932868306,401.28758300344634
2024-08-08 07:15:00,267.5,2051.534218841014,379.6329554728165,367.4464236070742
2024-08-08 07:20:00,317.0,2051.534218841014,420.56920671604854,359.97651471734935
2024-08-08 07:25:00,363.8999939,2051.534218841014,463.3696549532379,368.6948573540922
2024-08-08 07:30:00,412.2000122,2051.534218841014,507.9693086692973,369.3405335099208
2024-08-08 07:35:00,462.7000122,2051.534218841014,554.2942028060706,369.8438216064484
2024-08-08 07:40:00,513.5,2051.534218841014,602.26168018611,358.54140736065676
2024-08-08 07:45:00,563.0,2051.534218841014,651.7807270570643,349.72453720211723
2024-08-08 07:50:00,618.4000244,2051.534218841014,702.7523603106121,343.2364949181598
2024-08-08 07:55:00,674.2000122,2051.534218841014,755.0700646582919,343.603990399448
2024-08-08 08:00:00,728.0,2051.534218841014,808.6202770106925,967.5708441589978
2024-08-08 08:05:00,778.7000122,2051.534218841014,863.2829142991808,1054.8252536776054
2024-08-08 08:10:00,828.9000244,2051.534218841014,918.9319426260603,1014.3184185811491
2024-08-08 08:15:00,811.833313,2051.534218841014,975.4359833498389,1011.7845449023079
2024-08-08 08:20:00,931.9000244,2051.534218841014,1032.6589525840875,982.0437361009514
2024-08-08 08:25:00,895.5333862,2051.534218841014,1090.4607296872903,951.8817418057406
2024-08-08 08:30:00,945.166687,2051.534218841014,1148.6978510025483,924.1912779745438
2024-08-08 08:35:00,1110.300049,2051.534218841014,1207.2242239249445,920.5112310993662
2024-08-08 08:40:00,1063.266724,2051.534218841014,1265.8918568013037,928.7767483823994
2024-08-08 08:45:00,1126.266724,2051.534218841014,1324.5516003981106,965.2980838658871
2024-08-08 08:50:00,1161.033325,2051.534218841014,1383.0538948926423,979.0226096986024
2024-08-08 08:55:00,1214.0,2051.534218841014,1441.249519367944,990.9553966622436
2024-08-08 09:00:00,1261.233276,2051.534218841014,1498.9903372614697,1532.592534616707
2024-08-08 09:05:00,1306.900024,2051.534218841014,1556.1300340101895,1543.078630844341
2024-08-08 09:10:00,1348.566772,2051.534218841014,1612.5248417014657,1544.8268147727442
2024-08-08 09:15:00,1388.233398,2051.534218841014,1668.0342462034168,1556.5621997315006
2024-08-08 09:20:00,1428.133423,2051.534218841014,1722.521671902542,1572.9569947874136
2024-08-08 09:25:00,1471.400024,2051.534218841014,1775.8551401420289,1579.0004498384756
2024-08-08 09:30:00,1512.833374,2051.534218841014,1827.9078971273616,1584.5973836314208
2024-08-08 09:35:00,1550.866699,2051.534218841014,1878.559006417723,1517.9979745584008
2024-08-08 09:40:00,1584.766724,2051.534218841014,1927.6939036994934,1523.781955354347
2024-08-08 09:45:00,1622.299927,2051.534218841014,1975.2049092429243,1538.873912502884
2024-08-08 09:50:00,1661.799927,2051.534218841014,2020.9916954985063,1561.3096104249291
2024-08-08 09:55:00,1704.433228,2051.534218841014,2064.9617064838876,1573.3118320644317
2024-08-08 10:00:00,1743.633301,2051.534218841014,2107.0305269909363,1874.0917884321157
2024-08-08 10:05:00,1778.799927,2051.534218841014,2147.1221991244915,1874.0917884321157
2024-08-08 10:10:00,1809.133301,2051.534218841014,2185.16948438814,1876.2488685369756
2024-08-08 10:15:00,1834.533203,2051.534218841014,2221.114070317865,1900.7765400162552
2024-08-08 10:20:00,1859.566772,2051.534218841014,2254.90671979168,1924.3961204069624
2024-08-08 10:25:00,1885.233398,2051.534218841014,2286.5073636100055,1941.9497671734075
2024-08-08 10:30:00,1916.966675,2051.534218841014,2315.885135024654,1955.9972195586745
2024-08-08 10:35:00,1951.400024,2051.534218841014,2343.018347180378,1956.1182424967856
2024-08-08 10:40:00,1984.833374,2051.534218841014,2367.894413678829,1959.7926784190554
2024-08-08 10:45:00,2010.099976,2051.534218841014,2390.509713381016,1957.4579843443264
2024-08-08 10:50:00,2027.400024,2051.534218841014,2410.8694008990915,1956.495840573094
2024-08-08 10:55:00,2039.666626,2051.534218841014,2428.987164300032,1943.4902597232294
2024-08-08 11:00:00,2049.599854,2051.534218841014,2444.884932545613,1987.4429764927877
2024-08-08 11:05:00,2056.300049,2051.534218841014,2458.5925346094655,1983.7947534302245
2024-08-08 11:10:00,2059.43335,2051.534218841014,2470.147313581919,1987.00736197451
2024-08-08 11:15:00,2060.93335,2051.534218841014,2479.593698504595,1987.00736197451
2024-08-08 11:20:00,2062.233398,2051.534218841014,2486.9827374802135,1987.0998517267851
2024-08-08 11:25:00,2061.833252,2051.534218841014,2492.3715955962134,1987.0998517267851
2024-08-08 11:30:00,2059.966553,2051.534218841014,2495.8230216275856,1978.1939257973627
2024-08-08 11:35:00,2056.699951,2051.534218841014,2497.4047875046954,1978.1939257973627
2024-08-08 11:40:00,2056.5,2051.534218841014,2497.1891048119437,1950.8583979509654
2024-08-08 11:45:00,2057.866455,2051.534218841014,2495.2520226875818,1950.8583979509654
2024-08-08 11:50:00,2060.233398,2051.534218841014,2491.6728115902993,1986.0773863321197
2024-08-08 11:55:00,2060.733398,2051.534218841014,2486.5333374887587,1996.151794082044
2024-08-08 12:00:00,2060.400146,2051.534218841014,2479.917431094972,2008.3076122032396
2024-08-08 12:05:00,2060.633545,2051.534218841014,2471.910256673309,2007.2691265521657
2024-08-08 12:10:00,2060.266846,2051.534218841014,2462.5976850418924,2007.284024485832
2024-08-08 12:15:00,2059.966553,2051.534218841014,2452.0656752623927,2005.181271515898
2024-08-08 12:20:00,2058.633545,2051.534218841014,2440.399669374047,2005.0049896954279
2024-08-08 12:25:00,2058.800049,2051.534218841014,2427.684004604754,1997.654911593221
2024-08-08 12:30:00,2058.533203,2051.534218841014,2414.0013469187743,1989.4361746355514
2024-08-08 12:35:00,2058.93335,2051.534218841014,2399.4321501860877,1997.538942176312
2024-08-08 12:40:00,2058.133545,2051.534218841014,2384.0541443570205,1998.8050547181092
2024-08-08 12:45:00,2057.899902,2051.534218841014,2367.941856342578,2009.8395768208604
2024-08-08 12:50:00,2058.099854,2051.534218841014,2351.1661667347266,2006.6439182778568
2024-08-08 12:55:00,2060.06665,2051.534218841014,2333.7939052302495,2006.4409803414458
2024-08-08 13:00:00,2063.06665,2051.534218841014,2315.8874875576776,1989.5570755290776
2024-08-08 13:05:00,2064.266846,2051.534218841014,2297.5045959341774,1983.5093606712192
2024-08-08 13:10:00,2064.033447,2051.534218841014,2278.6979052065094,2043.5794106597982
2024-08-08 13:15:00,2061.699951,2051.534218841014,2259.514856010821,2047.4399686347824
2024-08-08 13:20:00,2061.300049,2051.534218841014,2239.9974766382884,2050.7092339612836
2024-08-08 13:25:00,2060.466553,2051.534218841014,2220.1822537254543,2010.847566442702
2024-08-08 13:30:00,2060.699951,2051.534218841014,2200.1000529619478,2029.7587358694707
2024-08-08 13:35:00,2059.266846,2051.534218841014,2179.776089365068,2030.2166406300175
2024-08-08 13:40:00,2058.000244,2051.534218841014,2159.229947089284,2015.6027122124462
2024-08-08 13:45:00,2055.966797,2051.534218841014,2138.4756480211936,2018.5476192815195
2024-08-08 13:50:00,2055.0,2051.534218841014,2117.5217680312685,1993.6152131925678
2024-08-08 13:55:00,2056.0,2051.534218841014,2096.371599731999,1978.342578222085
2024-08-08 14:00:00,2058.166748,2051.534218841014,2075.02335951091,1900.4265447277758
2024-08-08 14:05:00,2060.033203,2051.534218841014,2053.470437433799,1847.5724503693823
2024-08-08 14:10:00,2060.366699,2051.534218841014,2031.7016868815103,1929.0510323894641
2024-08-08 14:15:00,2060.400146,2051.534218841014,2009.7017517783027,1948.3368685107134
2024-08-08 14:20:00,2061.166748,2051.534218841014,1987.4514281588977,1939.8076525711294
2024-08-08 14:25:00,2058.233398,2051.534218841014,1964.9280569015111,1726.4983810674305
2024-08-08 14:30:00,2055.166748,2051.534218841014,1942.1059443204967,1321.2590730437498
2024-08-08 14:35:00,2048.700195,2051.534218841014,1918.9568067301716,1085.3824769465364
2024-08-08 14:40:00,2044.366699,2051.534218841014,1895.4502353959217,1863.7945492371223
2024-08-08 14:45:00,2034.566772,2051.534218841014,1871.5541776545747,1839.9826222182717
2024-08-08 14:50:00,2022.033325,2051.534218841014,1847.2354306419022,1751.6449032777225
2024-08-08 14:55:00,2005.433228,2051.534218841014,1822.4601427725013,1543.4144080071462
2024-08-08 15:00:00,1983.5,2051.534218841014,1797.1943194913727,1514.0644718328565
2024-08-08 15:05:00,1956.5,2051.534218841014,1771.4043286366918,1417.8580421584552
2024-08-08 15:10:00,1924.333374,2051.534218841014,1745.057401433297,1443.2645452374627
2024-08-08 15:15:00,1892.0,2051.534218841014,1718.1221250380595,1436.4274569793868
2024-08-08 15:20:00,1861.199829,2051.534218841014,1690.5689223701509,1401.95445386332
2024-08-08 15:25:00,1829.066772,2051.534218841014,1662.370515750032,1416.081537810867
2024-08-08 15:30:00,1798.966675,2051.534218841014,1633.5023698889913,1405.4257830532579
2024-08-08 15:35:00,1765.933228,2051.534218841014,1603.9431114922331,1467.8179822513994
2024-08-08 15:40:00,1732.233398,2051.534218841014,1573.674921230565,1449.1574903395347
2024-08-08 15:45:00,1690.533325,2051.534218841014,1542.683895459001,1446.235929499598
2024-08-08 15:50:00,1646.366699,2051.534218841014,1510.9603745706165,1426.0327855838573
2024-08-08 15:55:00,1602.133423,2051.534218841014,1478.4992352057668,1377.9290673420553
2024-08-08 16:00:00,1563.133301,2051.534218841014,1445.3001443701312,1244.201686410587
2024-08-08 16:05:00,1525.466675,2051.534218841014,1411.3677727923662,1230.6623967335438
2024-08-08 16:10:00,1487.166626,2051.534218841014,1376.711966423878,1230.9624547813767
2024-08-08 16:15:00,1445.799927,2051.534218841014,1341.3478739854058,1195.4219254977652
2024-08-08 16:20:00,1402.166626,2051.534218841014,1305.2960304870965,1093.3058478360203
2024-08-08 16:25:00,1357.333374,2051.534218841014,1268.5823949567134,1072.6080106728689
2024-08-08 16:30:00,1312.599976,2051.534218841014,1231.2383426701308,1100.3070265831584
2024-08-08 16:35:00,1269.233398,2051.534218841014,1193.300611954026,1152.6937546766044
2024-08-08 16:40:00,1225.233276,2051.534218841014,1154.811205536508,1144.6860263332562
2024-08-08 16:45:00,1179.799927,2051.534218841014,1115.8172475513063,1131.5423940138496
2024-08-08 16:50:00,1128.066772,2051.534218841014,1076.3707969603115,1109.0561475294955
2024-08-08 16:55:00,1070.966675,2051.534218841014,1036.5286193797774,1066.6937176901902
2024-08-08 17:00:00,1011.06665,2051.534218841014,996.3519180431249,916.1581408177815
2024-08-08 17:05:00,955.0667114,2051.534218841014,955.9060273623196,899.153432652354
2024-08-08 17:10:00,904.7000122,2051.534218841014,915.2600700696298,864.7113485525481
2024-08-08 17:15:00,855.8999634,2051.534218841014,874.4865814731663,838.6761430075901
2024-08-08 17:20:00,806.6000366,2051.534218841014,833.6611034102855,821.4364609821833
2024-08-08 17:25:00,754.7000122,2051.534218841014,792.8617509212606,791.0784328494661
2024-08-08 17:30:00,703.2666626,2051.534218841014,752.1687553709822,759.2672129868029
2024-08-08 17:35:00,651.8666992,2051.534218841014,711.6639870101758,695.6119574035171
2024-08-08 17:40:00,602.4666748,2051.534218841014,671.4304610995777,665.7693499647978
2024-08-08 17:45:00,553.999939,2051.534218841014,631.5518309008231,617.7546887323391
2024-08-08 17:50:00,507.3666687,2051.534218841014,592.1118722863657,605.4681385685257
2024-08-08 17:55:00,461.2333069,2051.534218841014,553.1939628398806,579.7676327649226
2024-08-08 18:00:00,415.6333008,2051.534218841014,514.8805601257352,339.25542779836246
2024-08-08 18:05:00,371.0666504,2051.534218841014,477.2526831671716,338.4909596727966
2024-08-08 18:10:00,327.9333191,2051.534218841014,440.38940065318843,322.32599071468707
2024-08-08 18:15:00,288.0666809,2051.534218841014,404.3673301631126,281.1709399281663
2024-08-08 18:20:00,256.0,2051.534218841014,369.2601521067574,252.22835756183946
2024-08-08 18:25:00,226.0,2051.534218841014,335.1381419913343,205.4137425649938
2024-08-08 18:30:00,213.9000092,2051.534218841014,302.06772481005714,197.69164951100868
2024-08-08 18:35:00,178.9500122,2051.534218841014,270.1110546776738,180.0326277511177
2024-08-08 18:40:00,142.7000122,2051.534218841014,239.32562312674196,179.81809444891772
2024-08-08 18:45:00,109.2000046,2051.534218841014,209.7638987834375,179.7201611263844
2024-08-08 18:50:00,96.1333313,2051.534218841014,181.47300137768997,179.46074994245106
2024-08-08 18:55:00,86.56667328,2051.534218841014,154.49441230538605,179.46074994245106
2024-08-08 19:00:00,77.03333282,2051.534218841014,128.86372421975298,112.49874177360714
2024-08-08 19:05:00,73.25,2051.534218841014,104.61043112026226,112.53651954287379
2024-08-08 19:10:00,62.74999619,2051.534218841014,81.75776080509496,112.06738616866268
2024-08-08 19:15:00,53.09999847,2051.534218841014,60.32255061595339,111.0784843397049
2024-08-08 19:20:00,42.95000458,2051.534218841014,40.31516778081873,110.66056767295491
2024-08-08 19:25:00,32.09999847,2051.534218841014,21.73947440232465,110.42025640943578
2024-08-08 19:30:00,23.0,2051.534218841014,4.592837511520196,98.70020098705278
2024-08-08 19:35:00,16.64999962,2051.534218841014,-11.133815814873241,97.08580758155358
2024-08-08 19:40:00,12.90000057,2051.534218841014,-25.455899096585117,96.21655757433687
2024-08-08 19:45:00,0.0,2051.534218841014,-38.395023458710824,96.21655757433687
2024-08-08 19:50:00,0.0,2051.534218841014,-49.97881226300858,96.123290883768
2024-08-08 19:55:00,0.0,2051.534218841014,-60.240674894468484,45.00848910237063
2024-08-08 20:00:00,0.0,2051.534218841014,-69.21954141615473,1.0347037077777779
2024-08-08 20:05:00,0.0,2051.534218841014,-76.95956031284125,0.8642592633333334
2024-08-08 20:10:00,0.0,2051.534218841014,-83.50976158563233,0.8209259300000001
2024-08-08 20:15:00,0.0,2051.534218841014,-88.92368805492431,0.8209259300000001
2024-08-08 20:20:00,0.0,2051.534218841014,-93.25899744041354,1.5421851882222217
2024-08-08 20:25:00,0.0,2051.534218841014,-96.57703869603982,1.513296299333333
2024-08-08 20:30:00,0.0,2051.534218841014,-98.94240553637268,1.513296299333333
2024-08-08 20:35:00,0.0,2051.534218841014,-100.42247091012786,0.9653703744444444
2024-08-08 20:40:00,0.0,2051.534218841014,-101.08690583808404,0.8209259300000001
2024-08-08 20:45:00,0.0,2051.534218841014,-101.00718642168816,0.8642592633333334
2024-08-08 20:50:00,0.0,2051.534218841014,-100.25609274349716,0.582111114
2024-08-08 20:55:00,0.0,2051.534218841014,-98.90720357937302,0.39553703900000003
2024-08-08 21:00:00,0.0,2051.534218841014,-97.0343907378105,0.3656851869999999
2024-08-08 21:05:00,0.0,2051.534218841014,-94.71131685482693,0.216425927
2024-08-08 21:10:00,0.0,2051.534218841014,-92.0109405942312,0.044777778000000004
2024-08-08 21:15:00,0.0,2051.534218841014,-89.00503275023293,0.08955555600000001
2024-08-08 21:20:00,0.0,2051.534218841014,-85.76370722356046,0.0
2024-08-08 21:25:00,0.0,2051.534218841014,-82.35497004389646,0.0
2024-08-08 21:30:00,0.0,2051.534218841014,-78.84429011521622,0.0
2024-08-08 21:35:00,0.0,2051.534218841014,-75.29419463895269,0.0
2024-08-08 21:40:00,0.0,2051.534218841014,-71.76389231281624,0.0
2024-08-08 21:45:00,0.0,2051.534218841014,-68.3089270063914,0.0
2024-08-08 21:50:00,0.0,2051.534218841014,-64.98086442350713,0.0
2024-08-08 21:55:00,0.0,2051.534218841014,-61.82701397791719,0.0
2024-08-08 22:00:00,0.0,2051.534218841014,-58.890187797593455,0.0
2024-08-08 22:05:00,0.0,2051.534218841014,-56.208498570150354,0.0
2024-08-08 22:10:00,0.0,2051.534218841014,-53.81519742242136,0.0
2024-08-08 22:15:00,0.0,2051.534218841014,-51.73855296397162,0.0
2024-08-08 22:20:00,0.0,2051.534218841014,-50.00177208583308,0.0
2024-08-08 22:25:00,0.0,2051.534218841014,-48.622962851366324,0.0
2024-08-08 22:30:00,0.0,2051.534218841014,-47.615139483912536,0.0
2024-08-08 22:35:00,0.0,2051.534218841014,-46.98626908838962,0.0
2024-08-08 22:40:00,0.0,2051.534218841014,-46.73935942977508,0.0
2024-08-08 22:45:00,0.0,2051.534218841014,-46.87258674241086,0.0
2024-08-08 22:50:00,0.0,2051.534218841014,-47.379462236314055,0.0
2024-08-08 22:55:00,0.0,2051.534218841014,-48.2490356579143,0.0
2024-08-08 23:00:00,0.0,2051.534218841014,-49.46613394176823,0.0
2024-08-08 23:05:00,0.0,2051.534218841014,-51.011632746694865,0.08886667059333334
2024-08-08 23:10:00,0.0,2051.534218841014,-52.862758366872576,0.0
2024-08-08 23:15:00,0.0,2051.534218841014,-54.99341729449393,0.0
2024-08-08 23:20:00,0.0,2051.534218841014,-57.37455046939991,0.0
2024-08-08 23:25:00,0.0,2051.534218841014,-59.97450906667282,0.0
2024-08-08 23:30:00,0.0,2051.534218841014,-62.75944849449113,0.0
2024-08-08 23:35:00,0.0,2051.534218841014,-65.69373712221878,0.0
2024-08-08 23:40:00,0.0,2051.534218841014,-68.74037615415627,0.0
2024-08-08 23:45:00,0.0,2051.534218841014,-71.86142700077274,0.0
2024-08-08 23:50:00,0.0,2051.534218841014,-75.01844231392862,0.0
2024-08-08 23:55:00,0.0,2051.534218841014,-78.17289704702452,0.0
2024-08-09 00:00:00,0.0,2051.534218841014,-81.28661567821193,0.0
2024-08-09 00:05:00,0.0,2051.534218841014,-84.32219190575202,0.0
2024-08-09 00:10:00,0.0,2051.534218841014,-87.24339712177743,0.0
2024-08-09 00:15:00,0.0,2051.534218841014,-90.01557410390083,0.0
2024-08-09 00:20:00,0.0,2051.534218841014,-92.60601244791523,0.0
2024-08-09 00:25:00,0.0,2051.534218841014,-94.98430244129413,0.0
2024-08-09 00:30:00,0.0,2051.534218841014,-97.12266422878245,0.0
2024-08-09 00:35:00,0.0,2051.534218841014,-98.99624937596474,0.0
2024-08-09 00:40:00,0.0,2051.534218841014,-100.58341203567949,0.0
2024-08-09 00:45:00,0.0,2051.534218841014,-101.86594737325767,0.0
2024-08-09 00:50:00,0.0,2051.534218841014,-102.82929497108536,0.0
2024-08-09 00:55:00,0.0,2051.534218841014,-103.46270534643821,0.0
2024-08-09 01:00:00,0.0,2051.534218841014,-103.75936796991674,0.0
2024-08-09 01:05:00,0.0,2051.534218841014,-103.71649951580555,0.0
2024-08-09 01:10:00,0.0,2051.534218841014,-103.33539137153701,0.0
2024-08-09 01:15:00,0.0,2051.534218841014,-102.62141578222044,0.0
2024-08-09 01:20:00,0.0,2051.534218841014,-101.58399042476735,0.0
2024-08-09 01:25:00,0.0,2051.534218841014,-100.23650132682472,0.0
2024-08-09 01:30:00,0.0,2051.534218841014,-98.59618478079831,0.0
2024-08-09 01:35:00,0.0,2051.534218841014,-96.68396876323128,0.0
2024-08-09 01:40:00,0.0,2051.534218841014,-94.52427518294716,0.0
2024-08-09 01:45:00,0.0,2051.534218841014,-92.14478425821899,0.0
2024-08-09 01:50:00,0.0,2051.534218841014,-89.57616284489683,0.0
2024-08-09 01:55:00,0.0,2051.534218841014,-86.85175877746886,0.0
2024-08-09 02:00:00,0.0,2051.534218841014,-84.00726356484785,0.0
2024-08-09 02:05:00,0.0,2051.534218841014,-81.08034615842752,0.0
2024-08-09 02:10:00,0.0,2051.534218841014,-78.11026058691218,0.0
2024-08-09 02:15:00,0.0,2051.534218841014,-75.13743071170792,0.0
2024-08-09 02:20:00,0.0,2051.534218841014,-72.20301535386736,0.0
2024-08-09 02:25:00,0.0,2051.534218841014,-69.34845741704518,0.0
2024-08-09 02:30:00,0.0,2051.534218841014,-66.61502063170319,0.0
2024-08-09 02:35:00,0.0,2051.534218841014,-64.04331781610439,0.0
2024-08-09 02:40:00,0.0,2051.534218841014,-61.67283453009195,0.0
2024-08-09 02:45:00,0.0,2051.534218841014,-59.54145214691917,0.0
2024-08-09 02:50:00,0.0,2051.534218841014,-57.68497440695684,0.0
2024-08-09 02:55:00,0.0,2051.534218841014,-56.13666145662447,0.0
2024-08-09 03:00:00,0.0,2051.534218841014,-54.92677543697628,0.0
2024-08-09 03:05:00,0.0,2051.534218841014,-54.082141579863766,0.0
2024-08-09 03:10:00,0.0,2051.534218841014,-53.62572868305653,0.0
2024-08-09 03:15:00,0.0,2051.534218841014,-53.5762527890577,0.0
2024-08-09 03:20:00,0.0,2051.534218841014,-53.94780756258789,0.0
2024-08-09 03:25:00,0.0,2051.534218841014,-54.74952498979824,0.0
2024-08-09 03:30:00,0.0,2051.534218841014,-55.98526943755165,0.0
2024-08-09 03:35:00,0.0,2051.534218841014,-57.65336823935652,0.0
2024-08-09 03:40:00,0.0,2051.534218841014,-59.746381473809905,0.0
2024-08-09 03:45:00,0.0,2051.534218841014,-62.25091340596713,0.0
2024-08-09 03:50:00,0.0,2051.534218841014,-65.14746780144526,0.0
2024-08-09 03:55:00,0.0,2051.534218841014,-68.4103489289649,0.0
2024-08-09 04:00:00,0.0,2051.534218841014,-72.00760978022569,0.0
2024-08-09 04:05:00,0.0,2051.534218841014,-75.90104865441498,0.0
2024-08-09 04:10:00,0.0,2051.534218841014,-80.04625497524911,0.0
2024-08-09 04:15:00,0.0,2051.534218841014,-84.39270466326657,0.0
2024-08-09 04:20:00,0.0,2051.534218841014,-88.8839052338677,0.0
2024-08-09 04:25:00,0.0,2051.534218841014,-93.4575902554896,0.0
2024-08-09 04:30:00,0.0,2051.534218841014,-98.04596246981608,0.0
2024-08-09 04:35:00,0.0,2051.534218841014,-102.57598453794084,0.0
2024-08-09 04:40:00,0.0,2051.534218841014,-106.969715905384,0.0
2024-08-09 04:45:00,0.0,2051.534218841014,-111.14469407419443,0.0
2024-08-09 04:50:00,0.0,2051.534218841014,-115.01435806472419,0.0
2024-08-09 04:55:00,0.0,2051.534218841014,-118.48851160677104,0.0
2024-08-09 05:00:00,0.0,2051.534218841014,-121.47382325616857,0.0
2024-08-09 05:05:00,0.0,2051.534218841014,-123.87436030383108,0.0
2024-08-09 05:10:00,0.0,2051.534218841014,-125.59215314240743,0.0
2024-08-09 05:15:00,0.0,2051.534218841014,-126.5277863762966,0.0
2024-08-09 05:20:00,0.0,2051.534218841014,-126.5810128724324,0.0
2024-08-09 05:25:00,0.0,2051.534218841014,-125.65138662780777,0.0
2024-08-09 05:30:00,0.0,2051.534218841014,-123.63891022337427,0.0
2024-08-09 05:35:00,0.0,2051.534218841014,-120.44469246071014,0.0
2024-08-09 05:40:00,0.0,2051.534218841014,-115.9716116921767,0.0
2024-08-09 05:45:00,0.0,2051.534218841014,-110.12498019850489,0.0
2024-08-09 05:50:00,0.0,2051.534218841014,-102.81320510797292,0.0
2024-08-09 05:55:00,0.0,2051.534218841014,-93.94844105097111,0.0
2024-08-09 06:00:00,0.0,2051.534218841014,-83.44723003983727,31.807974679928016
2024-08-09 06:05:00,0.0,2051.534218841014,-71.23112396816649,31.807974679928016
2024-08-09 06:10:00,0.0,2051.534218841014,-57.227285207245835,31.807974679928016
2024-08-09 06:15:00,0.0,2051.534218841014,-41.36906105834148,36.73330031200544
2024-08-09 06:20:00,0.0,2051.534218841014,-23.596527701943923,36.73330031200544
2024-08-09 06:25:00,0.0,2051.534218841014,-3.856999764736063,18.649793110846563
2024-08-09 06:30:00,0.0,2051.534218841014,17.894498508011555,18.649793110846563
2024-08-09 06:35:00,0.0,2051.534218841014,41.69480360543699,18.649793110846563
2024-08-09 06:40:00,73.40000153,2051.534218841014,67.5722285470012,18.649793110846563
2024-08-09 06:45:00,88.30000305,2051.534218841014,95.54622648480508,19.112015324579893
2024-08-09 06:50:00,107.0,2051.534218841014,125.62710524965036,18.578904222802116
2024-08-09 06:55:00,123.3000031,2051.534218841014,157.81579492338057,22.39653807776871
2024-08-09 07:00:00,142.8999939,2051.534218841014,192.10367047839907,430.4203365195352
2024-08-09 07:05:00,166.3000031,2051.534218841014,228.47243121788853,430.4203365195352
2024-08-09 07:10:00,207.8999939,2051.534218841014,266.89403782670905,427.86055459897017
2024-08-09 07:15:00,259.5,2051.534218841014,307.3307086243215,422.35728059815904
2024-08-09 07:20:00,297.2000122,2051.534218841014,349.73497436112,424.36611768851463
2024-08-09 07:25:00,340.2999878,2051.534218841014,394.0497926227006,423.1205065991812
2024-08-09 07:30:00,383.2000122,2051.534218841014,440.20872083307546,425.6319509216257
2024-08-09 07:35:00,426.5,2051.534218841014,488.13614709750027,426.7210102952034
2024-08-09 07:40:00,469.3999939,2051.534218841014,537.7475780487337,424.8047363422257
2024-08-09 07:45:00,524.5,2051.534218841014,588.9499814239817,412.5486968872035
2024-08-09 07:50:00,570.0,2051.534218841014,641.6421821286048,409.26428704120593
2024-08-09 07:55:00,627.2999878,2051.534218841014,695.715308834016,397.0322898436949
2024-08-09 08:00:00,680.5999756,2051.534218841014,751.0532890401822,805.3520744647531
2024-08-09 08:05:00,739.2000122,2051.534218841014,807.5333883908472,908.2815727209876
2024-08-09 08:10:00,717.6000366,2051.534218841014,865.0267923257969,939.3193495713225
2024-08-09 08:15:00,831.4000244,2051.534218841014,923.3992255362821,954.5119614887984
2024-08-09 08:20:00,891.4000244,2051.534218841014,982.5116050964872,952.6273848537209
2024-08-09 08:25:00,870.2666626,2051.534218841014,1042.2207239553359,896.3592325394764
2024-08-09 08:30:00,905.9666138,2051.534218841014,1102.3799595276919,897.1315578152193
2024-08-09 08:35:00,1080.599976,2051.534218841014,1162.8400036061903,901.1757151220444
2024-08-09 08:40:00,1027.466675,2051.534218841014,1223.4496079014086,981.5542427845825
2024-08-09 08:45:00,1089.233276,2051.534218841014,1284.0563418498248,981.5542427845825
2024-08-09 08:50:00,1118.333374,2051.534218841014,1344.5073558672239,1022.7761137896124
2024-08-09 08:55:00,1167.866699,2051.534218841014,1404.65014703549,1022.7761137896124
2024-08-09 09:00:00,1212.099976,2051.534218841014,1464.333320965732,1244.0237752454175
2024-08-09 09:05:00,1255.199951,2051.534218841014,1523.4073453698775,1230.6412644608617
2024-08-09 09:10:00,1296.933228,2051.534218841014,1581.7252906350923,1214.8390926370475
2024-08-09 09:15:00,1338.866577,2051.534218841014,1639.1435519777076,1184.2834926518917
2024-08-09 09:20:00,1383.333374,2051.534218841014,1695.5225494581653,1174.0689734981972
2024-08-09 09:25:00,1429.366577,2051.534218841014,1750.7274004738247,1165.1270845805864
2024-08-09 09:30:00,1474.199829,2051.534218841014,1804.6285613861976,1141.852615443124
2024-08-09 09:35:00,1516.0,2051.534218841014,1857.1024328321803,1138.8878372049573
2024-08-09 09:40:00,1557.566772,2051.534218841014,1908.0319264972293,1124.0046182177352
2024-08-09 09:45:00,1597.133301,2051.534218841014,1957.3069888399336,1111.509338947032
2024-08-09 09:50:00,1637.233398,2051.534218841014,2004.82507847768,1112.8342835409208
2024-08-09 09:55:00,1672.533325,2051.534218841014,2050.491594947406,1104.2736168747208
2024-08-09 10:00:00,1709.5,2051.534218841014,2094.220255725344,1050.1123670516943
2024-08-09 10:05:00,1743.966797,2051.534218841014,2135.9334196983086,1063.2427248499616
2024-08-09 10:10:00,1782.266602,2051.534218841014,2175.5623547284745,1050.8462284406942
2024-08-09 10:15:00,1816.633301,2051.534218841014,2213.0474488257737,1050.1123670516943
2024-08-09 10:20:00,1849.366699,2051.534218841014,2248.338362619604,1046.9942116264754
2024-08-09 10:25:00,1878.266602,2051.534218841014,2281.394123796275,1059.1647488703481
2024-08-09 10:30:00,1909.599976,2051.534218841014,2312.183162440534,1061.7091564562372
2024-08-09 10:35:00,1940.199829,2051.534218841014,2340.6832878035166,1061.7091564562372
2024-08-09 10:40:00,1966.200073,2051.534218841014,2366.881607164189,1061.7091564562372
2024-08-09 10:45:00,1985.133423,2051.534218841014,2390.7743875237693,1072.4498454614372
2024-08-09 10:50:00,1995.800171,2051.534218841014,2412.3668619260243,1072.4498454614372
2024-08-09 10:55:00,2008.733398,2051.534218841014,2431.6729818871167,1072.4498454614372
2024-08-09 11:00:00,2020.400024,2051.534218841014,2448.715118372593,1099.0101111413717
2024-08-09 11:05:00,2038.599976,2051.534218841014,2463.5237134311346,1097.5218200676575
2024-08-09 11:10:00,2043.533325,2051.534218841014,2476.1368858625824,1109.0188762585396
2024-08-09 11:15:00,2045.366699,2051.534218841014,2486.5999937179936,1109.0188762585396
2024-08-09 11:20:00,2041.433228,2051.534218841014,2494.965157148954,1109.0188762585396
2024-08-09 11:25:00,2048.599854,2051.534218841014,2501.290745436024,1111.5977324225398
2024-08-09 11:30:00,2054.333252,2051.534218841014,2505.64083202895,1111.5977324225398
2024-08-09 11:35:00,2057.466553,2051.534218841014,2508.084621803638,1114.8126238858513
2024-08-09 11:40:00,2001.566772,2051.534218841014,2508.695854852798,1114.8126238858513
2024-08-09 11:45:00,1964.266602,2051.534218841014,2507.552191261955,1109.2433396654703
2024-08-09 11:50:00,1929.599976,2051.534218841014,2504.7345814922537,1109.2433396654703
2024-08-09 11:55:00,1985.099976,2051.534218841014,2500.3266269442784,1109.2433396654703
2024-08-09 12:00:00,2022.900024,2051.534218841014,2494.413935471109,1661.98393054455
2024-08-09 12:05:00,2058.366455,2051.534218841014,2487.083476488457,1041.9294059513459
2024-08-09 12:10:00,2056.666748,2051.534218841014,2478.4229403291015,1046.6401820163933
2024-08-09 12:15:00,2055.300049,2051.534218841014,2468.520106536119,1036.1091835800344
2024-08-09 12:20:00,2054.399902,2051.534218841014,2457.462225475189,969.5270635620998
2024-08-09 12:25:00,2053.833252,2051.534218841014,2445.335417753596,1018.2459032185275
2024-08-09 12:30:00,2053.133545,2051.534218841014,2432.22409549569,1141.8670535605556
2024-08-09 12:35:00,2053.633301,2051.534218841014,2418.2104098446293,1124.319222461346
2024-08-09 12:40:00,2055.43335,2051.534218841014,2403.373727980742,1197.4435086491014
2024-08-09 12:45:00,2056.466553,2051.534218841014,2387.790143671502,1186.0681190712905
2024-08-09 12:50:00,2056.899902,2051.534218841014,2371.532024397036,1299.2203076828807
2024-08-09 12:55:00,2055.633301,2051.534218841014,2354.667598066734,1346.7053017938476
2024-08-09 13:00:00,2055.266602,2051.534218841014,2337.260582034779,1743.2071413229107
2024-08-09 13:05:00,2055.166748,2051.534218841014,2319.3698567301417,1828.7299633945493
2024-08-09 13:10:00,2056.333496,2051.534218841014,2301.049185820544,1876.0860225281313
2024-08-09 13:15:00,2056.966797,2051.534218841014,2282.346984650943,1958.5040088418743
2024-08-09 13:20:00,2056.599854,2051.534218841014,2263.306138083242,2003.3733584895144
2024-08-09 13:25:00,2056.0,2051.534218841014,2243.963868624699,1998.1800334053637
2024-08-09 13:30:00,2056.099854,2051.534218841014,2224.351655356509,1988.5783193784202
2024-08-09 13:35:00,2058.199951,2051.534218841014,2204.4952036206923,2022.2295517066937
2024-08-09 13:40:00,2060.466553,2051.534218841014,2184.4144653722196,1992.800960939092
2024-08-09 13:45:00,2061.950195,2051.534218841014,2164.1237091933513,1993.3078444287194
2024-08-09 13:50:00,1772.250122,2051.534218841014,2143.6316392821727,1978.9162944067486
2024-08-09 13:55:00,1142.550049,2051.534218841014,2122.94156163399,1952.6132981165483
2024-08-09 14:00:00,780.4666138,2051.534218841014,2102.0515956903846,1691.336802670167
2024-08-09 14:05:00,760.8999634,2051.534218841014,2080.9549296700197,1846.3354349883828
2024-08-09 14:10:00,702.5999146,2051.534218841014,2059.640116568896,1795.283257511993
2024-08-09 14:15:00,655.2666626,2051.534218841014,2038.0914084343692,1740.5794724261982
2024-08-09 14:20:00,590.2000122,2051.534218841014,2016.2891258952811,1827.2950463867382
2024-08-09 14:25:00,566.0333252,2051.534218841014,1994.2100594324313,1879.6296986902237
2024-08-09 14:30:00,543.5666504,2051.534218841014,1971.827899043212,1879.4264515506263
2024-08-09 14:35:00,538.3666382,2051.534218841014,1949.1136885380445,1946.2771012166984
2024-08-09 14:40:00,531.3666382,2051.534218841014,1926.0363004979538,1972.394088896087
2024-08-09 14:45:00,512.7333374,2051.534218841014,1902.5629280068408,1962.8078953322465
2024-08-09 14:50:00,502.2499695,2051.534218841014,1878.659588853091,1945.650521623812
2024-08-09 14:55:00,416.2999878,2051.534218841014,1854.2916381204586,1966.4668776715023
2024-08-09 15:00:00,314.6000366,2051.534218841014,1829.4242847327541,1949.8216030032156
2024-08-09 15:05:00,245.7999878,2051.534218841014,1804.0231078260733,1954.7670377493798
2024-08-09 15:10:00,166.8999939,2051.534218841014,1778.0545686198295,1938.2418424441018
2024-08-09 15:15:00,108.4333267,2051.534218841014,1751.486513504838,1942.7850994029711
2024-08-09 15:20:00,180.1000061,2051.534218841014,1724.2886644477564,1925.1416492439384
2024-08-09 15:25:00,215.0,2051.534218841014,1696.4330924893206,1909.2494985971737
2024-08-09 15:30:00,200.9000092,2051.534218841014,1667.8946703626384,1922.7953641658637
2024-08-09 15:35:00,214.4666748,2051.534218841014,1638.6515011747908,1818.4689689773115
2024-08-09 15:40:00,258.3999939,2051.534218841014,1608.6853188238251,1810.7497378959692
2024-08-09 15:45:00,303.7999878,2051.534218841014,1577.9818575445058,1727.6121401385176
2024-08-09 15:50:00,284.7999878,2051.534218841014,1546.531187235181,1683.1468531335977
2024-08-09 15:55:00,303.7333374,2051.534218841014,1514.3280121840774,1645.418005377077
2024-08-09 16:00:00,363.3999939,2051.534218841014,1481.371930395793,1549.3481118063667
2024-08-09 16:05:00,395.5,2051.534218841014,1447.6676517320257,1373.2919751973234
2024-08-09 16:10:00,424.2999878,2051.534218841014,1413.225172875915,1504.3812229997152
2024-08-09 16:15:00,467.7000122,2051.534218841014,1378.0599079005744,1485.93455844254
2024-08-09 16:20:00,559.7999878,2051.534218841014,1342.1927732227382,1459.501745838332
2024-08-09 16:25:00,681.2999878,2051.534218841014,1305.6502263309205,1444.5790251991546
2024-08-09 16:30:00,631.3666382,2051.534218841014,1268.4642577947254,1410.5824047840829
2024-08-09 16:35:00,892.0999756,2051.534218841014,1230.672336760127,1307.0470525978083
2024-08-09 16:40:00,1184.099976,2051.534218841014,1192.3173102444016,1378.6994357167612
2024-08-09 16:45:00,1305.0,2051.534218841014,1153.4472568629237,1178.2872498346999
2024-08-09 16:50:00,1243.400024,2051.534218841014,1114.1152964533846,1230.2612876087514
2024-08-09 16:55:00,1260.900024,2051.534218841014,1074.3793566322347,1242.3191051913846
2024-08-09 17:00:00,1226.700073,2051.534218841014,1034.3018980942477,781.6303886390343
2024-08-09 17:05:00,1151.266724,2051.534218841014,993.9496014594524,803.1414876451498
2024-08-09 17:10:00,1048.033325,2051.534218841014,953.3930169878242,547.8529498859892
2024-08-09 17:15:00,948.9332886,2051.534218841014,912.7061807150598,795.0063753921885
2024-08-09 17:20:00,905.5333862,2051.534218841014,871.9661994797311,520.4485695694888
2024-08-09 17:25:00,885.166687,2051.534218841014,831.2528084758494,506.81322958439966
2024-08-09 17:30:00,861.166687,2051.534218841014,790.6479042260438,523.8718267630945
2024-08-09 17:35:00,819.8999634,2051.534218841014,750.2350569759292,459.5042593627922
2024-08-09 17:40:00,755.2333374,2051.534218841014,710.0990059841982,455.8579349777898
2024-08-09 17:45:00,675.0666504,2051.534218841014,670.325141817504,458.7616670031311
2024-08-09 17:50:00,606.3666382,2051.534218841014,630.9989796071436,443.8752471668112
2024-08-09 17:55:00,573.6500244,2051.534218841014,592.2056268759258,474.79536405112873
2024-08-09 18:00:00,505.6500244,2051.534218841014,554.0292508150095,327.0401991639745
2024-08-09 18:05:00,407.1999817,2051.534218841014,516.5525483004811,295.1996555170959
2024-08-09 18:10:00,369.5333252,2051.534218841014,479.856223225489,302.54478841552185
2024-08-09 18:15:00,341.5666504,2051.534218841014,444.01847481320783,302.69038568503936
2024-08-09 18:20:00,327.5999756,2051.534218841014,409.11450120902214,300.13669929667907
2024-08-09 18:25:00,252.9000092,2051.534218841014,375.21602169932567,309.1134754332359
2024-08-09 18:30:00,223.5499878,2051.534218841014,342.3908212857495,310.89467272952317
2024-08-09 18:35:00,175.3500061,2051.534218841014,310.70232160460165,340.93913615238404
2024-08-09 18:40:00,127.1666641,2051.534218841014,280.20918055939785,302.9635830459789
2024-08-09 18:45:00,123.9333267,2051.534218841014,250.96492439454983,285.02086720822166
2024-08-09 18:50:00,120.7333374,2051.534218841014,223.01761460196644,280.6572959027082
2024-08-09 18:55:00,114.5,2051.534218841014,196.40955247873976,257.54714778143654
2024-08-09 19:00:00,104.7000046,2051.534218841014,171.17702317197725,36.588070146795324
2024-08-09 19:05:00,95.93332672,2051.534218841014,147.35008138940697,37.902420563084846
2024-08-09 19:10:00,85.53333282,2051.534218841014,124.95238027585418,32.37860835216158
2024-08-09 19:15:00,81.3500061,2051.534218841014,104.00104452240726,32.3362880240059
2024-08-09 19:20:00,68.55000305,2051.534218841014,84.50658908809977,32.185397738126284
2024-08-09 19:25:00,57.94999695,2051.534218841014,66.47288339519784,27.863042168646505
2024-08-09 19:30:00,49.20000076,2051.534218841014,49.89716179594091,31.952445981815206
2024-08-09 19:35:00,39.94999695,2051.534218841014,34.77007983398931,28.627382638787143
2024-08-09 19:40:00,28.89999962,2051.534218841014,21.075815823177326,29.171840251582683
2024-08-09 19:45:00,19.45000076,2051.534218841014,8.792216986655644,31.211562948689984
2024-08-09 19:50:00,0.0,2051.534218841014,-2.1090111179009767,30.84334099939201
2024-08-09 19:55:00,0.0,2051.534218841014,-11.66207343043448,30.880270279210134
2024-08-09 20:00:00,0.0,2051.534218841014,-19.90681435482316,0.21611640282539682
2024-08-09 20:05:00,0.0,2051.534218841014,-26.88840882302928,0.043333333333333335
2024-08-09 20:10:00,0.0,2051.534218841014,-32.65701819498462,0.0430000019
2024-08-09 20:15:00,0.0,2051.534218841014,-37.26741346648904,7.037243342815053
2024-08-09 20:20:00,0.0,2051.534218841014,-40.77856882024128,0.0430000019
2024-08-09 20:25:00,0.0,2051.534218841014,-43.25322873422747,0.043333333333333335
2024-08-09 20:30:00,0.0,2051.534218841014,-44.75745186497285,2.116268866658624
2024-08-09 20:35:00,0.0,2051.534218841014,-45.360135500534824,0.08851851991111111
2024-08-09 20:40:00,0.0,2051.534218841014,-45.13252393434564,0.1315185218111111
2024-08-09 20:45:00,0.0,2051.534218841014,-44.14770488604273,0.1315185218111111
2024-08-09 20:50:00,0.0,2051.534218841014,-42.48009756919731,0.08851851991111111
2024-08-09 20:55:00,0.0,2051.534218841014,-40.204936504055716,0.08851851991111111
2024-08-09 21:00:00,0.0,2051.534218841014,-37.39775494707107,0.0
2024-08-09 21:05:00,0.0,2051.534218841014,-34.133871896917626,0.0
2024-08-09 21:10:00,0.0,2051.534218841014,-30.487886570237933,0.0
2024-08-09 21:15:00,0.0,2051.534218841014,-26.533184172388594,0.0
2024-08-09 21:20:00,0.0,2051.534218841014,-22.341456687272316,0.0
2024-08-09 21:25:00,0.0,2051.534218841014,-17.98224227861124,0.0
2024-08-09 21:30:00,0.0,2051.534218841014,-13.522486751169083,0.0
2024-08-09 21:35:00,0.0,2051.534218841014,-9.026130313723588,0.0
2024-08-09 21:40:00,0.0,2051.534218841014,-4.553722666897108,0.0
2024-08-09 21:45:00,0.0,2051.534218841014,-0.16206925551039053,0.0
2024-08-09 21:50:00,0.0,2051.534218841014,4.096088796305956,0.0
2024-08-09 21:55:00,0.0,2051.534218841014,8.172358761707848,0.0
2024-08-09 22:00:00,0.0,2051.534218841014,12.022942450845248,0.0
2024-08-09 22:05:00,0.0,2051.534218841014,15.608842721164812,0.0
2024-08-09 22:10:00,0.0,2051.534218841014,18.89602900806087,0.0
2024-08-09 22:15:00,0.0,2051.534218841014,21.85556088960102,0.0
2024-08-09 22:20:00,0.0,2051.534218841014,24.463668926324097,0.0
2024-08-09 22:25:00,0.0,2051.534218841014,26.701792554598715,0.0
2024-08-09 22:30:00,0.0,2051.534218841014,28.556574941786632,0.0
2024-08-09 22:35:00,0.0,2051.534218841014,30.019815230466104,0.0
2024-08-09 22:40:00,0.0,2051.534218841014,31.088378838366356,0.0
2024-08-09 22:45:00,0.0,2051.534218841014,31.764066863366818,0.0
2024-08-09 22:50:00,0.0,2051.534218841014,32.053445964136344,0.0
2024-08-09 22:55:00,0.0,2051.534218841014,31.967640395695447,0.0
2024-08-09 23:00:00,0.0,2051.534218841014,31.522088184619907,0.0
2024-08-09 23:05:00,0.0,2051.534218841014,30.736263740610937,0.0
2024-08-09 23:10:00,0.0,2051.534218841014,29.633369420603792,0.0
2024-08-09 23:15:00,0.0,2051.534218841014,28.239998863149243,0.0
2024-08-09 23:20:00,0.0,2051.534218841014,26.58577510141707,0.0
2024-08-09 23:25:00,0.0,2051.534218841014,24.702966682338232,0.0
2024-08-09 23:30:00,0.0,2051.534218841014,22.626085188051025,0.0
2024-08-09 23:35:00,0.0,2051.534218841014,20.391467710341992,0.0
2024-08-09 23:40:00,0.0,2051.534218841014,18.03684794259746,0.0
2024-08-09 23:45:00,0.0,2051.534218841014,15.60091964983368,0.0
2024-08-09 23:50:00,0.0,2051.534218841014,13.122896314497156,0.0
2024-08-09 23:55:00,0.0,2051.534218841014,10.6420708736139,0.0
2024-08-10 00:00:00,0.0,2051.534218841014,8.19737929598946,0.0
2024-08-10 00:05:00,0.0,2051.534218841014,5.826971889945113,0.0
2024-08-10 00:10:00,0.0,2051.534218841014,3.567796061600083,0.0
2024-08-10 00:15:00,0.0,2051.534218841014,1.4551941892657372,0.0
2024-08-10 00:20:00,0.0,2051.534218841014,-0.4774798555073243,0.0
2024-08-10 00:25:00,0.0,2051.534218841014,-2.199222158724649,0.0
2024-08-10 00:30:00,0.0,2051.534218841014,-3.681714969805912,0.0
2024-08-10 00:35:00,0.0,2051.534218841014,-4.899634726660081,0.0
2024-08-10 00:40:00,0.0,2051.534218841014,-5.830928976414261,0.0
2024-08-10 00:45:00,0.0,2051.534218841014,-6.45705995950427,0.0
2024-08-10 00:50:00,0.0,2051.534218841014,-6.763212254323302,0.0
2024-08-10 00:55:00,0.0,2051.534218841014,-6.738462923007304,0.0
2024-08-10 01:00:00,0.0,2051.534218841014,-6.3759121840041,0.0
2024-08-10 01:05:00,0.0,2051.534218841014,-5.672773539941021,0.0
2024-08-10 01:10:00,0.0,2051.534218841014,-4.630422271069586,0.0
2024-08-10 01:15:00,0.0,2051.534218841014,-3.2544016717243585,0.0
2024-08-10 01:20:00,0.0,2051.534218841014,-1.554386810823275,0.0
2024-08-10 01:25:00,0.0,2051.534218841014,0.4558941944597038,0.0
2024-08-10 01:30:00,0.0,2051.534218841014,2.7587808865475525,0.0
2024-08-10 01:35:00,0.0,2051.534218841014,5.332842462162016,0.0
2024-08-10 01:40:00,0.0,2051.534218841014,8.153079776907507,0.0
2024-08-10 01:45:00,0.0,2051.534218841014,11.191166104069971,0.0
2024-08-10 01:50:00,0.0,2051.534218841014,14.415724616363251,0.0
2024-08-10 01:55:00,0.0,2051.534218841014,17.792640649420143,0.0
2024-08-10 02:00:00,0.0,2051.534218841014,21.285406262979638,0.0
2024-08-10 02:05:00,0.0,2051.534218841014,24.855494343164402,0.0
2024-08-10 02:10:00,0.0,2051.534218841014,28.462759393234357,0.0
2024-08-10 02:15:00,0.0,2051.534218841014,32.065861714672444,0.0
2024-08-10 02:20:00,0.0,2051.534218841014,35.622711593473845,0.0
2024-08-10 02:25:00,0.0,2051.534218841014,39.09092987236148,0.0
2024-08-10 02:30:00,0.0,2051.534218841014,42.42832111868766,0.0
2024-08-10 02:35:00,0.0,2051.534218841014,45.59335549260967,0.0
2024-08-10 02:40:00,0.0,2051.534218841014,48.54565529034186,0.0
2024-08-10 02:45:00,0.0,2051.534218841014,51.246482094131245,0.0
2024-08-10 02:50:00,0.0,2051.534218841014,53.65922034408611,0.0
2024-08-10 02:55:00,0.0,2051.534218841014,55.74985327364515,0.0
2024-08-10 03:00:00,0.0,2051.534218841014,57.487427042488115,0.0
2024-08-10 03:05:00,0.0,2051.534218841014,58.84449901655594,0.0
2024-08-10 03:10:00,0.0,2051.534218841014,59.79756624730933,0.0
2024-08-10 03:15:00,0.0,2051.534218841014,60.327470281536065,0.0
2024-08-10 03:20:00,0.0,2051.534218841014,60.419774636338175,0.0
2024-08-10 03:25:00,0.0,2051.534218841014,60.06511135242938,0.0
2024-08-10 03:30:00,0.0,2051.534218841014,59.25949345027131,0.0
2024-08-10 03:35:00,0.0,2051.534218841014,58.00459005714826,0.0
2024-08-10 03:40:00,0.0,2051.534218841014,56.307961542651064,0.0
2024-08-10 03:45:00,0.0,2051.534218841014,54.18325205021801,0.0
2024-08-10 03:50:00,0.0,2051.534218841014,51.65033724958227,0.0
2024-08-10 03:55:00,0.0,2051.534218841014,48.73542539514048,0.0
2024-08-10 04:00:00,0.0,2051.534218841014,45.47111018685252,0.0
2024-08-10 04:05:00,0.0,2051.534218841014,41.89637418845884,0.0
2024-08-10 04:10:00,0.0,2051.534218841014,38.05654202212365,0.0
2024-08-10 04:15:00,0.0,2051.534218841014,34.00318286732395,0.0
2024-08-10 04:20:00,0.0,2051.534218841014,29.79396223597143,0.0
2024-08-10 04:25:00,0.0,2051.534218841014,25.4924433109173,0.0
2024-08-10 04:30:00,0.0,2051.534218841014,21.16783855988274,0.0
2024-08-10 04:35:00,0.0,2051.534218841014,16.89471277366865,0.0
2024-08-10 04:40:00,0.0,2051.534218841014,12.752638912086539,0.0
2024-08-10 04:45:00,0.0,2051.534218841014,8.82580866534387,0.0
2024-08-10 04:50:00,0.0,2051.534218841014,5.2025999014473445,0.0
2024-08-10 04:55:00,0.0,2051.534218841014,1.9751035230756233,0.0
2024-08-10 05:00:00,0.0,2051.534218841014,-0.7613873290298443,0.0
2024-08-10 05:05:00,0.0,2051.534218841014,-2.9089226757479856,0.0
2024-08-10 05:10:00,0.0,2051.534218841014,-4.367472099491337,0.0
2024-08-10 05:15:00,0.0,2051.534218841014,-5.0355285390807465,0.0
2024-08-10 05:20:00,0.0,2051.534218841014,-4.81073546019554,0.0
2024-08-10 05:25:00,0.0,2051.534218841014,-3.590533259930513,0.0
2024-08-10 05:30:00,0.0,2051.534218841014,-1.2728205502380219,0.0
2024-08-10 05:35:00,0.0,2051.534218841014,2.243374148818159,0.0
2024-08-10 05:40:00,0.0,2051.534218841014,7.0572149182824,0.0
2024-08-10 05:45:00,0.0,2051.534218841014,13.265379885704672,0.0
2024-08-10 05:50:00,0.0,2051.534218841014,20.961386190204035,0.0
2024-08-10 05:55:00,0.0,2051.534218841014,30.234923435463497,0.0
2024-08-10 06:00:00,0.0,2051.534218841014,41.17120016387314,34.96570620940078
2024-08-10 06:05:00,0.0,2051.534218841014,53.850308087766024,35.927605705023
2024-08-10 06:10:00,0.0,2051.534218841014,68.34660869062311,36.525548584922994
2024-08-10 06:15:00,0.0,2051.534218841014,84.72814659465475,39.349130060828784
2024-08-10 06:20:00,0.0,2051.534218841014,103.05609400130575,41.73885463807322
2024-08-10 06:25:00,0.0,2051.534218841014,123.38423036975607,41.80612451210893
2024-08-10 06:30:00,0.0,2051.534218841014,145.75846109814495,33.9930410840476
2024-08-10 06:35:00,96.0,2051.534218841014,170.2163789735742,33.9930410840476
2024-08-10 06:40:00,91.5,2051.534218841014,196.78687160707165,33.9930410840476
2024-08-10 06:45:00,126.0999985,2051.534218841014,225.48977810017203,34.686929981380935
2024-08-10 06:50:00,118.3500061,2051.534218841014,256.3355974774916,39.01417915306616
2024-08-10 06:55:00,183.1000061,2051.534218841014,289.32525138562676,39.61917915316616
2024-08-10 07:00:00,178.1999969,2051.534218841014,324.4499031133825,448.14965865402036
2024-08-10 07:05:00,201.3000031,2051.534218841014,361.6908343253266,458.87361148181316
2024-08-10 07:10:00,232.5,2051.534218841014,401.0193810664718,466.7025403565115
2024-08-10 07:15:00,216.8999786,2051.534218841014,442.3969299170942,472.05815428493224
2024-08-10 07:20:00,213.1666718,2051.534218841014,485.7749740229209,472.05815428493224
2024-08-10 07:25:00,361.7000122,2051.534218841014,531.0952300391355,468.02514686290107
2024-08-10 07:30:00,329.0,2051.534218841014,578.2898149732983,468.02514686290107
2024-08-10 07:35:00,645.0,2051.534218841014,627.2814819130349,467.47210995690114
2024-08-10 07:40:00,611.5499268,2051.534218841014,677.9839140803465,467.47210995690114
2024-08-10 07:45:00,599.8999634,2051.534218841014,730.3020749063289,473.7594839849623
2024-08-10 07:50:00,572.8666382,2051.534218841014,784.1326125190316,473.7594839849623
2024-08-10 07:55:00,578.9666748,2051.534218841014,839.3643160738047,472.29349493374
2024-08-10 08:00:00,706.5,2051.534218841014,895.8786210783079,894.1688410093385
2024-08-10 08:05:00,757.2000122,2051.534218841014,953.5501607731387,894.1688410093385
2024-08-10 08:10:00,821.0,2051.534218841014,1012.247359864902,894.1688410093385
2024-08-10 08:15:00,797.7666016,2051.534218841014,1071.8330672612994,888.0268409603719
2024-08-10 08:20:00,924.0,2051.534218841014,1132.1652234079686,891.3373532814195
2024-08-10 08:25:00,886.9333496,2051.534218841014,1193.0975581247606,889.7751391002766
2024-08-10 08:30:00,938.7333374,2051.534218841014,1254.4803146406166,885.7605870314767
2024-08-10 08:35:00,1116.699951,2051.534218841014,1316.1609946719755,880.2423285194609
2024-08-10 08:40:00,1063.433228,2051.534218841014,1377.9851202390746,877.677328455794
2024-08-10 08:45:00,1131.899902,2051.534218841014,1439.7970074919667,868.3174048534926
2024-08-10 08:50:00,1164.700073,2051.534218841014,1501.4405462514985,947.7650309596216
2024-08-10 08:55:00,1215.93335,2051.534218841014,1562.759982021165,968.645774228955
2024-08-10 09:00:00,1256.799927,2051.534218841014,1623.60069403999,1129.153911711799
2024-08-10 09:05:00,1303.966675,2051.534218841014,1683.8099651097784,1045.608378080341
2024-08-10 09:10:00,1350.666626,2051.534218841014,1743.2377375100023,1041.3652641032131
2024-08-10 09:15:00,1385.666626,2051.534218841014,1801.7373509596987,1068.6378275300067
2024-08-10 09:20:00,1534.900024,2051.534218841014,1859.1662572169732,1134.0638039401977
2024-08-10 09:25:00,1478.333374,2051.534218841014,1915.3867071534605,1181.4610495023303
2024-08-10 09:30:00,1537.900024,2051.534218841014,1970.2664055557798,1190.369377949056
2024-08-10 09:35:00,1568.466675,2051.534218841014,2023.6791298329324,1164.9193381524815
2024-08-10 09:40:00,1624.566528,2051.534218841014,2075.505308424635,1150.8816696478495
2024-08-10 09:45:00,1663.099976,2051.534218841014,2125.632555675717,1333.8542020435957
2024-08-10 09:50:00,1698.866699,2051.534218841014,2173.956159507301,1338.537930145119
2024-08-10 09:55:00,1734.833374,2051.534218841014,2220.379519071768,1300.7667496685324
2024-08-10 10:00:00,1771.233398,2051.534218841014,2264.814529927081,1895.6520978944602
2024-08-10 10:05:00,1806.733398,2051.534218841014,2307.181914016527,1981.8543643152748
2024-08-10 10:10:00,1840.199829,2051.534218841014,2347.4114931807617,1979.3447902545654
2024-08-10 10:15:00,1875.833374,2051.534218841014,2385.44240457935,1384.6882260696489
2024-08-10 10:20:00,1912.866699,2051.534218841014,2421.223256387187,1379.3209306723602
2024-08-10 10:25:00,1950.433228,2051.534218841014,2454.7122241567113,1382.4262630839157
2024-08-10 10:30:00,1982.366577,2051.534218841014,2485.8770868220395,1380.4203170041537
2024-08-10 10:35:00,2009.133423,2051.534218841014,2514.6952029966164,1380.9323268838125
2024-08-10 10:40:00,2029.099976,2051.534218841014,2541.153427834802,1384.9876230413386
2024-08-10 10:45:00,2044.366699,2051.534218841014,2565.247971910794,1387.4846794770526
2024-08-10 10:50:00,2052.366455,2051.534218841014,2586.9842032462584,1382.380234998719
2024-08-10 10:55:00,2056.733154,2051.534218841014,2606.3763944257066,1379.7105118286079
2024-08-10 11:00:00,2058.033447,2051.534218841014,2623.447417132229,1141.4460578296396
2024-08-10 11:05:00,2058.366455,2051.534218841014,2638.228386321121,1141.4460578296396
2024-08-10 11:10:00,2054.366699,2051.534218841014,2650.758257455279,1144.5250034260284
2024-08-10 11:15:00,2030.433472,2051.534218841014,2661.0833795713424,1353.5030424644433
2024-08-10 11:20:00,2007.900024,2051.534218841014,2669.257008005142,1358.6074869427769
2024-08-10 11:25:00,1992.033203,2051.534218841014,2675.3387804152767,1355.8456426563623
2024-08-10 11:30:00,2015.766602,2051.534218841014,2679.3941602079144,1318.3095761293146
2024-08-10 11:35:00,2039.066772,2051.534218841014,2681.4938515540953,1319.4075542281503
2024-08-10 11:40:00,2058.966797,2051.534218841014,2681.7131904796906,1325.3939975332617
2024-08-10 11:45:00,2058.800049,2051.534218841014,2680.1315165187266,1365.5789986311877
2024-08-10 11:50:00,2058.899902,2051.534218841014,2676.8315297017944,1367.9407031792803
2024-08-10 11:55:00,2058.366699,2051.534218841014,2671.898637461939,1337.6902384254818
2024-08-10 12:00:00,2059.233154,2051.534218841014,2665.4202964977517,1288.8068013207237
2024-08-10 12:05:00,2058.833252,2051.534218841014,2657.48535407642,1291.098506389779
2024-08-10 12:10:00,2059.533203,2051.534218841014,2648.1833938533937,1313.4365482378735
2024-08-10 12:15:00,2057.033447,2051.534218841014,2637.6040906713106,1300.6991696858256
2024-08-10 12:20:00,2056.400146,2051.534218841014,2625.836579062889,1086.4388802680855
2024-08-10 12:25:00,2055.5,2051.534218841014,2612.9688399085885,1097.7278335475294
2024-08-10 12:30:00,2057.400146,2051.534218841014,2599.087109432094,1139.2519330110467
2024-08-10 12:35:00,2058.800049,2051.534218841014,2584.2753149631926,1173.4095151229894
2024-08-10 12:40:00,2060.033447,2051.534218841014,2568.6145408649454,1172.1263210286077
2024-08-10 12:45:00,2061.266602,2051.534218841014,2552.182528772515,1271.5429120614865
2024-08-10 12:50:00,2062.43335,2051.534218841014,2535.053215009728,1331.26934490404
2024-08-10 12:55:00,2063.366455,2051.534218841014,2517.296308684242,1285.2760888989876
2024-08-10 13:00:00,2063.266602,2051.534218841014,2498.9769127305776,1371.5729880315596
2024-08-10 13:05:00,2060.766602,2051.534218841014,2480.155190741652,1329.1075031258747
2024-08-10 13:10:00,2058.633301,2051.534218841014,2460.8860812390662,1425.0706072331416
2024-08-10 13:15:00,2056.56665,2051.534218841014,2441.219061096915,1451.548667326533
2024-08-10 13:20:00,2058.266846,2051.534218841014,2421.197959730411,1419.549022373066
2024-08-10 13:25:00,2058.56665,2051.534218841014,2400.860824362621,1382.207731030372
2024-08-10 13:30:00,2059.600098,2051.534218841014,2380.2398372904545,1467.1984645845846
2024-08-10 13:35:00,2058.5,2051.534218841014,2359.3612849644724,1400.4063126639967
2024-08-10 13:40:00,2060.600098,2051.534218841014,2338.2455788480197,1415.0076427166546
2024-08-10 13:45:00,2062.900146,2051.534218841014,2316.9073269601668,1418.128131578004
2024-08-10 13:50:00,2065.633545,2051.534218841014,2295.355455394069,1428.9897611778863
2024-08-10 13:55:00,2065.399902,2051.534218841014,2273.593378074095,1448.0361895138044
2024-08-10 14:00:00,2063.366455,2051.534218841014,2251.6192129631518,1339.5923959623522
2024-08-10 14:05:00,2060.599854,2051.534218841014,2229.426042834585,1242.843348099909
2024-08-10 14:10:00,2058.833252,2051.534218841014,2207.002217523875,1148.09308281712
2024-08-10 14:15:00,2059.466553,2051.534218841014,2184.331695470253,1223.6104164260757
2024-08-10 14:20:00,2060.800049,2051.534218841014,2161.394420973718,1293.3777519794633
2024-08-10 14:25:00,2061.599854,2051.534218841014,2138.166734065498,1330.3315941386743
2024-08-10 14:30:00,2059.133545,2051.534218841014,2114.621809318451,1368.044954101365
2024-08-10 14:35:00,2056.366699,2051.534218841014,2090.7301197135484,1400.0265490118018
2024-08-10 14:40:00,2049.633057,2051.534218841014,2066.459921860724,1419.0375918621542
2024-08-10 14:45:00,2040.033325,2051.534218841014,2041.777757927909,1426.0330812536433
2024-08-10 14:50:00,2026.166626,2051.534218841014,2016.6489707846342,1461.960543081485
2024-08-10 14:55:00,2009.300171,2051.534218841014,1991.0382272864763,1425.547467755868
2024-08-10 15:00:00,1983.066772,2051.534218841014,1964.9100458669066,1464.7897410475528
2024-08-10 15:05:00,1947.266602,2051.534218841014,1938.2293237652177,1475.9066046615103
2024-08-10 15:10:00,1912.233398,2051.534218841014,1910.9618598260172,1477.461296738499
2024-08-10 15:15:00,1888.133301,2051.534218841014,1883.0748682340302,1466.1852234824285
2024-08-10 15:20:00,1868.733398,2051.534218841014,1854.5374792277469,1528.0795276575684
2024-08-10 15:25:00,1847.200073,2051.534218841014,1825.3212226439584,1522.0075922792441
2024-08-10 15:30:00,1817.066772,2051.534218841014,1795.4004901199078,1516.1823084662285
2024-08-10 15:35:00,1787.566772,2051.534218841014,1764.7529728371437,1526.4493508262092
2024-08-10 15:40:00,1759.200073,2051.534218841014,1733.3600703146492,1536.970505501553
2024-08-10 15:45:00,1739.266602,2051.534218841014,1701.2072678453444,1548.8134893922868
2024-08-10 15:50:00,1726.033325,2051.534218841014,1668.2844788938323,1527.527997491963
2024-08-10 15:55:00,1716.200073,2051.534218841014,1634.5863500128457,1513.2336262450951
2024-08-10 16:00:00,1706.333374,2051.534218841014,1600.1125257219946,1466.6326671174895
2024-08-10 16:05:00,1694.0,2051.534218841014,1564.8678710950667,1435.8156310721354
2024-08-10 16:10:00,1673.599976,2051.534218841014,1528.8626506289345,1465.6651525603293
2024-08-10 16:15:00,1641.833374,2051.534218841014,1492.1126611987902,1468.669072463911
2024-08-10 16:20:00,1592.866699,2051.534218841014,1454.6393190996064,1460.2941446733548
2024-08-10 16:25:00,1543.766602,2051.534218841014,1416.469699302026,1448.388195411723
2024-08-10 16:30:00,1495.966675,2051.534218841014,1377.6365273550905,1462.2512463119604
2024-08-10 16:35:00,1461.833374,2051.534218841014,1338.178123686259,1416.892025862452
2024-08-10 16:40:00,1426.166626,2051.534218841014,1298.1383005940052,1405.9118359696804
2024-08-10 16:45:00,1390.866699,2051.534218841014,1257.5662130789447,1400.0620813739897
2024-08-10 16:50:00,1340.299927,2051.534218841014,1216.5161641514442,1341.2271267352228
2024-08-10 16:55:00,1279.366699,2051.534218841014,1175.0473665284087,1326.5176560285868
2024-08-10 17:00:00,1206.533325,2051.534218841014,1133.223662044366,1118.4288219340183
2024-08-10 17:05:00,1124.300049,2051.534218841014,1091.1132018972833,1101.5903542074689
2024-08-10 17:10:00,1051.200073,2051.534218841014,1048.7880887474175,1096.7930157885062
2024-08-10 17:15:00,1010.800049,2051.534218841014,1006.3239848919186,1077.7372663519536
2024-08-10 17:20:00,854.166687,2051.534218841014,963.7996884530844,1032.8414231566883
2024-08-10 17:25:00,782.166687,2051.534218841014,921.2966814215268,989.7145604743517
2024-08-10 17:30:00,768.166687,2051.534218841014,878.8986528579211,950.3794863247329
2024-08-10 17:35:00,717.1333008,2051.534218841014,836.6910007971273,898.5339028719519
2024-08-10 17:40:00,689.8000488,2051.534218841014,794.7603171428668,859.9663273701084
2024-08-10 17:45:00,545.0666504,2051.534218841014,753.1938586278163,786.9560498216865
2024-08-10 17:50:00,499.0666504,2051.534218841014,712.0790091941928,768.4941184306992
2024-08-10 17:55:00,488.6333313,2051.534218841014,671.5027365356254,751.4349840871466
2024-08-10 18:00:00,462.7000427,2051.534218841014,631.551047987848,411.43213215680095
2024-08-10 18:05:00,429.6999817,2051.534218841014,592.308449458056,410.82211614242
2024-08-10 18:10:00,385.3999939,2051.534218841014,553.8574115842646,411.2084477394596
2024-08-10 18:15:00,348.7666931,2051.534218841014,516.2778474877845,410.1992819954025
2024-08-10 18:20:00,312.1333313,2051.534218841014,479.64660564042055,405.6424823082802
2024-08-10 18:25:00,297.8999939,2051.534218841014,444.0369821332845,397.2371762393079
2024-08-10 18:30:00,250.7499847,2051.534218841014,409.51825562000283,393.6230195438683
2024-08-10 18:35:00,205.5500031,2051.534218841014,376.15524920307865,392.07209587192386
2024-08-10 18:40:00,169.75,2051.534218841014,344.0079216553097,371.0512541143254
2024-08-10 18:45:00,129.6666718,2051.534218841014,313.1309916484506,371.0512541143254
2024-08-10 18:50:00,110.1333389,2051.534218841014,283.5735978718408,360.5633544610317
2024-08-10 18:55:00,104.1999969,2051.534218841014,255.37899716628027,349.29261971733104
2024-08-10 19:00:00,88.6000061,2051.534218841014,228.58430334616253,68.48961575794146
2024-08-10 19:05:00,74.6000061,2051.534218841014,203.22026831326562,63.65076466872323
2024-08-10 19:10:00,62.0,2051.534218841014,179.31110748412777,61.98959539888063
2024-08-10 19:15:00,49.0,2051.534218841014,156.87437018232032,49.194617858562424
2024-08-10 19:20:00,35.90000153,2051.534218841014,135.92085670781447,62.164140629044546
2024-08-10 19:25:00,25.19999886,2051.534218841014,116.45458185245197,50.45520010029165
2024-08-10 19:30:00,18.84999847,2051.534218841014,98.47278559298265,44.65190608288533
2024-08-10 19:35:00,14.53333282,2051.534218841014,81.96599059662458,38.56199684438045
2024-08-10 19:40:00,13.19999981,2051.534218841014,66.91810597813112,40.775537971497975
2024-08-10 19:45:00,0.0,2051.534218841014,53.30657664351675,40.750977649716546
2024-08-10 19:50:00,0.0,2051.534218841014,41.10257663428547,39.29937611113367
2024-08-10 19:55:00,0.0,2051.534218841014,30.271245326948776,38.821302080997
2024-08-10 20:00:00,0.0,2051.534218841014,20.77196415144279,0.8527777777777776
2024-08-10 20:05:00,0.0,2051.534218841014,12.55867212259883,3.322742332847619
2024-08-10 20:10:00,0.0,2051.534218841014,5.580217228743101,0.45830158749206346
2024-08-10 20:15:00,0.0,2051.534218841014,-0.21925881400837852,0.5138571430476191
2024-08-10 20:20:00,0.0,2051.534218841014,-4.899905483449127,1.12746825415873
2024-08-10 20:25:00,0.0,2051.534218841014,-8.525721391335347,2.5804275178476206
2024-08-10 20:30:00,0.0,2051.534218841014,-11.164088582300414,0.085
2024-08-10 20:35:00,0.0,2051.534218841014,-12.885286854468983,0.043333333333333335
2024-08-10 20:40:00,0.0,2051.534218841014,-13.761991821256839,0.18916666666666668
2024-08-10 20:45:00,0.0,2051.534218841014,-13.868760655764785,0.2878000002
2024-08-10 20:50:00,0.0,2051.534218841014,-13.281509378583946,0.19855925953333337
2024-08-10 20:55:00,0.0,2051.534218841014,-12.076985768772358,0.15522592620000003
2024-08-10 21:00:00,0.0,2051.534218841014,-10.33224190949859,0.15522592620000003
2024-08-10 21:05:00,0.0,2051.534218841014,-8.124110381654864,0.15522592620000003
2024-08-10 21:10:00,0.0,2051.534218841014,-5.528688089155544,0.15522592620000003
2024-08-10 21:15:00,0.0,2051.534218841014,-2.620831623616122,0.15522592620000003
2024-08-10 21:20:00,0.0,2051.534218841014,0.5263320302036563,0.06405555566666667
2024-08-10 21:25:00,0.0,2051.534218841014,3.841875767720651,0.0
2024-08-10 21:30:00,0.0,2051.534218841014,7.25752015840769,0.0
2024-08-10 21:35:00,0.0,2051.534218841014,10.708055326984061,0.0
2024-08-10 21:40:00,0.0,2051.534218841014,14.131733963845848,0.0
2024-08-10 21:45:00,0.0,2051.534218841014,17.47063249696644,0.0
2024-08-10 21:50:00,0.0,2051.534218841014,20.670977850956085,0.0
2024-08-10 21:55:00,0.0,2051.534218841014,23.68343748464845,0.0
2024-08-10 22:00:00,0.0,2051.534218841014,26.463370670489446,0.0
2024-08-10 22:05:00,0.0,2051.534218841014,28.97103931117118,0.0
2024-08-10 22:10:00,0.0,2051.534218841014,31.17177692375868,0.0
2024-08-10 22:15:00,0.0,2051.534218841014,33.036114736414994,0.0
2024-08-10 22:20:00,0.0,2051.534218841014,34.53986422522364,0.0
2024-08-10 22:25:00,0.0,2051.534218841014,35.66415572183952,0.0
2024-08-10 22:30:00,0.0,2051.534218841014,36.39543313801675,0.0
2024-08-10 22:35:00,0.0,2051.534218841014,36.7254051483,0.0
2024-08-10 22:40:00,0.0,2051.534218841014,36.65095355775435,0.0
2024-08-10 22:45:00,0.0,2051.534218841014,36.17399991447339,0.0
2024-08-10 22:50:00,0.0,2051.534218841014,35.30133176252125,0.0
2024-08-10 22:55:00,0.0,2051.534218841014,34.044390259211966,0.0
2024-08-10 23:00:00,0.0,2051.534218841014,32.41902118265843,0.0
2024-08-10 23:05:00,0.0,2051.534218841014,30.44519164996296,0.0
2024-08-10 23:10:00,0.0,2051.534218841014,28.146675184967417,0.0
2024-08-10 23:15:00,0.0,2051.534218841014,25.55070789428094,0.0
2024-08-10 23:20:00,0.0,2051.534218841014,22.687618966230726,0.0
2024-08-10 23:25:00,0.0,2051.534218841014,19.590438671449743,0.0
2024-08-10 23:30:00,0.0,2051.534218841014,16.294487392366005,0.0
2024-08-10 23:35:00,0.0,2051.534218841014,12.836949292981865,0.0
2024-08-10 23:40:00,0.0,2051.534218841014,9.256434363967136,0.0
2024-08-10 23:45:00,0.0,2051.534218841014,5.592532704118442,0.0
2024-08-10 23:50:00,0.0,2051.534218841014,1.8853648784774317,0.0
2024-08-10 23:55:00,0.0,2051.534218841014,-1.8248675814243578,0.0
2024-08-11 00:00:00,0.0,2051.534218841014,-5.498327845098416,0.0
2024-08-11 00:05:00,0.0,2051.534218841014,-9.095981411226484,0.0
2024-08-11 00:10:00,0.0,2051.534218841014,-12.580022201759906,0.0
2024-08-11 00:15:00,0.0,2051.534218841014,-15.914283081028458,0.0
2024-08-11 00:20:00,0.0,2051.534218841014,-19.064627415101157,0.0
2024-08-11 00:25:00,0.0,2051.534218841014,-21.9993181024152,0.0
2024-08-11 00:30:00,0.0,2051.534218841014,-24.689360850350234,0.0
2024-08-11 00:35:00,0.0,2051.534218841014,-27.10881861526306,0.0
2024-08-11 00:40:00,0.0,2051.534218841014,-29.23509439908857,0.0
2024-08-11 00:45:00,0.0,2051.534218841014,-31.04917986233402,0.0
2024-08-11 00:50:00,0.0,2051.534218841014,-32.535867349591285,0.0
2024-08-11 00:55:00,0.0,2051.534218841014,-33.68392358341487,0.0
2024-08-11 01:00:00,0.0,2051.534218841014,-34.48622302979905,0.0
2024-08-11 01:05:00,0.0,2051.534218841014,-34.93983995402844,0.0
2024-08-11 01:10:00,0.0,2051.534218841014,-35.04609784136037,0.0
2024-08-11 01:15:00,0.0,2051.534218841014,-34.810575789730606,0.0
2024-08-11 01:20:00,0.0,2051.534218841014,-34.24307144890148,0.0
2024-08-11 01:25:00,0.0,2051.534218841014,-33.35752063787387,0.0
2024-08-11 01:30:00,0.0,2051.534218841014,-32.17187405520124,0.0
2024-08-11 01:35:00,0.0,2051.534218841014,-30.70793189863099,0.0
2024-08-11 01:40:00,0.0,2051.534218841014,-28.991137538248275,0.0
2024-08-11 01:45:00,0.0,2051.534218841014,-27.05033173563207,0.0
2024-08-11 01:50:00,0.0,2051.534218841014,-24.917469293969813,0.0
2024-08-11 01:55:00,0.0,2051.534218841014,-22.62730020616926,0.0
2024-08-11 02:00:00,0.0,2051.534218841014,-20.217017888927025,0.0
2024-08-11 02:05:00,0.0,2051.534218841014,-17.725877174925323,0.0
2024-08-11 02:10:00,0.0,2051.534218841014,-15.194785121802173,0.0
2024-08-11 02:15:00,0.0,2051.534218841014,-12.665867920584878,0.0
2024-08-11 02:20:00,0.0,2051.534218841014,-10.182017377856168,0.0
2024-08-11 02:25:00,0.0,2051.534218841014,-7.786420694961142,0.0
2024-08-11 02:30:00,0.0,2051.534218841014,-5.522077362089328,0.0
2024-08-11 02:35:00,0.0,2051.534218841014,-3.431307193845423,0.0
2024-08-11 02:40:00,0.0,2051.534218841014,-1.555253585383881,0.0
2024-08-11 02:45:00,0.0,2051.534218841014,0.06661382619030672,0.0
2024-08-11 02:50:00,0.0,2051.534218841014,1.396992880488891,0.0
2024-08-11 02:55:00,0.0,2051.534218841014,2.4012347734548545,0.0
2024-08-11 03:00:00,0.0,2051.534218841014,3.0478178991109184,0.0
2024-08-11 03:05:00,0.0,2051.534218841014,3.3088055085612083,0.0
2024-08-11 03:10:00,0.0,2051.534218841014,3.1602831372560045,0.0
2024-08-11 03:15:00,0.0,2051.534218841014,2.5827718655604794,0.0
2024-08-11 03:20:00,0.0,2051.534218841014,1.561613659846409,0.0
2024-08-11 03:25:00,0.0,2051.534218841014,0.08732517980354536,0.0
2024-08-11 03:30:00,0.0,2051.534218841014,-1.8440833027400791,0.0
2024-08-11 03:35:00,0.0,2051.534218841014,-4.230827020887492,0.0
2024-08-11 03:40:00,0.0,2051.534218841014,-7.06510671727441,0.0
2024-08-11 03:45:00,0.0,2051.534218841014,-10.332912120123506,0.0
2024-08-11 03:50:00,0.0,2051.534218841014,-14.01387116047076,0.0
2024-08-11 03:55:00,0.0,2051.534218841014,-18.08114682048657,0.0
2024-08-11 04:00:00,0.0,2051.534218841014,-22.50138324902983,0.0
2024-08-11 04:05:00,0.0,2051.534218841014,-27.234702311197342,0.0
2024-08-11 04:10:00,0.0,2051.534218841014,-32.23475142992188,0.0
2024-08-11 04:15:00,0.0,2051.534218841014,-37.448803183558404,0.0
2024-08-11 04:20:00,0.0,2051.534218841014,-42.817906707155885,0.0
2024-08-11 04:25:00,0.0,2051.534218841014,-48.277090535080895,0.0
2024-08-11 04:30:00,0.0,2051.534218841014,-53.755616251709036,0.0
2024-08-11 04:35:00,0.0,2051.534218841014,-59.17728173882894,0.0
2024-08-11 04:40:00,0.0,2051.534218841014,-64.46077255964668,0.0
2024-08-11 04:45:00,0.0,2051.534218841014,-69.52005962327976,0.0
2024-08-11 04:50:00,0.0,2051.534218841014,-74.26484080522327,0.0
2024-08-11 04:55:00,0.0,2051.534218841014,-78.60102403720252,0.0
2024-08-11 05:00:00,0.0,2051.534218841014,-82.43124886472191,0.0
2024-08-11 05:05:00,0.0,2051.534218841014,-85.65544326636375,0.0
2024-08-11 05:10:00,0.0,2051.534218841014,-88.17141212238563,0.0
2024-08-11 05:15:00,0.0,2051.534218841014,-89.87545373761914,0.0
2024-08-11 05:20:00,0.0,2051.534218841014,-90.66300008099856,0.0
2024-08-11 05:25:00,0.0,2051.534218841014,-90.4292767740881,0.0
2024-08-11 05:30:00,0.0,2051.534218841014,-89.06997820826822,0.0
2024-08-11 05:35:00,0.0,2051.534218841014,-86.48195329383383,0.0
2024-08-11 05:40:00,0.0,2051.534218841014,-82.56389711773868,0.0
2024-08-11 05:45:00,0.0,2051.534218841014,-77.21704371202466,0.0
2024-08-11 05:50:00,0.0,2051.534218841014,-70.34585515623559,0.0
2024-08-11 05:55:00,0.0,2051.534218841014,-61.85870206342885,0.0
2024-08-11 06:00:00,0.0,2051.534218841014,-51.66853079638934,47.1227820114677
2024-08-11 06:05:00,0.0,2051.534218841014,-39.693512429228626,46.82189313613437
2024-08-11 06:10:00,0.0,2051.534218841014,-25.857669004659407,56.341577740367924
2024-08-11 06:15:00,0.0,2051.534218841014,-10.091472366665398,56.341577740367924
2024-08-11 06:20:00,0.0,2051.534218841014,7.667588735993421,57.5581703509957
2024-08-11 06:25:00,0.0,2051.534218841014,27.474477381817184,57.5581703509957
2024-08-11 06:30:00,0.0,2051.534218841014,49.37611732280514,28.88639099746127
2024-08-11 06:35:00,0.0,2051.534218841014,73.41094512678696,28.88639099746127
2024-08-11 06:40:00,0.0,2051.534218841014,99.60850961682193,18.977282118884204
2024-08-11 06:45:00,80.80000305,2051.534218841014,127.98912132411536,18.977282118884204
2024-08-11 06:50:00,101.5,2051.534218841014,158.56355499280426,19.703682123150873
2024-08-11 06:55:00,111.8000031,2051.534218841014,191.3328072831803,23.115847208773413
2024-08-11 07:00:00,129.5,2051.534218841014,226.28791206546248,392.7349276890728
2024-08-11 07:05:00,139.6999969,2051.534218841014,263.4098147713165,397.3895691961158
2024-08-11 07:10:00,132.9000092,2051.534218841014,302.6693070223418,392.1326611316523
2024-08-11 07:15:00,174.3999939,2051.534218841014,344.0270228136776,359.469120230683
2024-08-11 07:20:00,279.3999939,2051.534218841014,387.4334957516908,346.10866397764016
2024-08-11 07:25:00,317.0,2051.534218841014,432.829278661687,332.15853411574096
2024-08-11 07:30:00,302.2333374,2051.534218841014,480.14512388236716,329.5597976848774
2024-08-11 07:35:00,463.1000061,2051.534218841014,529.3022243200721,323.5455754253774
2024-08-11 07:40:00,505.1000061,2051.534218841014,580.2125134999337,316.8965207336482
2024-08-11 07:45:00,608.0999756,2051.534218841014,632.779023087674,312.6805542318482
2024-08-11 07:50:00,698.5999756,2051.534218841014,686.8962959926923,306.30468434655177
2024-08-11 07:55:00,790.9000244,2051.534218841014,742.4508519345367,299.1846364826558
2024-08-11 08:00:00,754.9333496,2051.534218841014,799.321703912275,945.1802948922167
2024-08-11 08:05:00,962.4000244,2051.534218841014,857.3809205807693,945.1802948922167
2024-08-11 08:10:00,879.0333862,2051.534218841014,916.4942328525511,941.2594705778279
2024-08-11 08:15:00,893.5667114,2051.534218841014,976.5216796484142,938.9980575058278
2024-08-11 08:20:00,859.1500244,2051.534218841014,1037.3182894062159,932.403268502034
2024-08-11 08:25:00,742.1333008,2051.534218841014,1098.7347923059795,937.2898398602803
2024-08-11 08:30:00,696.4666138,2051.534218841014,1160.618359467231,932.3425929549088
2024-08-11 08:35:00,696.1000366,2051.534218841014,1222.8133637478463,927.6504865060167
2024-08-11 08:40:00,636.4000244,2051.534218841014,1285.1621573972902,852.4736449041409
2024-08-11 08:45:00,599.6000366,2051.534218841014,1347.5058619874624,748.1732093794108
2024-08-11 08:50:00,892.7999878,2051.534218841014,1409.6851642548104,726.0458300474774
2024-08-11 08:55:00,1034.400024,2051.534218841014,1471.5411145633614,614.9245611374179
2024-08-11 09:00:00,958.5333862,2051.534218841014,1532.9159209768613,1276.0713041252754
2024-08-11 09:05:00,973.2000122,2051.534218841014,1593.6537351322734,1280.0051572362752
2024-08-11 09:10:00,1160.699951,2051.534218841014,1653.6014241185449,1296.176628297947
2024-08-11 09:15:00,1287.0,2051.534218841014,1712.6093235961575,1324.2642974961584
2024-08-11 09:20:00,1222.266602,2051.534218841014,1770.5319675084916,1313.7084675220317
2024-08-11 09:25:00,1248.900024,2051.534218841014,1827.2287890351688,1479.6370537205144
2024-08-11 09:30:00,1253.666626,2051.534218841014,1882.56478955446,1468.0813273887698
2024-08-11 09:35:00,1264.900024,2051.534218841014,1936.4111696674147,1460.6766383843649
2024-08-11 09:40:00,1253.43335,2051.534218841014,1988.64592002176,1434.7824500264162
2024-08-11 09:45:00,1258.866699,2051.534218841014,2039.1543670928047,1417.532778514129
2024-08-11 09:50:00,1236.999878,2051.534218841014,2087.8296709706146,1416.2745388202045
2024-08-11 09:55:00,1679.900024,2051.534218841014,2134.573272238939,1458.1994245634953
2024-08-11 10:00:00,1680.900024,2051.534218841014,2179.295284788512,1789.0654338324532
2024-08-11 10:05:00,1822.0,2051.534218841014,2221.914832932835,1759.15038392144
2024-08-11 10:10:00,1766.233398,2051.534218841014,2262.3603303862656,1765.7445705958849
2024-08-11 10:15:00,1823.566772,2051.534218841014,2300.56970013973,1765.7445705958849
2024-08-11 10:20:00,1851.0,2051.534218841014,2336.4905332950307,1765.7445705958849
2024-08-11 10:25:00,1907.433472,2051.534218841014,2370.0801874666754,1768.281728045155
2024-08-11 10:30:00,1963.033203,2051.534218841014,2401.3058233292463,1768.281728045155
2024-08-11 10:35:00,1973.5,2051.534218841014,2430.1443803616226,1848.0174180518354
2024-08-11 10:40:00,1943.733398,2051.534218841014,2456.58249200531,1850.1619051150503
2024-08-11 10:45:00,1842.200073,2051.534218841014,2480.6163414261105,1850.1619051150503
2024-08-11 10:50:00,1756.033203,2051.534218841014,2502.2514594270665,1850.1619051150503
2024-08-11 10:55:00,2061.899902,2051.534218841014,2521.5024661331495,1851.1944463255663
2024-08-11 11:00:00,1884.199829,2051.534218841014,2538.392759154889,2041.0738667774137
2024-08-11 11:05:00,1966.033203,2051.534218841014,2552.9541502857865,2041.0738667774137
2024-08-11 11:10:00,1904.599976,2051.534218841014,2565.2264542292787,2041.0738667774137
2024-08-11 11:15:00,1887.033203,2051.534218841014,2575.2570323901873,2049.7741342559534
2024-08-11 11:20:00,1885.466675,2051.534218841014,2583.1002953025336,2049.7741342559534
2024-08-11 11:25:00,1906.533325,2051.534218841014,2588.8171677731157,2049.7741342559534
2024-08-11 11:30:00,1930.533325,2051.534218841014,2592.4745205908407,2055.3102103878796
2024-08-11 11:35:00,1959.833374,2051.534218841014,2594.144573375048,2055.3102103878796
2024-08-11 11:40:00,1988.066772,2051.534218841014,2593.9042729303706,2055.3102103878796
2024-08-11 11:45:00,2023.966675,2051.534218841014,2591.8346517892246,2056.0559497151403
2024-08-11 11:50:00,2035.133301,2051.534218841014,2588.020171764026,2056.0559497151403
2024-08-11 11:55:00,2039.966675,2051.534218841014,2582.548057290298,2056.432157003593
2024-08-11 12:00:00,2046.266602,2051.534218841014,2575.5076234981057,2055.9568489764033
2024-08-11 12:05:00,2052.699951,2051.534218841014,2566.9896038439138,2055.9437941600327
2024-08-11 12:10:00,2059.56665,2051.534218841014,2557.085482313134,2055.2584894987413
2024-08-11 12:15:00,2058.533203,2051.534218841014,2545.8868347339126,2055.2543499544418
2024-08-11 12:20:00,2059.93335,2051.534218841014,2533.484684190567,2056.945446309878
2024-08-11 12:25:00,2059.833252,2051.534218841014,2519.968874912275,2053.3967973076315
2024-08-11 12:30:00,2061.366699,2051.534218841014,2505.427468974829,2036.6025872553694
2024-08-11 12:35:00,2057.366699,2051.534218841014,2489.946170335503,2040.2463814839418
2024-08-11 12:40:00,2055.56665,2051.534218841014,2473.6077797186704,2044.4183455799644
2024-08-11 12:45:00,2053.0,2051.534218841014,2456.491684381684,2045.5256099332128
2024-08-11 12:50:00,2055.399902,2051.534218841014,2438.6733860580393,2045.5871103371653
2024-08-11 12:55:00,2055.56665,2051.534218841014,2420.224070170895,2018.6130837922512
2024-08-11 13:00:00,2056.766602,2051.534218841014,2401.2102191650965,1812.5604748774347
2024-08-11 13:05:00,2057.233398,2051.534218841014,2381.693272369991,1742.6241163267894
2024-08-11 13:10:00,2059.399902,2051.534218841014,2361.7293343441283,1893.4869525112433
2024-08-11 13:15:00,2058.266602,2051.534218841014,2341.368933490845,1945.7725481583109
2024-08-11 13:20:00,2055.033203,2051.534218841014,2320.656832365511,1996.1502377921192
2024-08-11 13:25:00,2050.366699,2051.534218841014,2299.6318902246503,1992.3800562279555
2024-08-11 13:30:00,2051.5,2051.534218841014,2278.3269785316015,2008.6903632621168
2024-08-11 13:35:00,2054.766846,2051.534218841014,2256.768949595344,1985.6293333683207
2024-08-11 13:40:00,2058.866943,2051.534218841014,2234.978657731909,2009.3929043181595
2024-08-11 13:45:00,2060.5,2051.534218841014,2212.9710324571456,1994.9126212041097
2024-08-11 13:50:00,2059.666748,2051.534218841014,2190.7552025154887,1957.9775308329242
2024-08-11 13:55:00,2032.5,2051.534218841014,2168.3346691797806,1934.2855262145677
2024-08-11 14:00:00,1976.666626,2051.534218841014,2145.7075271250433,1672.74598877892
2024-08-11 14:05:00,1975.333374,2051.534218841014,2122.8667304384994,1705.841674564126
2024-08-11 14:10:00,1973.133301,2051.534218841014,2099.8004014165745,1450.166031801712
2024-08-11 14:15:00,2027.166626,2051.534218841014,2076.4921790606,741.2461711693211
2024-08-11 14:20:00,2028.833374,2051.534218841014,2052.9216042967555,1475.6924585057598
2024-08-11 14:25:00,2053.900146,2051.534218841014,2029.0645383067624,899.5055370270912
2024-08-11 14:30:00,2049.966797,2051.534218841014,2004.8936105531068,1675.6141817781731
2024-08-11 14:35:00,2044.766602,2051.534218841014,1980.3786923040825,1987.9141341765217
2024-08-11 14:40:00,2038.733398,2051.534218841014,1955.4873918631795,2006.980240517552
2024-08-11 14:45:00,2033.966675,2051.534218841014,1930.1855670007399,2008.6870314384175
2024-08-11 14:50:00,2028.699829,2051.534218841014,1904.4378507855818,1972.5787547899752
2024-08-11 14:55:00,2022.133301,2051.534218841014,1878.2081857568458,1964.0796098229125
2024-08-11 15:00:00,1986.5,2051.534218841014,1851.460362384229,1959.401746738941
2024-08-11 15:05:00,1933.333374,2051.534218841014,1824.1585574110434,1937.9445947879572
2024-08-11 15:10:00,1873.200073,2051.534218841014,1796.2678673269659,1897.3067814463932
2024-08-11 15:15:00,1849.299927,2051.534218841014,1767.7548328409414,1898.8319312708
2024-08-11 15:20:00,1847.266602,2051.534218841014,1738.5879499765856,1888.8613235670948
2024-08-11 15:25:00,1854.166626,2051.534218841014,1708.7381635399909,1749.1919305653105
2024-08-11 15:30:00,1856.866577,2051.534218841014,1678.1793390990485,1767.2722932062927
2024-08-11 15:35:00,1848.833374,2051.534218841014,1646.8887095013094,1925.0336230644673
2024-08-11 15:40:00,1830.700073,2051.534218841014,1614.8472924116593,1913.4573872302074
2024-08-11 15:45:00,1793.0,2051.534218841014,1582.040275336001,1813.8392776448031
2024-08-11 15:50:00,1771.0,2051.534218841014,1548.4573652077452,1794.0750373049173
2024-08-11 15:55:00,1536.300171,2051.534218841014,1514.0930994904768,1768.7440547392641
2024-08-11 16:00:00,1227.366699,2051.534218841014,1478.9471166195806,366.5985269989053
2024-08-11 16:05:00,1161.166626,2051.534218841014,1443.0243831724667,1092.9836356831797
2024-08-11 16:10:00,1106.166748,2051.534218841014,1406.3353762957165,983.2267182690648
2024-08-11 16:15:00,1035.466675,2051.534218841014,1368.8962194577664,1005.0540593372592
2024-08-11 16:20:00,952.6333008,2051.534218841014,1330.7287712651666,990.7857317244782
2024-08-11 16:25:00,904.5,2051.534218841014,1291.8606654518187,362.79004375378287
2024-08-11 16:30:00,859.0333862,2051.534218841014,1252.3253025373376,365.54360821507345
2024-08-11 16:35:00,851.7333374,2051.534218841014,1212.1617930200239,686.889520500082
2024-08-11 16:40:00,828.0333862,2051.534218841014,1171.414852205085,731.460200963087
2024-08-11 16:45:00,830.4666138,2051.534218841014,1130.1346477772654,1287.6328676653814
2024-08-11 16:50:00,816.0,2051.534218841014,1088.3766011614375,751.8802890782142
2024-08-11 16:55:00,816.5,2051.534218841014,1046.2011440805263,865.8617358750141
2024-08-11 17:00:00,785.0999146,2051.534218841014,1003.6734324405181,830.7654457030098
2024-08-11 17:05:00,748.7000122,2051.534218841014,960.8630194588242,818.9207202635653
2024-08-11 17:10:00,708.7000122,2051.534218841014,917.8434907733249,839.6723138520161
2024-08-11 17:15:00,676.333313,2051.534218841014,874.6920641738764,821.6595765760923
2024-08-11 17:20:00,641.9666138,2051.534218841014,831.4891570694363,776.7549233507385
2024-08-11 17:25:00,634.2333374,2051.534218841014,788.3179252270739,768.1232517110271
2024-08-11 17:30:00,630.5666504,2051.534218841014,745.2637758671042,951.101837555387
2024-08-11 17:35:00,645.3999634,2051.534218841014,702.4138595674204,928.1685908073674
2024-08-11 17:40:00,599.4333496,2051.534218841014,659.8565441765767,877.5762869353842
2024-08-11 17:45:00,584.5,2051.534218841014,617.6808749753835,864.162140905837
2024-08-11 17:50:00,497.6333313,2051.534218841014,575.9760258542725,840.8454325410121
2024-08-11 17:55:00,473.8000183,2051.534218841014,534.8307446820154,719.4641046891261
2024-08-11 18:00:00,465.4666748,2051.534218841014,494.33279778725284,345.0406271383777
2024-08-11 18:05:00,428.5666504,2051.534218841014,454.5684178585444,328.45680214001766
2024-08-11 18:10:00,411.3666687,2051.534218841014,415.6217590615341,325.9004566582986
2024-08-11 18:15:00,440.0,2051.534218841014,377.5743638513328,312.76269698454615
2024-08-11 18:20:00,419.5333252,2051.534218841014,340.50464552008805,298.65465906793906
2024-08-11 18:25:00,422.7333069,2051.534218841014,304.4873902283589,284.72026684285106
2024-08-11 18:30:00,407.6000061,2051.534218841014,269.5932826356217,269.9781375447758
2024-08-11 18:35:00,383.7000427,2051.534218841014,235.88845840835765,279.56779282624984
2024-08-11 18:40:00,370.6999817,2051.534218841014,203.43408726264107,271.95077813205876
2024-08-11 18:45:00,315.0499878,2051.534218841014,172.28598942919405,266.9769605638477
2024-08-11 18:50:00,248.2999878,2051.534218841014,142.49428866353566,264.4791937692143
2024-08-11 18:55:00,176.1499939,2051.534218841014,114.10310430495257,262.6548035266349
2024-08-11 19:00:00,113.4000092,2051.534218841014,87.15028461018031,105.90936770571139
2024-08-11 19:05:00,72.6000061,2051.534218841014,61.66718357714873,104.30625171094138
2024-08-11 19:10:00,51.16666794,2051.534218841014,37.67848264020746,102.15729352236805
2024-08-11 19:15:00,48.05000305,2051.534218841014,15.202058509045631,95.52545758336124
2024-08-11 19:20:00,40.15000153,2051.534218841014,-5.751101437249944,89.43990129017105
2024-08-11 19:25:00,29.70000267,2051.534218841014,-25.17693633393772,74.65176019691901
2024-08-11 19:30:00,19.60000038,2051.534218841014,-43.078300854303976,50.69010178132428
2024-08-11 19:35:00,13.56666565,2051.534218841014,-59.46490652411109,48.74954415707905
2024-08-11 19:40:00,12.90000057,2051.534218841014,-74.35321563521978,72.48220554294838
2024-08-11 19:45:00,0.0,2051.534218841014,-87.76628891760772,47.49318772418521
2024-08-11 19:50:00,0.0,2051.534218841014,-99.73358802158657,37.74933234663455
2024-08-11 19:55:00,0.0,2051.534218841014,-110.29073450093706,41.13103375503637
2024-08-11 20:00:00,0.0,2051.534218841014,-119.4792271998107,2.7743777782888888
2024-08-11 20:05:00,0.0,2051.534218841014,-127.34612028607356,1.3681740744000004
2024-08-11 20:10:00,0.0,2051.534218841014,-133.94366447006178,0.0
2024-08-11 20:15:00,0.0,2051.534218841014,-139.3289142793839,0.9013333333333332
2024-08-11 20:20:00,0.0,2051.534218841014,-143.56330439571164,0.0
2024-08-11 20:25:00,0.0,2051.534218841014,-146.7121983975632,0.23916666666666667
2024-08-11 20:30:00,0.0,2051.534218841014,-148.8444134310318,0.043333333333333335
2024-08-11 20:35:00,0.0,2051.534218841014,-150.03172444333228,2.137681485911112
2024-08-11 20:40:00,0.0,2051.534218841014,-150.34835188944913,0.043333333333333335
2024-08-11 20:45:00,0.0,2051.534218841014,-149.8704367904188,0.043333333333333335
2024-08-11 20:50:00,0.0,2051.534218841014,-148.67550724665918,0.043333333333333335
2024-08-11 20:55:00,0.0,2051.534218841014,-146.84194044009067,0.043333333333333335
2024-08-11 21:00:00,0.0,2051.534218841014,-144.44842427747582,0.0
2024-08-11 21:05:00,0.0,2051.534218841014,-141.5734227640937,0.0
2024-08-11 21:10:00,0.0,2051.534218841014,-138.2946491725007,0.0
2024-08-11 21:15:00,0.0,2051.534218841014,-134.68855099247412,0.0
2024-08-11 21:20:00,0.0,2051.534218841014,-130.82981054205922,0.0
2024-08-11 21:25:00,0.0,2051.534218841014,-126.79086499133929,0.0
2024-08-11 21:30:00,0.0,2051.534218841014,-122.64144936186841,0.0
2024-08-11 21:35:00,0.0,2051.534218841014,-118.44816591494444,0.0
2024-08-11 21:40:00,0.0,2051.534218841014,-114.27408308374818,0.0
2024-08-11 21:45:00,0.0,2051.534218841014,-110.17836686446765,0.0
2024-08-11 21:50:00,0.0,2051.534218841014,-106.21594733071274,0.0
2024-08-11 21:55:00,0.0,2051.534218841014,-102.43722264700692,0.0
2024-08-11 22:00:00,0.0,2051.534218841014,-98.88780262613787,0.0
2024-08-11 22:05:00,0.0,2051.534218841014,-95.60829360440435,0.0
2024-08-11 22:10:00,0.0,2051.534218841014,-92.6341260030768,0.0
2024-08-11 22:15:00,0.0,2051.534218841014,-89.99542564977796,0.0
2024-08-11 22:20:00,0.0,2051.534218841014,-87.7169295964726,0.0
2024-08-11 22:25:00,0.0,2051.534218841014,-85.81794673505347,0.0
2024-08-11 22:30:00,0.0,2051.534218841014,-84.31236321962992,0.0
2024-08-11 22:35:00,0.0,2051.534218841014,-83.20869232615867,0.0
2024-08-11 22:40:00,0.0,2051.534218841014,-82.51016801138982,0.0
2024-08-11 22:45:00,0.0,2051.534218841014,-82.21488108121962,0.0
2024-08-11 22:50:00,0.0,2051.534218841014,-82.31595655265407,0.0
2024-08-11 22:55:00,0.0,2051.534218841014,-82.80177044832728,0.0
2024-08-11 23:00:00,0.0,2051.534218841014,-83.65620394781483,0.0
2024-08-11 23:05:00,0.0,2051.534218841014,-84.85893253138394,0.0
2024-08-11 23:10:00,0.0,2051.534218841014,-86.38574744851988,0.0
2024-08-11 23:15:00,0.0,2051.534218841014,-88.20890663160809,0.0
2024-08-11 23:20:00,0.0,2051.534218841014,-90.2975118227663,0.0
2024-08-11 23:25:00,0.0,2051.534218841014,-92.61790871305942,0.0
2024-08-11 23:30:00,0.0,2051.534218841014,-95.13410632984339,0.0
2024-08-11 23:35:00,0.0,2051.534218841014,-97.80821223320041,0.0
2024-08-11 23:40:00,0.0,2051.534218841014,-100.60087944179598,0.0
2024-08-11 23:45:00,0.0,2051.534218841014,-103.47176138031396,0.0
2024-08-11 23:50:00,0.0,2051.534218841014,-106.37997074089427,0.0
2024-08-11 23:55:00,0.0,2051.534218841014,-109.28453830767826,0.0
2024-08-12 00:00:00,0.0,2051.534218841014,-112.14486771384665,0.0
2024-08-12 00:05:00,0.0,2051.534218841014,-114.92118215613328,0.0
2024-08-12 00:10:00,0.0,2051.534218841014,-117.5749591992025,0.0
2024-08-12 00:15:00,0.0,2051.534218841014,-120.06934972474457,0.0
2024-08-12 00:20:00,0.0,2051.534218841014,-122.3695776053981,0.0
2024-08-12 00:25:00,0.0,2051.534218841014,-124.44331621555936,0.0
2024-08-12 00:30:00,0.0,2051.534218841014,-126.26103884267802,0.0
2024-08-12 00:35:00,0.0,2051.534218841014,-127.79633951210637,0.0
2024-08-12 00:40:00,0.0,2051.534218841014,-129.02622160798157,0.0
2024-08-12 00:45:00,0.0,2051.534218841014,-129.93135154131292,0.0
2024-08-12 00:50:00,0.0,2051.534218841014,-130.49627517055947,0.0
2024-08-12 00:55:00,0.0,2051.534218841014,-130.7095949482833,0.0
2024-08-12 01:00:00,0.0,2051.534218841014,-130.564106086641,0.0
2024-08-12 01:05:00,0.0,2051.534218841014,-130.0568904058936,0.0
2024-08-12 01:10:00,0.0,2051.534218841014,-129.18936675186728,0.0
2024-08-12 01:15:00,0.0,2051.534218841014,-127.9672975105216,0.0
2024-08-12 01:20:00,0.0,2051.534218841014,-126.4007507192755,0.0
2024-08-12 01:25:00,0.0,2051.534218841014,-124.50401800198085,0.0
2024-08-12 01:30:00,0.0,2051.534218841014,-122.29548871425848,0.0
2024-08-12 01:35:00,0.0,2051.534218841014,-119.79748111315962,0.0
2024-08-12 01:40:00,0.0,2051.534218841014,-117.03603176936505,0.0
2024-08-12 01:45:00,0.0,2051.534218841014,-114.04064469851087,0.0
2024-08-12 01:50:00,0.0,2051.534218841014,-110.84400213252067,0.0
2024-08-12 01:55:00,0.0,2051.534218841014,-107.4816391210378,0.0
2024-08-12 02:00:00,0.0,2051.534218841014,-103.99158447186417,0.0
2024-08-12 02:05:00,0.0,2051.534218841014,-100.41397089064282,0.0
2024-08-12 02:10:00,0.0,2051.534218841014,-96.79061733986548,0.0
2024-08-12 02:15:00,0.0,2051.534218841014,-93.1645870427221,0.0
2024-08-12 02:20:00,0.0,2051.534218841014,-89.57972462701552,0.0
2024-08-12 02:25:00,0.0,2051.534218841014,-86.08017621927647,0.0
2024-08-12 02:30:00,0.0,2051.534218841014,-82.70989641465725,0.0
2024-08-12 02:35:00,0.0,2051.534218841014,-79.51214618544948,0.0
2024-08-12 02:40:00,0.0,2051.534218841014,-76.52898595168624,0.0
2024-08-12 02:45:00,0.0,2051.534218841014,-73.8007679995479,0.0
2024-08-12 02:50:00,0.0,2051.534218841014,-71.36563265271141,0.0
2024-08-12 02:55:00,0.0,2051.534218841014,-69.25901240322983,0.0
2024-08-12 03:00:00,0.0,2051.534218841014,-67.51314835736692,0.0
2024-08-12 03:05:00,0.0,2051.534218841014,-66.15662319255982,0.0
2024-08-12 03:10:00,0.0,2051.534218841014,-65.21391476779071,0.0
2024-08-12 03:15:00,0.0,2051.534218841014,-64.70497439454408,0.0
2024-08-12 03:20:00,0.0,2051.534218841014,-64.64483361654385,0.0
2024-08-12 03:25:00,0.0,2051.534218841014,-65.0432431621673,0.0
2024-08-12 03:30:00,0.0,2051.534218841014,-65.90434750365512,0.0
2024-08-12 03:35:00,0.0,2051.534218841014,-67.22639826621722,0.0
2024-08-12 03:40:00,0.0,2051.534218841014,-69.00150930310144,0.0
2024-08-12 03:45:00,0.0,2051.534218841014,-71.21545621113701,0.0
2024-08-12 03:50:00,0.0,2051.534218841014,-73.84752246590405,0.0
2024-08-12 03:55:00,0.0,2051.534218841014,-76.87039421428729,0.0
2024-08-12 04:00:00,0.0,2051.534218841014,-80.25010530929096,0.0
2024-08-12 04:05:00,0.0,2051.534218841014,-83.94603384859074,0.0
2024-08-12 04:10:00,0.0,2051.534218841014,-87.91095101943307,0.0
2024-08-12 04:15:00,0.0,2051.534218841014,-92.09112279028616,0.0
2024-08-12 04:20:00,0.0,2051.534218841014,-96.42646446562857,0.0
2024-08-12 04:25:00,0.0,2051.534218841014,-100.85074770300623,0.0
2024-08-12 04:30:00,0.0,2051.534218841014,-105.2918594642934,0.0
2024-08-12 04:35:00,0.0,2051.534218841014,-109.6721114343778,0.0
2024-08-12 04:40:00,0.0,2051.534218841014,-113.90859873618406,0.0
2024-08-12 04:45:00,0.0,2051.534218841014,-117.91360570476974,0.0
2024-08-12 04:50:00,0.0,2051.534218841014,-121.59505664909624,0.0
2024-08-12 04:55:00,0.0,2051.534218841014,-124.85700884312101,0.0
2024-08-12 05:00:00,0.0,2051.534218841014,-127.60018482926812,0.0
2024-08-12 05:05:00,0.0,2051.534218841014,-129.7225406173453,0.0
2024-08-12 05:10:00,0.0,2051.534218841014,-131.11986631309674,0.0
2024-08-12 05:15:00,0.0,2051.534218841014,-131.68641521312557,0.0
2024-08-12 05:20:00,0.0,2051.534218841014,-131.31555721303766,0.0
2024-08-12 05:25:00,0.0,2051.534218841014,-129.90045234199187,0.0
2024-08-12 05:30:00,0.0,2051.534218841014,-127.33473966232994,0.0
2024-08-12 05:35:00,0.0,2051.534218841014,-123.51323710928921,0.0
2024-08-12 05:40:00,0.0,2051.534218841014,-118.33264729159609,0.0
2024-08-12 05:45:00,0.0,2051.534218841014,-111.69226443300167,0.0
2024-08-12 05:50:00,0.0,2051.534218841014,-103.49467757593057,0.0
2024-08-12 05:55:00,0.0,2051.534218841014,-93.64646500467663,0.0
2024-08-12 06:00:00,0.0,2051.534218841014,-82.05887504154059,12.104449861527224
2024-08-12 06:05:00,0.0,2051.534218841014,-68.64848833431029,12.104449861527224
2024-08-12 06:10:00,0.0,2051.534218841014,-53.33785681594134,12.104449861527224
2024-08-12 06:15:00,0.0,2051.534218841014,-36.05611482747616,12.581616533360556
2024-08-12 06:20:00,0.0,2051.534218841014,-16.73955777980016,12.581616533360556
2024-08-12 06:25:00,0.0,2051.534218841014,4.667815807446885,12.581616533360556
2024-08-12 06:30:00,62.0,2051.534218841014,28.21380311579227,13.078394309443892
2024-08-12 06:35:00,85.30000305,2051.534218841014,53.937540064796,19.24041104204389
2024-08-12 06:40:00,100.6999969,2051.534218841014,81.86909260632088,19.24041104204389
2024-08-12 06:45:00,117.5999985,2051.534218841014,112.0290991626438,19.24041104204389
2024-08-12 06:50:00,129.8999939,2051.534218841014,144.42846692549918,18.499888914443886
2024-08-12 06:55:00,124.8666687,2051.534218841014,179.0681248550288,18.499888914443886
2024-08-12 07:00:00,167.6999969,2051.534218841014,215.9388351943336,406.1881712999293
2024-08-12 07:05:00,188.8999939,2051.534218841014,255.02106529295054,406.1881712999293
2024-08-12 07:10:00,179.133316,2051.534218841014,296.28492113299956,406.1881712999293
2024-08-12 07:15:00,218.1000061,2051.534218841014,339.69014320799437,405.59058412658015
2024-08-12 07:20:00,251.8000031,2051.534218841014,385.186165428762,405.59058412658015
2024-08-12 07:25:00,319.3999939,2051.534218841014,432.7122368258026,408.13547595906596
2024-08-12 07:30:00,366.7000122,2051.534218841014,482.1976059366745,412.7077624227199
2024-08-12 07:35:00,447.2999878,2051.534218841014,533.5617666846923,412.7077624227199
2024-08-12 07:40:00,500.3999939,2051.534218841014,586.7147648194302,408.57067258641035
2024-08-12 07:45:00,477.4666443,2051.534218841014,641.557562647429,408.57067258641035
2024-08-12 07:50:00,546.9000244,2051.534218841014,697.9824606423864,405.51533916496595
2024-08-12 07:55:00,511.4333496,2051.534218841014,755.8735728190134,405.51533916496595
2024-08-12 08:00:00,514.4000244,2051.534218841014,815.1073536303719,895.3060324461595
2024-08-12 08:05:00,487.7666931,2051.534218841014,875.5531719925253,895.3060324461595
2024-08-12 08:10:00,476.9333496,2051.534218841014,937.0739302802808,896.8365433647817
2024-08-12 08:15:00,874.7999878,2051.534218841014,999.5267235535265,857.9945601907407
2024-08-12 08:20:00,1062.5,2051.534218841014,1062.7635346253833,868.5903165842659
2024-08-12 08:25:00,962.5667114,2051.534218841014,1126.6319613124108,927.7072693841761
2024-08-12 08:30:00,1000.366699,2051.534218841014,1190.9759705717895,944.0849356564937
2024-08-12 08:35:00,1416.800049,2051.534218841014,1255.6366748822793,975.0693936353864
2024-08-12 08:40:00,1309.25,2051.534218841014,1320.45312603874,985.5949789925642
2024-08-12 08:45:00,1273.400024,2051.534218841014,1385.263120791258,986.0930902281198
2024-08-12 08:50:00,1201.699951,2051.534218841014,1449.9040135679074,986.0930902281198
2024-08-12 08:55:00,989.7999268,2051.534218841014,1514.2135306691432,981.2128880083359
2024-08-12 09:00:00,1192.5,2051.534218841014,1578.0305810208606,1143.5140629403288
2024-08-12 09:05:00,1682.199951,2051.534218841014,1641.1960578942305,1133.468762635408
2024-08-12 09:10:00,1663.649902,2051.534218841014,1703.5536265458588,1140.6267332674438
2024-08-12 09:15:00,1657.433228,2051.534218841014,1764.950492924135,1140.6267332674438
2024-08-12 09:20:00,1573.800171,2051.534218841014,1825.2381478493494,1143.299603481555
2024-08-12 09:25:00,1443.666626,2051.534218841014,1884.273082672881,1143.299603481555
2024-08-12 09:30:00,1254.366699,2051.534218841014,1941.9174716966272,1390.5381318152538
2024-08-12 09:35:00,1891.599976,2051.534218841014,1998.0398160329178,1390.5381318152538
2024-08-12 09:40:00,1885.349854,2051.534218841014,2052.5155464938757,1497.1277512749687
2024-08-12 09:45:00,1854.333374,2051.534218841014,2105.227580556243,1495.0334485671908
2024-08-12 09:50:00,1770.833374,2051.534218841014,2156.0668301213436,1506.6147063771277
2024-08-12 09:55:00,1727.233398,2051.534218841014,2204.9326574660063,1506.6147063771277
2024-08-12 10:00:00,1975.800049,2051.534218841014,2251.733276188259,1964.7989886212024
2024-08-12 10:05:00,1878.333374,2051.534218841014,2296.3860949863824,1964.7989886212024
2024-08-12 10:10:00,1959.633423,2051.534218841014,2338.8180024480766,1972.8490088763344
2024-08-12 10:15:00,1912.766602,2051.534218841014,2378.9655910435667,1974.022416180612
2024-08-12 10:20:00,1913.699951,2051.534218841014,2416.7753195493256,1963.0122566386879
2024-08-12 10:25:00,1670.949951,2051.534218841014,2452.2036130001347,1959.9186647897986
2024-08-12 10:30:00,1367.133423,2051.534218841014,2485.2169001920097,1960.9304515589656
2024-08-12 10:35:00,1348.43335,2051.534218841014,2515.7915887494632,1949.5334053467675
2024-08-12 10:40:00,1269.300049,2051.534218841014,2543.913978486144,1950.633718528604
2024-08-12 10:45:00,1479.900024,2051.534218841014,2569.5801142500018,1956.9580343600717
2024-08-12 10:50:00,1929.699951,2051.534218841014,2592.795579473712,1951.9985560402572
2024-08-12 10:55:00,2060.199951,2051.534218841014,2613.57523269698,1955.0722837270253
2024-08-12 11:00:00,1994.966675,2051.534218841014,2631.9428892329024,2046.793353135805
2024-08-12 11:05:00,2033.766602,2051.534218841014,2647.930950386325,2046.793353135805
2024-08-12 11:10:00,2029.599976,2051.534218841014,2661.579983765608,2046.5265377023975
2024-08-12 11:15:00,2047.166626,2051.534218841014,2672.938257713492,2046.5265377023975
2024-08-12 11:20:00,1939.033203,2051.534218841014,2682.0612335116357,2046.5265377023975
2024-08-12 11:25:00,1884.699951,2051.534218841014,2689.011019582662,2046.0924315303992
2024-08-12 11:30:00,1596.750244,2051.534218841014,2693.85579157007,2049.2812377689525
2024-08-12 11:35:00,2015.300049,2051.534218841014,2696.6691829924443,2049.2812377689525
2024-08-12 11:40:00,2024.150024,2051.534218841014,2697.5296508503566,2049.2812377689525
2024-08-12 11:45:00,2029.566772,2051.534218841014,2696.5198210932617,2051.4160153161965
2024-08-12 11:50:00,2042.566772,2051.534218841014,2693.7258187380144,2051.4160153161965
2024-08-12 11:55:00,2050.466797,2051.534218841014,2689.2365876219083,2051.5442580168956
2024-08-12 12:00:00,2047.666626,2051.534218841014,2683.1432047476724,2053.426405300775
2024-08-12 12:05:00,2040.233398,2051.534218841014,2675.5381942331205,2053.352455622076
2024-08-12 12:10:00,2032.266602,2051.534218841014,2666.5148458360545,2051.236233621711
2024-08-12 12:15:00,2041.433228,2051.534218841014,2656.16654288991,2051.4017757180445
2024-08-12 12:20:00,2050.93335,2051.534218841014,2644.5861046060404,2050.997992485203
2024-08-12 12:25:00,2059.06665,2051.534218841014,2631.8651471275252,2050.549697846462
2024-08-12 12:30:00,2013.966797,2051.534218841014,2618.0934680565097,2049.2637012738937
2024-08-12 12:35:00,1927.166626,2051.534218841014,2603.358458689926,2045.2271706067922
2024-08-12 12:40:00,1847.766602,2051.534218841014,2587.7445478601735,2050.9022666935707
2024-08-12 12:45:00,1790.866699,2051.534218841014,2571.3326813375907,2052.2899668425584
2024-08-12 12:50:00,1796.933228,2051.534218841014,2554.1998401260366,2051.5458377438226
2024-08-12 12:55:00,2052.699951,2051.534218841014,2536.4186010362005,2013.2051672384162
2024-08-12 13:00:00,1949.099976,2051.534218841014,2518.0567421145965,2019.2189595883654
2024-08-12 13:05:00,1999.666626,2051.534218841014,2499.1768956037636,2037.0574196848133
2024-08-12 13:10:00,1964.966675,2051.534218841014,2479.8362503945323,2060.514834969263
2024-08-12 13:15:00,1954.633423,2051.534218841014,2460.086305866202,2060.6750170025234
2024-08-12 13:20:00,1944.866577,2051.534218841014,2439.972678196263,2059.92663853579
2024-08-12 13:25:00,1916.0,2051.534218841014,2419.5349602981105,2037.9015018361767
2024-08-12 13:30:00,1857.099976,2051.534218841014,2398.806635644132,2013.8206330406185
2024-08-12 13:35:00,1712.333374,2051.534218841014,2377.8150462317276,1997.0921408349966
2024-08-12 13:40:00,1637.5,2051.534218841014,2356.5814143023636,2056.2076561253502
2024-08-12 13:45:00,1428.849976,2051.534218841014,2335.1209169941617,2051.529054908101
2024-08-12 13:50:00,1611.699951,2051.534218841014,2313.442813016641,2043.6215732022747
2024-08-12 13:55:00,2053.300049,2051.534218841014,2291.5506195410353,2019.0525699949287
2024-08-12 14:00:00,1832.5,2051.534218841014,2269.4423374585576,1830.4250124118016
2024-08-12 14:05:00,1937.533325,2051.534218841014,2247.1107230603034,1909.0307157395823
2024-08-12 14:10:00,2052.399902,2051.534218841014,2224.5436029889183,1940.9592261124603
2024-08-12 14:15:00,1983.666626,2051.534218841014,2201.724229956893,1995.5086788708147
2024-08-12 14:20:00,2021.700073,2051.534218841014,2178.631675744982,2010.3908971782464
2024-08-12 14:25:00,2018.233398,2051.534218841014,2155.2412582331485,2033.2214422497616
2024-08-12 14:30:00,2040.633301,2051.534218841014,2131.524998412155,2027.7073154772384
2024-08-12 14:35:00,2044.833374,2051.534218841014,2107.4521036440683,2023.319957280251
2024-08-12 14:40:00,2049.800049,2051.534218841014,2082.989472971942,1851.737270751699
2024-08-12 14:45:00,2056.266602,2051.534218841014,2058.102219995186,1614.528361155648
2024-08-12 14:50:00,2059.033203,2051.534218841014,2032.7542094270498,2004.1903678353892
2024-08-12 14:55:00,2058.833252,2051.534218841014,2006.9086020461884,1485.8231752926274
2024-08-12 15:00:00,2057.300049,2051.534218841014,1980.5284042966002,1925.929013508866
2024-08-12 15:05:00,2032.266602,2051.534218841014,1953.5770174022734,1880.3909506156904
2024-08-12 15:10:00,1995.033325,2051.534218841014,1926.0187817905485,1980.9142666382265
2024-08-12 15:15:00,1937.666626,2051.534218841014,1897.819512136971,1970.0056977959175
2024-08-12 15:20:00,1894.466675,2051.534218841014,1868.9470189258477,1979.7481945520158
2024-08-12 15:25:00,1852.233276,2051.534218841014,1839.3716119635753,1993.3744079283597
2024-08-12 15:30:00,1822.233398,2051.534218841014,1809.0665817414322,1976.9068069622515
2024-08-12 15:35:00,1800.700073,2051.534218841014,1778.008655298089,1935.0684758119064
2024-08-12 15:40:00,1784.566772,2051.534218841014,1746.178421957761,1864.469505838
2024-08-12 15:45:00,1766.5,2051.534218841014,1713.5607263450618,1854.6750187546438
2024-08-12 15:50:00,1735.666626,2051.534218841014,1680.1450248450456,1747.2829028935143
2024-08-12 15:55:00,1693.366699,2051.534218841014,1645.9257032688995,1743.4124413007048
2024-08-12 16:00:00,1631.033325,2051.534218841014,1610.902352515172,555.969622872207
2024-08-12 16:05:00,1529.400024,2051.534218841014,1575.0800004356045,537.1083329744608
2024-08-12 16:10:00,1399.833374,2051.534218841014,1538.4692979024626,506.49811133241434
2024-08-12 16:15:00,1274.766724,2051.534218841014,1501.086657318407,989.5439891246745
2024-08-12 16:20:00,1190.100098,2051.534218841014,1462.954343151828,949.1489024458693
2024-08-12 16:25:00,1161.900024,2051.534218841014,1424.1005126408147,1459.6622387992466
2024-08-12 16:30:00,1313.0,2051.534218841014,1384.5592074865099,1430.1912763187763
2024-08-12 16:35:00,1414.099976,2051.534218841014,1344.3702955425429,1424.486193747147
2024-08-12 16:40:00,1371.800171,2051.534218841014,1303.5793636926046,1384.2498437298054
2024-08-12 16:45:00,1400.433228,2051.534218841014,1262.2375621919098,1354.636938692939
2024-08-12 16:50:00,1367.433472,2051.534218841014,1220.401401898704,1220.7641203387225
2024-08-12 16:55:00,1322.533325,2051.534218841014,1178.1325061166358,1205.6422473067714
2024-08-12 17:00:00,1202.666626,2051.534218841014,1135.497318242828,413.8787684196257
2024-08-12 17:05:00,1159.666626,2051.534218841014,1092.566768626393,511.2768876357697
2024-08-12 17:10:00,1115.133301,2051.534218841014,1049.4159019768967,469.5994712812145
2024-08-12 17:15:00,1134.366699,2051.534218841014,1006.1234690499933,484.7993750327094
2024-08-12 17:20:00,1079.93335,2051.534218841014,962.7714852340175,548.8914677635017
2024-08-12 17:25:00,1028.0,2051.534218841014,919.4447600173324,511.2630920702959
2024-08-12 17:30:00,984.5333862,2051.534218841014,876.2304001904603,497.7517296182729
2024-08-12 17:35:00,958.1000366,2051.534218841014,833.2172913082568,484.7569907304054
2024-08-12 17:40:00,935.5666504,2051.534218841014,790.4955609885445,525.3242857587525
2024-08-12 17:45:00,898.8666992,2051.534218841014,748.1560281337116,519.0516550250858
2024-08-12 17:50:00,849.6333008,2051.534218841014,706.289642973591,550.902186489061
2024-08-12 17:55:00,794.7000122,2051.534218841014,664.9869210592899,541.6837292791603
2024-08-12 18:00:00,753.1333008,2051.534218841014,624.3373767488843,219.28424059030485
2024-08-12 18:05:00,684.7666626,2051.534218841014,584.4289596602982,218.6071629914915
2024-08-12 18:10:00,661.25,2051.534218841014,545.3474988646576,219.5054488410629
2024-08-12 18:15:00,480.6000366,2051.534218841014,507.1761589297998,223.865315627789
2024-08-12 18:20:00,294.7999878,2051.534218841014,469.9949118469658,223.84240218692875
2024-08-12 18:25:00,194.2000275,2051.534218841014,433.88002927994006,202.96550734743477
2024-08-12 18:30:00,145.4333344,2051.534218841014,398.9035982298352,219.4922568115525
2024-08-12 18:35:00,124.7333374,2051.534218841014,365.1330648691389,206.51561693733552
2024-08-12 18:40:00,113.3333359,2051.534218841014,332.6308088994987,271.8738611692753
2024-08-12 18:45:00,99.83333588,2051.534218841014,301.453752401675,265.0060144379157
2024-08-12 18:50:00,91.83333588,2051.534218841014,271.653005848058,269.12532693497275
2024-08-12 18:55:00,85.03333282,2051.534218841014,243.27355386629014,267.43709550073936
2024-08-12 19:00:00,76.26667023,2051.534218841014,216.35398339989013,41.74238698880434
2024-08-12 19:05:00,72.80000305,2051.534218841014,190.92625588130804,42.25196371117101
2024-08-12 19:10:00,62.30000305,2051.534218841014,167.0155254254109,39.521157128831874
2024-08-12 19:15:00,53.74999619,2051.534218841014,144.64000406040495,38.41339629725663
2024-08-12 19:20:00,45.55000305,2051.534218841014,123.81087543908939,37.24770816617314
2024-08-12 19:25:00,36.90000153,2051.534218841014,104.53225690582944,30.96042582923171
2024-08-12 19:30:00,28.30000305,2051.534218841014,86.80121082194393,36.78515154810669
2024-08-12 19:35:00,20.59999847,2051.534218841014,70.60780448151044,37.5759719555476
2024-08-12 19:40:00,14.09999943,2051.534218841014,55.93521832822317,31.828972287782896
2024-08-12 19:45:00,12.59999943,2051.534218841014,42.75990148249243,36.52130827160916
2024-08-12 19:50:00,0.0,2051.534218841014,31.051773250280945,33.21078072151564
2024-08-12 19:55:00,0.0,2051.534218841014,20.774469141607995,34.86757852038249
2024-08-12 20:00:00,0.0,2051.534218841014,11.88562917015671,0.4698108484365079
2024-08-12 20:05:00,0.0,2051.534218841014,4.337226451479906,0.0
2024-08-12 20:10:00,0.0,2051.534218841014,-1.924066774173652,0.0
2024-08-12 20:15:00,0.0,2051.534218841014,-6.956478395182657,0.0
2024-08-12 20:20:00,0.0,2051.534218841014,-10.822704158290158,0.0
2024-08-12 20:25:00,0.0,2051.534218841014,-13.589447270379072,0.0
2024-08-12 20:30:00,0.0,2051.534218841014,-15.326933378707404,0.0
2024-08-12 20:35:00,0.0,2051.534218841014,-16.108404786558978,0.0
2024-08-12 20:40:00,0.0,2051.534218841014,-16.009597749953542,0.0
2024-08-12 20:45:00,0.0,2051.534218841014,-15.108206928514184,0.0
2024-08-12 20:50:00,0.0,2051.534218841014,-13.483341031210571,0.0
2024-08-12 20:55:00,0.0,2051.534218841014,-11.214973987112186,0.0
2024-08-12 21:00:00,0.0,2051.534218841014,-8.383395659417776,0.11961111122222223
2024-08-12 21:05:00,0.0,2051.534218841014,-5.068666411016391,0.1541888890888889
2024-08-12 21:10:00,0.0,2051.534218841014,-1.3500796183117565,0.21078148175555556
2024-08-12 21:15:00,0.0,2051.534218841014,2.6943637889287135,0.0
2024-08-12 21:20:00,0.0,2051.534218841014,6.988464812249606,0.0
2024-08-12 21:25:00,0.0,2051.534218841014,11.458316044159611,0.0
2024-08-12 21:30:00,0.0,2051.534218841014,16.03276790199099,0.0
2024-08-12 21:35:00,0.0,2051.534218841014,20.643867927849673,0.0
2024-08-12 21:40:00,0.0,2051.534218841014,25.22726991487123,0.0
2024-08-12 21:45:00,0.0,2051.534218841014,29.72260999932043,0.0
2024-08-12 21:50:00,0.0,2051.534218841014,34.0738467904347,0.0
2024-08-12 21:55:00,0.0,2051.534218841014,38.22956337741872,0.0
2024-08-12 22:00:00,0.0,2051.534218841014,42.14322886126116,0.0
2024-08-12 22:05:00,0.0,2051.534218841014,45.773417831772015,0.0
2024-08-12 22:10:00,0.0,2051.534218841014,49.08398623917698,0.0
2024-08-12 22:15:00,0.0,2051.534218841014,52.04420264149991,0.0
2024-08-12 22:20:00,0.0,2051.534218841014,54.62883404051857,0.0
2024-08-12 22:25:00,0.0,2051.534218841014,56.818186031416666,0.0
2024-08-12 22:30:00,0.0,2051.534218841014,58.5980972304017,0.0
2024-08-12 22:35:00,0.0,2051.534218841014,59.959888358489636,0.0
2024-08-12 22:40:00,0.0,2051.534218841014,60.90026676234907,0.0
2024-08-12 22:45:00,0.0,2051.534218841014,61.421187456762,0.0
2024-08-12 22:50:00,0.0,2051.534218841014,61.5296721361131,0.0
2024-08-12 22:55:00,0.0,2051.534218841014,61.23758796928044,0.0
2024-08-12 23:00:00,0.0,2051.534218841014,60.56138827889092,0.0
2024-08-12 23:05:00,0.0,2051.534218841014,59.52181752492983,0.0
2024-08-12 23:10:00,0.0,2051.534218841014,58.14358331005742,0.0
2024-08-12 23:15:00,0.0,2051.534218841014,56.454998371379645,0.0
2024-08-12 23:20:00,0.0,2051.534218841014,54.48759577271807,0.0
2024-08-12 23:25:00,0.0,2051.534218841014,52.275720700386145,0.0
2024-08-12 23:30:00,0.0,2051.534218841014,49.856102571961024,0.0
2024-08-12 23:35:00,0.0,2051.534218841014,47.267411036029024,0.0
2024-08-12 23:40:00,0.0,2051.534218841014,44.54980003019246,0.0
2024-08-12 23:45:00,0.0,2051.534218841014,41.74444359362082,0.0
2024-08-12 23:50:00,0.0,2051.534218841014,38.89306778459882,0.0
2024-08-12 23:55:00,0.0,2051.534218841014,36.037482565789404,0.0
2024-08-13 00:00:00,0.0,2051.534218841014,33.21911787304869,0.0
2024-08-13 00:05:00,0.0,2051.534218841014,30.478567882963777,0.0
2024-08-13 00:10:00,0.0,2051.534218841014,27.855147468934536,0.0
2024-08-13 00:15:00,0.0,2051.534218841014,25.38646473880669,0.0
2024-08-13 00:20:00,0.0,2051.534218841014,23.10801340304877,0.0
2024-08-13 00:25:00,0.0,2051.534218841014,21.052788582508462,0.0
2024-08-13 00:30:00,0.0,2051.534218841014,19.25092941967828,0.0
2024-08-13 00:35:00,0.0,2051.534218841014,17.729391766520127,0.0
2024-08-13 00:40:00,0.0,2051.534218841014,16.511653765762524,0.0
2024-08-13 00:45:00,0.0,2051.534218841014,15.617457092962594,0.0
2024-08-13 00:50:00,0.0,2051.534218841014,15.062586192279593,0.0
2024-08-13 00:55:00,0.0,2051.534218841014,14.858687587936918,0.0
2024-08-13 01:00:00,0.0,2051.534218841014,15.013130987898862,0.0
2024-08-13 01:05:00,0.0,2051.534218841014,15.528913598014052,0.0
2024-08-13 01:10:00,0.0,2051.534218841014,16.40460866349952,0.0
2024-08-13 01:15:00,0.0,2051.534218841014,17.63435890760875,0.0
2024-08-13 01:20:00,0.0,2051.534218841014,19.20791517971398,0.0
2024-08-13 01:25:00,0.0,2051.534218841014,21.110720206572562,0.0
2024-08-13 01:30:00,0.0,2051.534218841014,23.324037023923452,0.0
2024-08-13 01:35:00,0.0,2051.534218841014,25.825121208161764,0.0
2024-08-13 01:40:00,0.0,2051.534218841014,28.587435759050962,0.0
2024-08-13 01:45:00,0.0,2051.534218841014,31.580907031956105,0.0
2024-08-13 01:50:00,0.0,2051.534218841014,34.77221981624249,0.0
2024-08-13 01:55:00,0.0,2051.534218841014,38.12514932223457,0.0
2024-08-13 02:00:00,0.0,2051.534218841014,41.6009274609872,0.0
2024-08-13 02:05:00,0.0,2051.534218841014,45.15864061082943,0.0
2024-08-13 02:10:00,0.0,2051.534218841014,48.75565564434649,0.0
2024-08-13 02:15:00,0.0,2051.534218841014,52.34807086301126,0.0
2024-08-13 02:20:00,0.0,2051.534218841014,55.89118816774929,0.0
2024-08-13 02:25:00,0.0,2051.534218841014,59.340002630331995,0.0
2024-08-13 02:30:00,0.0,2051.534218841014,62.6497054629322,0.0
2024-08-13 02:35:00,0.0,2051.534218841014,65.77619619022742,0.0
2024-08-13 02:40:00,0.0,2051.534218841014,68.67659980094538,0.0
2024-08-13 02:45:00,0.0,2051.534218841014,71.30978452484425,0.0
2024-08-13 02:50:00,0.0,2051.534218841014,73.63687578247831,0.0
2024-08-13 02:55:00,0.0,2051.534218841014,75.6217620355548,0.0
2024-08-13 03:00:00,0.0,2051.534218841014,77.23158803262713,0.0
2024-08-13 03:05:00,0.0,2051.534218841014,78.43723123256223,0.0
2024-08-13 03:10:00,0.0,2051.534218841014,79.21375715043985,0.0
2024-08-13 03:15:00,0.0,2051.534218841014,79.54084953871565,0.0
2024-08-13 03:20:00,0.0,2051.534218841014,79.40321148611577,0.0
2024-08-13 03:25:00,0.0,2051.534218841014,78.79093368987253,0.0
2024-08-13 03:30:00,0.0,2051.534218841014,77.69982639352237,0.0
2024-08-13 03:35:00,0.0,2051.534218841014,76.1317117245204,0.0
2024-08-13 03:40:00,0.0,2051.534218841014,74.09467348870986,0.0
2024-08-13 03:45:00,0.0,2051.534218841014,71.60326161183815,0.0
2024-08-13 03:50:00,0.0,2051.534218841014,68.67864911723234,0.0
2024-08-13 03:55:00,0.0,2051.534218841014,65.3487393201906,0.0
2024-08-13 04:00:00,0.0,2051.534218841014,61.64822191144713,0.0
2024-08-13 04:05:00,0.0,2051.534218841014,57.61857641250924,0.0
2024-08-13 04:10:00,0.0,2051.534218841014,53.30802229863896,0.0
2024-08-13 04:15:00,0.0,2051.534218841014,48.771415188113345,0.0
2024-08-13 04:20:00,0.0,2051.534218841014,44.070089199964826,0.0
2024-08-13 04:25:00,0.0,2051.534218841014,39.27164563105515,0.0
2024-08-13 04:30:00,0.0,2051.534218841014,34.449688848790345,0.0
2024-08-13 04:35:00,0.0,2051.534218841014,29.68351052609023,0.0
2024-08-13 04:40:00,0.0,2051.534218841014,25.057723711491548,0.0
2024-08-13 04:45:00,0.0,2051.534218841014,20.661848884649753,0.0
2024-08-13 04:50:00,0.0,2051.534218841014,16.589854021593947,0.0
2024-08-13 04:55:00,0.0,2051.534218841014,12.939651739072985,0.0
2024-08-13 05:00:00,0.0,2051.534218841014,9.81255623117939,0.0
2024-08-13 05:05:00,0.0,2051.534218841014,7.3127036090801605,0.0
2024-08-13 05:10:00,0.0,2051.534218841014,5.546439209762666,0.0
2024-08-13 05:15:00,0.0,2051.534218841014,4.6216758410342305,0.0
2024-08-13 05:20:00,0.0,2051.534218841014,4.64722719609701,0.0
2024-08-13 05:25:00,0.0,2051.534218841014,5.732120837799802,0.0
2024-08-13 05:30:00,0.0,2051.534218841014,7.9848954107731975,0.0
2024-08-13 05:35:00,0.0,2051.534218841014,11.512886742186483,0.0
2024-08-13 05:40:00,0.0,2051.534218841014,16.421507916309004,0.0
2024-08-13 05:45:00,0.0,2051.534218841014,22.813528092929236,0.0
2024-08-13 05:50:00,0.0,2051.534218841014,30.78835522825806,0.0
2024-08-13 05:55:00,0.0,2051.534218841014,40.441327714188326,0.0
2024-08-13 06:00:00,0.0,2051.534218841014,51.863019933686424,18.496424627104126
2024-08-13 06:05:00,0.0,2051.534218841014,65.13856674349272,18.496424627104126
2024-08-13 06:10:00,0.0,2051.534218841014,80.34701164135582,18.496424627104126
2024-08-13 06:15:00,0.0,2051.534218841014,97.56068348743231,18.244869069893017
2024-08-13 06:20:00,0.0,2051.534218841014,116.84460622724399,18.244869069893017
2024-08-13 06:25:00,0.0,2051.534218841014,138.25594608519745,18.244869069893017
2024-08-13 06:30:00,0.0,2051.534218841014,161.84350021246692,18.187535721193015
2024-08-13 06:35:00,0.0,2051.534218841014,187.6472308129359,18.187535721193015
2024-08-13 06:40:00,0.0,2051.534218841014,215.6978481460118,18.187535721193015
2024-08-13 06:45:00,70.40000153,2051.534218841014,246.01644584388285,22.35265738172947
2024-08-13 06:50:00,85.90000153,2051.534218841014,278.6141912834689,22.35265738172947
2024-08-13 06:55:00,104.5999985,2051.534218841014,313.4920735876941,22.35265738172947
2024-08-13 07:00:00,121.6999969,2051.534218841014,350.6407115411084,538.8860909753893
2024-08-13 07:05:00,145.3999939,2051.534218841014,390.04022279320753,538.8860909753893
2024-08-13 07:10:00,203.5,2051.534218841014,431.66015608283317,538.8860909753893
2024-08-13 07:15:00,257.2999878,2051.534218841014,475.4594873594761,538.8860909753893
2024-08-13 07:20:00,303.6000061,2051.534218841014,521.3866795688388,538.8860909753893
2024-08-13 07:25:00,351.0,2051.534218841014,569.3798071664129,538.8860909753893
2024-08-13 07:30:00,406.6000061,2051.534218841014,619.3667440900165,538.8860909753893
2024-08-13 07:35:00,453.2999878,2051.534218841014,671.2654148376943,538.8860909753893
2024-08-13 07:40:00,510.0,2051.534218841014,724.9841067628074,538.8860909753893
2024-08-13 07:45:00,564.4000244,2051.534218841014,780.421842530029,538.8860909753893
2024-08-13 07:50:00,616.5,2051.534218841014,837.4688100619328,538.8860909753893
2024-08-13 07:55:00,672.7999878,2051.534218841014,896.006847522308,538.8860909753893
2024-08-13 08:00:00,726.7999878,2051.534218841014,955.9099808566311,752.0813677544107
2024-08-13 08:05:00,777.4000244,2051.534218841014,1017.0450092710126,752.0813677544107
2024-08-13 08:10:00,837.9000244,2051.534218841014,1079.2721369482388,752.0813677544107
2024-08-13 08:15:00,897.5999756,2051.534218841014,1142.4456450660311,760.9437626562726
2024-08-13 08:20:00,876.7999878,2051.534218841014,1206.4146012641515,760.9437626562726
2024-08-13 08:25:00,914.166687,2051.534218841014,1271.02360123646,762.639499716806
2024-08-13 08:30:00,1093.5,2051.534218841014,1336.1135382267544,775.0500569851858
2024-08-13 08:35:00,1041.766724,2051.534218841014,1401.5223947583163,782.0960901341638
2024-08-13 08:40:00,1107.400024,2051.534218841014,1467.0860522976182,825.342813883864
2024-08-13 08:45:00,1143.000122,2051.534218841014,1532.6391134947373,856.9571831557274
2024-08-13 08:50:00,1200.033325,2051.534218841014,1598.0157305484584,853.6657050262561
2024-08-13 08:55:00,1240.333374,2051.534218841014,1663.0504362316697,921.3914453667346
2024-08-13 09:00:00,1402.400024,2051.534218841014,1727.5789705455281,1070.6166771222508
2024-08-13 09:05:00,1346.133423,2051.534218841014,1791.4390987603529,1095.1311880986627
2024-08-13 09:10:00,1408.599976,2051.534218841014,1854.4714145579624,1095.1311880986627
2024-08-13 09:15:00,1428.066772,2051.534218841014,1916.520124113016,1146.4213648046614
2024-08-13 09:20:00,1474.0,2051.534218841014,1977.4338053611978,1148.7825040117514
2024-08-13 09:25:00,1505.733398,2051.534218841014,2037.066137775749,1148.7825040117514
2024-08-13 09:30:00,1562.799927,2051.534218841014,2095.276598444728,1163.4299495351163
2024-08-13 09:35:00,1614.900024,2051.534218841014,2151.9311187643166,1248.0946102653502
2024-08-13 09:40:00,1665.900024,2051.534218841014,2206.9026994840074,1248.0946102653502
2024-08-13 09:45:00,1703.400024,2051.534218841014,2260.071978433793,1415.7746723426867
2024-08-13 09:50:00,1745.433228,2051.534218841014,2311.327748757533,1416.798297026782
2024-08-13 09:55:00,1785.900024,2051.534218841014,2360.5674237088197,1416.798297026782
2024-08-13 10:00:00,1822.033325,2051.534218841014,2407.697445606318,1681.4159192061109
2024-08-13 10:05:00,1857.366699,2051.534218841014,2452.6336365409365,1681.4159192061109
2024-08-13 10:10:00,1893.200073,2051.534218841014,2495.3014884810304,1688.2892312445265
2024-08-13 10:15:00,1933.033325,2051.534218841014,2535.6363921117922,1688.2892312445265
2024-08-13 10:20:00,1967.733398,2051.534218841014,2573.5838020107294,1669.0919348302566
2024-08-13 10:25:00,1998.299927,2051.534218841014,2609.0993388232096,1647.565861058009
2024-08-13 10:30:00,2022.566772,2051.534218841014,2642.148827295374,1644.683916438403
2024-08-13 10:35:00,2041.900024,2051.534218841014,2672.7082708663474,1637.7928696172876
2024-08-13 10:40:00,2052.199951,2051.534218841014,2700.7637631211246,1635.0356479339541
2024-08-13 10:45:00,2056.0,2051.534218841014,2726.311337622479,1756.0610472309988
2024-08-13 10:50:00,2056.199951,2051.534218841014,2749.356757366834,1885.4123668598043
2024-08-13 10:55:00,2057.900146,2051.534218841014,2769.915245866403,1906.236204828408
2024-08-13 11:00:00,2059.400146,2051.534218841014,2788.011162424582,2033.5195154354562
2024-08-13 11:05:00,2060.099854,2051.534218841014,2803.6776238508132,2033.9346487457735
2024-08-13 11:10:00,2059.133301,2051.534218841014,2816.956076369214,2033.9346487457735
2024-08-13 11:15:00,2057.666748,2051.534218841014,2827.8958205754557,2034.237794777137
2024-08-13 11:20:00,2058.0,2051.534218841014,2836.553493558467,2034.237794777137
2024-08-13 11:25:00,2060.0,2051.534218841014,2842.9925120422117,2034.237794777137
2024-08-13 11:30:00,2062.166748,2051.534218841014,2847.282480887304,2034.237794777137
2024-08-13 11:35:00,2062.466553,2051.534218841014,2849.498571489247,2034.237794777137
2024-08-13 11:40:00,2060.899902,2051.534218841014,2849.7208746479487,2034.237794777137
2024-08-13 11:45:00,2058.333252,2051.534218841014,2848.0337329698464,2034.237794777137
2024-08-13 11:50:00,2056.733398,2051.534218841014,2844.5250575290092,2034.237794777137
2024-08-13 11:55:00,2055.899902,2051.534218841014,2839.2856340088915,2034.047449306749
2024-08-13 12:00:00,1815.550049,2051.534218841014,2832.408423326927,2045.2748327894792
2024-08-13 12:05:00,1484.949951,2051.534218841014,2823.9878618700295,2045.2748327894792
2024-08-13 12:10:00,1138.349854,2051.534218841014,2814.1191663507534,2048.3368670470386
2024-08-13 12:15:00,798.5999146,2051.534218841014,2802.897648392932,2048.3368670470386
2024-08-13 12:20:00,728.2999878,2051.534218841014,2790.418043586069,2048.0786410662045
2024-08-13 12:25:00,691.9000854,2051.534218841014,2776.773859879147,2053.151023500976
2024-08-13 12:30:00,664.3666992,2051.534218841014,2762.056749748689,2051.5883595238297
2024-08-13 12:35:00,655.7000122,2051.534218841014,2746.355910752457,2053.3831341226974
2024-08-13 12:40:00,649.6333008,2051.534218841014,2729.757518220328,2053.22897857151
2024-08-13 12:45:00,2056.699951,2051.534218841014,2712.344194337368,2052.90192813871
2024-08-13 12:50:00,2057.299805,2051.534218841014,2694.19451685026,2056.2464335270224
2024-08-13 12:55:00,2057.666504,2051.534218841014,2675.382570822486,2054.052013459824
2024-08-13 13:00:00,2056.199951,2051.534218841014,2655.9775462781286,2003.8191434039595
2024-08-13 13:05:00,2055.0,2051.534218841014,2636.0433841807,2016.186080570195
2024-08-13 13:10:00,2052.800049,2051.534218841014,2615.6384731380354,2028.4661697564977
2024-08-13 13:15:00,2053.050049,2051.534218841014,2594.8153981401024,2011.6227619735605
2024-08-13 13:20:00,1672.350098,2051.534218841014,2573.62074326193,1955.3170652464994
2024-08-13 13:25:00,2060.199951,2051.534218841014,2552.0949486798067,1833.5120875828115
2024-08-13 13:30:00,2060.699707,2051.534218841014,2530.272222884259,1749.2835907321578
2024-08-13 13:35:00,2060.866455,2051.534218841014,2508.180510046243,1717.2967537572545
2024-08-13 13:40:00,2060.300049,2051.534218841014,2485.841512127873,1745.3204503448017
2024-08-13 13:45:00,2059.850098,2051.534218841014,2463.2707652183663,1728.7143798827447
2024-08-13 13:50:00,2058.100098,2051.534218841014,2440.4777686179377,1762.4249988031404
2024-08-13 13:55:00,1764.499878,2051.534218841014,2417.466165369628,1745.2020081127937
2024-08-13 14:00:00,1724.0,2051.534218841014,2394.2339720281957,1815.0782165848127
2024-08-13 14:05:00,1347.100098,2051.534218841014,2370.7738557844455,1869.1903232375855
2024-08-13 14:10:00,958.6500244,2051.534218841014,2347.0734557692617,1910.1588382163598
2024-08-13 14:15:00,2052.399902,2051.534218841014,2323.1157457845716,1845.422688226932
2024-08-13 14:20:00,1692.649902,2051.534218841014,2298.879435340583,1759.313285692311
2024-08-13 14:25:00,2007.649902,2051.534218841014,2274.339405062768,1696.6643034980839
2024-08-13 14:30:00,2010.199951,2051.534218841014,2249.467172930643,1685.9324811675976
2024-08-13 14:35:00,2006.266602,2051.534218841014,2224.231387106556,1661.9211448591107
2024-08-13 14:40:00,2038.799927,2051.534218841014,2198.5983414358657,1663.7996820200826
2024-08-13 14:45:00,2038.933228,2051.534218841014,2172.5325086827493,1662.7893968820044
2024-08-13 14:50:00,2057.033203,2051.534218841014,2145.9970877939895,1655.7245603954332
2024-08-13 14:55:00,2054.43335,2051.534218841014,2118.9545597805886,1637.2501622806203
2024-08-13 15:00:00,2053.733398,2051.534218841014,2091.3672481761846,1194.875280173577
2024-08-13 15:05:00,2056.300049,2051.534218841014,2063.197879155911,1141.990738730297
2024-08-13 15:10:00,2059.06665,2051.534218841014,2034.4101367147389,1089.8250728492474
2024-08-13 15:15:00,2061.133301,2051.534218841014,2004.9692085288218,1006.5555016436234
2024-08-13 15:20:00,2050.133301,2051.534218841014,1974.8423177168322,955.6771885290065
2024-08-13 15:25:00,2038.833374,2051.534218841014,1943.999236450396,923.2182951285952
2024-08-13 15:30:00,2030.433228,2051.534218841014,1912.4127768840426,919.9420059356489
2024-08-13 15:35:00,2040.833374,2051.534218841014,1880.059256029029,904.3629073950557
2024-08-13 15:40:00,2050.966797,2051.534218841014,1846.9189300296407,902.5431085143254
2024-08-13 15:45:00,2058.049805,2051.534218841014,1812.9763947964575,874.7845944996332
2024-08-13 15:50:00,2058.149902,2051.534218841014,1778.2209497942981,906.2422427826059
2024-08-13 15:55:00,2045.000122,2051.534218841014,1742.6469217838185,985.804461804701
2024-08-13 16:00:00,2001.633301,2051.534218841014,1706.253946016612,1215.2276318033942
2024-08-13 16:05:00,1929.666626,2051.534218841014,1669.0472026170396,1159.9635024506238
2024-08-13 16:10:00,1774.200073,2051.534218841014,1631.0376064239883,1085.9372038677034
2024-08-13 16:15:00,1703.85022,2051.534218841014,1592.2419481245065,1141.0541529009577
2024-08-13 16:20:00,1582.549927,2051.534218841014,1552.6829865474724,1154.8178765793432
2024-08-13 16:25:00,1348.733276,2051.534218841014,1512.3894902575198,1127.0214215391773
2024-08-13 16:30:00,1446.766602,2051.534218841014,1471.3962288224757,979.8285226267046
2024-08-13 16:35:00,1367.099976,2051.534218841014,1429.7439135217749,828.5270279699804
2024-08-13 16:40:00,1412.133423,2051.534218841014,1387.4790878158078,980.8354474981345
2024-08-13 16:45:00,1362.400024,2051.534218841014,1344.6539687488178,969.3208385819694
2024-08-13 16:50:00,1344.866577,2051.534218841014,1301.3262401013772,958.3468952090738
2024-08-13 16:55:00,1306.899902,2051.534218841014,1257.5587990662639,947.8135054645307
2024-08-13 17:00:00,1285.050049,2051.534218841014,1213.4194582075645,969.555462426634
2024-08-13 17:05:00,1120.800049,2051.534218841014,1168.9806056036439,999.7391116234445
2024-08-13 17:10:00,837.1500244,2051.534218841014,1124.318824838758,1047.4330590195802
2024-08-13 17:15:00,632.7000122,2051.534218841014,1079.5144783903463,880.7012757512915
2024-08-13 17:20:00,566.7999878,2051.534218841014,1034.6512577176964,868.2767691442536
2024-08-13 17:25:00,511.1666565,2051.534218841014,989.8157030034492,838.6513697465037
2024-08-13 17:30:00,459.7666931,2051.534218841014,945.0966966736615,814.7745162415414
2024-08-13 17:35:00,589.9000244,2051.534218841014,900.5849344548712,799.8069933698282
2024-08-13 17:40:00,496.0,2051.534218841014,856.3723778966876,779.7531990756684
2024-08-13 17:45:00,509.2666321,2051.534218841014,812.5516929179025,749.8319367941091
2024-08-13 17:50:00,450.1333313,2051.534218841014,769.2156782928173,685.860879443784
2024-08-13 17:55:00,417.1999817,2051.534218841014,726.4566888085941,698.2992334047234
2024-08-13 18:00:00,389.9999695,2051.534218841014,684.3660571822185,176.2086329812338
2024-08-13 18:05:00,323.6000061,2051.534218841014,643.0335194831993,180.10267802694864
2024-08-13 18:10:00,388.1000061,2051.534218841014,602.5466481496303,186.22917331561095
2024-08-13 18:15:00,379.0999756,2051.534218841014,562.9902973726237,181.984896817028
2024-08-13 18:20:00,369.1000061,2051.534218841014,524.4460645345836,192.36580326491148
2024-08-13 18:25:00,342.4666748,2051.534218841014,486.99177226642354,207.49639415338888
2024-08-13 18:30:00,314.5000305,2051.534218841014,450.7009746045547,205.17617857335426
2024-08-13 18:35:00,297.2000122,2051.534218841014,415.6424917710797,203.32564174655028
2024-08-13 18:40:00,261.9000244,2051.534218841014,381.87997612258727,209.2780792918111
2024-08-13 18:45:00,215.0500031,2051.534218841014,349.47151317165594,203.32564174655028
2024-08-13 18:50:00,174.4499817,2051.534218841014,318.46926071828807,209.63689017816534
2024-08-13 18:55:00,138.7999878,2051.534218841014,288.91912839934633,206.8039041684033
2024-08-13 19:00:00,105.6999969,2051.534218841014,260.8605003880655,72.40376248692036
2024-08-13 19:05:00,78.55000305,2051.534218841014,234.3260031859932,61.73861266044433
2024-08-13 19:10:00,59.45000076,2051.534218841014,209.34132014012857,54.14580473837325
2024-08-13 19:15:00,47.20000458,2051.534218841014,185.92505421911443,40.098953394954684
2024-08-13 19:20:00,38.30000305,2051.534218841014,164.0886398335431,43.867821823988095
2024-08-13 19:25:00,29.90000153,2051.534218841014,143.83630440913265,37.09931289858088
2024-08-13 19:30:00,22.29999924,2051.534218841014,125.16507982234214,32.3357527191616
2024-08-13 19:35:00,16.60000038,2051.534218841014,108.06486362661683,24.982786751599143
2024-08-13 19:40:00,13.09999943,2051.534218841014,92.51852946019552,26.081549145298737
2024-08-13 19:45:00,0.0,2051.534218841014,78.50208564830403,27.82980044599847
2024-08-13 19:50:00,0.0,2051.534218841014,65.98488086448506,24.935617731882623
2024-08-13 19:55:00,0.0,2051.534218841014,54.92985497317499,23.795169402810714
2024-08-13 20:00:00,0.0,2051.534218841014,45.293833111113265,0.8760962784644445
2024-08-13 20:05:00,0.0,2051.534218841014,37.02786090581845,0.0
2024-08-13 20:10:00,0.0,2051.534218841014,30.07757770730787,0.0
2024-08-13 20:15:00,0.0,2051.534218841014,24.383625392461486,0.0
2024-08-13 20:20:00,0.0,2051.534218841014,19.882089203083996,0.0
2024-08-13 20:25:00,0.0,2051.534218841014,16.5049673327385,0.0
2024-08-13 20:30:00,0.0,2051.534218841014,14.180665564488471,0.0
2024-08-13 20:35:00,0.0,2051.534218841014,12.834513129723309,0.1971148117
2024-08-13 20:40:00,0.0,2051.534218841014,12.38929578449901,0.1971148117
2024-08-13 20:45:00,0.0,2051.534218841014,12.765802014164281,0.0
2024-08-13 20:50:00,0.0,2051.534218841014,13.883378177971819,0.0
2024-08-13 20:55:00,0.0,2051.534218841014,15.660488213974224,0.0
2024-08-13 21:00:00,0.0,2051.534218841014,18.015273883125104,0.0
2024-08-13 21:05:00,0.0,2051.534218841014,20.86611092527632,0.0
2024-08-13 21:10:00,0.0,2051.534218841014,24.132157291134043,0.0
2024-08-13 21:15:00,0.0,2051.534218841014,27.733888949527117,0.0
2024-08-13 21:20:00,0.0,2051.534218841014,31.59361948086009,0.0
2024-08-13 21:25:00,0.0,2051.534218841014,35.635999435684404,0.0
2024-08-13 21:30:00,0.0,2051.534218841014,39.78849178575857,0.0
2024-08-13 21:35:00,0.0,2051.534218841014,43.98181989589864,0.0
2024-08-13 21:40:00,0.0,2051.534218841014,48.15038477972004,0.0
2024-08-13 21:45:00,0.0,2051.534218841014,52.232648552693355,0.0
2024-08-13 21:50:00,0.0,2051.534218841014,56.17148134417623,0.0
2024-08-13 21:55:00,0.0,2051.534218841014,59.91446919696691,0.0
2024-08-13 22:00:00,0.0,2051.534218841014,63.41418077482832,0.0
2024-08-13 22:05:00,0.0,2051.534218841014,66.62839116353761,0.0
2024-08-13 22:10:00,0.0,2051.534218841014,69.52026117438872,0.0
2024-08-13 22:15:00,0.0,2051.534218841014,72.05847114678464,0.0
2024-08-13 22:20:00,0.0,2051.534218841014,74.21730847107101,0.0
2024-08-13 22:25:00,0.0,2051.534218841014,75.97670847654788,0.0
2024-08-13 22:30:00,0.0,2051.534218841014,77.32224871008603,0.0
2024-08-13 22:35:00,0.0,2051.534218841014,78.24509698392586,0.0
2024-08-13 22:40:00,0.0,2051.534218841014,78.7419139609582,0.0
2024-08-13 22:45:00,0.0,2051.534218841014,78.8147114079545,0.0
2024-08-13 22:50:00,0.0,2051.534218841014,78.47066758428694,0.0
2024-08-13 22:55:00,0.0,2051.534218841014,77.72190163755904,0.0
2024-08-13 23:00:00,0.0,2051.534218841014,76.58520909070401,0.0
2024-08-13 23:05:00,0.0,2051.534218841014,75.08176097728607,0.0
2024-08-13 23:10:00,0.0,2051.534218841014,73.23676931353248,0.0
2024-08-13 23:15:00,0.0,2051.534218841014,71.07912197840163,0.0
2024-08-13 23:20:00,0.0,2051.534218841014,68.64099026133566,0.0
2024-08-13 23:25:00,0.0,2051.534218841014,65.95741258296512,0.0
2024-08-13 23:30:00,0.0,2051.534218841014,63.06585806304915,0.0
2024-08-13 23:35:00,0.0,2051.534218841014,60.00577379160506,0.0
2024-08-13 23:40:00,0.0,2051.534218841014,56.81811977765418,0.0
2024-08-13 23:45:00,0.0,2051.534218841014,53.544895627516674,0.0
2024-08-13 23:50:00,0.0,2051.534218841014,50.22866316306082,0.0
2024-08-13 23:55:00,0.0,2051.534218841014,46.91206905537471,0.0
2024-08-14 00:00:00,0.0,2051.534218841014,43.6373717136349,0.0
2024-08-14 00:05:00,0.0,2051.534218841014,40.44597654128525,0.0
2024-08-14 00:10:00,0.0,2051.534218841014,37.37798362736206,0.0
2024-08-14 00:15:00,0.0,2051.534218841014,34.47175183609831,0.0
2024-08-14 00:20:00,0.0,2051.534218841014,31.763483131897992,0.0
2024-08-14 00:25:00,0.0,2051.534218841014,29.28683080245727,0.0
2024-08-14 00:30:00,0.0,2051.534218841014,27.072535018696716,0.0
2024-08-14 00:35:00,0.0,2051.534218841014,25.148089074086663,0.0
2024-08-14 00:40:00,0.0,2051.534218841014,23.537439167953615,0.0
2024-08-14 00:45:00,0.0,2051.534218841014,22.26072055445542,0.0
2024-08-14 00:50:00,0.0,2051.534218841014,21.334032445411975,0.0
2024-08-14 00:55:00,0.0,2051.534218841014,20.769253767625084,0.0
2024-08-14 01:00:00,0.0,2051.534218841014,20.57390156165863,0.0
2024-08-14 01:05:00,0.0,2051.534218841014,20.751033428321797,0.0
2024-08-14 01:10:00,0.0,2051.534218841014,21.2991950855535,0.0
2024-08-14 01:15:00,0.0,2051.534218841014,22.21241369927286,0.0
2024-08-14 01:20:00,0.0,2051.534218841014,23.48023735645918,0.0
2024-08-14 01:25:00,0.0,2051.534218841014,25.0878204548621,0.0
2024-08-14 01:30:00,0.0,2051.534218841014,27.01605473320305,0.0
2024-08-14 01:35:00,0.0,2051.534218841014,29.241744931558102,0.0
2024-08-14 01:40:00,0.0,2051.534218841014,31.737827936892536,0.0
2024-08-14 01:45:00,0.0,2051.534218841014,34.473633810511146,0.0
2024-08-14 01:50:00,0.0,2051.534218841014,37.41518670541362,0.0
2024-08-14 01:55:00,0.0,2051.534218841014,40.52554342870146,0.0
2024-08-14 02:00:00,0.0,2051.534218841014,43.765167000764094,0.0
2024-08-14 02:05:00,0.0,2051.534218841014,47.09233226996093,0.0
2024-08-14 02:10:00,0.0,2051.534218841014,50.463560367349594,0.0
2024-08-14 02:15:00,0.0,2051.534218841014,53.83407857614141,0.0
2024-08-14 02:20:00,0.0,2051.534218841014,57.15830181750705,0.0
2024-08-14 02:25:00,0.0,2051.534218841014,60.39033189782427,0.0
2024-08-14 02:30:00,0.0,2051.534218841014,63.48447040246003,0.0
2024-08-14 02:35:00,0.0,2051.534218841014,66.39574099115993,0.0
2024-08-14 02:40:00,0.0,2051.534218841014,69.08041674409698,0.0
2024-08-14 02:45:00,0.0,2051.534218841014,71.49654814600136,0.0
2024-08-14 02:50:00,0.0,2051.534218841014,73.60448718137503,0.0
2024-08-14 02:55:00,0.0,2051.534218841014,75.36740314145297,0.0
2024-08-14 03:00:00,0.0,2051.534218841014,76.75178557911507,0.0
2024-08-14 03:05:00,0.0,2051.534218841014,77.727930139185,0.0
2024-08-14 03:10:00,0.0,2051.534218841014,78.27040282201364,0.0
2024-08-14 03:15:00,0.0,2051.534218841014,78.3584786702645,0.0
2024-08-14 03:20:00,0.0,2051.534218841014,77.97655071126927,0.0
2024-08-14 03:25:00,0.0,2051.534218841014,77.11450548694717,0.0
2024-08-14 03:30:00,0.0,2051.534218841014,75.76806148496341,0.0
2024-08-14 03:35:00,0.0,2051.534218841014,73.93906722931494,0.0
2024-08-14 03:40:00,0.0,2051.534218841014,71.6357559193087,0.0
2024-08-14 03:45:00,0.0,2051.534218841014,68.87295392793264,0.0
2024-08-14 03:50:00,0.0,2051.534218841014,65.6722407626733,0.0
2024-08-14 03:55:00,0.0,2051.534218841014,62.062058374317736,0.0
2024-08-14 04:00:00,0.0,2051.534218841014,58.07776830738447,0.0
2024-08-14 04:05:00,0.0,2051.534218841014,53.76165512908147,0.0
2024-08-14 04:10:00,0.0,2051.534218841014,49.16287559945749,0.0
2024-08-14 04:15:00,0.0,2051.534218841014,44.337352710801724,0.0
2024-08-14 04:20:00,0.0,2051.534218841014,39.347614927563356,0.0
2024-08-14 04:25:00,0.0,2051.534218841014,34.26258063481441,0.0
2024-08-14 04:30:00,0.0,2051.534218841014,29.15728881626959,0.0
2024-08-14 04:35:00,0.0,2051.534218841014,24.112576993839163,0.0
2024-08-14 04:40:00,0.0,2051.534218841014,19.21470810567266,0.0
2024-08-14 04:45:00,0.0,2051.534218841014,14.554948292244472,0.0
2024-08-14 04:50:00,0.0,2051.534218841014,10.229097944962513,0.0
2024-08-14 04:55:00,0.0,2051.534218841014,6.336978890334123,0.0
2024-08-14 05:00:00,0.0,2051.534218841014,2.981880577163191,0.0
2024-08-14 05:05:00,0.0,2051.534218841014,0.26996903161178226,0.0
2024-08-14 05:10:00,0.0,2051.534218841014,-1.6903379608298508,0.0
2024-08-14 05:15:00,0.0,2051.534218841014,-2.789025241048163,0.0
2024-08-14 05:20:00,0.0,2051.534218841014,-2.9151600016970103,0.0
2024-08-14 05:25:00,0.0,2051.534218841014,-1.9575923305162661,0.0
2024-08-14 05:30:00,0.0,2051.534218841014,0.19432814561167158,0.0
2024-08-14 05:35:00,0.0,2051.534218841014,3.65002436009589,0.0
2024-08-14 05:40:00,0.0,2051.534218841014,8.516957649402615,0.0
2024-08-14 05:45:00,0.0,2051.534218841014,14.899892459447397,0.0
2024-08-14 05:50:00,0.0,2051.534218841014,22.90016491172299,0.0
2024-08-14 05:55:00,0.0,2051.534218841014,32.61496056966931,0.0
2024-08-14 06:00:00,0.0,2051.534218841014,44.13660633002883,24.087426541336825
2024-08-14 06:05:00,0.0,2051.534218841014,57.55188163429619,14.976731851820954
2024-08-14 06:10:00,0.0,2051.534218841014,72.94135388633572,13.430620732432065
2024-08-14 06:15:00,0.0,2051.534218841014,90.37874291466525,26.188523083810757
2024-08-14 06:20:00,0.0,2051.534218841014,109.93031919510862,67.54406710007497
2024-08-14 06:25:00,0.0,2051.534218841014,131.65434008131683,78.21971030644352
2024-08-14 06:30:00,0.0,2051.534218841014,155.6005286530518,84.52342129305718
2024-08-14 06:35:00,0.0,2051.534218841014,181.80959851561866,87.27119040737982
2024-08-14 06:40:00,0.0,2051.534218841014,210.31282883120178,92.29026112551965
2024-08-14 06:45:00,0.0,2051.534218841014,241.13169245251564,93.29227828626043
2024-08-14 06:50:00,89.30000305,2051.534218841014,274.27754026122756,92.29816568927927
2024-08-14 06:55:00,106.5,2051.534218841014,309.7513444041947,76.63538409309984
2024-08-14 07:00:00,120.5999985,2051.534218841014,347.5435022680289,413.22329867437145
2024-08-14 07:05:00,143.3999939,2051.534218841014,387.63370341553855,422.41151371390225
2024-08-14 07:10:00,193.0,2051.534218841014,429.9908604340103,419.65987080305877
2024-08-14 07:15:00,240.8999939,2051.534218841014,474.5731050936963,428.39722619779275
2024-08-14 07:20:00,284.6000061,2051.534218841014,521.3278493439299,420.3069318739943
2024-08-14 07:25:00,326.3999939,2051.534218841014,570.1919123733799,420.3069318739943
2024-08-14 07:30:00,374.1000061,2051.534218841014,621.0917124595213,420.3069318739943
2024-08-14 07:35:00,424.8999939,2051.534218841014,673.9435227576346,420.3069318739943
2024-08-14 07:40:00,476.6000061,2051.534218841014,728.6537901274164,411.0396547564733
2024-08-14 07:45:00,532.2999878,2051.534218841014,785.1195147710866,411.0396547564733
2024-08-14 07:50:00,576.7999878,2051.534218841014,843.2286888842475,285.0993791723021
2024-08-14 07:55:00,639.5999756,2051.534218841014,902.860791001403,282.55003964521643
2024-08-14 08:00:00,699.0,2051.534218841014,963.8873343141788,458.61422165827116
2024-08-14 08:05:00,750.7999878,2051.534218841014,1026.1724637044272,449.31274018628864
2024-08-14 08:10:00,811.0999756,2051.534218841014,1089.5735997892816,436.7743505173295
2024-08-14 08:15:00,867.5,2051.534218841014,1153.942124371645,554.9112742788325
2024-08-14 08:20:00,848.333313,2051.534218841014,1219.124103773149,590.2820352729024
2024-08-14 08:25:00,884.4333496,2051.534218841014,1284.961045201611,700.4509357928284
2024-08-14 08:30:00,918.7333984,2051.534218841014,1351.2906810128413,778.2911878733023
2024-08-14 08:35:00,1100.800049,2051.534218841014,1417.9477764417732,789.2116492860952
2024-08-14 08:40:00,1053.966675,2051.534218841014,1484.7649549691803,907.6494495698126
2024-08-14 08:45:00,1113.966675,2051.534218841014,1551.5735367666407,1096.0647625398633
2024-08-14 08:50:00,1147.200073,2051.534218841014,1618.2043833723328,1099.9073037605492
2024-08-14 08:55:00,1200.400024,2051.534218841014,1684.4887449325074,1122.7892833055362
2024-08-14 09:00:00,1249.233398,2051.534218841014,1750.2591033691208,1290.554889502606
2024-08-14 09:05:00,1296.533325,2051.534218841014,1815.3500060260255,1290.554889502606
2024-08-14 09:10:00,1342.0,2051.534218841014,1879.5988849592707,1060.704878632708
2024-08-14 09:15:00,1386.233398,2051.534218841014,1942.8468562147757,1045.4274468723538
2024-08-14 09:20:00,1429.099976,2051.534218841014,2004.9394941115067,1044.680883448576
2024-08-14 09:25:00,1471.0,2051.534218841014,2065.7275751191937,851.228222141412
2024-08-14 09:30:00,1510.766602,2051.534218841014,2125.0677877101284,1242.3759283145414
2024-08-14 09:35:00,1548.400024,2051.534218841014,2182.8234019095903,1236.3924751877753
2024-08-14 09:40:00,1582.933228,2051.534218841014,2238.8648962093753,1199.8222425762942
2024-08-14 09:45:00,1618.833374,2051.534218841014,2293.070536644226,1214.7152979987388
2024-08-14 09:50:00,1655.466797,2051.534218841014,2345.326904922134,1205.8346785248941
2024-08-14 09:55:00,1693.066772,2051.534218841014,2395.529372498363,1199.824172004637
2024-08-14 10:00:00,1727.0,2051.534218841014,2443.5825173101803,1914.0964512832836
2024-08-14 10:05:00,1759.0,2051.534218841014,2489.4004813130364,1918.3409618229543
2024-08-14 10:10:00,1790.533325,2051.534218841014,2532.9072663973893,1906.206830916444
2024-08-14 10:15:00,1824.733398,2051.534218841014,2574.036967497852,1905.3730730549048
2024-08-14 10:20:00,1859.900024,2051.534218841014,2612.733941002461,1872.599872899753
2024-08-14 10:25:00,1894.533325,2051.534218841014,2648.9529088356367,1859.925234009523
2024-08-14 10:30:00,1924.666626,2051.534218841014,2682.658997290173,1848.360383778538
2024-08-14 10:35:00,1951.833374,2051.534218841014,2713.8277108299985,1859.74701540135
2024-08-14 10:40:00,1976.066772,2051.534218841014,2742.444841966989,1891.7626270039082
2024-08-14 10:45:00,2000.766602,2051.534218841014,2768.5063179815734,1907.041033990255
2024-08-14 10:50:00,2023.366699,2051.534218841014,2792.017986182559,1955.1559109630443
2024-08-14 10:55:00,2041.933228,2051.534218841014,2812.9953397491245,1965.7965470819777
2024-08-14 11:00:00,2053.466553,2051.534218841014,2831.463186408645,2053.6454030021555
2024-08-14 11:05:00,2058.633301,2051.534218841014,2847.4552628900506,2054.3548345823697
2024-08-14 11:10:00,2059.966797,2051.534218841014,2861.0137982037836,2054.3548345823697
2024-08-14 11:15:00,2059.666748,2051.534218841014,2872.1890293629863,2054.3548345823697
2024-08-14 11:20:00,2059.666748,2051.534218841014,2881.0386732488355,2054.3548345823697
2024-08-14 11:25:00,2059.633301,2051.534218841014,2887.6273588252498,2054.3548345823697
2024-08-14 11:30:00,2059.266846,2051.534218841014,2892.0260239874015,2054.23579039483
2024-08-14 11:35:00,2059.300049,2051.534218841014,2894.311281736957,2054.23579039483
2024-08-14 11:40:00,2059.899902,2051.534218841014,2894.5647603936272,2054.23579039483
2024-08-14 11:45:00,2060.43335,2051.534218841014,2892.872422832192,2054.23579039483
2024-08-14 11:50:00,2058.466553,2051.534218841014,2889.323869764601,2054.23579039483
2024-08-14 11:55:00,2057.133301,2051.534218841014,2884.0116322702593,2054.23579039483
2024-08-14 12:00:00,2057.0,2051.534218841014,2877.030458688767,2054.2845912881353
2024-08-14 12:05:00,2059.633545,2051.534218841014,2868.4766011623637,2054.4125644845003
2024-08-14 12:10:00,2059.866699,2051.534218841014,2858.4471068852117,2053.222278636588
2024-08-14 12:15:00,2060.033203,2051.534218841014,2847.0391192292354,2053.1998786917934
2024-08-14 12:20:00,2059.766846,2051.534218841014,2834.349193702015,2052.4384480697745
2024-08-14 12:25:00,2061.5,2051.534218841014,2820.472633532153,2050.291680872678
2024-08-14 12:30:00,2061.900146,2051.534218841014,2805.502849677125,2046.0758030998904
2024-08-14 12:35:00,2062.166748,2051.534218841014,2789.530749493154,2045.1114216776375
2024-08-14 12:40:00,2061.866699,2051.534218841014,2772.644158514429,2044.6616686499813
2024-08-14 12:45:00,2062.299805,2051.534218841014,2754.9272790396512,2048.6364938000024
2024-08-14 12:50:00,2055.850098,2051.534218841014,2736.4601893096083,2049.887249371107
2024-08-14 12:55:00,2051.799805,2051.534218841014,2717.3183865243,1997.7704576126707
2024-08-14 13:00:00,2052.633545,2051.534218841014,2697.572376575716,1754.6798753209455
2024-08-14 13:05:00,2056.93335,2051.534218841014,2677.2873132818836,1721.4462043137094
2024-08-14 13:10:00,2060.400146,2051.534218841014,2656.5226890485656,1977.500627796132
2024-08-14 13:15:00,2062.666748,2051.534218841014,2635.332078814194,1980.1584121980577
2024-08-14 13:20:00,2061.599854,2051.534218841014,2613.7629388951163,1988.3790285909483
2024-08-14 13:25:00,2060.049805,2051.534218841014,2591.8564613142867,1920.9537320355073
2024-08-14 13:30:00,1671.099976,2051.534218841014,2569.647484229654,1864.875084810759
2024-08-14 13:35:00,2059.199951,2051.534218841014,2547.1644588139875,1860.7230494218618
2024-08-14 13:40:00,2059.699951,2051.534218841014,2524.4294718379324,1930.1918360715927
2024-08-14 13:45:00,2058.966553,2051.534218841014,2501.458323466838,1952.8620581225027
2024-08-14 13:50:00,2058.600098,2051.534218841014,2478.260658993608,1980.70346102147
2024-08-14 13:55:00,2057.400146,2051.534218841014,2454.840152851841,1960.8907104904997
2024-08-14 14:00:00,1934.933472,2051.534218841014,2431.1947430875593,1686.604507660338
2024-08-14 14:05:00,1905.366699,2051.534218841014,2407.316913742751,1801.9088333695643
2024-08-14 14:10:00,1767.933228,2051.534218841014,2383.1940226152196,1920.271544340949
2024-08-14 14:15:00,1806.85022,2051.534218841014,2358.8086711189353,1819.7997857549822
2024-08-14 14:20:00,1527.25,2051.534218841014,2334.1391131161217,1859.5675801085215
2024-08-14 14:25:00,1104.699951,2051.534218841014,2309.159698941078,1878.0720858612694
2024-08-14 14:30:00,724.1000366,2051.534218841014,2283.841350689014,1926.963285085023
2024-08-14 14:35:00,654.4333496,2051.534218841014,2258.1520648718943,1840.6308973186094
2024-08-14 14:40:00,620.5500488,2051.534218841014,2232.057437842857,1803.073909977749
2024-08-14 14:45:00,508.5,2051.534218841014,2205.521209568378,1741.79091930801
2024-08-14 14:50:00,456.6666565,2051.534218841014,2178.50582156932,1815.3948815037577
2024-08-14 14:55:00,432.6000061,2051.534218841014,2150.97298369795,1718.693989990912
2024-08-14 15:00:00,415.4666748,2051.534218841014,2122.884245553605,1915.3967398228408
2024-08-14 15:05:00,381.3666687,2051.534218841014,2094.2015674684976,1978.108106272318
2024-08-14 15:10:00,364.9500122,2051.534218841014,2064.887886730978,1963.6063679886086
2024-08-14 15:15:00,294.25,2051.534218841014,2034.907673885413,1954.9429147736832
2024-08-14 15:20:00,231.2333374,2051.534218841014,2004.227475042658,1913.0210724047101
2024-08-14 15:25:00,205.3333282,2051.534218841014,1972.8164353334537,1884.3577427172402
2024-08-14 15:30:00,195.1000214,2051.534218841014,1940.6467996845117,1871.652594314145
2024-08-14 15:35:00,159.0,2051.534218841014,1907.6943864473517,1857.7088151136852
2024-08-14 15:40:00,120.3333359,2051.534218841014,1873.9390303453902,1874.4973569621347
2024-08-14 15:45:00,109.4000015,2051.534218841014,1839.3649908850339,1611.9017483242967
2024-08-14 15:50:00,154.6999969,2051.534218841014,1803.9613231418332,1799.92126741932
2024-08-14 15:55:00,184.1999969,2051.534218841014,1767.7222078523498,1786.726312779019
2024-08-14 16:00:00,171.9000092,2051.534218841014,1730.6472379794081,1685.8448468530187
2024-08-14 16:05:00,183.5666656,2051.534218841014,1692.7416599122187,1665.6518290249082
2024-08-14 16:10:00,183.2333374,2051.534218841014,1654.0165666942412,1638.3249667421433
2024-08-14 16:15:00,182.3333282,2051.534218841014,1614.4890420586441,1601.436396454341
2024-08-14 16:20:00,174.3666534,2051.534218841014,1574.1822544302793,1581.3344862483889
2024-08-14 16:25:00,170.1000061,2051.534218841014,1533.125499304854,1550.7387108309094
2024-08-14 16:30:00,171.6333466,2051.534218841014,1491.354190337985,1497.1682162371833
2024-08-14 16:35:00,179.0999908,2051.534218841014,1448.909798726579,1413.192496772032
2024-08-14 16:40:00,188.0,2051.534218841014,1405.839741767468,1384.4474157736117
2024-08-14 16:45:00,194.3000031,2051.534218841014,1362.197220897153,1334.1008663360349
2024-08-14 16:50:00,195.1000214,2051.534218841014,1318.0410108727124,1315.6982240806278
2024-08-14 16:55:00,191.1999969,2051.534218841014,1273.4352013716625,400.578885670936
2024-08-14 17:00:00,223.6000061,2051.534218841014,1228.448893357103,416.91411409657655
2024-08-14 17:05:00,274.1000061,2051.534218841014,1183.155852315551,433.037059486487
2024-08-14 17:10:00,335.1000061,2051.534218841014,1137.6341208098422,423.02105337585834
2024-08-14 17:15:00,309.3999939,2051.534218841014,1091.9655939778274,423.78572883859977
2024-08-14 17:20:00,330.3999939,2051.534218841014,1046.2355605374514,358.57836970231926
2024-08-14 17:25:00,330.0666504,2051.534218841014,1000.5322133197606,348.01564764201134
2024-08-14 17:30:00,331.1666565,2051.534218841014,954.9461327532251,342.90333154847406
2024-08-14 17:35:00,322.0666809,2051.534218841014,909.5697477386902,381.6773633881397
2024-08-14 17:40:00,307.5,2051.534218841014,864.4967775409473,371.6578692208889
2024-08-14 17:45:00,293.2333069,2051.534218841014,819.8216590512872,411.7737933270382
2024-08-14 17:50:00,270.7000122,2051.534218841014,775.6389645831949,622.3487499116484
2024-08-14 17:55:00,260.8500061,2051.534218841014,732.0428134483352,756.6886064865338
2024-08-14 18:00:00,215.3500061,2051.534218841014,689.1262827913414,435.4159981629643
2024-08-14 18:05:00,156.7666626,2051.534218841014,646.9808216553672,436.54066730957027
2024-08-14 18:10:00,138.0666656,2051.534218841014,605.6956732439024,401.96760544349064
2024-08-14 18:15:00,131.8333282,2051.534218841014,565.3573092364945,401.96760544349064
2024-08-14 18:20:00,126.9666748,2051.534218841014,526.0488808946532,402.2517651923941
2024-08-14 18:25:00,121.5,2051.534218841014,487.84969102492954,149.60538677833893
2024-08-14 18:30:00,115.6666641,2051.534218841014,450.83469054398677,144.54561868622048
2024-08-14 18:35:00,108.2666626,2051.534218841014,415.07400424932695,146.97676799808661
2024-08-14 18:40:00,101.1333313,2051.534218841014,380.63248823491244,167.82166358989508
2024-08-14 18:45:00,97.05000305,2051.534218841014,347.56932340865285,242.3468709961615
2024-08-14 18:50:00,85.55000305,2051.534218841014,315.93764740423364,214.88365262897108
2024-08-14 18:55:00,67.96666718,2051.534218841014,285.7842280689727,240.51371363696828
2024-08-14 19:00:00,59.7666626,2051.534218841014,257.14918070255044,96.04485883447869
2024-08-14 19:05:00,56.59999847,2051.534218841014,230.06573147970207,96.18023769103013
2024-08-14 19:10:00,46.09999847,2051.534218841014,204.56002841166952,67.31368209710753
2024-08-14 19:15:00,34.84999847,2051.534218841014,180.65100132267779,58.38792012641556
2024-08-14 19:20:00,26.20000076,2051.534218841014,158.35027225413873,54.75959105182699
2024-08-14 19:25:00,20.5,2051.534218841014,137.6621161325637,50.32084439268903
2024-08-14 19:30:00,15.75,2051.534218841014,118.58347261327582,41.51526221730558
2024-08-14 19:35:00,12.69999981,2051.534218841014,101.10400844311214,41.23812090503124
2024-08-14 19:40:00,0.0,2051.534218841014,85.20623015623414,49.879547538221104
2024-08-14 19:45:00,0.0,2051.534218841014,70.86564579822907,44.28350440417941
2024-08-14 19:50:00,0.0,2051.534218841014,58.05097458382145,29.081534484746292
2024-08-14 19:55:00,0.0,2051.534218841014,46.72440271530069,26.304005304032135
2024-08-14 20:00:00,0.0,2051.534218841014,36.84188322642208,0.0
2024-08-14 20:05:00,0.0,2051.534218841014,28.353477741268755,6.684483562802671
2024-08-14 20:10:00,0.0,2051.534218841014,21.20373703940689,0.045518518011111106
2024-08-14 20:15:00,0.0,2051.534218841014,15.332117860813609,0.0
2024-08-14 20:20:00,0.0,2051.534218841014,10.673432290753526,0.0
2024-08-14 20:25:00,0.0,2051.534218841014,7.158326611392792,0.0
2024-08-14 20:30:00,0.0,2051.534218841014,4.713785487150864,0.0
2024-08-14 20:35:00,0.0,2051.534218841014,3.2636579712084073,0.0
2024-08-14 20:40:00,0.0,2051.534218841014,2.7292009284712444,0.0
2024-08-14 20:45:00,0.0,2051.534218841014,3.0296358828528884,0.0
2024-08-14 20:50:00,0.0,2051.534218841014,4.082714967980633,0.0
2024-08-14 20:55:00,0.0,2051.534218841014,5.805291577898197,0.0
2024-08-14 21:00:00,0.0,2051.534218841014,8.113891423533534,0.0
2024-08-14 21:05:00,0.0,2051.534218841014,10.925279602624423,0.0
2024-08-14 21:10:00,0.0,2051.534218841014,14.157019424661161,0.0
2024-08-14 21:15:00,0.0,2051.534218841014,17.72801863505274,0.0
2024-08-14 21:20:00,0.0,2051.534218841014,21.55905915835371,0.0
2024-08-14 21:25:00,0.0,2051.534218841014,25.573306072289046,0.0
2024-08-14 21:30:00,0.0,2051.534218841014,29.696792362255156,0.0
2024-08-14 21:35:00,0.0,2051.534218841014,33.85887552867441,0.0
2024-08-14 21:40:00,0.0,2051.534218841014,37.992662962113755,0.0
2024-08-14 21:45:00,0.0,2051.534218841014,42.03540281364295,0.0
2024-08-14 21:50:00,0.0,2051.534218841014,45.92883762545158,0.0
2024-08-14 21:55:00,0.0,2051.534218841014,49.6195181782946,0.0
2024-08-14 22:00:00,0.0,2051.534218841014,53.05907537688247,0.0
2024-08-14 22:05:00,0.0,2051.534218841014,56.204448345361385,0.0
2024-08-14 22:10:00,0.0,2051.534218841014,59.018067174560976,0.0
2024-08-14 22:15:00,0.0,2051.534218841014,61.46798932553484,0.0
2024-08-14 22:20:00,0.0,2051.534218841014,63.527988780621136,0.0
2024-08-14 22:25:00,0.0,2051.534218841014,65.17759771264843,0.0
2024-08-14 22:30:00,0.0,2051.534218841014,66.40210061260024,0.0
2024-08-14 22:35:00,0.0,2051.534218841014,67.1924812917802,0.0
2024-08-14 22:40:00,0.0,2051.534218841014,67.54532354461138,0.0
2024-08-14 22:45:00,0.0,2051.534218841014,67.46266660933215,0.0
2024-08-14 22:50:00,0.0,2051.534218841014,66.95181695244554,0.0
2024-08-14 22:55:00,0.0,2051.534218841014,66.025118234694,0.0
2024-08-14 23:00:00,0.0,2051.534218841014,64.69968164852436,0.0
2024-08-14 23:05:00,0.0,2051.534218841014,62.99707917900786,0.0
2024-08-14 23:10:00,0.0,2051.534218841014,60.943002554602025,0.0
2024-08-14 23:15:00,0.0,2051.534218841014,58.566891018845844,0.0
2024-08-14 23:20:00,0.0,2051.534218841014,55.9015312414565,0.0
2024-08-14 23:25:00,0.0,2051.534218841014,52.98263293565629,0.0
2024-08-14 23:30:00,0.0,2051.534218841014,49.84838394701659,0.0
2024-08-14 23:35:00,0.0,2051.534218841014,46.53898872019566,0.0
2024-08-14 23:40:00,0.0,2051.534218841014,43.09619422124295,0.0
2024-08-14 23:45:00,0.0,2051.534218841014,39.56280741494276,0.0
2024-08-14 23:50:00,0.0,2051.534218841014,35.98220862961784,0.0
2024-08-14 23:55:00,0.0,2051.534218841014,32.39786491856044,0.0
2024-08-15 00:00:00,0.0,2051.534218841014,28.85284777860677,0.0
2024-08-15 00:05:00,0.0,2051.534218841014,25.38935939612326,0.0
2024-08-15 00:10:00,0.0,2051.534218841014,22.048271569882033,0.0
2024-08-15 00:15:00,0.0,2051.534218841014,18.86868136393211,0.0
2024-08-15 00:20:00,0.0,2051.534218841014,15.887487379709004,0.0
2024-08-15 00:25:00,0.0,2051.534218841014,13.138990398743934,0.0
2024-08-15 00:30:00,0.0,2051.534218841014,10.65452188914677,0.0
2024-08-15 00:35:00,0.0,2051.534218841014,8.462103828852843,0.0
2024-08-15 00:40:00,0.0,2051.534218841014,6.586142621044871,0.0
2024-08-15 00:45:00,0.0,2051.534218841014,5.047160224395909,0.0
2024-08-15 00:50:00,0.0,2051.534218841014,3.861564679182232,0.0
2024-08-15 00:55:00,0.0,2051.534218841014,3.041462333232992,0.0
2024-08-15 01:00:00,0.0,2051.534218841014,2.5945135208259273,0.0
2024-08-15 01:05:00,0.0,2051.534218841014,2.52383315289282,0.0
2024-08-15 01:10:00,0.0,2051.534218841014,2.8279372814829404,0.0
2024-08-15 01:15:00,0.0,2051.534218841014,3.500736334743158,0.0
2024-08-15 01:20:00,0.0,2051.534218841014,4.531575386160413,0.0
2024-08-15 01:25:00,0.0,2051.534218841014,5.905321216116214,0.0
2024-08-15 01:30:00,0.0,2051.534218841014,7.602495946472115,0.0
2024-08-15 01:35:00,0.0,2051.534218841014,9.599456070700285,0.0
2024-08-15 01:40:00,0.0,2051.534218841014,11.868615936570318,0.0
2024-08-15 01:45:00,0.0,2051.534218841014,14.378713804280514,0.0
2024-08-15 01:50:00,0.0,2051.534218841014,17.095118646443954,0.0
2024-08-15 01:55:00,0.0,2051.534218841014,19.980175273260645,0.0
2024-08-15 02:00:00,0.0,2051.534218841014,22.993585161130586,0.0
2024-08-15 02:05:00,0.0,2051.534218841014,26.092819908095365,0.0
2024-08-15 02:10:00,0.0,2051.534218841014,29.233564152307025,0.0
2024-08-15 02:15:00,0.0,2051.534218841014,32.370184334647426,0.0
2024-08-15 02:20:00,0.0,2051.534218841014,35.45621950745473,0.0
2024-08-15 02:25:00,0.0,2051.534218841014,38.444890275863685,0.0
2024-08-15 02:30:00,0.0,2051.534218841014,41.289621598733525,0.0
2024-08-15 02:35:00,0.0,2051.534218841014,43.944575209118526,0.0
2024-08-15 02:40:00,0.0,2051.534218841014,46.36518714969659,0.0
2024-08-15 02:45:00,0.0,2051.534218841014,48.50870596720396,0.0
2024-08-15 02:50:00,0.0,2051.534218841014,50.334726952023246,0.0
2024-08-15 02:55:00,0.0,2051.534218841014,51.80571788563856,0.0
2024-08-15 03:00:00,0.0,2051.534218841014,52.88753174210121,0.0
2024-08-15 03:05:00,0.0,2051.534218841014,53.54990185712006,0.0
2024-08-15 03:10:00,0.0,2051.534218841014,53.76691518794029,0.0
2024-08-15 03:15:00,0.0,2051.534218841014,53.5174594312056,0.0
2024-08-15 03:20:00,0.0,2051.534218841014,52.785639841239764,0.0
2024-08-15 03:25:00,0.0,2051.534218841014,51.561162024603014,0.0
2024-08-15 03:30:00,0.0,2051.534218841014,49.839676840275864,0.0
2024-08-15 03:35:00,0.0,2051.534218841014,47.6230842397775,0.0
2024-08-15 03:40:00,0.0,2051.534218841014,44.91979278674379,0.0
2024-08-15 03:45:00,0.0,2051.534218841014,41.7449321344243,0.0
2024-08-15 03:50:00,0.0,2051.534218841014,38.12051604170314,0.0
2024-08-15 03:55:00,0.0,2051.534218841014,34.075553779604924,0.0
2024-08-15 04:00:00,0.0,2051.534218841014,29.64610827136828,0.0
2024-08-15 04:05:00,0.0,2051.534218841014,24.87529963023974,0.0
2024-08-15 04:10:00,0.0,2051.534218841014,19.813253215771574,0.0
2024-08-15 04:15:00,0.0,2051.534218841014,14.516991656370585,0.0
2024-08-15 04:20:00,0.0,2051.534218841014,9.050270862912537,0.0
2024-08-15 04:25:00,0.0,2051.534218841014,3.483360339424466,0.0
2024-08-15 04:30:00,0.0,2051.534218841014,-2.107231440496391,0.0
2024-08-15 04:35:00,0.0,2051.534218841014,-7.639085328195644,0.0
2024-08-15 04:40:00,0.0,2051.534218841014,-13.024251898438449,0.0
2024-08-15 04:45:00,0.0,2051.534218841014,-18.16968182832004,0.0
2024-08-15 04:50:00,0.0,2051.534218841014,-22.977703939045266,0.0
2024-08-15 04:55:00,0.0,2051.534218841014,-27.34654800523172,0.0
2024-08-15 05:00:00,0.0,2051.534218841014,-31.170909213202112,0.0
2024-08-15 05:05:00,0.0,2051.534218841014,-34.342550710347744,0.0
2024-08-15 05:10:00,0.0,2051.534218841014,-36.75094048000944,0.0
2024-08-15 05:15:00,0.0,2051.534218841014,-38.28391840114012,0.0
2024-08-15 05:20:00,0.0,2051.534218841014,-38.82838909263211,0.0
2024-08-15 05:25:00,0.0,2051.534218841014,-38.27103600356629,0.0
2024-08-15 05:30:00,0.0,2051.534218841014,-36.499051901852724,0.0
2024-08-15 05:35:00,0.0,2051.534218841014,-33.4008808236179,0.0
2024-08-15 05:40:00,0.0,2051.534218841014,-28.866966390360812,0.0
2024-08-15 05:45:00,0.0,2051.534218841014,-22.79050132647359,0.0
2024-08-15 05:50:00,0.0,2051.534218841014,-15.068172920447093,0.0
2024-08-15 05:55:00,0.0,2051.534218841014,-5.600899269080798,0.0
2024-08-15 06:00:00,0.0,2051.534218841014,5.705449030639021,77.97477083185686
2024-08-15 06:05:00,0.0,2051.534218841014,18.939346807012104,77.8742347503017
2024-08-15 06:10:00,0.0,2051.534218841014,34.182936931092996,79.15108505422748
2024-08-15 06:15:00,0.0,2051.534218841014,51.51138260352624,77.97477083185686
2024-08-15 06:20:00,0.0,2051.534218841014,70.99225390291033,77.11769624559733
2024-08-15 06:25:00,0.0,2051.534218841014,92.68495328951481,76.98371846948622
2024-08-15 06:30:00,0.0,2051.534218841014,116.64018439230796,75.6431200196954
2024-08-15 06:35:00,63.5,2051.534218841014,142.8994677075563,73.50713116483153
2024-08-15 06:40:00,85.0,2051.534218841014,171.49470746621722,72.63079785189821
2024-08-15 06:45:00,108.9000015,2051.534218841014,202.44781272680746,72.63079785189821
2024-08-15 06:50:00,146.6999969,2051.534218841014,235.77037560095582,69.2104142624375
2024-08-15 06:55:00,147.1999969,2051.534218841014,271.4634095780105,63.45420070346754
2024-08-15 07:00:00,147.5999908,2051.534218841014,309.51714990191465,300.0306538352741
2024-08-15 07:05:00,147.9666595,2051.534218841014,349.91091789099045,304.0066473101026
2024-08-15 07:10:00,147.9000092,2051.534218841014,392.61305068387577,304.0066473101026
2024-08-15 07:15:00,163.3000031,2051.534218841014,437.5808970696253,344.1542807175344
2024-08-15 07:20:00,179.1000061,2051.534218841014,484.76088014316144,344.1542807175344
2024-08-15 07:25:00,196.5,2051.534218841014,534.0886265833396,369.9583689285846
2024-08-15 07:30:00,215.0,2051.534218841014,585.4891622781563,369.9583689285846
2024-08-15 07:35:00,244.0,2051.534218841014,638.8771733057562,387.18065188599866
2024-08-15 07:40:00,269.7000122,2051.534218841014,694.1573307470882,389.40702317262406
2024-08-15 07:45:00,291.7999878,2051.534218841014,751.2246779786615,412.40419590560543
2024-08-15 07:50:00,312.7999878,2051.534218841014,809.9650774222533,421.83326283006915
2024-08-15 07:55:00,305.3666687,2051.534218841014,870.2557148689084,421.83326283006915
2024-08-15 08:00:00,350.5,2051.534218841014,931.9656582083345,954.270332427322
2024-08-15 08:05:00,337.2333374,2051.534218841014,994.956466094478,956.6293554159888
2024-08-15 08:10:00,356.8333435,2051.534218841014,1059.0828443671817,964.0964630066377
2024-08-15 08:15:00,419.8999939,2051.534218841014,1124.1933448072264,909.5031509174987
2024-08-15 08:20:00,461.5,2051.534218841014,1190.131102562459,857.0938538102615
2024-08-15 08:25:00,557.2999878,2051.534218841014,1256.7346067348924,838.2487350265787
2024-08-15 08:30:00,725.7999878,2051.534218841014,1323.8385002289986,810.4928976598251
2024-08-15 08:35:00,644.3999634,2051.534218841014,1391.274402728137,769.3323875167979
2024-08-15 08:40:00,1513.199951,2051.534218841014,1458.8717523199448,769.3323875167979
2024-08-15 08:45:00,1312.299805,2051.534218841014,1526.4586595504104,943.5060069804546
2024-08-15 08:50:00,1292.900024,2051.534218841014,1593.8627690380627,940.2635994145659
2024-08-15 08:55:00,1182.75,2051.534218841014,1660.9121225500712,940.2635994145659
2024-08-15 09:00:00,1048.699951,2051.534218841014,1727.4360184835248,1221.646941914423
2024-08-15 09:05:00,810.5333862,2051.534218841014,1793.265861710563,1222.939052509423
2024-08-15 09:10:00,794.0999146,2051.534218841014,1858.2359984924346,1278.7937152995564
2024-08-15 09:15:00,1164.5,2051.534218841014,1922.1845312966193,1291.167210965627
2024-08-15 09:20:00,1087.25,2051.534218841014,1984.9541075753905,1301.4466351276901
2024-08-15 09:25:00,1061.5,2051.534218841014,2046.3926783711313,1303.7932416560234
2024-08-15 09:30:00,1010.0,2051.534218841014,2106.3542215252473,1330.4074744832533
2024-08-15 09:35:00,851.4332886,2051.534218841014,2164.699424170621,1351.2312154058282
2024-08-15 09:40:00,1248.199951,2051.534218841014,2221.296321637206,1352.206525894267
2024-08-15 09:45:00,1151.599854,2051.534218841014,2276.020887590919,1336.625322352045
2024-08-15 09:50:00,1096.166626,2051.534218841014,2328.757572453726,1324.00236093555
2024-08-15 09:55:00,957.0333862,2051.534218841014,2379.3997861898206,1421.0249341819526
2024-08-15 10:00:00,877.2666626,2051.534218841014,2427.8503233303322,1842.891702145264
2024-08-15 10:05:00,820.166687,2051.534218841014,2474.0217271877414,1887.8282567579079
2024-08-15 10:10:00,824.7666016,2051.534218841014,2517.836591393829,1887.8282567579079
2024-08-15 10:15:00,1014.599976,2051.534218841014,2559.2277974541175,1896.086517160442
2024-08-15 10:20:00,935.2999878,2051.534218841014,2598.1386862910567,1900.6616717450713
2024-08-15 10:25:00,988.8666992,2051.534218841014,2634.5231643848447,1900.6616717450713
2024-08-15 10:30:00,1829.199951,2051.534218841014,2668.3457430317276,1899.5682402887378
2024-08-15 10:35:00,2029.099976,2051.534218841014,2699.581511822846,1905.0650419549047
2024-08-15 10:40:00,1942.966675,2051.534218841014,2728.216046573108,1911.5569122585712
2024-08-15 10:45:00,2015.366699,2051.534218841014,2754.245253123075,1911.5569122585712
2024-08-15 10:50:00,2024.5,2051.534218841014,2777.6751483023163,1906.7761604465948
2024-08-15 10:55:00,2052.966553,2051.534218841014,2798.5215804353516,1881.6180049234847
2024-08-15 11:00:00,2055.900146,2051.534218841014,2816.8098917223324,2038.445686450606
2024-08-15 11:05:00,2055.733398,2051.534218841014,2832.5745250227374,2038.445686450606
2024-08-15 11:10:00,2050.333252,2051.534218841014,2845.858578826838,2039.8741755787423
2024-08-15 11:15:00,2044.633301,2051.534218841014,2856.7133135358295,2045.072957056552
2024-08-15 11:20:00,2038.900024,2051.534218841014,2865.197613163402,2045.0119784549477
2024-08-15 11:25:00,2044.900024,2051.534218841014,2871.377406530316,2044.5737562627578
2024-08-15 11:30:00,2052.833252,2051.534218841014,2875.325052529013,2044.5475529222028
2024-08-15 11:35:00,2054.56665,2051.534218841014,2877.1186940454577,2045.2823841934228
2024-08-15 11:40:00,2043.533203,2051.534218841014,2876.8415854588457,2044.8564951867825
2024-08-15 11:45:00,2025.033325,2051.534218841014,2874.5813987665015,2044.0324348718932
2024-08-15 11:50:00,1899.866699,2051.534218841014,2870.4295134247436,2041.3350815607312
2024-08-15 11:55:00,1837.449951,2051.534218841014,2864.4802952961845,2038.8330169019534
2024-08-15 12:00:00,1443.449951,2051.534218841014,2856.8303698064733,2042.2423131929859
2024-08-15 12:05:00,1090.150024,2051.534218841014,2847.5778947469917,2046.7116781936284
2024-08-15 12:10:00,860.2666626,2051.534218841014,2836.8218379262253,2046.7116781936284
2024-08-15 12:15:00,781.7333374,2051.534218841014,2824.6612648170994,2044.2599262920728
2024-08-15 12:20:00,737.7000122,2051.534218841014,2811.194641420365,2044.2599262920728
2024-08-15 12:25:00,778.5999756,2051.534218841014,2796.519157107706,2044.2672704583351
2024-08-15 12:30:00,860.0,2051.534218841014,2780.7300722366144,2037.7531259999944
2024-08-15 12:35:00,992.5999756,2051.534218841014,2763.9200952153715,2038.7123857525976
2024-08-15 12:40:00,1293.300049,2051.534218841014,2746.1787931413664,2044.7572346118718
2024-08-15 12:45:00,1723.0,2051.534218841014,2727.5920399751626,2046.7304508242896
2024-08-15 12:50:00,1716.749878,2051.534218841014,2708.241506158046,2047.439518712892
2024-08-15 12:55:00,2050.0,2051.534218841014,2688.2041928755916,1946.399170444414
2024-08-15 13:00:00,1898.733398,2051.534218841014,2667.5520139733735,1858.419917341955
2024-08-15 13:05:00,2013.666626,2051.534218841014,2646.351428214529,1892.5430612105174
2024-08-15 13:10:00,2016.333374,2051.534218841014,2624.6631241012046,1957.995698242876
2024-08-15 13:15:00,2056.399902,2051.534218841014,2602.5417588875307,1259.38465134257
2024-08-15 13:20:00,2057.166748,2051.534218841014,2580.035753675405,941.8146435021498
2024-08-15 13:25:00,2056.93335,2051.534218841014,2557.187144851026,962.4664772356542
2024-08-15 13:30:00,2057.56665,2051.534218841014,2534.031492990137,1029.3157747733608
2024-08-15 13:35:00,2057.06665,2051.534218841014,2510.59784902882,1028.585030389199
2024-08-15 13:40:00,2056.56665,2051.534218841014,2486.9087773226083,1004.2360148909213
2024-08-15 13:45:00,2055.700195,2051.534218841014,2462.9804350423287,997.1218454851437
2024-08-15 13:50:00,2055.033447,2051.534218841014,2438.8227063333056,989.4357127933549
2024-08-15 13:55:00,2054.766602,2051.534218841014,2414.4393901036838,999.7512212308175
2024-08-15 14:00:00,2054.766602,2051.534218841014,2389.828438763386,990.3478016875542
2024-08-15 14:05:00,2055.56665,2051.534218841014,2364.9822463153155,1014.9740076287843
2024-08-15 14:10:00,2054.43335,2051.534218841014,2339.88798223137,988.7683336560007
2024-08-15 14:15:00,2052.5,2051.534218841014,2314.5279685533137,999.6559258148822
2024-08-15 14:20:00,1919.066772,2051.534218841014,2288.8800964876336,954.1611798859201
2024-08-15 14:25:00,1923.466675,2051.534218841014,2262.9182790536674,624.1974504210525
2024-08-15 14:30:00,1927.0,2051.534218841014,2236.6129355111016,855.5017954283278
2024-08-15 14:35:00,2060.866455,2051.534218841014,2209.9315035749996,694.3345847997923
2024-08-15 14:40:00,2058.666748,2051.534218841014,2182.8389749995317,699.8132550096764
2024-08-15 14:45:00,2057.633301,2051.534218841014,2155.298449759342,633.875499848201
2024-08-15 14:50:00,2057.899902,2051.534218841014,2127.2717047178417,657.6047412258122
2024-08-15 14:55:00,2055.800049,2051.534218841014,2098.7197711884846,656.9514214387012
2024-08-15 15:00:00,2047.0,2051.534218841014,2069.6035173926257,865.4641916031416
2024-08-15 15:05:00,2035.266602,2051.534218841014,2039.8842303988076,864.1098155932367
2024-08-15 15:10:00,2012.533203,2051.534218841014,2009.524193057451,869.51056745338
2024-08-15 15:15:00,1985.633423,2051.534218841014,1978.4872510956334,854.604871091037
2024-08-15 15:20:00,1959.933228,2051.534218841014,1946.7393656255415,859.9756070994147
2024-08-15 15:25:00,1950.933228,2051.534218841014,1914.2491468764765,880.7977876164211
2024-08-15 15:30:00,1945.5,2051.534218841014,1880.9883642093887,862.0880662998311
2024-08-15 15:35:00,1929.700073,2051.534218841014,1846.932429112778,840.811465141566
2024-08-15 15:40:00,1897.733398,2051.534218841014,1812.0608463748074,832.4065569242663
2024-08-15 15:45:00,1867.833374,2051.534218841014,1776.3576303889738,827.6286508274959
2024-08-15 15:50:00,1825.933228,2051.534218841014,1739.8116830116887,833.2723541706295
2024-08-15 15:55:00,1774.533325,2051.534218841014,1702.4171298146314,852.4330560900784
2024-08-15 16:00:00,1713.533203,2051.534218841014,1664.1736123644587,718.8994060322564
2024-08-15 16:05:00,1672.366577,2051.534218841014,1625.086533701378,737.5037231624692
2024-08-15 16:10:00,1648.700073,2051.534218841014,1585.1672554352535,718.7636336576469
2024-08-15 16:15:00,1630.266602,2051.534218841014,1544.4332443735307,486.26568115099093
2024-08-15 16:20:00,1599.599976,2051.534218841014,1502.9081683828886,479.23890196680645
2024-08-15 16:25:00,1560.233398,2051.534218841014,1460.6219393948807,576.004801778131
2024-08-15 16:30:00,1532.366699,2051.534218841014,1417.6107044153484,585.1890615592508
2024-08-15 16:35:00,1516.333374,2051.534218841014,1373.9167837073903,573.5734965668752
2024-08-15 16:40:00,1508.166626,2051.534218841014,1329.5885570376952,576.4488558714289
2024-08-15 16:45:00,1484.133423,2051.534218841014,1284.6802987087272,575.8654391718414
2024-08-15 16:50:00,1448.866699,2051.534218841014,1239.2519624890508,608.5064395310445
2024-08-15 16:55:00,1413.366699,2051.534218841014,1193.368918572011,601.4095129867998
2024-08-15 17:00:00,1395.150024,2051.534218841014,1147.1016436300101,475.51742181935725
2024-08-15 17:05:00,1160.150024,2051.534218841014,1100.5253677307194,485.8039452927513
2024-08-15 17:10:00,721.25,2051.534218841014,1053.719679384593,413.6192471481398
2024-08-15 17:15:00,638.7999878,2051.534218841014,1006.7680927492365,491.9040034035298
2024-08-15 17:20:00,558.4666138,2051.534218841014,959.7575799742635,413.8081990704779
2024-08-15 17:25:00,595.2999878,2051.534218841014,912.7780721650756,413.2406783319499
2024-08-15 17:30:00,489.3999634,2051.534218841014,865.9219332645649,430.0863122318978
2024-08-15 17:35:00,300.9500122,2051.534218841014,819.283410298305,324.84035748298516
2024-08-15 17:40:00,148.0499878,2051.534218841014,772.9580647231365,337.56587114581504
2024-08-15 17:45:00,117.2666626,2051.534218841014,727.042188712574,323.3962318870431
2024-08-15 17:50:00,140.3999939,2051.534218841014,681.6322117713461,330.59490387061453
2024-08-15 17:55:00,164.8000031,2051.534218841014,636.8241011347569,332.7893060567775
2024-08-15 18:00:00,185.3999939,2051.534218841014,592.71276114704,157.41607542750066
2024-08-15 18:05:00,226.3000031,2051.534218841014,549.3914364478721,140.38186435571308
2024-08-15 18:10:00,255.8999939,2051.534218841014,506.9511228938031,158.70841426380244
2024-08-15 18:15:00,243.6666718,2051.534218841014,465.47999124258746,155.72487171791067
2024-08-15 18:20:00,251.6999969,2051.534218841014,425.0628276453794,166.25673396160593
2024-08-15 18:25:00,248.9666748,2051.534218841014,385.78049569741444,159.01224393201574
2024-08-15 18:30:00,233.3666534,2051.534218841014,347.70942328980067,156.84831713640358
2024-08-15 18:35:00,224.8500061,2051.534218841014,310.92111935017283,192.45448903036316
2024-08-15 18:40:00,169.0,2051.534218841014,275.48172291228786,188.53132214494767
2024-08-15 18:45:00,115.0999908,2051.534218841014,241.4515887682862,186.65577874263494
2024-08-15 18:50:00,89.43332672,2051.534218841014,208.8849124742062,190.27285001791455
2024-08-15 18:55:00,87.05000305,2051.534218841014,177.82939752529515,189.5153156313978
2024-08-15 19:00:00,68.33333588,2051.534218841014,148.3259674279657,68.05937652028798
2024-08-15 19:05:00,57.89999771,2051.534218841014,120.40852443026014,55.13115966135026
2024-08-15 19:10:00,55.20000458,2051.534218841014,94.10375702106113,62.47361840923193
2024-08-15 19:15:00,45.69999695,2051.534218841014,69.4309972495792,69.35017786892757
2024-08-15 19:20:00,35.0,2051.534218841014,46.40212944538054,68.3409298844868
2024-08-15 19:25:00,25.64999962,2051.534218841014,25.021550225785543,67.65174385272643
2024-08-15 19:30:00,18.85000038,2051.534218841014,5.286180505424741,65.91213933631276
2024-08-15 19:35:00,13.86666584,2051.534218841014,-12.814470776915147,64.78697660465227
2024-08-15 19:40:00,0.0,2051.534218841014,-29.29819185437095,58.2932821135898
2024-08-15 19:45:00,0.0,2051.534218841014,-44.18990329155487,57.61560150787838
2024-08-15 19:50:00,0.0,2051.534218841014,-57.52144420498826,50.45414743456449
2024-08-15 19:55:00,0.0,2051.534218841014,-69.33131163633706,42.93519860497759
2024-08-15 20:00:00,0.0,2051.534218841014,-79.6643548140426,0.8527777777777776
2024-08-15 20:05:00,0.0,2051.534218841014,-88.57142697803643,3.3030407455333335
2024-08-15 20:10:00,0.0,2051.534218841014,-96.10899738690182,0.3794444444444444
2024-08-15 20:15:00,0.0,2051.534218841014,-102.33872664851181,2.4737925970222236
2024-08-15 20:20:00,0.0,2051.534218841014,-107.32700862576765,1.7541111111111112
2024-08-15 20:25:00,0.0,2051.534218841014,-111.14448251108571,0.3794444444444444
2024-08-15 20:30:00,0.0,2051.534218841014,-113.8655189447217,2.4737925970222236
2024-08-15 20:35:00,0.0,2051.534218841014,-115.56768395923476,0.041666666666666664
2024-08-15 20:40:00,0.0,2051.534218841014,-116.33118522609924,0.07885714304761905
2024-08-15 20:45:00,0.0,2051.534218841014,-116.23830448695868,0.07885714304761905
2024-08-15 20:50:00,0.0,2051.534218841014,-115.37282087673583,0.0
2024-08-15 20:55:00,0.0,2051.534218841014,-113.81942934559348,0.0
2024-08-15 21:00:00,0.0,2051.534218841014,-111.6631587213889,0.0
2024-08-15 21:05:00,0.0,2051.534218841014,-108.98879381574437,0.0
2024-08-15 21:10:00,0.0,2051.534218841014,-105.88030598281384,0.0
2024-08-15 21:15:00,0.0,2051.534218841014,-102.42029642372752,0.0
2024-08-15 21:20:00,0.0,2051.534218841014,-98.68945644175196,0.0
2024-08-15 21:25:00,0.0,2051.534218841014,-94.7660486915506,0.0
2024-08-15 21:30:00,0.0,2051.534218841014,-90.72541327495276,0.0
2024-08-15 21:35:00,0.0,2051.534218841014,-86.6395024068001,0.0
2024-08-15 21:40:00,0.0,2051.534218841014,-82.57644698242801,0.0
2024-08-15 21:45:00,0.0,2051.534218841014,-78.60015826754051,0.0
2024-08-15 21:50:00,0.0,2051.534218841014,-74.76996756910555,0.0
2024-08-15 21:55:00,0.0,2051.534218841014,-71.14030642892614,0.0
2024-08-15 22:00:00,0.0,2051.534218841014,-67.76042959982271,0.0
2024-08-15 22:05:00,0.0,2051.534218841014,-64.67418264798118,0.0
2024-08-15 22:10:00,0.0,2051.534218841014,-61.919815733965585,0.0
2024-08-15 22:15:00,0.0,2051.534218841014,-59.52984467490951,0.0
2024-08-15 22:20:00,0.0,2051.534218841014,-57.53096012480981,0.0
2024-08-15 22:25:00,0.0,2051.534218841014,-55.943985150118145,0.0
2024-08-15 22:30:00,0.0,2051.534218841014,-54.78388125608488,0.0
2024-08-15 22:35:00,0.0,2051.534218841014,-54.05980243559903,0.0
2024-08-15 22:40:00,0.0,2051.534218841014,-53.77519643823086,0.0
2024-08-15 22:45:00,0.0,2051.534218841014,-53.92795209804574,0.0
2024-08-15 22:50:00,0.0,2051.534218841014,-54.51059117583519,0.0
2024-08-15 22:55:00,0.0,2051.534218841014,-55.510502808747454,0.0
2024-08-15 23:00:00,0.0,2051.534218841014,-56.910218342978986,0.0
2024-08-15 23:05:00,0.0,2051.534218841014,-58.687723950406706,0.0
2024-08-15 23:10:00,0.0,2051.534218841014,-60.81680819694304,0.0
2024-08-15 23:15:00,0.0,2051.534218841014,-63.26744139275432,0.0
2024-08-15 23:20:00,0.0,2051.534218841014,-66.00618332317048,0.0
2024-08-15 23:25:00,0.0,2051.534218841014,-68.99661573042987,0.0
2024-08-15 23:30:00,0.0,2051.534218841014,-72.19979572464698,0.0
2024-08-15 23:35:00,0.0,2051.534218841014,-75.5747261097492,0.0
2024-08-15 23:40:00,0.0,2051.534218841014,-79.07883850668844,0.0
2024-08-15 23:45:00,0.0,2051.534218841014,-82.66848507644974,0.0
2024-08-15 23:50:00,0.0,2051.534218841014,-86.29943439629803,0.0
2024-08-15 23:55:00,0.0,2051.534218841014,-89.92736742137225,0.0
2024-08-16 00:00:00,0.0,2051.534218841014,-93.50836889397067,0.0
2024-08-16 00:05:00,0.0,2051.534218841014,-96.99941013428764,0.0
2024-08-16 00:10:00,0.0,2051.534218841014,-100.35881888176236,0.0
2024-08-16 00:15:00,0.0,2051.534218841014,-103.54673209495253,0.0
2024-08-16 00:20:00,0.0,2051.534218841014,-106.5255277280044,0.0
2024-08-16 00:25:00,0.0,2051.534218841014,-109.26023167978242,0.0
2024-08-16 00:30:00,0.0,2051.534218841014,-111.71889630585252,0.0
2024-08-16 00:35:00,0.0,2051.534218841014,-113.87294711959478,0.0
2024-08-16 00:40:00,0.0,2051.534218841014,-115.69749461349753,0.0
2024-08-16 00:45:00,0.0,2051.534218841014,-117.17160822878319,0.0
2024-08-16 00:50:00,0.0,2051.534218841014,-118.27855023118968,0.0
2024-08-16 00:55:00,0.0,2051.534218841014,-119.00596693901655,0.0
2024-08-16 01:00:00,0.0,2051.534218841014,-119.34603585383984,0.0
2024-08-16 01:05:00,0.0,2051.534218841014,-119.29556687515846,0.0
2024-08-16 01:10:00,0.0,2051.534218841014,-118.85605675331087,0.0
2024-08-16 01:15:00,0.0,2051.534218841014,-118.03369592724977,0.0
2024-08-16 01:20:00,0.0,2051.534218841014,-116.83932752425896,0.0
2024-08-16 01:25:00,0.0,2051.534218841014,-115.28835853534332,0.0
2024-08-16 01:30:00,0.0,2051.534218841014,-113.40062369902483,0.0
2024-08-16 01:35:00,0.0,2051.534218841014,-111.20020297600078,0.0
2024-08-16 01:40:00,0.0,2051.534218841014,-108.71519382869542,0.0
2024-08-16 01:45:00,0.0,2051.534218841014,-105.97744010017435,0.0
2024-08-16 01:50:00,0.0,2051.534218841014,-103.02221931921744,0.0
2024-08-16 01:55:00,0.0,2051.534218841014,-99.88789104064823,0.0
2024-08-16 02:00:00,0.0,2051.534218841014,-96.61550875651928,0.0
2024-08-16 02:05:00,0.0,2051.534218841014,-93.248398549303,0.0
2024-08-16 02:10:00,0.0,2051.534218841014,-89.83170777647761,0.0
2024-08-16 02:15:00,0.0,2051.534218841014,-86.41192739172934,0.0
2024-08-16 02:20:00,0.0,2051.534218841014,-83.03639178774921,0.0
2024-08-16 02:25:00,0.0,2051.534218841014,-79.75276021559256,0.0
2024-08-16 02:30:00,0.0,2051.534218841014,-76.60848402604185,0.0
2024-08-16 02:35:00,0.0,2051.534218841014,-73.6502641751578,0.0
2024-08-16 02:40:00,0.0,2051.534218841014,-70.92350346301974,0.0
2024-08-16 02:45:00,0.0,2051.534218841014,-68.47175813917774,0.0
2024-08-16 02:50:00,0.0,2051.534218841014,-66.33619354282771,0.0
2024-08-16 02:55:00,0.0,2051.534218841014,-64.55504837917967,0.0
2024-08-16 03:00:00,0.0,2051.534218841014,-63.163112312863774,0.0
2024-08-16 03:05:00,0.0,2051.534218841014,-62.19122141888891,0.0
2024-08-16 03:10:00,0.0,2051.534218841014,-61.665775967477295,0.0
2024-08-16 03:15:00,0.0,2051.534218841014,-61.60828486391976,0.0
2024-08-16 03:20:00,0.0,2051.534218841014,-62.03494091166272,0.0
2024-08-16 03:25:00,0.0,2051.534218841014,-62.956230848966804,0.0
2024-08-16 03:30:00,0.0,2051.534218841014,-64.37658387464482,0.0
2024-08-16 03:35:00,0.0,2051.534218841014,-66.29406212995416,0.0
2024-08-16 03:40:00,0.0,2051.534218841014,-68.70009628719305,0.0
2024-08-16 03:45:00,0.0,2051.534218841014,-71.57926905652197,0.0
2024-08-16 03:50:00,0.0,2051.534218841014,-74.90914915325621,0.0
2024-08-16 03:55:00,0.0,2051.534218841014,-78.66017780089621,0.0
2024-08-16 04:00:00,0.0,2051.534218841014,-82.79560955401176,0.0
2024-08-16 04:05:00,0.0,2051.534218841014,-87.27150871017513,0.0
2024-08-16 04:10:00,0.0,2051.534218841014,-92.03680231226994,0.0
2024-08-16 04:15:00,0.0,2051.534218841014,-97.03339019645996,0.0
2024-08-16 04:20:00,0.0,2051.534218841014,-102.19631213304157,0.0
2024-08-16 04:25:00,0.0,2051.534218841014,-107.45397174504976,0.0
2024-08-16 04:30:00,0.0,2051.534218841014,-112.72841635436576,0.0
2024-08-16 04:35:00,0.0,2051.534218841014,-117.93567157306659,0.0
2024-08-16 04:40:00,0.0,2051.534218841014,-122.98612889539135,0.0
2024-08-16 04:45:00,0.0,2051.534218841014,-127.78498432424864,0.0
2024-08-16 04:50:00,0.0,2051.534218841014,-132.23272547961722,0.0
2024-08-16 04:55:00,0.0,2051.534218841014,-136.22566434458832,0.0
2024-08-16 05:00:00,0.0,2051.534218841014,-139.65651247664346,0.0
2024-08-16 05:05:00,0.0,2051.534218841014,-142.41499493504463,0.0
2024-08-16 05:10:00,0.0,2051.534218841014,-144.38849931991885,0.0
2024-08-16 05:15:00,0.0,2051.534218841014,-145.46275542097328,0.0
2024-08-16 05:20:00,0.0,2051.534218841014,-145.52254124030512,0.0
2024-08-16 05:25:00,0.0,2051.534218841014,-144.45241059970635,0.0
2024-08-16 05:30:00,0.0,2051.534218841014,-142.13743747255378,0.0
2024-08-16 05:35:00,0.0,2051.534218841014,-138.4639719831128,0.0
2024-08-16 05:40:00,0.0,2051.534218841014,-133.32040289842985,0.0
2024-08-16 05:45:00,0.0,2051.534218841014,-126.59792130770984,0.0
2024-08-16 05:50:00,0.0,2051.534218841014,-118.19128021627517,0.0
2024-08-16 05:55:00,0.0,2051.534218841014,-107.99954469638027,0.0
2024-08-16 06:00:00,0.0,2051.534218841014,-95.92682720641366,8.42573876641024
2024-08-16 06:05:00,0.0,2051.534218841014,-81.88300293101254,15.023073739696589
2024-08-16 06:10:00,0.0,2051.534218841014,-65.78439996916602,20.19071978972096
2024-08-16 06:15:00,0.0,2051.534218841014,-47.55445928620417,20.19071978972096
2024-08-16 06:20:00,0.0,2051.534218841014,-27.12435968420133,23.40244257345942
2024-08-16 06:25:00,0.0,2051.534218841014,-4.433603164212041,23.210676729235765
2024-08-16 06:30:00,0.0,2051.534218841014,20.569443869624354,24.14554340300243
2024-08-16 06:35:00,0.0,2051.534218841014,47.92705717201709,24.14554340300243
2024-08-16 06:40:00,0.0,2051.534218841014,77.67171348230436,25.449956881772195
2024-08-16 06:45:00,72.69999695,2051.534218841014,109.82570431502003,40.757484256313354
2024-08-16 06:50:00,78.90000153,2051.534218841014,144.40080835539482,40.757484256313354
2024-08-16 06:55:00,89.69999695,2051.534218841014,181.3980247854523,40.72275204032116
2024-08-16 07:00:00,144.6000061,2051.534218841014,220.80736996971635,361.7828479201564
2024-08-16 07:05:00,177.1000061,2051.534218841014,262.607739380797,346.9684352153985
2024-08-16 07:10:00,221.6999969,2051.534218841014,306.76683580306525,246.02428236636388
2024-08-16 07:15:00,276.1000061,2051.534218841014,353.2411655709378,259.47389922823197
2024-08-16 07:20:00,315.5,2051.534218841014,401.9761020505278,283.1023438121505
2024-08-16 07:25:00,298.3666687,2051.534218841014,452.9060177263554,266.39344034409646
2024-08-16 07:30:00,406.7000122,2051.534218841014,505.9544834648534,278.4822113308772
2024-08-16 07:35:00,458.2999878,2051.534218841014,561.0345346112862,307.0453136705347
2024-08-16 07:40:00,527.9000244,2051.534218841014,618.0490018768282,328.5593466051827
2024-08-16 07:45:00,576.2999878,2051.534218841014,676.8909060095899,454.67713025326503
2024-08-16 07:50:00,626.0999756,2051.534218841014,737.4439131942479,504.8494862944365
2024-08-16 07:55:00,687.5,2051.534218841014,799.5828489011802,506.67371775677776
2024-08-16 08:00:00,786.2000122,2051.534218841014,863.1742671894731,902.2013505672745
2024-08-16 08:05:00,928.0999756,2051.534218841014,928.0770709450198,920.5565924022599
2024-08-16 08:10:00,849.7333984,2051.534218841014,994.1431809149121,976.0332447466477
2024-08-16 08:15:00,888.0666504,2051.534218841014,1061.2182474965446,1010.0954542125796
2024-08-16 08:20:00,874.6000366,2051.534218841014,1129.142402130723,1137.5050641144364
2024-08-16 08:25:00,863.9666138,2051.534218841014,1197.7510427532404,1137.1923281962293
2024-08-16 08:30:00,957.7000122,2051.534218841014,1266.8756484918126,1113.260790874437
2024-08-16 08:35:00,904.166687,2051.534218841014,1336.3446185652194,1089.9125436477748
2024-08-16 08:40:00,1117.5,2051.534218841014,1405.98412931188,1081.3524675316485
2024-08-16 08:45:00,1033.700073,2051.534218841014,1475.6190050501011,1039.4117436864126
2024-08-16 08:50:00,1210.699951,2051.534218841014,1545.0735953312383,1034.3609532853604
2024-08-16 08:55:00,1144.93335,2051.534218841014,1614.1726548236254,1032.667800773186
2024-08-16 09:00:00,1641.300049,2051.534218841014,1682.7422187949423,1552.480412483694
2024-08-16 09:05:00,1524.450073,2051.534218841014,1750.6104690089878,1551.3616357655462
2024-08-16 09:10:00,1524.449829,2051.534218841014,1817.6085846310864,1551.3616357655462
2024-08-16 09:15:00,1300.149902,2051.534218841014,1883.5715719527552,1518.3207341679854
2024-08-16 09:20:00,911.8999634,2051.534218841014,1948.339068534074,1518.3207341679854
2024-08-16 09:25:00,700.7999878,2051.534218841014,2011.7561158267658,1459.0987741739448
2024-08-16 09:30:00,1733.599976,2051.534218841014,2073.6738961113806,1346.917061665657
2024-08-16 09:35:00,1730.700073,2051.534218841014,2133.9504277712294,1304.0412469376263
2024-08-16 09:40:00,1726.900024,2051.534218841014,2192.451216396679,1294.960613745062
2024-08-16 09:45:00,1722.599976,2051.534218841014,2249.049855809635,1285.4972576744954
2024-08-16 09:50:00,1724.466675,2051.534218841014,2303.6285766182427,1283.9200788016678
2024-08-16 09:55:00,1741.433228,2051.534218841014,2356.0787382569015,1262.7966964719717
2024-08-16 10:00:00,1769.333374,2051.534218841014,2406.3012617908676,1740.9722935073635
2024-08-16 10:05:00,1803.666626,2051.534218841014,2454.207001126432,1724.927982061308
2024-08-16 10:10:00,1834.733398,2051.534218841014,2499.7170499753342,1723.1379826706416
2024-08-16 10:15:00,1863.033325,2051.534218841014,2542.762983976291,1701.2827589085043
2024-08-16 10:20:00,1889.466797,2051.534218841014,2583.2870354006104,1869.1575781385984
2024-08-16 10:25:00,1915.666626,2051.534218841014,2621.242201132296,1895.6441615635342
2024-08-16 10:30:00,1942.866699,2051.534218841014,2656.5922827632394,1909.0135795328329
2024-08-16 10:35:00,1969.333374,2051.534218841014,2689.3118593812464,1939.8828343326218
2024-08-16 10:40:00,1994.766602,2051.534218841014,2719.3861938309155,1945.7537823457328
2024-08-16 10:45:00,2016.633301,2051.534218841014,2746.811073299597,1945.7537823457328
2024-08-16 10:50:00,2035.800171,2051.534218841014,2771.592586293134,1952.318815905698
2024-08-16 10:55:00,2049.166748,2051.534218841014,2793.746837709664,1952.318815905698
2024-08-16 11:00:00,2055.900146,2051.534218841014,2813.2996048185087,2055.4465981913295
2024-08-16 11:05:00,2057.999756,2051.534218841014,2830.285936555261,2055.137797932742
2024-08-16 11:10:00,2058.233154,2051.534218841014,2844.749700068735,2055.137797932742
2024-08-16 11:15:00,2059.5,2051.534218841014,2856.743077650674,2054.6236501290073
2024-08-16 11:20:00,2059.699951,2051.534218841014,2866.3260181804576,2054.773169696702
2024-08-16 11:25:00,2060.133301,2051.534218841014,2873.565647429671,2054.773169696702
2024-08-16 11:30:00,2060.400146,2051.534218841014,2878.5356416602885,2054.508603335591
2024-08-16 11:35:00,2060.699951,2051.534218841014,2881.3155693437593,2054.965271291996
2024-08-16 11:40:00,2060.266846,2051.534218841014,2881.990205937404,2055.233332021171
2024-08-16 11:45:00,2059.966553,2051.534218841014,2880.648826912786,2055.233332021171
2024-08-16 11:50:00,2060.199951,2051.534218841014,2877.3844841764544,2056.980616712379
2024-08-16 11:55:00,2060.300049,2051.534218841014,2872.2932714322737,2056.980616712379
2024-08-16 12:00:00,2057.93335,2051.534218841014,2865.4735835692586,2057.3407888335328
2024-08-16 12:05:00,2055.133545,2051.534218841014,2857.025375835486,2057.1912645420566
2024-08-16 12:10:00,2053.06665,2051.534218841014,2847.0494277622233,2057.3524819766767
2024-08-16 12:15:00,2054.466553,2051.534218841014,2835.6466175037676,1932.515785271464
2024-08-16 12:20:00,2055.966797,2051.534218841014,2822.9172114776925,1937.4959515531643
2024-08-16 12:25:00,2057.100098,2051.534218841014,2808.9601745038867,1935.5870175664297
2024-08-16 12:30:00,2056.866455,2051.534218841014,2793.8725051034176,1993.952065639926
2024-08-16 12:35:00,2057.06665,2051.534218841014,2777.748600914431,2008.972112318006
2024-08-16 12:40:00,2058.400146,2051.534218841014,2760.679658159452,2026.8252721881277
2024-08-16 12:45:00,2059.666748,2051.534218841014,2742.7531094878423,2026.9234075818786
2024-08-16 12:50:00,2061.43335,2051.534218841014,2724.0521040706344,2027.3578684763045
2024-08-16 12:55:00,2061.5,2051.534218841014,2704.6550329888664,1984.5392783240763
2024-08-16 13:00:00,2060.833496,2051.534218841014,2684.6351034428194,1958.3910452143425
2024-08-16 13:05:00,2058.900146,2051.534218841014,2664.059964026427,1966.6697314702087
2024-08-16 13:10:00,2057.366943,2051.534218841014,2642.991383664266,2034.5412682247006
2024-08-16 13:15:00,2057.033447,2051.534218841014,2621.4849858630973,2023.3242322498984
2024-08-16 13:20:00,2057.93335,2051.534218841014,2599.5900397822356,2008.9931514433904
2024-08-16 13:25:00,2060.166748,2051.534218841014,2577.349309126535,1973.4536915724457
2024-08-16 13:30:00,2061.449951,2051.534218841014,2554.798959262361,1912.165431765281
2024-08-16 13:35:00,1775.449951,2051.534218841014,2531.968522814143,1895.1437129063916
2024-08-16 13:40:00,1146.75,2051.534218841014,2508.8809231988066,1928.5740174694504
2024-08-16 13:45:00,687.5999756,2051.534218841014,2485.5525555865843,1966.5549697957445
2024-08-16 13:50:00,460.0500183,2051.534218841014,2461.9934236457516,2028.2481366685013
2024-08-16 13:55:00,328.7999878,2051.534218841014,2438.207330844536,2026.4277527088843
2024-08-16 14:00:00,284.6500244,2051.534218841014,2414.1921237694887,1720.3853222850428
2024-08-16 14:05:00,225.8500061,2051.534218841014,2389.939985666801,1773.4705073011764
2024-08-16 14:10:00,161.7000122,2051.534218841014,2365.437776659953,1904.3980865931487
2024-08-16 14:15:00,147.1666718,2051.534218841014,2340.667417897485,2001.2037103472894
2024-08-16 14:20:00,147.4000092,2051.534218841014,2315.6063161856882,2011.9193698288077
2024-08-16 14:25:00,162.6000061,2051.534218841014,2290.227825024382,2051.227021607202
2024-08-16 14:30:00,155.7666626,2051.534218841014,2264.501738247474,2036.6123394985998
2024-08-16 14:35:00,187.6999969,2051.534218841014,2238.3948119117435,2035.554717189956
2024-08-16 14:40:00,176.4333344,2051.534218841014,2211.871309880766,2011.0265954104932
2024-08-16 14:45:00,205.0,2051.534218841014,2184.893568652719,1983.0526892504533
2024-08-16 14:50:00,197.3333282,2051.534218841014,2157.422576461895,1972.5361793107124
2024-08-16 14:55:00,232.3999939,2051.534218841014,2129.418561992563,1962.8139354610933
2024-08-16 15:00:00,218.8333282,2051.534218841014,2100.8415875949822,1343.872758641496
2024-08-16 15:05:00,223.1666718,2051.534218841014,2071.6521422654837,1378.3962446221053
2024-08-16 15:10:00,213.3666534,2051.534218841014,2041.8117294310382,935.2823554363024
2024-08-16 15:15:00,205.8333282,2051.534218841014,2011.2834446079464,898.703324534589
2024-08-16 15:20:00,204.4000092,2051.534218841014,1980.0325384844248,771.1631958676679
2024-08-16 15:25:00,257.8999939,2051.534218841014,1948.0269604992807,683.5563410975421
2024-08-16 15:30:00,318.5,2051.534218841014,1915.2378784943805,748.3988388529981
2024-08-16 15:35:00,371.2000122,2051.534218841014,1881.640170790186,746.255972570569
2024-08-16 15:40:00,423.7000122,2051.534218841014,1847.212885823979,834.8096476294656
2024-08-16 15:45:00,480.8999939,2051.534218841014,1811.939666178132,866.2264170258055
2024-08-16 15:50:00,548.4000244,2051.534218841014,1775.809133619012,1895.48711356861
2024-08-16 15:55:00,632.9000244,2051.534218841014,1738.8152316538856,1863.4459785891033
2024-08-16 16:00:00,597.333313,2051.534218841014,1700.9575231553663,1366.970396528123
2024-08-16 16:05:00,629.9333496,2051.534218841014,1662.2414405421089,1316.3027112800246
2024-08-16 16:10:00,636.9666748,2051.534218841014,1622.6784863925088,1278.8791654918182
2024-08-16 16:15:00,655.7333374,2051.534218841014,1582.2863831098903,1118.9638968601964
2024-08-16 16:20:00,783.9000244,2051.534218841014,1541.0891700992713,1020.1925132211783
2024-08-16 16:25:00,854.9000244,2051.534218841014,1499.1172480064006,974.2946677515105
2024-08-16 16:30:00,820.333313,2051.534218841014,1456.4073692042366,907.2515543507014
2024-08-16 16:35:00,838.7000122,2051.534218841014,1413.0025749214278,933.8538427045181
2024-08-16 16:40:00,823.0333862,2051.534218841014,1368.9520793204556,903.5456970951309
2024-08-16 16:45:00,925.5,2051.534218841014,1324.3111012634374,845.9276914953942
2024-08-16 16:50:00,1067.199951,2051.534218841014,1279.140645453411,757.2774985065595
2024-08-16 16:55:00,996.333313,2051.534218841014,1233.5072341360544,756.7371297245224
2024-08-16 17:00:00,1031.75,2051.534218841014,1187.482591487867,793.7974572768375
2024-08-16 17:05:00,865.9000244,2051.534218841014,1141.143283769868,793.152015397415
2024-08-16 17:10:00,560.9500732,2051.534218841014,1094.5703170718791,1008.3151344953008
2024-08-16 17:15:00,360.8999939,2051.534218841014,1047.8486961556018,1107.0369607421837
2024-08-16 17:20:00,347.3333435,2051.534218841014,1001.0669482205234,955.1655867408625
2024-08-16 17:25:00,308.8999939,2051.534218841014,954.3166144613083,947.6473185912349
2024-08-16 17:30:00,284.2666931,2051.534218841014,907.6917139144697,918.0683111584389
2024-08-16 17:35:00,272.3000183,2051.534218841014,861.288183532083,882.932056812888
2024-08-16 17:40:00,269.6333313,2051.534218841014,815.203298672441,882.8366342180944
2024-08-16 17:45:00,265.3000183,2051.534218841014,769.5350787673987,853.6071430909734
2024-08-16 17:50:00,403.8999939,2051.534218841014,724.3816823754098,827.8725290584332
2024-08-16 17:55:00,404.7000122,2051.534218841014,679.8407966491457,777.7648788352034
2024-08-16 18:00:00,398.6333313,2051.534218841014,636.009025411555,293.6535733232885
2024-08-16 18:05:00,383.8000183,2051.534218841014,592.9812810334691,282.3749445419026
2024-08-16 18:10:00,357.9666748,2051.534218841014,550.8501844365154,384.56246878241734
2024-08-16 18:15:00,330.4666748,2051.534218841014,509.70547785158675,278.4058532963161
2024-08-16 18:20:00,308.8999939,2051.534218841014,469.633455101088,274.1114744592529
2024-08-16 18:25:00,299.3500061,2051.534218841014,430.71641331403634,250.56215926843282
2024-08-16 18:30:00,264.7000122,2051.534218841014,393.0321303315686,273.5262471635772
2024-08-16 18:35:00,213.8333282,2051.534218841014,356.653372377647,246.7638182916841
2024-08-16 18:40:00,198.5999908,2051.534218841014,321.6474347272738,235.47667126243167
2024-08-16 18:45:00,181.6333466,2051.534218841014,288.07571963312694,224.14697198982094
2024-08-16 18:50:00,173.9499817,2051.534218841014,255.99335425123132,223.40841636142096
2024-08-16 18:55:00,141.5499878,2051.534218841014,225.4488518318852,223.77039955030395
2024-08-16 19:00:00,107.6499939,2051.534218841014,196.48381821070868,64.71818583288686
2024-08-16 19:05:00,78.80000305,2051.534218841014,169.13270621801303,59.059305102216406
2024-08-16 19:10:00,57.15000534,2051.534218841014,143.42261948054863,64.11111113631048
2024-08-16 19:15:00,40.09999847,2051.534218841014,119.3731673337349,63.3017718230253
2024-08-16 19:20:00,27.90000153,2051.534218841014,96.99637162274738,52.973446290535904
2024-08-16 19:25:00,20.25,2051.534218841014,76.29662619898305,56.92712447297604
2024-08-16 19:30:00,15.03333282,2051.534218841014,57.27070915719442,60.77949952055946
2024-08-16 19:35:00,13.5,2051.534218841014,39.90784778542742,58.18681386472057
2024-08-16 19:40:00,12.66666698,2051.534218841014,24.18983556934549,69.49326270511082
2024-08-16 19:45:00,0.0,2051.534218841014,10.091200190315195,63.86603019350557
2024-08-16 19:50:00,0.0,2051.534218841014,-2.420578637197417,60.36744500204465
2024-08-16 19:55:00,0.0,2051.534218841014,-13.384803605574405,67.64822830544578
2024-08-16 20:00:00,0.0,2051.534218841014,-22.847248342290708,6.516098903352831
2024-08-16 20:05:00,0.0,2051.534218841014,-30.85980260232582,0.15353702545
2024-08-16 20:10:00,0.0,2051.534218841014,-37.480077031184514,0.15353702545
2024-08-16 20:15:00,0.0,2051.534218841014,-42.77097046204312,0.0
2024-08-16 20:20:00,0.0,2051.534218841014,-46.80020322930006,0.0
2024-08-16 20:25:00,0.0,2051.534218841014,-49.639820060710306,0.0
2024-08-16 20:30:00,0.0,2051.534218841014,-51.365666511943616,0.0
2024-08-16 20:35:00,0.0,2051.534218841014,-52.056842931255325,0.0
2024-08-16 20:40:00,0.0,2051.534218841014,-51.79514020754151,0.0
2024-08-16 20:45:00,0.0,2051.534218841014,-50.664461635782686,0.0
2024-08-16 20:50:00,0.0,2051.534218841014,-48.75023539274678,0.0
2024-08-16 20:55:00,0.0,2051.534218841014,-46.13882206419482,0.07573544696507938
2024-08-16 21:00:00,0.0,2051.534218841014,-42.916921802335565,0.0
2024-08-16 21:05:00,0.0,2051.534218841014,-39.17098561347988,0.0
2024-08-16 21:10:00,0.0,2051.534218841014,-34.9866352537256,0.0
2024-08-16 21:15:00,0.0,2051.534218841014,-30.448096110521114,0.0
2024-08-16 21:20:00,0.0,2051.534218841014,-25.637647369343632,0.0
2024-08-16 21:25:00,0.0,2051.534218841014,-20.63509356372054,0.0
2024-08-16 21:30:00,0.0,2051.534218841014,-15.517261423187572,0.0
2024-08-16 21:35:00,0.0,2051.534218841014,-10.357525868837914,0.0
2024-08-16 21:40:00,0.0,2051.534218841014,-5.22536847130588,0.0
2024-08-16 21:45:00,0.0,2051.534218841014,-0.18597171615382732,0.0
2024-08-16 21:50:00,0.0,2051.534218841014,4.700148058742078,0.0
2024-08-16 21:55:00,0.0,2051.534218841014,9.377466406155866,0.0
2024-08-16 22:00:00,0.0,2051.534218841014,13.795732970267908,0.0
2024-08-16 22:05:00,0.0,2051.534218841014,17.910208196104623,0.0
2024-08-16 22:10:00,0.0,2051.534218841014,21.681853004994675,0.0
2024-08-16 22:15:00,0.0,2051.534218841014,25.07747030594815,0.0
2024-08-16 22:20:00,0.0,2051.534218841014,28.069797474337285,0.0
2024-08-16 22:25:00,0.0,2051.534218841014,30.63754955803053,0.0
2024-08-16 22:30:00,0.0,2051.534218841014,32.765413087702036,0.0
2024-08-16 22:35:00,0.0,2051.534218841014,34.44399100519456,0.0
2024-08-16 22:40:00,0.0,2051.534218841014,35.669699463615174,0.0
2024-08-16 22:45:00,0.0,2051.534218841014,36.444617719469434,0.0
2024-08-16 22:50:00,0.0,2051.534218841014,36.77629268157746,0.0
2024-08-16 22:55:00,0.0,2051.534218841014,36.677500046542626,0.0
2024-08-16 23:00:00,0.0,2051.534218841014,36.16596430763526,0.0
2024-08-16 23:05:00,0.0,2051.534218841014,35.26404028808758,0.0
2024-08-16 23:10:00,0.0,2051.534218841014,33.998359019721846,0.0
2024-08-16 23:15:00,0.0,2051.534218841014,32.399441340958,0.0
2024-08-16 23:20:00,0.0,2051.534218841014,30.501282473320504,0.0
2024-08-16 23:25:00,0.0,2051.534218841014,28.34091148948775,0.0
2024-08-16 23:30:00,0.0,2051.534218841014,25.95792940493132,0.0
2024-08-16 23:35:00,0.0,2051.534218841014,23.394030057288475,0.0
2024-08-16 23:40:00,0.0,2051.534218841014,20.69250794773985,0.0
2024-08-16 23:45:00,0.0,2051.534218841014,17.897757366175554,0.0
2024-08-16 23:50:00,0.0,2051.534218841014,15.054767189845819,0.0
2024-08-16 23:55:00,0.0,2051.534218841014,12.208615714460311,0.0
2024-08-17 00:00:00,0.0,2051.534218841014,9.403970087452,0.0
2024-08-17 00:05:00,0.0,2051.534218841014,6.684594432678417,0.0
2024-08-17 00:10:00,0.0,2051.534218841014,4.092871357228425,0.0
2024-08-17 00:15:00,0.0,2051.534218841014,1.669340607699907,0.0
2024-08-17 00:20:00,0.0,2051.534218841014,-0.5477406733924476,0.0
2024-08-17 00:25:00,0.0,2051.534218841014,-2.522812508228775,0.0
2024-08-17 00:30:00,0.0,2051.534218841014,-4.2233976287209,0.0
2024-08-17 00:35:00,0.0,2051.534218841014,-5.620454636931181,0.0
2024-08-17 00:40:00,0.0,2051.534218841014,-6.688695580942885,0.0
2024-08-17 00:45:00,0.0,2051.534218841014,-7.406865079455899,0.0
2024-08-17 00:50:00,0.0,2051.534218841014,-7.757978461408254,0.0
2024-08-17 00:55:00,0.0,2051.534218841014,-7.729516564546846,0.0
2024-08-17 01:00:00,0.0,2051.534218841014,-7.313575588114811,0.0
2024-08-17 01:05:00,0.0,2051.534218841014,-6.506970116645518,0.0
2024-08-17 01:10:00,0.0,2051.534218841014,-5.311288631341483,0.0
2024-08-17 01:15:00,0.0,2051.534218841014,-3.732900366836217,0.0
2024-08-17 01:20:00,0.0,2051.534218841014,-1.7829135571367558,0.0
2024-08-17 01:25:00,0.0,2051.534218841014,0.522915100892301,0.0
2024-08-17 01:30:00,0.0,2051.534218841014,3.1643191179673185,0.0
2024-08-17 01:35:00,0.0,2051.534218841014,6.1167081951243425,0.0
2024-08-17 01:40:00,0.0,2051.534218841014,9.351400185443138,0.0
2024-08-17 01:45:00,0.0,2051.534218841014,12.835897350525286,0.0
2024-08-17 01:50:00,0.0,2051.534218841014,16.53420487182612,0.0
2024-08-17 01:55:00,0.0,2051.534218841014,20.407189099243123,0.0
2024-08-17 02:00:00,0.0,2051.534218841014,24.412972929862686,0.0
2024-08-17 02:05:00,0.0,2051.534218841014,28.507364982564468,0.0
2024-08-17 02:10:00,0.0,2051.534218841014,32.64431938277017,0.0
2024-08-17 02:15:00,0.0,2051.534218841014,36.77642234386494,0.0
2024-08-17 02:20:00,0.0,2051.534218841014,40.855401660087566,0.0
2024-08-17 02:25:00,0.0,2051.534218841014,44.83265497423213,0.0
2024-08-17 02:30:00,0.0,2051.534218841014,48.65979244633551,0.0
2024-08-17 02:35:00,0.0,2051.534218841014,52.289189386470916,0.0
2024-08-17 02:40:00,0.0,2051.534218841014,55.67454420585027,0.0
2024-08-17 02:45:00,0.0,2051.534218841014,58.771437037261165,0.0
2024-08-17 02:50:00,0.0,2051.534218841014,61.537884220200034,0.0
2024-08-17 02:55:00,0.0,2051.534218841014,63.93488400435116,0.0
2024-08-17 03:00:00,0.0,2051.534218841014,65.92694866630366,0.0
2024-08-17 03:05:00,0.0,2051.534218841014,67.48261844418985,0.0
2024-08-17 03:10:00,0.0,2051.534218841014,68.57495271745658,0.0
2024-08-17 03:15:00,0.0,2051.534218841014,69.1819940274245,0.0
2024-08-17 03:20:00,0.0,2051.534218841014,69.28720069742295,0.0
2024-08-17 03:25:00,0.0,2051.534218841014,68.87984403290777,0.0
2024-08-17 03:30:00,0.0,2051.534218841014,67.95536631160422,0.0
2024-08-17 03:35:00,0.0,2051.534218841014,66.51569602634771,0.0
2024-08-17 03:40:00,0.0,2051.534218841014,64.5695172001292,0.0
2024-08-17 03:45:00,0.0,2051.534218841014,62.132489854563616,0.0
2024-08-17 03:50:00,0.0,2051.534218841014,59.22741911403703,0.0
2024-08-17 03:55:00,0.0,2051.534218841014,55.884370754261596,0.0
2024-08-17 04:00:00,0.0,2051.534218841014,52.14073148066186,0.0
2024-08-17 04:05:00,0.0,2051.534218841014,48.04121250505168,0.0
2024-08-17 04:10:00,0.0,2051.534218841014,43.63779554481669,0.0
2024-08-17 04:15:00,0.0,2051.534218841014,38.9896206514128,0.0
2024-08-17 04:20:00,0.0,2051.534218841014,34.16281599213256,0.0
2024-08-17 04:25:00,0.0,2051.534218841014,29.230269634595754,0.0
2024-08-17 04:30:00,0.0,2051.534218841014,24.271344530725596,0.0
2024-08-17 04:35:00,0.0,2051.534218841014,19.37153764602367,0.0
2024-08-17 04:40:00,0.0,2051.534218841014,14.622085104729065,0.0
2024-08-17 04:45:00,0.0,2051.534218841014,10.119515396248659,0.0
2024-08-17 04:50:00,0.0,2051.534218841014,5.965153157605702,0.0
2024-08-17 04:55:00,0.0,2051.534218841014,2.264576518366875,0.0
2024-08-17 05:00:00,0.0,2051.534218841014,-0.8729688453706961,0.0
2024-08-17 05:05:00,0.0,2051.534218841014,-3.3351950720408587,0.0
2024-08-17 05:10:00,0.0,2051.534218841014,-5.007433250705327,0.0
2024-08-17 05:15:00,0.0,2051.534218841014,-5.773325675738537,0.0
2024-08-17 05:20:00,0.0,2051.534218841014,-5.515545075932984,0.0
2024-08-17 05:25:00,0.0,2051.534218841014,-4.116535675382599,0.0
2024-08-17 05:30:00,0.0,2051.534218841014,-1.4592714168992333,0.0
2024-08-17 05:35:00,0.0,2051.534218841014,2.571974013354062,0.0
2024-08-17 05:40:00,0.0,2051.534218841014,8.0908505258475,0.0
2024-08-17 05:45:00,0.0,2051.534218841014,15.208153773338948,0.0
2024-08-17 05:50:00,0.0,2051.534218841014,24.031051436694923,0.0
2024-08-17 05:55:00,0.0,2051.534218841014,34.66231919014546,0.0
2024-08-17 06:00:00,0.0,2051.534218841014,47.199591740978484,67.45446701861854
2024-08-17 06:05:00,0.0,2051.534218841014,61.73463417030083,69.42444531717348
2024-08-17 06:10:00,0.0,2051.534218841014,78.35263904453993,62.47247592128999
2024-08-17 06:15:00,0.0,2051.534218841014,97.13155417890498,35.86261342609715
2024-08-17 06:20:00,0.0,2051.534218841014,118.14144611774584,40.66208499203931
2024-08-17 06:25:00,0.0,2051.534218841014,141.44390400329112,46.155716779073146
2024-08-17 06:30:00,0.0,2051.534218841014,167.09148821155065,46.16852629144141
2024-08-17 06:35:00,0.0,2051.534218841014,195.12722803980253,49.47736534400434
2024-08-17 06:40:00,0.0,2051.534218841014,225.58417214088993,58.28200050120688
2024-08-17 06:45:00,78.90000153,2051.534218841014,258.4849954022243,71.21572495969623
2024-08-17 06:50:00,98.5,2051.534218841014,293.8416651936139,71.93190272094289
2024-08-17 06:55:00,117.0,2051.534218841014,331.6551699328879,82.43651783197987
2024-08-17 07:00:00,140.8000031,2051.534218841014,371.9153119435381,445.9637714629922
2024-08-17 07:05:00,176.6999969,2051.534218841014,414.6005668611482,474.0280958043144
2024-08-17 07:10:00,242.1999969,2051.534218841014,459.6780107345277,488.85337362648266
2024-08-17 07:15:00,298.5,2051.534218841014,507.10331611996895,514.7800645545652
2024-08-17 07:20:00,346.1000061,2051.534218841014,556.8208168709642,536.5149069500319
2024-08-17 07:25:00,408.0,2051.534218841014,608.7636426915326,536.5149069500319
2024-08-17 07:30:00,463.6000061,2051.534218841014,662.8539223542685,531.3653962170939
2024-08-17 07:35:00,521.4000244,2051.534218841014,719.0030544311451,532.3808183905162
2024-08-17 07:40:00,577.4000244,2051.534218841014,777.1120447785086,532.3808183905162
2024-08-17 07:45:00,624.7000122,2051.534218841014,837.0719083551518,532.3808183905162
2024-08-17 07:50:00,671.7000122,2051.534218841014,898.7641332091549,384.2974470388743
2024-08-17 07:55:00,715.5999756,2051.534218841014,962.061204051063,384.2974470388743
2024-08-17 08:00:00,700.8666992,2051.534218841014,1026.8271817615737,952.2151999919188
2024-08-17 08:05:00,828.5,2051.534218841014,1092.918335819022,930.2029969227692
2024-08-17 08:10:00,787.0667114,2051.534218841014,1160.1838251300055,916.1057869931246
2024-08-17 08:15:00,838.3999634,2051.534218841014,1228.4664235634732,917.9397171233653
2024-08-17 08:20:00,866.7333374,2051.534218841014,1297.6032850961383,895.476370292716
2024-08-17 08:25:00,915.2000122,2051.534218841014,1367.4267438635711,913.1861215469983
2024-08-17 08:30:00,1099.199951,2051.534218841014,1437.7651442357458,632.7100425073788
2024-08-17 08:35:00,1049.099976,2051.534218841014,1508.4436948497655,559.3914420463142
2024-08-17 08:40:00,1110.333374,2051.534218841014,1579.2853419663497,517.0378296944847
2024-08-17 08:45:00,1142.700073,2051.534218841014,1650.1116563240075,589.934198374547
2024-08-17 08:50:00,1196.633301,2051.534218841014,1720.7437266822656,588.7455330134358
2024-08-17 08:55:00,1245.900024,2051.534218841014,1791.0030559827132,588.7455330134358
2024-08-17 09:00:00,1293.799927,2051.534218841014,1860.7124532573864,935.0062227792171
2024-08-17 09:05:00,1340.599976,2051.534218841014,1929.6969153286525,891.2253442398552
2024-08-17 09:10:00,1387.099976,2051.534218841014,1997.7844934818163,891.2253442398552
2024-08-17 09:15:00,1433.066772,2051.534218841014,2064.8071387916675,896.6561075192775
2024-08-17 09:20:00,1477.066772,2051.534218841014,2130.601520913651,929.1538095181237
2024-08-17 09:25:00,1519.233398,2051.534218841014,2195.009815270958,1442.6624517514872
2024-08-17 09:30:00,1559.366699,2051.534218841014,2257.880453130241,1453.0646922444873
2024-08-17 09:35:00,1597.933228,2051.534218841014,2319.068830384935,1457.1780750413022
2024-08-17 09:40:00,1634.833374,2051.534218841014,2378.4379700355717,1508.7317272829182
2024-08-17 09:45:00,1670.700073,2051.534218841014,2435.8591347789425,1700.0374694185746
2024-08-17 09:50:00,1706.566772,2051.534218841014,2491.2123854656293,1696.3779080370932
2024-08-17 09:55:00,1742.666626,2051.534218841014,2544.3870822127665,1743.7358891146262
2024-08-17 10:00:00,1778.966797,2051.534218841014,2595.2823253508764,1858.3134038738679
2024-08-17 10:05:00,1811.633423,2051.534218841014,2643.807333098584,1860.7027607432854
2024-08-17 10:10:00,1840.700073,2051.534218841014,2689.881754510691,1835.1835318212852
2024-08-17 10:15:00,1867.666626,2051.534218841014,2733.435915842834,1834.3260339343572
2024-08-17 10:20:00,1897.400024,2051.534218841014,2774.41099847345,1866.899167345813
2024-08-17 10:25:00,1929.099976,2051.534218841014,2812.759148783951,1895.6286980224652
2024-08-17 10:30:00,1960.933228,2051.534218841014,2848.443519043428,1903.6278535760737
2024-08-17 10:35:00,1988.699829,2051.534218841014,2881.4382394900513,1923.4268506477442
2024-08-17 10:40:00,2013.333374,2051.534218841014,2911.7283228105534,1934.0697587738061
2024-08-17 10:45:00,2032.099976,2051.534218841014,2939.3095018167796,1942.9200718017746
2024-08-17 10:50:00,2046.133301,2051.534218841014,2964.1880021227526,1945.3137707046792
2024-08-17 10:55:00,2053.533203,2051.534218841014,2986.3802519832284,1948.2796465740719
2024-08-17 11:00:00,2057.199951,2051.534218841014,3005.912531667655,2055.965170139456
2024-08-17 11:05:00,2058.166748,2051.534218841014,3022.820565502747,2057.165692331506
2024-08-17 11:10:00,2057.43335,2051.534218841014,3037.1490598083374,2057.2428935503567
2024-08-17 11:15:00,2056.899902,2051.534218841014,3048.951190488532,2057.86665053724
2024-08-17 11:20:00,2057.099854,2051.534218841014,3058.2880443495537,2058.0107668847636
2024-08-17 11:25:00,2058.966553,2051.534218841014,3065.228018348343,2057.7959191946256
2024-08-17 11:30:00,2060.133301,2051.534218841014,3069.846181638286,2057.2964208451635
2024-08-17 11:35:00,2060.166748,2051.534218841014,3072.223604992588,2057.283567488589
2024-08-17 11:40:00,2059.43335,2051.534218841014,3072.4466629218578,2057.243478783492
2024-08-17 11:45:00,2058.466553,2051.534218841014,3070.6063135402374,2058.601769244043
2024-08-17 11:50:00,2058.533203,2051.534218841014,3066.797361640147,2058.4252687914345
2024-08-17 11:55:00,2058.466797,2051.534218841014,3061.117710350721,2058.4478584089757
2024-08-17 12:00:00,2059.633301,2051.534218841014,3053.667606903359,2058.7025063215015
2024-08-17 12:05:00,2060.100098,2051.534218841014,3044.548887989828,2058.7275287956195
2024-08-17 12:10:00,2060.166748,2051.534218841014,3033.864230131359,2058.3472095339807
2024-08-17 12:15:00,2059.666748,2051.534218841014,3021.7164105865922,2058.3472095339807
2024-08-17 12:20:00,2058.733398,2051.534218841014,3008.2075837958855,2058.1630047513713
2024-08-17 12:25:00,2059.5,2051.534218841014,2993.438578807787,2059.1336758316015
2024-08-17 12:30:00,2059.533447,2051.534218841014,2977.508222337118,2056.2808042096426
2024-08-17 12:35:00,2061.333252,2051.534218841014,2960.5126923333587,2052.5760135535143
2024-08-17 12:40:00,2062.233154,2051.534218841014,2942.544906466081,2052.90021437563
2024-08-17 12:45:00,2063.999756,2051.534218841014,2923.693949591605,2053.294185243568
2024-08-17 12:50:00,2063.166748,2051.534218841014,2904.044544156567,2053.9833063187407
2024-08-17 12:55:00,2061.43335,2051.534218841014,2883.6765669704514,1986.3352673462123
2024-08-17 13:00:00,2059.400146,2051.534218841014,2862.6646154295986,1579.2944185685685
2024-08-17 13:05:00,2059.199951,2051.534218841014,2841.077626001713,1517.8153501714196
2024-08-17 13:10:00,2059.333496,2051.534218841014,2818.978547276183,1484.4513736242725
2024-08-17 13:15:00,2058.400146,2051.534218841014,2796.4240691699483,1435.2124129826573
2024-08-17 13:20:00,2057.800049,2051.534218841014,2773.464410401718,1415.0315354764023
2024-08-17 13:25:00,2057.966553,2051.534218841014,2750.1431644482336,1412.4618707569177
2024-08-17 13:30:00,2060.366943,2051.534218841014,2726.497205078263,1418.1263114172586
2024-08-17 13:35:00,2061.399902,2051.534218841014,2702.5566512490986,1386.034045708977
2024-08-17 13:40:00,2061.266602,2051.534218841014,2678.3448912857616,1584.9436540744139
2024-08-17 13:45:00,2058.966553,2051.534218841014,2653.8786651865244,1810.5392211009694
2024-08-17 13:50:00,2048.366699,2051.534218841014,2629.168204055707,1822.168932277965
2024-08-17 13:55:00,2039.599976,2051.534218841014,2604.217424903937,1796.3900246694009
2024-08-17 14:00:00,2028.466675,2051.534218841014,2579.024178541677,1434.4138512414388
2024-08-17 14:05:00,1925.099976,2051.534218841014,2553.580548563093,1514.8328251961052
2024-08-17 14:10:00,1871.199951,2051.534218841014,2527.873197801862,1669.8971069922334
2024-08-17 14:15:00,1426.949951,2051.534218841014,2501.883759772821,1750.4718971049479
2024-08-17 14:20:00,1100.100098,2051.534218841014,2475.5892710001763,1832.1802879591403
2024-08-17 14:25:00,897.25,2051.534218841014,2448.9626406929256,1946.9030667924706
2024-08-17 14:30:00,689.7666016,2051.534218841014,2421.973153432318,1945.7879249340237
2024-08-17 14:35:00,670.2999878,2051.534218841014,2394.5870008023194,2020.0188385991287
2024-08-17 14:40:00,545.6000366,2051.534218841014,2366.767837083255,2003.3436598504877
2024-08-17 14:45:00,494.0,2051.534218841014,2338.4773543260144,1966.906777353151
2024-08-17 14:50:00,455.8999939,2051.534218841014,2309.6758724186534,1935.1240056482318
2024-08-17 14:55:00,436.2000427,2051.534218841014,2280.32293846261,1906.0441565494539
2024-08-17 15:00:00,355.9000244,2051.534218841014,2250.377931050324,1590.0969244478656
2024-08-17 15:05:00,271.3500061,2051.534218841014,2219.8006640912895,1268.3866322953736
2024-08-17 15:10:00,205.8999939,2051.534218841014,2188.5519855345774,1267.246342765929
2024-08-17 15:15:00,154.8999939,2051.534218841014,2156.5943656761606,1153.995695345828
2024-08-17 15:20:00,111.8000031,2051.534218841014,2123.8924705230847,927.9800771229046
2024-08-17 15:25:00,83.5,2051.534218841014,2090.41371545706,883.3641949814254
2024-08-17 15:30:00,74.93332672,2051.534218841014,2056.1287944560595,890.7357776192555
2024-08-17 15:35:00,68.5,2051.534218841014,2021.0121812048035,783.9938964342618
2024-08-17 15:40:00,63.20000076,2051.534218841014,1985.042597118512,811.2118706265275
2024-08-17 15:45:00,59.23333359,2051.534218841014,1948.2034433629615,776.8780961785993
2024-08-17 15:50:00,56.60000229,2051.534218841014,1910.4831927493942,794.0844353335439
2024-08-17 15:55:00,55.83333206,2051.534218841014,1871.8757386842265,826.5765032346432
2024-08-17 16:00:00,56.73333359,2051.534218841014,1832.380698250221,615.6486909951167
2024-08-17 16:05:00,58.93333435,2051.534218841014,1792.0036668392697,558.8660043262139
2024-08-17 16:10:00,61.8666687,2051.534218841014,1750.75642270285,1265.9027725477777
2024-08-17 16:15:00,73.0,2051.534218841014,1708.6570789538828,1230.2583495512692
2024-08-17 16:20:00,70.20000458,2051.534218841014,1665.7301828764455,1149.9416148564214
2024-08-17 16:25:00,81.80000305,2051.534218841014,1622.0067606861526,1056.4791968951927
2024-08-17 16:30:00,91.80000305,2051.534218841014,1577.5243078893698,963.7395615639099
2024-08-17 16:35:00,104.1999969,2051.534218841014,1532.3267251410657,964.195617886421
2024-08-17 16:40:00,123.1999969,2051.534218841014,1486.4642002489445,936.5372180404894
2024-08-17 16:45:00,140.5,2051.534218841014,1439.9930368076457,853.8098370824988
2024-08-17 16:50:00,161.8000031,2051.534218841014,1392.9754311251013,774.2169189806754
2024-08-17 16:55:00,182.6000061,2051.534218841014,1345.479199053885,763.8939371094976
2024-08-17 17:00:00,198.3999939,2051.534218841014,1297.5774544853653,714.4923328299799
2024-08-17 17:05:00,223.1999969,2051.534218841014,1249.3482429126816,742.4285134475737
2024-08-17 17:10:00,250.8999939,2051.534218841014,1200.8741315009072,785.5766816204067
2024-08-17 17:15:00,280.1000061,2051.534218841014,1152.2417601425375,774.0251236013567
2024-08-17 17:20:00,268.7333374,2051.534218841014,1103.5413561089747,679.7355421952616
2024-08-17 17:25:00,283.6333313,2051.534218841014,1054.866216313912,658.6383037179206
2024-08-17 17:30:00,291.8666687,2051.534218841014,1006.312161344178,848.220393297998
2024-08-17 17:35:00,302.1666565,2051.534218841014,957.976964966164,925.8896813898008
2024-08-17 17:40:00,302.5666809,2051.534218841014,909.9597643213959,900.1766552744789
2024-08-17 17:45:00,296.9333496,2051.534218841014,862.3604541437893,868.5672738893476
2024-08-17 17:50:00,288.6666565,2051.534218841014,815.2790711516869,807.3200742005378
2024-08-17 17:55:00,282.5666504,2051.534218841014,768.8151718827064,741.4422382977376
2024-08-17 18:00:00,278.4333191,2051.534218841014,723.0672097098544,435.6321320914804
2024-08-17 18:05:00,275.2666626,2051.534218841014,678.1319154698034,435.7163169848026
2024-08-17 18:10:00,272.1000061,2051.534218841014,634.1036863146302,438.26265752296604
2024-08-17 18:15:00,270.8000183,2051.534218841014,591.0739879437319,440.1573465720945
2024-08-17 18:20:00,272.6333313,2051.534218841014,549.1307741143295,426.1654053751612
2024-08-17 18:25:00,272.3999939,2051.534218841014,508.3579284381839,311.3933187068204
2024-08-17 18:30:00,269.3333435,2051.534218841014,468.8347321397606,310.6919855197616
2024-08-17 18:35:00,265.3499756,2051.534218841014,430.6353627287573,304.20968442157573
2024-08-17 18:40:00,234.8500061,2051.534218841014,393.82842612462997,426.7080323939508
2024-08-17 18:45:00,175.25,2051.534218841014,358.47652697926014,423.6059616097
2024-08-17 18:50:00,117.6500015,2051.534218841014,324.6358795903489,297.7593070431
2024-08-17 18:55:00,75.65000153,2051.534218841014,292.3559627654311,292.3016764454096
2024-08-17 19:00:00,49.95000076,2051.534218841014,261.67922107906105,98.60383101820348
2024-08-17 19:05:00,35.54999924,2051.534218841014,232.64081465999328,71.98287040914336
2024-08-17 19:10:00,27.20000267,2051.534218841014,205.26841962930445,68.1501495116255
2024-08-17 19:15:00,21.60000038,2051.534218841014,179.5820801229978,68.17903777514861
2024-08-17 19:20:00,17.0,2051.534218841014,155.5941136635868,50.752860984700625
2024-08-17 19:25:00,15.0666666,2051.534218841014,133.30906976801853,45.7384794751879
2024-08-17 19:30:00,13.73333359,2051.534218841014,112.72374253431056,43.738050631286946
2024-08-17 19:35:00,12.76666641,2051.534218841014,93.82723682125722,50.3447644515406
2024-08-17 19:40:00,0.0,2051.534218841014,76.60108737354086,53.170288966634395
2024-08-17 19:45:00,0.0,2051.534218841014,61.01943008784711,47.32405026892514
2024-08-17 19:50:00,0.0,2051.534218841014,47.049223732134585,44.51972010300119
2024-08-17 19:55:00,0.0,2051.534218841014,34.650520545940644,30.653992922113865
2024-08-17 20:00:00,0.0,2051.534218841014,23.776783398837004,0.0
2024-08-17 20:05:00,0.0,2051.534218841014,14.375247194097314,0.0
2024-08-17 20:10:00,0.0,2051.534218841014,6.387321362927531,0.0
2024-08-17 20:15:00,0.0,2051.534218841014,-0.2509694092357602,0.17663492404761907
2024-08-17 20:20:00,0.0,2051.534218841014,-5.608509907669367,0.07852381161428572
2024-08-17 20:25:00,0.0,2051.534218841014,-9.75858814175463,0.03552380971428571
2024-08-17 20:30:00,0.0,2051.534218841014,-12.778362113973794,0.07852381161428572
2024-08-17 20:35:00,0.0,2051.534218841014,-14.74830375425906,0.0
2024-08-17 20:40:00,0.0,2051.534218841014,-15.751624263752925,0.0
2024-08-17 20:45:00,0.0,2051.534218841014,-15.873685366416975,0.0
2024-08-17 20:50:00,0.0,2051.534218841014,-15.201400972703672,0.0
2024-08-17 20:55:00,0.0,2051.534218841014,-13.822633824938405,0.0
2024-08-17 21:00:00,0.0,2051.534218841014,-11.825591761963706,0.0
2024-08-17 21:05:00,0.0,2051.534218841014,-9.298228199215005,0.0
2024-08-17 21:10:00,0.0,2051.534218841014,-6.327651369569266,0.0
2024-08-17 21:15:00,0.0,2051.534218841014,-2.9995468105618617,0.0
2024-08-17 21:20:00,0.0,2051.534218841014,0.6023825637014574,0.0
2024-08-17 21:25:00,0.0,2051.534218841014,4.3969545949867745,0.0
2024-08-17 21:30:00,0.0,2051.534218841014,8.30602025472183,0.0
2024-08-17 21:35:00,0.0,2051.534218841014,12.254946307270215,0.0
2024-08-17 21:40:00,0.0,2051.534218841014,16.173064981800252,0.0
2024-08-17 21:45:00,0.0,2051.534218841014,19.994087081451262,0.0
2024-08-17 21:50:00,0.0,2051.534218841014,23.656475762916553,0.0
2024-08-17 21:55:00,0.0,2051.534218841014,27.103778239209817,0.0
2024-08-17 22:00:00,0.0,2051.534218841014,30.2849131142969,0.0
2024-08-17 22:05:00,0.0,2051.534218841014,33.154411405064934,0.0
2024-08-17 22:10:00,0.0,2051.534218841014,35.67260965568621,0.0
2024-08-17 22:15:00,0.0,2051.534218841014,37.80579400338613,0.0
2024-08-17 22:20:00,0.0,2051.534218841014,39.52629432152551,0.0
2024-08-17 22:25:00,0.0,2051.534218841014,40.81252817012321,0.0
2024-08-17 22:30:00,0.0,2051.534218841014,41.64899445411354,0.0
2024-08-17 22:35:00,0.0,2051.534218841014,42.026217300051385,0.0
2024-08-17 22:40:00,0.0,2051.534218841014,41.940640919150574,0.0
2024-08-17 22:45:00,0.0,2051.534218841014,41.3944767047231,0.0
2024-08-17 22:50:00,0.0,2051.534218841014,40.39550415422935,0.0
2024-08-17 22:55:00,0.0,2051.534218841014,38.95682758700594,0.0
2024-08-17 23:00:00,0.0,2051.534218841014,37.09659098301884,0.0
2024-08-17 23:05:00,0.0,2051.534218841014,34.83765361910481,0.0
2024-08-17 23:10:00,0.0,2051.534218841014,32.20722945874978,0.0
2024-08-17 23:15:00,0.0,2051.534218841014,29.236493578151592,0.0
2024-08-17 23:20:00,0.0,2051.534218841014,25.960159138487295,0.0
2024-08-17 23:25:00,0.0,2051.534218841014,22.41602874268814,0.0
2024-08-17 23:30:00,0.0,2051.534218841014,18.644523994486388,0.0
2024-08-17 23:35:00,0.0,2051.534218841014,14.688197635576834,0.0
2024-08-17 23:40:00,0.0,2051.534218841014,10.591232272803893,0.0
2024-08-17 23:45:00,0.0,2051.534218841014,6.398930361923195,0.0
2024-08-17 23:50:00,0.0,2051.534218841014,2.1571996952699566,0.0
2024-08-17 23:55:00,0.0,2051.534218841014,-2.087960992097223,0.0
2024-08-18 00:00:00,0.0,2051.534218841014,-6.290971853881995,0.0
2024-08-18 00:05:00,0.0,2051.534218841014,-10.407172718769253,0.0
2024-08-18 00:10:00,0.0,2051.534218841014,-14.39331046581083,0.0
2024-08-18 00:15:00,0.0,2051.534218841014,-18.208008742680043,0.0
2024-08-18 00:20:00,0.0,2051.534218841014,-21.81221577213873,0.0
2024-08-18 00:25:00,0.0,2051.534218841014,-25.16962655819661,0.0
2024-08-18 00:30:00,0.0,2051.534218841014,-28.24707542814732,0.0
2024-08-18 00:35:00,0.0,2051.534218841014,-31.014895672264387,0.0
2024-08-18 00:40:00,0.0,2051.534218841014,-33.447242928699694,0.0
2024-08-18 00:45:00,0.0,2051.534218841014,-35.52237940772673,0.0
2024-08-18 00:50:00,0.0,2051.534218841014,-37.222916348743475,0.0
2024-08-18 00:55:00,0.0,2051.534218841014,-38.5360124381371,0.0
2024-08-18 01:00:00,0.0,2051.534218841014,-39.45352628790311,0.0
2024-08-18 01:05:00,0.0,2051.534218841014,-39.972121431676726,0.0
2024-08-18 01:10:00,0.0,2051.534218841014,-40.09332274385665,0.0
2024-08-18 01:15:00,0.0,2051.534218841014,-39.82352346391447,0.0
2024-08-18 01:20:00,0.0,2051.534218841014,-39.17394261297655,0.0
2024-08-18 01:25:00,0.0,2051.534218841014,-38.160532812678724,0.0
2024-08-18 01:30:00,0.0,2051.534218841014,-36.80383903404771,0.0
2024-08-18 01:35:00,0.0,2051.534218841014,-35.12880919875491,0.0
2024-08-18 01:40:00,0.0,2051.534218841014,-33.164557956033626,0.0
2024-08-18 01:45:00,0.0,2051.534218841014,-30.944085337596746,0.0
2024-08-18 01:50:00,0.0,2051.534218841014,-28.503952434428626,0.0
2024-08-18 01:55:00,0.0,2051.534218841014,-25.88391652605898,0.0
2024-08-18 02:00:00,0.0,2051.534218841014,-23.126528516250524,0.0
2024-08-18 02:05:00,0.0,2051.534218841014,-20.276695843182548,0.0
2024-08-18 02:10:00,0.0,2051.534218841014,-17.381214303481432,0.0
2024-08-18 02:15:00,0.0,2051.534218841014,-14.488272549652764,0.0
2024-08-18 02:20:00,0.0,2051.534218841014,-11.646933282502482,0.0
2024-08-18 02:25:00,0.0,2051.534218841014,-8.906595324601113,0.0
2024-08-18 02:30:00,0.0,2051.534218841014,-6.316441014821653,0.0
2024-08-18 02:35:00,0.0,2051.534218841014,-3.924873484013111,0.0
2024-08-18 02:40:00,0.0,2051.534218841014,-1.7789485007640535,0.0
2024-08-18 02:45:00,0.0,2051.534218841014,0.07619432862368994,0.0
2024-08-18 02:50:00,0.0,2051.534218841014,1.5978962084968646,0.0
2024-08-18 02:55:00,0.0,2051.534218841014,2.7465347761822123,0.0
2024-08-18 03:00:00,0.0,2051.534218841014,3.486065952882781,0.0
2024-08-18 03:05:00,0.0,2051.534218841014,3.784547237297579,0.0
2024-08-18 03:10:00,0.0,2051.534218841014,3.6146378397644523,0.0
2024-08-18 03:15:00,0.0,2051.534218841014,2.9540711474280212,0.0
2024-08-18 03:20:00,0.0,2051.534218841014,1.7860952303302373,0.0
2024-08-18 03:25:00,0.0,2051.534218841014,0.0998772614211531,0.0
2024-08-18 03:30:00,0.0,2051.534218841014,-2.1091320181321342,0.0
2024-08-18 03:35:00,0.0,2051.534218841014,-4.8388772695899505,0.0
2024-08-18 03:40:00,0.0,2051.534218841014,-8.08042445131922,0.0
2024-08-18 03:45:00,0.0,2051.534218841014,-11.817736274961023,0.0
2024-08-18 03:50:00,0.0,2051.534218841014,-16.02750014254107,0.0
2024-08-18 03:55:00,0.0,2051.534218841014,-20.6790104691248,0.0
2024-08-18 04:00:00,0.0,2051.534218841014,-25.734107389624988,0.0
2024-08-18 04:05:00,0.0,2051.534218841014,-31.14717314581728,0.0
2024-08-18 04:10:00,0.0,2051.534218841014,-36.86518715245661,0.0
2024-08-18 04:15:00,0.0,2051.534218841014,-42.82784021188463,0.0
2024-08-18 04:20:00,0.0,2051.534218841014,-48.96770795559414,0.0
2024-08-18 04:25:00,0.0,2051.534218841014,-55.210483232587535,0.0
2024-08-18 04:30:00,0.0,2051.534218841014,-61.475266366876795,0.0
2024-08-18 04:35:00,0.0,2051.534218841014,-67.67491236816402,0.0
2024-08-18 04:40:00,0.0,2051.534218841014,-73.71643293689746,0.0
2024-08-18 04:45:00,0.0,2051.534218841014,-79.50145156312283,0.0
2024-08-18 04:50:00,0.0,2051.534218841014,-84.92670875473762,0.0
2024-08-18 04:55:00,0.0,2051.534218841014,-89.88461469351388,0.0
2024-08-18 05:00:00,0.0,2051.534218841014,-94.26384588476019,0.0
2024-08-18 05:05:00,0.0,2051.534218841014,-97.94998199096777,0.0
2024-08-18 05:10:00,0.0,2051.534218841014,-100.82617900135563,0.0
2024-08-18 05:15:00,0.0,2051.534218841014,-102.77387423169698,0.0
2024-08-18 05:20:00,0.0,2051.534218841014,-103.67351862198694,0.0
2024-08-18 05:25:00,0.0,2051.534218841014,-103.4053313704318,0.0
2024-08-18 05:30:00,0.0,2051.534218841014,-101.85007202646769,0.0
2024-08-18 05:35:00,0.0,2051.534218841014,-98.88982451379871,0.0
2024-08-18 05:40:00,0.0,2051.534218841014,-94.40878801129942,0.0
2024-08-18 05:45:00,0.0,2051.534218841014,-88.29406899401107,0.0
2024-08-18 05:50:00,0.0,2051.534218841014,-80.4364690231788,0.0
2024-08-18 05:55:00,0.0,2051.534218841014,-70.73126273025261,0.0
2024-08-18 06:00:00,0.0,2051.534218841014,-59.078960449258304,20.015534818206724
2024-08-18 06:05:00,0.0,2051.534218841014,-45.386050080787804,31.488861940283023
2024-08-18 06:10:00,0.0,2051.534218841014,-29.56571284821894,44.804207902402624
2024-08-18 06:15:00,0.0,2051.534218841014,-11.53850768681389,48.111221856200174
2024-08-18 06:20:00,0.0,2051.534218841014,8.766980600659737,56.05490452354176
2024-08-18 06:25:00,0.0,2051.534218841014,31.413534342887413,58.46929739711271
2024-08-18 06:30:00,0.0,2051.534218841014,56.45474178770286,58.20023073907938
2024-08-18 06:35:00,0.0,2051.534218841014,83.9344854494679,57.856119618690485
2024-08-18 06:40:00,0.0,2051.534218841014,113.88648457556671,59.4063647353294
2024-08-18 06:45:00,75.59999847,2051.534218841014,146.3338948023775,59.78667586203606
2024-08-18 06:50:00,97.40000153,2051.534218841014,181.2889684996447,51.46516914929809
2024-08-18 06:55:00,111.8000031,2051.534218841014,218.75277822409004,70.34891921222929
2024-08-18 07:00:00,120.4000015,2051.534218841014,258.7150060647313,353.27294059083215
2024-08-18 07:05:00,136.5,2051.534218841014,301.1538004674618,351.26432944610997
2024-08-18 07:10:00,161.6000061,2051.534218841014,346.0357020473022,350.2307441936211
2024-08-18 07:15:00,181.5,2051.534218841014,393.315639702636,345.84656912718054
2024-08-18 07:20:00,204.3999939,2051.534218841014,442.9369965990204,345.0019468685583
2024-08-18 07:25:00,236.6999969,2051.534218841014,494.83174741416116,345.58895221889173
2024-08-18 07:30:00,251.3999939,2051.534218841014,548.9206649626868,346.7059163979314
2024-08-18 07:35:00,245.8999786,2051.534218841014,605.1135962741557,348.6495089837462
2024-08-18 07:40:00,278.8999939,2051.534218841014,663.3098060662951,349.5836994177462
2024-08-18 07:45:00,268.9666748,2051.534218841014,723.3983861385026,348.2110437980773
2024-08-18 07:50:00,322.8999939,2051.534218841014,785.2587276639621,339.10610666893206
2024-08-18 07:55:00,346.5,2051.534218841014,848.7610542952124,318.98440056539727
2024-08-18 08:00:00,371.2000122,2051.534218841014,913.7670127175982,945.11655165152
2024-08-18 08:05:00,422.2000122,2051.534218841014,980.1303160237014,907.279846114668
2024-08-18 08:10:00,471.3999939,2051.534218841014,1047.6974374743334,907.1848852574282
2024-08-18 08:15:00,502.7000122,2051.534218841014,1116.3083490130934,896.9282811670438
2024-08-18 08:20:00,553.0,2051.534218841014,1185.7973006128973,884.0800080065051
2024-08-18 08:25:00,633.0999756,2051.534218841014,1255.9936346924171,890.9890765757515
2024-08-18 08:30:00,601.166687,2051.534218841014,1326.7226313208198,900.9493476809513
2024-08-18 08:35:00,722.9000244,2051.534218841014,1397.8063780687291,812.089680231868
2024-08-18 08:40:00,686.1000366,2051.534218841014,1469.064659086206,811.9465954828007
2024-08-18 08:45:00,829.5999756,2051.534218841014,1540.315858151512,812.6855073483454
2024-08-18 08:50:00,928.5999756,2051.534218841014,1611.3778684742604,807.1855027013579
2024-08-18 08:55:00,875.3666992,2051.534218841014,1682.0690053447051,795.9645148714853
2024-08-18 09:00:00,887.4666138,2051.534218841014,1752.2089138480123,1512.8734659173228
2024-08-18 09:05:00,936.4000244,2051.534218841014,1821.6194670614293,1512.8734659173228
2024-08-18 09:10:00,1055.5,2051.534218841014,1890.1256482430208,1520.3438256774339
2024-08-18 09:15:00,989.833313,2051.534218841014,1957.5564115268846,1520.3438256774339
2024-08-18 09:20:00,1342.300049,2051.534218841014,2023.7455158173475,1530.5278373117828
2024-08-18 09:25:00,1281.25,2051.534218841014,2088.5323257676887,1530.5278373117828
2024-08-18 09:30:00,1260.900024,2051.534218841014,2151.7625761425297,1530.5278373117828
2024-08-18 09:35:00,1220.199951,2051.534218841014,2213.2890928132483,1522.9937850007198
2024-08-18 09:40:00,1085.149902,2051.534218841014,2272.972467682725,1522.9937850007198
2024-08-18 09:45:00,1251.900024,2051.534218841014,2330.681682178846,1517.1784453966904
2024-08-18 09:50:00,1231.050049,2051.534218841014,2386.2946759580623,1517.1784453966904
2024-08-18 09:55:00,2043.400024,2051.534218841014,2439.698856923326,1428.2814179685447
2024-08-18 10:00:00,1921.900024,2051.534218841014,2490.7915501273455,2004.1899006271983
2024-08-18 10:05:00,1946.433228,2051.534218841014,2539.480382443197,2004.560438379977
2024-08-18 10:10:00,1869.466675,2051.534218841014,2585.683600991246,1998.562190328859
2024-08-18 10:15:00,1917.166626,2051.534218841014,2629.3303239626407,1998.5392655244148
2024-08-18 10:20:00,1900.433228,2051.534218841014,2670.3607216751375,1996.3270844424706
2024-08-18 10:25:00,1950.566772,2051.534218841014,2708.726128532461,1996.3270844424706
2024-08-18 10:30:00,1964.900024,2051.534218841014,2744.389084307619,1988.8160853649151
2024-08-18 10:35:00,1988.566772,2051.534218841014,2777.3233059238037,1970.7196380345542
2024-08-18 10:40:00,2013.799927,2051.534218841014,2807.5135899896804,1968.8435752822766
2024-08-18 10:45:00,2034.599976,2051.534218841014,2834.955647479601,1966.6587157440856
2024-08-18 10:50:00,2047.066772,2051.534218841014,2859.655872286792,1965.0516557643066
2024-08-18 10:55:00,2052.399902,2051.534218841014,2881.631045547292,1981.3786179468664
2024-08-18 11:00:00,2054.599854,2051.534218841014,2900.9079788118456,2057.6255994322155
2024-08-18 11:05:00,2054.800049,2051.534218841014,2917.5230984021323,2057.4249114623144
2024-08-18 11:10:00,2056.133301,2051.534218841014,2931.5219750237784,2057.4249114623144
2024-08-18 11:15:00,2057.733398,2051.534218841014,2942.9588019595903,2057.4249114623144
2024-08-18 11:20:00,2042.400024,2051.534218841014,2951.895826141522,2057.0981116116677
2024-08-18 11:25:00,1992.733398,2051.534218841014,2958.4027365114976,2057.0981116116677
2024-08-18 11:30:00,1892.233398,2051.534218841014,2962.556014350555,2056.115662154394
2024-08-18 11:35:00,1803.099976,2051.534218841014,2964.4382505127933,2056.115662154394
2024-08-18 11:40:00,2065.300049,2051.534218841014,2964.137434856659,2056.115662154394
2024-08-18 11:45:00,1933.100098,2051.534218841014,2961.746222943046,2055.559622844525
2024-08-18 11:50:00,2040.766602,2051.534218841014,2957.3611857316346,2055.559622844525
2024-08-18 11:55:00,2040.0,2051.534218841014,2951.0820475921855,2055.559622844525
2024-08-18 12:00:00,2061.43335,2051.534218841014,2943.0109183801437,2055.586793461845
2024-08-18 12:05:00,2058.866455,2051.534218841014,2933.251525050016,2055.4769705910753
2024-08-18 12:10:00,2055.233154,2051.534218841014,2921.9084484371147,2056.0535199437077
2024-08-18 12:15:00,2054.06665,2051.534218841014,2909.0863706692226,2055.9182888777377
2024-08-18 12:20:00,2054.56665,2051.534218841014,2894.8893385158144,2056.261633783964
2024-08-18 12:25:00,2057.533203,2051.534218841014,2879.4200481016555,2056.6328968703056
2024-08-18 12:30:00,2060.166748,2051.534218841014,2862.7791555417434,2057.1183597806257
2024-08-18 12:35:00,2061.166748,2051.534218841014,2845.0646189593367,2057.438119142069
2024-08-18 12:40:00,2061.133301,2051.534218841014,2826.3710757445897,2053.886880732517
2024-08-18 12:45:00,2060.93335,2051.534218841014,2806.7892597082114,2045.4719040584025
2024-08-18 12:50:00,2061.399902,2051.534218841014,2786.405461895288,2043.1852009461595
2024-08-18 12:55:00,2062.033203,2051.534218841014,2765.301038537605,1912.5323310035335
2024-08-18 13:00:00,2062.450195,2051.534218841014,2743.5519695546204,1841.854754694055
2024-08-18 13:05:00,1784.200073,2051.534218841014,2721.228470059871,1882.7195082068583
2024-08-18 13:10:00,1215.500122,2051.534218841014,2698.3946574884358,1945.889184657191
2024-08-18 13:15:00,891.3000488,2051.534218841014,2675.108276000138,1770.8939435602251
2024-08-18 13:20:00,2060.0,2051.534218841014,2651.4204800657776,1731.9774431582905
2024-08-18 13:25:00,2060.950195,2051.534218841014,2627.3756777106764,1654.092396824628
2024-08-18 13:30:00,2061.266602,2051.534218841014,2603.011434277638,1562.3331343612288
2024-08-18 13:35:00,2060.966553,2051.534218841014,2578.358436898919,1535.0452029874202
2024-08-18 13:40:00,2059.966553,2051.534218841014,2553.440518976074,1301.0859110324163
2024-08-18 13:45:00,2058.466553,2051.534218841014,2528.2747441217207,1109.029481223505
2024-08-18 13:50:00,2058.399902,2051.534218841014,2502.871548067248,1138.0806732246476
2024-08-18 13:55:00,2058.149902,2051.534218841014,2477.234937141703,1226.8860981440687
2024-08-18 14:00:00,1770.549805,2051.534218841014,2451.3627406219084,1014.4246208464405
2024-08-18 14:05:00,1144.149902,2051.534218841014,2425.246915174138,840.8570122726974
2024-08-18 14:10:00,735.6000366,2051.534218841014,2398.8738976937584,789.4297758521087
2024-08-18 14:15:00,740.2666626,2051.534218841014,2372.2250037689887,732.993591593174
2024-08-18 14:20:00,715.6333008,2051.534218841014,2345.276867963923,686.9551216733836
2024-08-18 14:25:00,2056.5,2051.534218841014,2318.0019219251617,694.8633749827003
2024-08-18 14:30:00,2023.700073,2051.534218841014,2290.3689063890456,652.9060840759162
2024-08-18 14:35:00,2019.966675,2051.534218841014,2262.343412285644,634.4695915136089
2024-08-18 14:40:00,2004.966675,2051.534218841014,2233.8884466120194,590.3399638892116
2024-08-18 14:45:00,2026.066772,2051.534218841014,2204.965017931844,629.6334242558111
2024-08-18 14:50:00,2039.699829,2051.534218841014,2175.5327371334483,638.2300764578422
2024-08-18 14:55:00,2030.733276,2051.534218841014,2145.550427716109,723.5170439460703
2024-08-18 15:00:00,2019.0,2051.534218841014,2114.9767408997213,1233.462016053872
2024-08-18 15:05:00,1691.866699,2051.534218841014,2083.770770610182,1374.618297860968
2024-08-18 15:10:00,1545.5,2051.534218841014,2051.892662840115,1140.1476814083196
2024-08-18 15:15:00,1242.650024,2051.534218841014,2019.304214732592,1436.668590434027
2024-08-18 15:20:00,843.7000122,2051.534218841014,1985.969458219428,1635.0022499390222
2024-08-18 15:25:00,495.4500122,2051.534218841014,1951.8552238258608,1567.5850464501905
2024-08-18 15:30:00,203.3999939,2051.534218841014,1916.9316793834194,1602.6080002903996
2024-08-18 15:35:00,134.0499878,2051.534218841014,1881.1728401882608,1599.822067305886
2024-08-18 15:40:00,94.09999847,2051.534218841014,1844.5570456010344,1705.191459181426
2024-08-18 15:45:00,66.46666718,2051.534218841014,1807.067398669001,1657.447180593061
2024-08-18 15:50:00,61.0,2051.534218841014,1768.692165293414,1334.808892255625
2024-08-18 15:55:00,71.0,2051.534218841014,1729.4251292608328,1293.5919235486347
2024-08-18 16:00:00,86.19999695,2051.534218841014,1689.265900967978,396.0175486167277
2024-08-18 16:05:00,100.3000031,2051.534218841014,1648.2201766090475,1371.6098333295295
2024-08-18 16:10:00,109.8000031,2051.534218841014,1606.2999462724524,1350.5942325462202
2024-08-18 16:15:00,119.5,2051.534218841014,1563.5236487562647,1312.316918933569
2024-08-18 16:20:00,134.8999939,2051.534218841014,1519.916272648196,1101.3339849044405
2024-08-18 16:25:00,147.8000031,2051.534218841014,1475.5094018198981,1078.397142813659
2024-08-18 16:30:00,139.0,2051.534218841014,1430.3412054960786,788.9791802922563
2024-08-18 16:35:00,136.2333374,2051.534218841014,1384.4563731993494,776.8437034525236
2024-08-18 16:40:00,125.3333359,2051.534218841014,1337.9059942297022,775.61518249664
2024-08-18 16:45:00,118.0333328,2051.534218841014,1290.7473834092582,782.8090365566732
2024-08-18 16:50:00,113.7000046,2051.534218841014,1243.0438538346696,784.2955407265964
2024-08-18 16:55:00,114.2000046,2051.534218841014,1194.864438658466,788.4862519449482
2024-08-18 17:00:00,116.7999954,2051.534218841014,1146.2835640350443,988.9802467089431
2024-08-18 17:05:00,120.5333252,2051.534218841014,1097.38067557142,988.4881936892477
2024-08-18 17:10:00,124.8666687,2051.534218841014,1048.2398214122966,991.7293105650225
2024-08-18 17:15:00,130.3666687,2051.534218841014,998.9491948368677,979.1620494597558
2024-08-18 17:20:00,136.3999939,2051.534218841014,949.6006402365819,979.3046491684662
2024-08-18 17:25:00,141.8666534,2051.534218841014,900.2891258958284,944.049349055992
2024-08-18 17:30:00,143.4000092,2051.534218841014,851.1121882615531,920.6374727616837
2024-08-18 17:35:00,141.7666626,2051.534218841014,802.1693511173331,857.3166553343882
2024-08-18 17:40:00,132.2333221,2051.534218841014,753.5615249704177,749.5366117721502
2024-08-18 17:45:00,127.6999969,2051.534218841014,705.3903903878222,834.398824086042
2024-08-18 17:50:00,104.7500076,2051.534218841014,657.7577712651848,380.0381164013934
2024-08-18 17:55:00,82.1499939,2051.534218841014,610.7650014239485,465.18907356528797
2024-08-18 18:00:00,64.6499939,2051.534218841014,564.5122902493699,235.64864834864812
2024-08-18 18:05:00,51.79999924,2051.534218841014,519.0980922789562,230.5500108423711
2024-08-18 18:10:00,47.79999924,2051.534218841014,474.6184850270136,230.2416562839743
2024-08-18 18:15:00,45.6333313,2051.534218841014,431.1665602541695,235.99791285574074
2024-08-18 18:20:00,44.76666641,2051.534218841014,388.83183317618483,230.7594201254724
2024-08-18 18:25:00,53.20000076,2051.534218841014,347.6996740052078,243.7190441445518
2024-08-18 18:30:00,58.79999924,2051.534218841014,307.8507664297192,237.44518531008453
2024-08-18 18:35:00,55.89999771,2051.534218841014,269.3605968391938,232.19809862800213
2024-08-18 18:40:00,57.16666794,2051.534218841014,232.29897842970504,232.19809862800213
2024-08-18 18:45:00,54.2666626,2051.534218841014,196.72961350384745,229.3822457182572
2024-08-18 18:50:00,53.55000305,2051.534218841014,162.7096975209522,229.3822457182572
2024-08-18 18:55:00,45.65000153,2051.534218841014,130.2895677614639,226.51188868248516
2024-08-18 19:00:00,37.95000076,2051.534218841014,99.5123991205028,65.0249269818209
2024-08-18 19:05:00,31.35000038,2051.534218841014,70.41394961876107,65.14741860812249
2024-08-18 19:10:00,25.09999847,2051.534218841014,43.02235709391126,65.38847223771137
2024-08-18 19:15:00,19.85000038,2051.534218841014,17.357988673411597,61.631236969884014
2024-08-18 19:20:00,14.73333263,2051.534218841014,-6.566655524412957,48.54152948400597
2024-08-18 19:25:00,13.0666666,2051.534218841014,-28.74698447048669,50.45028681290295
2024-08-18 19:30:00,12.66666698,2051.534218841014,-49.186303427718165,49.17659726081328
2024-08-18 19:35:00,0.0,2051.534218841014,-67.89574644547555,46.259932161745866
2024-08-18 19:40:00,0.0,2051.534218841014,-84.8941550469512,43.830169432475245
2024-08-18 19:45:00,0.0,2051.534218841014,-100.20790389286395,47.025656884782066
2024-08-18 19:50:00,0.0,2051.534218841014,-113.87067494730896,43.086470147635914
2024-08-18 19:55:00,0.0,2051.534218841014,-125.92318201097885,46.32871550107772
2024-08-18 20:00:00,0.0,2051.534218841014,-136.41284768620565,0.08655555726666667
2024-08-18 20:05:00,0.0,2051.534218841014,-145.39343555070172,0.08655555726666667
2024-08-18 20:10:00,0.0,2051.534218841014,-152.92464022715674,0.12822222393333335
2024-08-18 20:15:00,0.0,2051.534218841014,-159.07163875678873,0.08622222583333333
2024-08-18 20:20:00,0.0,2051.534218841014,-163.9046066706403,4.405276356395423
2024-08-18 20:25:00,0.0,2051.534218841014,-167.49820258024542,0.04322222393333333
2024-08-18 20:30:00,0.0,2051.534218841014,-169.93102531507753,0.08622222583333333
2024-08-18 20:35:00,0.0,2051.534218841014,-171.28504775459035,0.08622222583333333
2024-08-18 20:40:00,0.0,2051.534218841014,-171.64503182407444,0.08622222583333333
2024-08-18 20:45:00,0.0,2051.534218841014,-171.09792907249695,0.08622222583333333
2024-08-18 20:50:00,0.0,2051.534218841014,-169.73227156806564,0.08622222583333333
2024-08-18 20:55:00,0.0,2051.534218841014,-167.63755756666376,0.08622222583333333
2024-08-18 21:00:00,0.0,2051.534218841014,-164.90363698007417,0.0
2024-08-18 21:05:00,0.0,2051.534218841014,-161.62010093200757,0.0
2024-08-18 21:10:00,0.0,2051.534218841014,-157.8756804180471,0.0
2024-08-18 21:15:00,0.0,2051.534218841014,-153.75765834027254,0.0
2024-08-18 21:20:00,0.0,2051.534218841014,-149.35129949382699,0.0
2024-08-18 21:25:00,0.0,2051.534218841014,-144.7393027246531,0.0
2024-08-18 21:30:00,0.0,2051.534218841014,-140.00127936815502,0.0
2024-08-18 21:35:00,0.0,2051.534218841014,-135.2132618198365,0.0
2024-08-18 21:40:00,0.0,2051.534218841014,-130.44724583966723,0.0
2024-08-18 21:45:00,0.0,2051.534218841014,-125.77077000013563,0.0
2024-08-18 21:50:00,0.0,2051.534218841014,-121.24653514502171,0.0
2024-08-18 21:55:00,0.0,2051.534218841014,-116.93206679222587,0.0
2024-08-18 22:00:00,0.0,2051.534218841014,-112.8794225811531,0.0
2024-08-18 22:05:00,0.0,2051.534218841014,-109.1349469859439,0.0
2024-08-18 22:10:00,0.0,2051.534218841014,-105.73907471504025,0.0
2024-08-18 22:15:00,0.0,2051.534218841014,-102.72618408982284,0.0
2024-08-18 22:20:00,0.0,2051.534218841014,-100.12450122258826,0.0
2024-08-18 22:25:00,0.0,2051.534218841014,-97.95605532152821,0.0
2024-08-18 22:30:00,0.0,2051.534218841014,-96.23668515803875,0.0
2024-08-18 22:35:00,0.0,2051.534218841014,-94.97609624199235,0.0
2024-08-18 22:40:00,0.0,2051.534218841014,-94.17796787564744,0.0
2024-08-18 22:45:00,0.0,2051.534218841014,-93.84010884928453,0.0
2024-08-18 22:50:00,0.0,2051.534218841014,-93.95466011578165,0.0
2024-08-18 22:55:00,0.0,2051.534218841014,-94.50834250408622,0.0
2024-08-18 23:00:00,0.0,2051.534218841014,-95.48274702018776,0.0
2024-08-18 23:05:00,0.0,2051.534218841014,-96.85466509182562,0.0
2024-08-18 23:10:00,0.0,2051.534218841014,-98.59645569023891,0.0
2024-08-18 23:15:00,0.0,2051.534218841014,-100.6764460118834,0.0
2024-08-18 23:20:00,0.0,2051.534218841014,-103.05936212710992,0.0
2024-08-18 23:25:00,0.0,2051.534218841014,-105.70678575262791,0.0
2024-08-18 23:30:00,0.0,2051.534218841014,-108.57763314150048,0.0
2024-08-18 23:35:00,0.0,2051.534218841014,-111.62865175056731,0.0
2024-08-18 23:40:00,0.0,2051.534218841014,-114.81493054545913,0.0
2024-08-18 23:45:00,0.0,2051.534218841014,-118.09041920487708,0.0
2024-08-18 23:50:00,0.0,2051.534218841014,-121.40845188977055,0.0
2024-08-18 23:55:00,0.0,2051.534218841014,-124.72227090177313,0.0
2024-08-19 00:00:00,0.0,2051.534218841014,-127.98554567900824,0.0
2024-08-19 00:05:00,0.0,2051.534218841014,-131.15288259460348,0.0
2024-08-19 00:10:00,0.0,2051.534218841014,-134.18032109231285,0.0
2024-08-19 00:15:00,0.0,2051.534218841014,-137.02581181641685,0.0
2024-08-19 00:20:00,0.0,2051.534218841014,-139.6496725318461,0.0
2024-08-19 00:25:00,0.0,2051.534218841014,-142.0150178086575,0.0
2024-08-19 00:30:00,0.0,2051.534218841014,-144.0881587033249,0.0
2024-08-19 00:35:00,0.0,2051.534218841014,-145.83896877821323,0.0
2024-08-19 00:40:00,0.0,2051.534218841014,-147.24121330453238,0.0
2024-08-19 00:45:00,0.0,2051.534218841014,-148.2728385713137,0.0
2024-08-19 00:50:00,0.0,2051.534218841014,-148.9162186731064,0.0
2024-08-19 00:55:00,0.0,2051.534218841014,-149.15835746839468,0.0
2024-08-19 01:00:00,0.0,2051.534218841014,-148.99104376018997,0.0
2024-08-19 01:05:00,0.0,2051.534218841014,-148.4109581653587,0.0
2024-08-19 01:10:00,0.0,2051.534218841014,-147.41973048644175,0.0
2024-08-19 01:15:00,0.0,2051.534218841014,-146.02394686998844,0.0
2024-08-19 01:20:00,0.0,2051.534218841014,-144.23510639026276,0.0
2024-08-19 01:25:00,0.0,2051.534218841014,-142.06952718773468,0.0
2024-08-19 01:30:00,0.0,2051.534218841014,-139.5482026515281,0.0
2024-08-19 01:35:00,0.0,2051.534218841014,-136.69660856981056,0.0
2024-08-19 01:40:00,0.0,2051.534218841014,-133.54446264398675,0.0
2024-08-19 01:45:00,0.0,2051.534218841014,-130.12543805468115,0.0
2024-08-19 01:50:00,0.0,2051.534218841014,-126.47683327078326,0.0
2024-08-19 01:55:00,0.0,2051.534218841014,-122.6392006076285,0.0
2024-08-19 02:00:00,0.0,2051.534218841014,-118.65593637807939,0.0
2024-08-19 02:05:00,0.0,2051.534218841014,-114.57283597129859,0.0
2024-08-19 02:10:00,0.0,2051.534218841014,-110.43761719055345,0.0
2024-08-19 02:15:00,0.0,2051.534218841014,-106.29941587477146,0.0
2024-08-19 02:20:00,0.0,2051.534218841014,-102.20825772718071,0.0
2024-08-19 02:25:00,0.0,2051.534218841014,-98.21451072215413,0.0
2024-08-19 02:30:00,0.0,2051.534218841014,-94.36832256614757,0.0
2024-08-19 02:35:00,0.0,2051.534218841014,-90.71904784684659,0.0
2024-08-19 02:40:00,0.0,2051.534218841014,-87.31466969300865,0.0
2024-08-19 02:45:00,0.0,2051.534218841014,-84.2012207275303,0.0
2024-08-19 02:50:00,0.0,2051.534218841014,-81.42220831419179,0.0
2024-08-19 02:55:00,0.0,2051.534218841014,-79.0180489443793,0.0
2024-08-19 03:00:00,0.0,2051.534218841014,-77.0255166631958,0.0
2024-08-19 03:05:00,0.0,2051.534218841014,-75.47721040176003,0.0
2024-08-19 03:10:00,0.0,2051.534218841014,-74.40104487813345,0.0
2024-08-19 03:15:00,0.0,2051.534218841014,-73.81976965849134,0.0
2024-08-19 03:20:00,0.0,2051.534218841014,-73.75052077473049,0.0
2024-08-19 03:25:00,0.0,2051.534218841014,-74.20440906244046,0.0
2024-08-19 03:30:00,0.0,2051.534218841014,-75.18614916884258,0.0
2024-08-19 03:35:00,0.0,2051.534218841014,-76.69373282613995,0.0
2024-08-19 03:40:00,0.0,2051.534218841014,-78.71814979925963,0.0
2024-08-19 03:45:00,0.0,2051.534218841014,-81.24315939058329,0.0
2024-08-19 03:50:00,0.0,2051.534218841014,-84.24511531151742,0.0
2024-08-19 03:55:00,0.0,2051.534218841014,-87.69284589045763,0.0
2024-08-19 04:00:00,0.0,2051.534218841014,-91.54759178681627,0.0
2024-08-19 04:05:00,0.0,2051.534218841014,-95.7630022788856,0.0
2024-08-19 04:10:00,0.0,2051.534218841014,-100.28519137285296,0.0
2024-08-19 04:15:00,0.0,2051.534218841014,-105.05285413237542,0.0
2024-08-19 04:20:00,0.0,2051.534218841014,-109.99744323658182,0.0
2024-08-19 04:25:00,0.0,2051.534218841014,-115.04340554416481,0.0
2024-08-19 04:30:00,0.0,2051.534218841014,-120.10847767488652,0.0
2024-08-19 04:35:00,0.0,2051.534218841014,-125.10403936631663,0.0
2024-08-19 04:40:00,0.0,2051.534218841014,-129.93552282009028,0.0
2024-08-19 04:45:00,0.0,2051.534218841014,-134.50287593010344,0.0
2024-08-19 04:50:00,0.0,2051.534218841014,-138.70107658519242,0.0
2024-08-19 04:55:00,0.0,2051.534218841014,-142.42069532807486,0.0
2024-08-19 05:00:00,0.0,2051.534218841014,-145.54850262262647,0.0
2024-08-19 05:05:00,0.0,2051.534218841014,-147.96811720069016,0.0
2024-08-19 05:10:00,0.0,2051.534218841014,-149.56069128303986,0.0
2024-08-19 05:15:00,0.0,2051.534218841014,-150.2056282189888,0.0
2024-08-19 05:20:00,0.0,2051.534218841014,-149.781327908319,0.0
2024-08-19 05:25:00,0.0,2051.534218841014,-148.16595501008103,0.0
2024-08-19 05:30:00,0.0,2051.534218841014,-145.23822479514146,0.0
2024-08-19 05:35:00,0.0,2051.534218841014,-140.8782012705496,0.0
2024-08-19 05:40:00,0.0,2051.534218841014,-134.9681022208869,0.0
2024-08-19 05:45:00,0.0,2051.534218841014,-127.39310536426997,0.0
2024-08-19 05:50:00,0.0,2051.534218841014,-118.04215031856481,0.0
2024-08-19 05:55:00,0.0,2051.534218841014,-106.80873044643864,0.0
2024-08-19 06:00:00,0.0,2051.534218841014,-93.59166913738544,19.471949256933726
2024-08-19 06:05:00,0.0,2051.534218841014,-78.29587493777723,29.992801559024997
2024-08-19 06:10:00,0.0,2051.534218841014,-60.83307003898989,33.00204597823333
2024-08-19 06:15:00,0.0,2051.534218841014,-41.12248698249754,46.93425745107777
2024-08-19 06:20:00,0.0,2051.534218841014,-19.091528287555363,69.26124399667299
2024-08-19 06:25:00,0.0,2051.534218841014,5.3236156912825665,74.60701138759708
2024-08-19 06:30:00,0.0,2051.534218841014,32.177395553928676,85.06531511846354
2024-08-19 06:35:00,0.0,2051.534218841014,61.51438209620881,72.50565932752535
2024-08-19 06:40:00,68.0,2051.534218841014,93.36880062366423,78.76799529452235
2024-08-19 06:45:00,101.6999969,2051.534218841014,127.76412361071026,82.29589395312111
2024-08-19 06:50:00,142.3000031,2051.534218841014,164.7127248099866,85.82585345791776
2024-08-19 06:55:00,178.6000061,2051.534218841014,204.21559803669837,84.41496457569777
2024-08-19 07:00:00,228.6999969,2051.534218841014,246.26214267633998,320.69056815163157
2024-08-19 07:05:00,297.7000122,2051.534218841014,290.8300181522141,335.75030798788345
2024-08-19 07:10:00,372.8999939,2051.534218841014,337.885068307594,439.1394506365672
2024-08-19 07:15:00,441.5,2051.534218841014,387.38131764048643,420.9992681596766
2024-08-19 07:20:00,399.7000427,2051.534218841014,439.26103853953765,431.9490742732692
2024-08-19 07:25:00,403.6000061,2051.534218841014,493.4548909193964,408.184299010134
2024-08-19 07:30:00,419.1000061,2051.534218841014,549.8821328245252,453.95174174231863
2024-08-19 07:35:00,402.0666504,2051.534218841014,608.4509013369134,453.95174174231863
2024-08-19 07:40:00,542.9000244,2051.534218841014,669.0585625035067,453.95174174231863
2024-08-19 07:45:00,591.7000122,2051.534218841014,731.5921277107869,424.71788479429955
2024-08-19 07:50:00,571.6000366,2051.534218841014,795.9287349029211,422.70577358829956
2024-08-19 07:55:00,680.5999756,2051.534218841014,861.9361910772326,435.4042974450122
2024-08-19 08:00:00,637.833313,2051.534218841014,929.4735735052788,1095.3222148773154
2024-08-19 08:05:00,674.6000366,2051.534218841014,998.3918846957101,1095.3222148773154
2024-08-19 08:10:00,675.7999878,2051.534218841014,1068.5347585047225,1095.8581341037398
2024-08-19 08:15:00,875.4000244,2051.534218841014,1139.7392122219042,1098.1856445430492
2024-08-19 08:20:00,968.5,2051.534218841014,1211.8364393780491,1147.605849452538
2024-08-19 08:25:00,921.9666138,2051.534218841014,1284.6526392578855,1147.605849452538
2024-08-19 08:30:00,912.0,2051.534218841014,1358.0098769641415,994.5679055651044
2024-08-19 08:35:00,1201.0,2051.534218841014,1431.7269691071951,994.5679055651044
2024-08-19 08:40:00,1207.800049,2051.534218841014,1505.6203884967163,998.8953570442599
2024-08-19 08:45:00,1210.066772,2051.534218841014,1579.5051835686108,988.9564296800788
2024-08-19 08:50:00,1161.733276,2051.534218841014,1653.195904464256,995.3737442391356
2024-08-19 08:55:00,1135.300049,2051.534218841014,1726.5075317998712,997.0623038867467
2024-08-19 09:00:00,1068.049927,2051.534218841014,1799.2564009528428,1346.5102428433713
2024-08-19 09:05:00,982.7666016,2051.534218841014,1871.2611159917915,1370.693421011421
2024-08-19 09:10:00,1048.766724,2051.534218841014,1942.3434479501202,1347.2265553570066
2024-08-19 09:15:00,1042.566772,2051.534218841014,2012.3292106101192,1350.5512040466226
2024-08-19 09:20:00,1059.766724,2051.534218841014,2081.0491093024043,1356.6498228139117
2024-08-19 09:25:00,1073.966675,2051.534218841014,2148.339556407652,1356.0999865816418
2024-08-19 09:30:00,1069.733276,2051.534218841014,2214.0434492003087,1349.5918392488766
2024-08-19 09:35:00,1051.800049,2051.534218841014,2278.0109036779927,1351.5261046019323
2024-08-19 09:40:00,1024.866699,2051.534218841014,2340.099941553015,1566.3671322070923
2024-08-19 09:45:00,1009.466614,2051.534218841014,2400.17712498925,1576.1375646598858
2024-08-19 09:50:00,995.1333008,2051.534218841014,2458.1181350538245,1581.9498239235604
2024-08-19 09:55:00,976.1000366,2051.534218841014,2513.8082912167156,1600.938469360005
2024-08-19 10:00:00,945.5666504,2051.534218841014,2567.1430079846223,1763.6868611146617
2024-08-19 10:05:00,916.7666626,2051.534218841014,2618.0281864531335,1752.9525486951857
2024-08-19 10:10:00,899.9333496,2051.534218841014,2666.3805384895672,1763.6868611146617
2024-08-19 10:15:00,1153.5,2051.534218841014,2712.1278416605464,1763.6868611146617
2024-08-19 10:20:00,1166.199951,2051.534218841014,2755.209123922715,1783.7444287657227
2024-08-19 10:25:00,1170.933228,2051.534218841014,2795.5747770757907,1783.7444287657227
2024-08-19 10:30:00,1187.400024,2051.534218841014,2833.1865990514584,1817.0027462856663
2024-08-19 10:35:00,1199.766724,2051.534218841014,2868.017764965673,1817.0027462856663
2024-08-19 10:40:00,1219.133301,2051.534218841014,2900.0527279817925,1820.1744089221822
2024-08-19 10:45:00,1240.633301,2051.534218841014,2929.287050854338,1823.6294419681583
2024-08-19 10:50:00,1266.266602,2051.534218841014,2955.727170321569,1827.0448379954335
2024-08-19 10:55:00,1278.566772,2051.534218841014,2979.3900961881773,1827.0448379954335
2024-08-19 11:00:00,1280.066772,2051.534218841014,3000.303047997529,1887.8066511590885
2024-08-19 11:05:00,1273.333374,2051.534218841014,3018.5030319305547,1943.0584848681444
2024-08-19 11:10:00,1650.5,2051.534218841014,3034.0363619741092,1939.6776218811128
2024-08-19 11:15:00,1470.866699,2051.534218841014,3046.9581287913293,1934.515642704425
2024-08-19 11:20:00,1908.5,2051.534218841014,3057.3316205420006,1927.2048498365918
2024-08-19 11:25:00,1705.099976,2051.534218841014,3065.2277003161116,1897.9013673925524
2024-08-19 11:30:00,1818.166626,2051.534218841014,3070.7241448294976,1889.4053275798885
2024-08-19 11:35:00,1657.466675,2051.534218841014,3073.9049494707356,1887.9345580994125
2024-08-19 11:40:00,1618.766602,2051.534218841014,3074.859604975555,1884.7791341834916
2024-08-19 11:45:00,1761.099976,2051.534218841014,3073.6823510586073,1883.2996457381578
2024-08-19 11:50:00,1958.199951,2051.534218841014,3070.4714126642343,1871.7270749453646
2024-08-19 11:55:00,1881.266602,2051.534218841014,3065.328224416226,1870.1536489709204
2024-08-19 12:00:00,1968.866699,2051.534218841014,3058.356648939023,1933.3396636378548
2024-08-19 12:05:00,2001.699829,2051.534218841014,3049.6621947780063,1991.0709396796678
2024-08-19 12:10:00,1941.533325,2051.534218841014,3039.351239569488,1973.5678503961026
2024-08-19 12:15:00,1900.349854,2051.534218841014,3027.5302639852707,2035.5000115431271
2024-08-19 12:20:00,1564.733398,2051.534218841014,3014.3051020481125,2035.782995557274
2024-08-19 12:25:00,1437.0,2051.534218841014,2999.780212964006,2031.035728474454
2024-08-19 12:30:00,1567.900024,2051.534218841014,2984.057979607867,2020.5598711816322
2024-08-19 12:35:00,1452.466797,2051.534218841014,2967.2380387293624,2032.9881011281407
2024-08-19 12:40:00,1483.266602,2051.534218841014,2949.4166471892017,2032.9468466480223
2024-08-19 12:45:00,1356.699951,2051.534218841014,2930.686088674688,2028.0578760815201
2024-08-19 12:50:00,1245.900024,2051.534218841014,2911.1341249982784,2030.9545302116994
2024-08-19 12:55:00,1120.266724,2051.534218841014,2890.843495317524,1810.8155546391522
2024-08-19 13:00:00,1073.0,2051.534218841014,2869.8914667137196,1604.431112359149
2024-08-19 13:05:00,1058.500122,2051.534218841014,2848.3494388884797,1625.299091289464
2024-08-19 13:10:00,1246.099976,2051.534218841014,2826.282605304008,1654.5717528224259
2024-08-19 13:15:00,1158.833374,2051.534218841014,2803.7496728660994,1611.1213634526396
2024-08-19 13:20:00,1206.466675,2051.534218841014,2780.8026415175696,1608.2330503623734
2024-08-19 13:25:00,1174.533325,2051.534218841014,2757.4866448359007,1673.7433021789318
2024-08-19 13:30:00,1144.56665,2051.534218841014,2733.839852143643,1743.841503763587
2024-08-19 13:35:00,1241.300049,2051.534218841014,2709.893432290271,1920.6004646547685
2024-08-19 13:40:00,1200.200073,2051.534218841014,2685.671578703194,1746.0786485134656
2024-08-19 13:45:00,1261.5,2051.534218841014,2661.1915947562734,1664.3652915041387
2024-08-19 13:50:00,1199.966675,2051.534218841014,2636.4640384296745,1595.8661388295766
2024-08-19 13:55:00,1164.149902,2051.534218841014,2611.492924186466,1461.4785963041243
2024-08-19 14:00:00,933.833313,2051.534218841014,2586.275979937375,790.8113917685359
2024-08-19 14:05:00,848.333313,2051.534218841014,2560.804956948224,731.4721490284054
2024-08-19 14:10:00,816.7000122,2051.534218841014,2535.0659889700037,624.8129902359318
2024-08-19 14:15:00,797.5333862,2051.534218841014,2509.0399978796754,1129.8821769582844
2024-08-19 14:20:00,800.1000366,2051.534218841014,2482.703141727572,1398.5911834132455
2024-08-19 14:25:00,810.7666626,2051.534218841014,2456.027301576139,1612.3913276947715
2024-08-19 14:30:00,827.3999634,2051.534218841014,2428.9806024677837,1759.0516291207377
2024-08-19 14:35:00,960.0999756,2051.534218841014,2401.5279642969904,1815.8126015126165
2024-08-19 14:40:00,1266.0,2051.534218841014,2373.6316776689555,1875.037349963217
2024-08-19 14:45:00,1517.800049,2051.534218841014,2345.2520000481804,1873.4210450928235
2024-08-19 14:50:00,2055.100098,2051.534218841014,2316.3477669570834,1861.431877572252
2024-08-19 14:55:00,1761.766724,2051.534218841014,2286.877013331051,1644.762296558398
2024-08-19 15:00:00,1859.066772,2051.534218841014,2256.7975995609536,1211.5945992488855
2024-08-19 15:05:00,1661.033325,2051.534218841014,2226.0678373492938,1214.9997485677998
2024-08-19 15:10:00,1986.0,2051.534218841014,2194.647109982062,1095.0911249394298
2024-08-19 15:15:00,1953.850098,2051.534218841014,2162.4964819826464,1084.9225162311122
2024-08-19 15:20:00,1918.566772,2051.534218841014,2129.5792933185103,1094.4718977690356
2024-08-19 15:25:00,1812.366699,2051.534218841014,2095.8617330262978,1089.590087726276
2024-08-19 15:30:00,1695.900024,2051.534218841014,2061.313387599804,1087.9876066823867
2024-08-19 15:35:00,1619.850098,2051.534218841014,2025.907760210553,1075.5539161453744
2024-08-19 15:40:00,1389.949951,2051.534218841014,1989.6227557115647,1071.055456330371
2024-08-19 15:45:00,1511.5,2051.534218841014,1952.4411281669493,1070.1123908470772
2024-08-19 15:50:00,1456.5,2051.534218841014,1914.3508868918445,1133.7595442216045
2024-08-19 15:55:00,1438.133301,2051.534218841014,1875.34565806948,1149.6428148968932
2024-08-19 16:00:00,1313.900024,2051.534218841014,1835.4249987054372,1087.5973219307011
2024-08-19 16:05:00,1270.100098,2051.534218841014,1794.594660445064,1137.0392643488487
2024-08-19 16:10:00,958.2333984,2051.534218841014,1752.8668014220796,1046.8499766714147
2024-08-19 16:15:00,1003.200012,2051.534218841014,1710.260143690927,931.0926402945543
2024-08-19 16:20:00,1295.800049,2051.534218841014,1666.8000761747305,1012.6472656396517
2024-08-19 16:25:00,1556.900024,2051.534218841014,1622.5187007541008,1475.104868927588
2024-08-19 16:30:00,1413.066772,2051.534218841014,1577.454822449719,596.031535780937
2024-08-19 16:35:00,1457.299927,2051.534218841014,1531.6538828184825,645.5564168934576
2024-08-19 16:40:00,1393.133301,2051.534218841014,1485.1678375340757,646.3445736053767
2024-08-19 16:45:00,1331.366577,2051.534218841014,1438.0549787469577,634.6717353672316
2024-08-19 16:50:00,1282.800049,2051.534218841014,1390.3797039861795,615.7732680435693
2024-08-19 16:55:00,1017.800049,2051.534218841014,1342.212232998688,610.8872558848424
2024-08-19 17:00:00,742.8666992,2051.534218841014,1293.6282744839239,504.3161956615648
2024-08-19 17:05:00,682.2666626,2051.534218841014,1244.7086463780909,480.668351319794
2024-08-19 17:10:00,875.5,2051.534218841014,1195.5388511307156,476.61368086380816
2024-08-19 17:15:00,862.3500366,2051.534218841014,1146.2086103449772,462.63251561781567
2024-08-19 17:20:00,840.7999878,2051.534218841014,1096.8113617625418,457.7092189663665
2024-08-19 17:25:00,793.8666992,2051.534218841014,1047.4437230037574,420.13797598779917
2024-08-19 17:30:00,740.9666138,2051.534218841014,998.2049255681943,420.628065532777
2024-08-19 17:35:00,679.9666138,2051.534218841014,949.196223923509,323.51274353803285
2024-08-19 17:40:00,652.5999756,2051.534218841014,900.5202840981581,268.1146502725562
2024-08-19 17:45:00,534.5999756,2051.534218841014,852.2805561202576,372.18656730854195
2024-08-19 17:50:00,389.3500061,2051.534218841014,804.58063615214,375.59114104206185
2024-08-19 17:55:00,293.3999939,2051.534218841014,757.52362169338,375.81997145143873
2024-08-19 18:00:00,266.3333435,2051.534218841014,711.2114662645832,283.8127291202089
2024-08-19 18:05:00,243.5666504,2051.534218841014,665.7443375001577,266.97631507622793
2024-08-19 18:10:00,222.9666748,2051.534218841014,621.2199841181211,235.76978083435174
2024-08-19 18:15:00,203.5333252,2051.534218841014,577.7331162502038,234.62858991696842
2024-08-19 18:20:00,184.4666748,2051.534218841014,535.37480432431,257.53651641077164
2024-08-19 18:25:00,165.2333374,2051.534218841014,494.23190055744254,242.63645846598422
2024-08-19 18:30:00,145.9666595,2051.534218841014,454.3864875718898,248.7429643503711
2024-08-19 18:35:00,130.1000061,2051.534218841014,415.9153589612899,232.2906378196919
2024-08-19 18:40:00,122.2499924,2051.534218841014,378.88953468049175,208.5073408459601
2024-08-19 18:45:00,100.0,2051.534218841014,343.3738157673658,209.72189389407274
2024-08-19 18:50:00,91.19999695,2051.534218841014,309.42638127945787,209.72189389407274
2024-08-19 18:55:00,79.05000305,2051.534218841014,277.0984308789335,208.4577195906838
2024-08-19 19:00:00,63.0,2051.534218841014,246.4338752602955,35.85653175354341
2024-08-19 19:05:00,55.93333435,2051.534218841014,217.46907707466664,36.226506878125726
2024-08-19 19:10:00,53.25,2051.534218841014,190.2326441436535,39.957758956660015
2024-08-19 19:15:00,43.5,2051.534218841014,164.7452762915609,41.241265531750585
2024-08-19 19:20:00,31.15000343,2051.534218841014,141.01966736849434,47.46187972125071
2024-08-19 19:25:00,20.70000076,2051.534218841014,119.0604624304962,48.28581227648762
2024-08-19 19:30:00,14.09999943,2051.534218841014,98.8642709346863,48.8425769364388
2024-08-19 19:35:00,12.59999943,2051.534218841014,80.41973533505829,47.42414654961524
2024-08-19 19:40:00,0.0,2051.534218841014,63.70765467342387,44.98417610508849
2024-08-19 19:45:00,0.0,2051.534218841014,48.70116204276401,46.16432695922604
2024-08-19 19:50:00,0.0,2051.534218841014,35.36595441523475,45.262131223103964
2024-08-19 19:55:00,0.0,2051.534218841014,23.66057315122537,44.205830389525396
2024-08-19 20:00:00,0.0,2051.534218841014,13.536732655751686,0.0
2024-08-19 20:05:00,0.0,2051.534218841014,4.939694873027395,0.0
2024-08-19 20:10:00,0.0,2051.534218841014,-2.191313505355082,0.0
2024-08-19 20:15:00,0.0,2051.534218841014,-7.9226444782602625,0.0
2024-08-19 20:20:00,0.0,2051.534218841014,-12.325736125976118,0.0
2024-08-19 20:25:00,0.0,2051.534218841014,-15.476588082129807,0.0
2024-08-19 20:30:00,0.0,2051.534218841014,-17.455208993534708,0.0
2024-08-19 20:35:00,0.0,2051.534218841014,-18.345040325638564,0.0
2024-08-19 20:40:00,0.0,2051.534218841014,-18.23236094346921,0.0
2024-08-19 20:45:00,0.0,2051.534218841014,-17.205677089946498,0.0
2024-08-19 20:50:00,0.0,2051.534218841014,-15.355102406951778,0.0
2024-08-19 20:55:00,0.0,2051.534218841014,-12.771732777268246,0.0
2024-08-19 21:00:00,0.0,2051.534218841014,-9.547020863270108,0.0
2024-08-19 21:05:00,0.0,2051.534218841014,-5.772154845150052,0.0
2024-08-19 21:10:00,0.0,2051.534218841014,-1.537446462798457,0.0
2024-08-19 21:15:00,0.0,2051.534218841014,3.0682674289946474,0.0
2024-08-19 21:20:00,0.0,2051.534218841014,7.958204901609319,0.0
2024-08-19 21:25:00,0.0,2051.534218841014,13.048196505939133,0.0
2024-08-19 21:30:00,0.0,2051.534218841014,18.257216078487655,0.0
2024-08-19 21:35:00,0.0,2051.534218841014,23.507880829812148,0.0
2024-08-19 21:40:00,0.0,2051.534218841014,28.726917128394444,0.0
2024-08-19 21:45:00,0.0,2051.534218841014,33.845588516756855,0.0
2024-08-19 21:50:00,0.0,2051.534218841014,38.80008290084714,0.0
2024-08-19 21:55:00,0.0,2051.534218841014,43.5318561710882,0.0
2024-08-19 22:00:00,0.0,2051.534218841014,47.98792984345777,0.0
2024-08-19 22:05:00,0.0,2051.534218841014,52.12114068610542,0.0
2024-08-19 22:10:00,0.0,2051.534218841014,55.89034077893019,0.0
2024-08-19 22:15:00,0.0,2051.534218841014,59.26054667688201,0.0
2024-08-19 22:20:00,0.0,2051.534218841014,62.20303689996636,0.0
2024-08-19 22:25:00,0.0,2051.534218841014,64.69539739352271,0.0
2024-08-19 22:30:00,0.0,2051.534218841014,66.72151489852979,0.0
2024-08-19 22:35:00,0.0,2051.534218841014,68.27151873492798,0.0
2024-08-19 22:40:00,0.0,2051.534218841014,69.34167181760607,0.0
2024-08-19 22:45:00,0.0,2051.534218841014,69.93421217722637,0.0
2024-08-19 22:50:00,0.0,2051.534218841014,70.05714665260349,0.0
2024-08-19 22:55:00,0.0,2051.534218841014,69.72399877051792,0.0
2024-08-19 23:00:00,0.0,2051.534218841014,68.95351327566182,0.0
2024-08-19 23:05:00,0.0,2051.534218841014,67.76932000951881,0.0
2024-08-19 23:10:00,0.0,2051.534218841014,66.19956027124545,0.0
2024-08-19 23:15:00,0.0,2051.534218841014,64.27647901532404,0.0
2024-08-19 23:20:00,0.0,2051.534218841014,62.0359865647329,0.0
2024-08-19 23:25:00,0.0,2051.534218841014,59.517193730126344,0.0
2024-08-19 23:30:00,0.0,2051.534218841014,56.76192445868439,0.0
2024-08-19 23:35:00,0.0,2051.534218841014,53.814210303711526,0.0
2024-08-19 23:40:00,0.0,2051.534218841014,50.71977116544427,0.0
2024-08-19 23:45:00,0.0,2051.534218841014,47.52548680762543,0.0
2024-08-19 23:50:00,0.0,2051.534218841014,44.2788638812113,0.0
2024-08-19 23:55:00,0.0,2051.534218841014,41.02750297420996,0.0
2024-08-20 00:00:00,0.0,2051.534218841014,37.818570435681586,0.0
2024-08-20 00:05:00,0.0,2051.534218841014,34.69827957171104,0.0
2024-08-20 00:10:00,0.0,2051.534218841014,31.711385737966403,0.0
2024-08-20 00:15:00,0.0,2051.534218841014,28.900699760367118,0.0
2024-08-20 00:20:00,0.0,2051.534218841014,26.306623964464414,0.0
2024-08-20 00:25:00,0.0,2051.534218841014,23.966714910454915,0.0
2024-08-20 00:30:00,0.0,2051.534218841014,21.915276654351363,0.0
2024-08-20 00:35:00,0.0,2051.534218841014,20.182988277159495,0.0
2024-08-20 00:40:00,0.0,2051.534218841014,18.79656887832494,0.0
2024-08-20 00:45:00,0.0,2051.534218841014,17.778483175226405,0.0
2024-08-20 00:50:00,0.0,2051.534218841014,17.146690371690156,0.0
2024-08-20 00:55:00,0.0,2051.534218841014,16.91443865929519,0.0
2024-08-20 01:00:00,0.0,2051.534218841014,17.090107302244913,0.0
2024-08-20 01:05:00,0.0,2051.534218841014,17.677097916744074,0.0
2024-08-20 01:10:00,0.0,2051.534218841014,18.673776099165423,0.0
2024-08-20 01:15:00,0.0,2051.534218841014,20.073464191919182,0.0
2024-08-20 01:20:00,0.0,2051.534218841014,21.8644854267718,0.0
2024-08-20 01:25:00,0.0,2051.534218841014,24.030259551675503,0.0
2024-08-20 01:30:00,0.0,2051.534218841014,26.549449142498435,0.0
2024-08-20 01:35:00,0.0,2051.534218841014,29.39615590899917,0.0
2024-08-20 01:40:00,0.0,2051.534218841014,32.54016545277802,0.0
2024-08-20 01:45:00,0.0,2051.534218841014,35.94723876426925,0.0
2024-08-20 01:50:00,0.0,2051.534218841014,39.57944828078658,0.0
2024-08-20 01:55:00,0.0,2051.534218841014,43.39555588282618,0.0
2024-08-20 02:00:00,0.0,2051.534218841014,47.3514299906429,0.0
2024-08-20 02:05:00,0.0,2051.534218841014,51.40049838620925,0.0
2024-08-20 02:10:00,0.0,2051.534218841014,55.49423325751245,0.0
2024-08-20 02:15:00,0.0,2051.534218841014,59.582664505778986,0.0
2024-08-20 02:20:00,0.0,2051.534218841014,63.614917247583335,0.0
2024-08-20 02:25:00,0.0,2051.534218841014,67.53976907017773,0.0
2024-08-20 02:30:00,0.0,2051.534218841014,71.30622249223475,0.0
2024-08-20 02:35:00,0.0,2051.534218841014,74.86408791533898,0.0
2024-08-20 02:40:00,0.0,2051.534218841014,78.1645721770502,0.0
2024-08-20 02:45:00,0.0,2051.534218841014,81.16086779077533,0.0
2024-08-20 02:50:00,0.0,2051.534218841014,83.80873782829661,0.0
2024-08-20 02:55:00,0.0,2051.534218841014,86.06709150017896,0.0
2024-08-20 03:00:00,0.0,2051.534218841014,87.89854543667805,0.0
2024-08-20 03:05:00,0.0,2051.534218841014,89.26996571240055,0.0
2024-08-20 03:10:00,0.0,2051.534218841014,90.15298593983461,0.0
2024-08-20 03:15:00,0.0,2051.534218841014,90.52449660495289,0.0
2024-08-20 03:20:00,0.0,2051.534218841014,90.36710138745994,0.0
2024-08-20 03:25:00,0.0,2051.534218841014,89.66953599606059,0.0
2024-08-20 03:30:00,0.0,2051.534218841014,88.42704570049263,0.0
2024-08-20 03:35:00,0.0,2051.534218841014,86.6417177577875,0.0
2024-08-20 03:40:00,0.0,2051.534218841014,84.32276537332,0.0
2024-08-20 03:45:00,0.0,2051.534218841014,81.48676013384024,0.0
2024-08-20 03:50:00,0.0,2051.534218841014,78.15781025222554,0.0
2024-08-20 03:55:00,0.0,2051.534218841014,74.36768235153306,0.0
2024-08-20 04:00:00,0.0,2051.534218841014,70.15586484683763,0.0
2024-08-20 04:05:00,0.0,2051.534218841014,65.56957169116946,0.0
2024-08-20 04:10:00,0.0,2051.534218841014,60.663685163958874,0.0
2024-08-20 04:15:00,0.0,2051.534218841014,55.50063753771213,0.0
2024-08-20 04:20:00,0.0,2051.534218841014,50.15023128878203,0.0
2024-08-20 04:25:00,0.0,2051.534218841014,44.68939836128048,0.0
2024-08-20 04:30:00,0.0,2051.534218841014,39.20189930376345,0.0
2024-08-20 04:35:00,0.0,2051.534218841014,33.77796368085034,0.0
2024-08-20 04:40:00,0.0,2051.534218841014,28.51387343656918,0.0
2024-08-20 04:45:00,0.0,2051.534218841014,23.511491520609447,0.0
2024-08-20 04:50:00,0.0,2051.534218841014,18.87773841246033,0.0
2024-08-20 04:55:00,0.0,2051.534218841014,14.72401958728781,0.0
2024-08-20 05:00:00,0.0,2051.534218841014,11.165607503842411,0.0
2024-08-20 05:05:00,0.0,2051.534218841014,8.320981775695728,0.0
2024-08-20 05:10:00,0.0,2051.534218841014,6.3111319147039815,0.0
2024-08-20 05:15:00,0.0,2051.534218841014,5.258826991191918,0.0
2024-08-20 05:20:00,0.0,2051.534218841014,5.287857085543201,0.0
2024-08-20 05:25:00,0.0,2051.534218841014,6.522251539472291,0.0
2024-08-20 05:30:00,0.0,2051.534218841014,9.085479260808544,0.0
2024-08-20 05:35:00,0.0,2051.534218841014,13.099636519849467,0.0
2024-08-20 05:40:00,0.0,2051.534218841014,18.684627782185235,0.0
2024-08-20 05:45:00,0.0,2051.534218841014,25.957345319264885,0.0
2024-08-20 05:50:00,0.0,2051.534218841014,35.030853155849485,0.0
2024-08-20 05:55:00,0.0,2051.534218841014,46.013581288929764,0.0
2024-08-20 06:00:00,0.0,2051.534218841014,59.00853578689034,31.130472949888627
2024-08-20 06:05:00,0.0,2051.534218841014,74.11253036089737,30.41675074630529
2024-08-20 06:10:00,0.0,2051.534218841014,91.41544506862269,31.087750756505297
2024-08-20 06:15:00,0.0,2051.534218841014,110.99951742940068,32.806606305430286
2024-08-20 06:20:00,0.0,2051.534218841014,132.93867116839536,33.45892848138029
2024-08-20 06:25:00,0.0,2051.534218841014,157.2978876124691,28.565256989832676
2024-08-20 06:30:00,0.0,2051.534218841014,184.13262429802913,28.565256989832676
2024-08-20 06:35:00,0.0,2051.534218841014,213.488285318334,35.73334191360061
2024-08-20 06:40:00,76.09999847,2051.534218841014,245.3997473316694,42.88986106673093
2024-08-20 06:45:00,89.5,2051.534218841014,279.89094510044885,44.392242026718236
2024-08-20 06:50:00,100.4000015,2051.534218841014,316.9745196800605,69.92663110454812
2024-08-20 06:55:00,126.8000031,2051.534218841014,356.6515321976565,56.62203576340792
2024-08-20 07:00:00,141.6000061,2051.534218841014,398.91124580324305,275.467441625305
2024-08-20 07:05:00,162.1999969,2051.534218841014,443.7309773516548,275.467441625305
2024-08-20 07:10:00,235.3999939,2051.534218841014,491.07602079715474,365.60927263514037
2024-08-20 07:15:00,299.7999878,2051.534218841014,540.8996432690562,365.60927263514037
2024-08-20 07:20:00,353.7999878,2051.534218841014,593.1431536024091,380.20871785603083
2024-08-20 07:25:00,405.5,2051.534218841014,647.7360444355525,375.16187715201255
2024-08-20 07:30:00,458.7999878,2051.534218841014,704.5962066034758,375.16187715201255
2024-08-20 07:35:00,506.7999878,2051.534218841014,763.6302151667782,339.5192157599828
2024-08-20 07:40:00,477.9666443,2051.534218841014,824.7336851982753,339.5192157599828
2024-08-20 07:45:00,486.8999939,2051.534218841014,887.7916959098989,298.7368539495261
2024-08-20 07:50:00,576.0,2051.534218841014,952.6792801353033,281.4197598170896
2024-08-20 07:55:00,656.7000122,2051.534218841014,1019.2619766706515,281.4197598170896
2024-08-20 08:00:00,716.0,2051.534218841014,1087.3964416380854,882.940771269791
2024-08-20 08:05:00,841.5999756,2051.534218841014,1156.9311155795046,882.940771269791
2024-08-20 08:10:00,912.0,2051.534218841014,1227.706941617445,881.1807317739701
2024-08-20 08:15:00,979.7999878,2051.534218841014,1299.5581308205396,881.1807317739701
2024-08-20 08:20:00,1092.0,2051.534218841014,1372.3129691595511,881.1807317739701
2024-08-20 08:25:00,1049.333374,2051.534218841014,1445.7946614745397,880.5628853577704
2024-08-20 08:30:00,1107.433228,2051.534218841014,1519.8222068746536,880.5628853577704
2024-08-20 08:35:00,1147.166626,2051.534218841014,1594.2112995670334,882.8281280763705
2024-08-20 08:40:00,1207.699951,2051.534218841014,1668.775249928865,882.8281280763705
2024-08-20 08:45:00,1256.733276,2051.534218841014,1743.3259198766477,882.8281280763705
2024-08-20 08:50:00,1303.166626,2051.534218841014,1817.6746651869303,896.0524495549674
2024-08-20 08:55:00,1348.5,2051.534218841014,1891.633280689566,862.5241816967167
2024-08-20 09:00:00,1395.633301,2051.534218841014,1965.014940615169,1494.7720195942914
2024-08-20 09:05:00,1434.466675,2051.534218841014,2037.6351288961582,1486.1808642490637
2024-08-20 09:10:00,1465.800171,2051.534218841014,2109.312552682243,1478.3867015510273
2024-08-20 09:15:00,1484.099976,2051.534218841014,2179.8700339290162,1474.425029072201
2024-08-20 09:20:00,1501.799927,2051.534218841014,2249.1353729134203,1584.504782417128
2024-08-20 09:25:00,1514.033325,2051.534218841014,2316.9421779838885,1581.0024133537233
2024-08-20 09:30:00,1528.700073,2051.534218841014,2383.1306570869683,1582.3978944064086
2024-08-20 09:35:00,1540.433228,2051.534218841014,2447.5483643719026,1571.8502235929643
2024-08-20 09:40:00,1567.466675,2051.534218841014,2510.0508994194756,1555.3400934036465
2024-08-20 09:45:00,1599.0,2051.534218841014,2570.502552631212,1558.7914887343873
2024-08-20 09:50:00,1636.5,2051.534218841014,2628.776894243971,1560.4833234411883
2024-08-20 09:55:00,1663.966675,2051.534218841014,2684.7573025942643,1551.0528473623942
2024-08-20 10:00:00,1690.200073,2051.534218841014,2738.337428947866,1919.9129134382774
2024-08-20 10:05:00,1712.433228,2051.534218841014,2789.4215956415305,1931.2717892433427
2024-08-20 10:10:00,1736.466675,2051.534218841014,2837.9251258929826,1923.8497715433427
2024-08-20 10:15:00,1762.366699,2051.534218841014,2883.774603455653,1929.1024423021847
2024-08-20 10:20:00,1799.866699,2051.534218841014,2926.908060031977,1929.1024423021847
2024-08-20 10:25:00,1840.5,2051.534218841014,2967.275091007416,1919.5644192707286
2024-08-20 10:30:00,1878.566772,2051.534218841014,3004.8368982249954,1915.1762552691573
2024-08-20 10:35:00,1894.033325,2051.534218841014,3039.5662606182027,1912.454864998593
2024-08-20 10:40:00,1888.300171,2051.534218841014,3071.447433027874,1910.3385360015689
2024-08-20 10:45:00,1874.333374,2051.534218841014,3100.4759749614495,1909.0739804553784
2024-08-20 10:50:00,1866.900024,2051.534218841014,3126.6585106760504,1921.6009504522674
2024-08-20 10:55:00,2055.5,2051.534218841014,3150.012422927711,1918.3668827536865
2024-08-20 11:00:00,1975.333374,2051.534218841014,3170.565483225923,2050.4411698046465
2024-08-20 11:05:00,2037.033203,2051.534218841014,3188.3554212298363,2050.4411698046465
2024-08-20 11:10:00,2037.766602,2051.534218841014,3203.4294375154864,2050.4448435967897
2024-08-20 11:15:00,2057.666748,2051.534218841014,3215.8436629749817,2050.5249812259094
2024-08-20 11:20:00,2042.799927,2051.534218841014,3225.662569529524,2050.738556354511
2024-08-20 11:25:00,2027.200073,2051.534218841014,3232.9583365466924,2050.994937873804
2024-08-20 11:30:00,2011.666626,2051.534218841014,3237.8101779116855,2039.5076243318306
2024-08-20 11:35:00,2027.333374,2051.534218841014,3240.3036348378955,2033.2925670957197
2024-08-20 11:40:00,2043.700073,2051.534218841014,3240.5298398099453,2015.3391587979256
2024-08-20 11:45:00,2058.800049,2051.534218841014,3238.584757137613,2014.9062265923185
2024-08-20 11:50:00,2058.966553,2051.534218841014,3234.568405753648,2022.5717678620806
2024-08-20 11:55:00,2058.833496,2051.534218841014,3228.5840700495296,2022.289283495454
2024-08-20 12:00:00,2059.633545,2051.534218841014,3220.737504486384,2029.73306540548
2024-08-20 12:05:00,2060.033203,2051.534218841014,3211.136137760137,2029.73306540548
2024-08-20 12:10:00,2059.43335,2051.534218841014,3199.888282374293,2030.3596498100626
2024-08-20 12:15:00,2059.266602,2051.534218841014,3187.102355162243,2034.531926894571
2024-08-20 12:20:00,2058.699951,2051.534218841014,3172.8861144114658,2034.6318166212372
2024-08-20 12:25:00,2059.43335,2051.534218841014,3157.3459189816294,2032.8905855907815
2024-08-20 12:30:00,2058.766602,2051.534218841014,3140.586014447063,2034.5809065370572
2024-08-20 12:35:00,2059.300049,2051.534218841014,3122.707851674091,2014.6872569877037
2024-08-20 12:40:00,2059.166748,2051.534218841014,3103.80944180876,2024.232228961748
2024-08-20 12:45:00,2059.666748,2051.534218841014,3083.984752797469,2025.6014174565971
2024-08-20 12:50:00,2059.43335,2051.534218841014,3063.323150938619,2022.0960626271956
2024-08-20 12:55:00,2060.366699,2051.534218841014,3041.9088914209874,2009.636713545936
2024-08-20 13:00:00,2062.666748,2051.534218841014,3019.820661055523,1962.0399103068223
2024-08-20 13:05:00,1991.033325,2051.534218841014,2997.131175990707,1963.47355477944
2024-08-20 13:10:00,1991.266724,2051.534218841014,2973.906837124793,2005.667376062774
2024-08-20 13:15:00,1990.200073,2051.534218841014,2950.2074446572447,2025.9139743422147
2024-08-20 13:20:00,2062.900146,2051.534218841014,2926.085974116568,1991.1799754485146
2024-08-20 13:25:00,2061.799805,2051.534218841014,2901.588413973329,2010.5326758887973
2024-08-20 13:30:00,2059.300049,2051.534218841014,2876.7536662344414,2010.9813311277085
2024-08-20 13:35:00,2056.633545,2051.534218841014,2851.613509473422,1962.7185361835454
2024-08-20 13:40:00,2055.666504,2051.534218841014,2826.1926244702186,1982.3936494039042
2024-08-20 13:45:00,2056.366455,2051.534218841014,2800.508681101955,2020.4466275676698
2024-08-20 13:50:00,2056.400146,2051.534218841014,2774.572485474295,2032.3404225090949
2024-08-20 13:55:00,2054.733154,2051.534218841014,2748.388185434924,2035.3939461868283
2024-08-20 14:00:00,2054.400146,2051.534218841014,2721.953532044791,2026.9563925430923
2024-08-20 14:05:00,2055.599854,2051.534218841014,2695.260194952538,2025.7144267691585
2024-08-20 14:10:00,2058.5,2051.534218841014,2668.294127775316,2023.0796073277613
2024-08-20 14:15:00,2058.06665,2051.534218841014,2641.035980939196,1876.2828514906182
2024-08-20 14:20:00,2056.633301,2051.534218841014,2613.4615575879493,1728.6548647320815
2024-08-20 14:25:00,2053.633301,2051.534218841014,2585.5423088828175,1426.2205023117533
2024-08-20 14:30:00,2054.366699,2051.534218841014,2557.245864175427,1072.688244524362
2024-08-20 14:35:00,2057.133301,2051.534218841014,2528.5365914320455,885.4053651304105
2024-08-20 14:40:00,2060.199951,2051.534218841014,2499.376183378281,889.6080009333881
2024-08-20 14:45:00,2060.966797,2051.534218841014,2469.724263797283,870.4849345540698
2024-08-20 14:50:00,2058.400146,2051.534218841014,2439.53900972341,837.1945326949972
2024-08-20 14:55:00,2056.43335,2051.534218841014,2408.7777834314743,1605.1052831762136
2024-08-20 15:00:00,2051.499756,2051.534218841014,2377.3977695565504,1442.9070504281865
2024-08-20 15:05:00,2039.466675,2051.534218841014,2345.35661185335,1453.9405138933714
2024-08-20 15:10:00,2012.933228,2051.534218841014,2312.6130442309423,1461.5970674023251
2024-08-20 15:15:00,1962.199829,2051.534218841014,2279.1275112626236,1441.1439132527655
2024-08-20 15:20:00,1908.766602,2051.534218841014,2244.862772529543,1436.9569576803772
2024-08-20 15:25:00,1857.066772,2051.534218841014,2209.784486415041,1340.8512361746957
2024-08-20 15:30:00,1845.966675,2051.534218841014,2173.8617679735585,1458.7296874657573
2024-08-20 15:35:00,1853.033325,2051.534218841014,2137.0677172811556,1462.8387160422803
2024-08-20 15:40:00,1890.666626,2051.534218841014,2099.379912774128,1407.9322764206613
2024-08-20 15:45:00,1913.133423,2051.534218841014,2060.780866691913,1283.6407053484993
2024-08-20 15:50:00,1920.0,2051.534218841014,2021.2584381784063,903.3508542913187
2024-08-20 15:55:00,1896.533203,2051.534218841014,1980.8062011017194,658.2455173922099
2024-08-20 16:00:00,1881.399902,2051.534218841014,1939.423763513174,643.6176013964628
2024-08-20 16:05:00,1508.149902,2051.534218841014,1897.117035980129,601.7585685852694
2024-08-20 16:10:00,1401.199951,2051.534218841014,1853.898447216198,684.0903241147196
2024-08-20 16:15:00,1390.650024,2051.534218841014,1809.787104133462,689.2699881641959
2024-08-20 16:20:00,1373.066528,2051.534218841014,1764.80889654443,721.5021767902545
2024-08-20 16:25:00,1328.666626,2051.534218841014,1718.9965441319398,893.6474048669337
2024-08-20 16:30:00,1275.099976,2051.534218841014,1672.389586249917,943.8151002805062
2024-08-20 16:35:00,1230.333374,2051.534218841014,1625.034314256062,917.7938902642192
2024-08-20 16:40:00,1209.56665,2051.534218841014,1576.9836467407404,1014.1561607131957
2024-08-20 16:45:00,1202.833252,2051.534218841014,1528.2969490361397,1149.6906987818754
2024-08-20 16:50:00,1195.299927,2051.534218841014,1479.0397977799169,1139.422417766762
2024-08-20 16:55:00,1175.333374,2051.534218841014,1429.2836928519143,1120.4894936314765
2024-08-20 17:00:00,1135.233398,2051.534218841014,1379.1057182946627,1109.405061344961
2024-08-20 17:05:00,1067.200073,2051.534218841014,1328.5881559006714,1110.6464843447486
2024-08-20 17:10:00,988.2333984,2051.534218841014,1277.8180530791062,1090.5084852512182
2024-08-20 17:15:00,914.0667114,2051.534218841014,1226.8867491821247,1016.8690572209313
2024-08-20 17:20:00,866.333313,2051.534218841014,1175.8893640020278,934.4666789302335
2024-08-20 17:25:00,820.4333496,2051.534218841014,1124.924251807863,883.8450311948621
2024-08-20 17:30:00,781.2333374,2051.534218841014,1074.0924256359863,833.3783235953098
2024-08-20 17:35:00,706.833313,2051.534218841014,1023.496955882878,802.0100127138752
2024-08-20 17:40:00,674.6500244,2051.534218841014,973.2423484113519,762.3280687273001
2024-08-20 17:45:00,533.5999756,2051.534218841014,923.4339058906853,693.2920400129511
2024-08-20 17:50:00,390.5500183,2051.534218841014,874.1770787964813,671.0053843653058
2024-08-20 17:55:00,304.3999939,2051.534218841014,825.5768094788533,659.0180010289373
2024-08-20 18:00:00,299.9666748,2051.534218841014,777.736875398748,383.1108166517702
2024-08-20 18:05:00,292.6666565,2051.534218841014,730.7592361777964,385.09054970928133
2024-08-20 18:10:00,293.8999939,2051.534218841014,684.7433893449592,386.76833360683537
2024-08-20 18:15:00,268.3666687,2051.534218841014,639.7857401688274,224.4808279522552
2024-08-20 18:20:00,259.9000244,2051.534218841014,595.978989763073,221.8608988805202
2024-08-20 18:25:00,215.5500031,2051.534218841014,553.4115466560469,233.6841902018836
2024-08-20 18:30:00,178.8500061,2051.534218841014,512.166965771786,221.6031465285398
2024-08-20 18:35:00,142.8500061,2051.534218841014,472.3234199641781,214.95072794028195
2024-08-20 18:40:00,111.25,2051.534218841014,433.9532070032781,201.88742386379673
2024-08-20 18:45:00,90.44999695,2051.534218841014,397.1222964300917,208.05477185551982
2024-08-20 18:50:00,77.09999847,2051.534218841014,361.8899197455645,190.98550591678188
2024-08-20 18:55:00,65.19999695,2051.534218841014,328.3082065455326,190.37884713418978
2024-08-20 19:00:00,53.65000534,2051.534218841014,296.4218697081146,56.55874600104026
2024-08-20 19:05:00,43.5,2051.534218841014,266.2679418318266,55.04553563029609
2024-08-20 19:10:00,34.75,2051.534218841014,237.87556478330063,53.58368424119609
2024-08-20 19:15:00,26.85000038,2051.534218841014,211.265834095387,50.542687690002225
2024-08-20 19:20:00,20.15000153,2051.534218841014,186.45169907246495,48.99599226005309
2024-08-20 19:25:00,14.53333378,2051.534218841014,163.43791951026398,43.316083674196385
2024-08-20 19:30:00,12.80000019,2051.534218841014,142.221078947835,47.61146759758493
2024-08-20 19:35:00,0.0,2051.534218841014,122.78965465790911,43.38895450831265
2024-08-20 19:40:00,0.0,2051.534218841014,105.12414330018689,43.08249060369869
2024-08-20 19:45:00,0.0,2051.534218841014,89.19724161922427,41.87436971843925
2024-08-20 19:50:00,0.0,2051.534218841014,74.97408029519832,44.3777798780957
2024-08-20 19:55:00,0.0,2051.534218841014,62.41250933191847,41.655110948701626
2024-08-20 20:00:00,0.0,2051.534218841014,51.463432484688134,1.633055555777778
2024-08-20 20:05:00,0.0,2051.534218841014,42.07118838082651,0.8426666667777777
2024-08-20 20:10:00,0.0,2051.534218841014,34.17397492902562,0.4235000001111111
2024-08-20 20:15:00,0.0,2051.534218841014,27.704313934801224,0.0
2024-08-20 20:20:00,0.0,2051.534218841014,22.5895523176065,0.08811111133333334
2024-08-20 20:25:00,0.0,2051.534218841014,18.752395729228162,0.0
2024-08-20 20:30:00,0.0,2051.534218841014,16.111470848695458,0.03552380971428571
2024-08-20 20:35:00,0.0,2051.534218841014,14.581911515496154,0.03552380971428571
2024-08-20 20:40:00,0.0,2051.534218841014,14.075964635134357,0.03552380971428571
2024-08-20 20:45:00,0.0,2051.534218841014,14.50361077703278,0.0
2024-08-20 20:50:00,0.0,2051.534218841014,15.773194978327313,0.0
2024-08-20 20:55:00,0.0,2051.534218841014,17.79206277016311,0.0
2024-08-20 21:00:00,0.0,2051.534218841014,20.467196600687444,0.0
2024-08-20 21:05:00,0.0,2051.534218841014,23.705847810300114,0.0
2024-08-20 21:10:00,0.0,2051.534218841014,27.416159347726428,0.0
2024-08-20 21:15:00,0.0,2051.534218841014,31.50777455227202,0.0
2024-08-20 21:20:00,0.0,2051.534218841014,35.89242728583298,0.0
2024-08-20 21:25:00,0.0,2051.534218841014,40.48450924054516,0.0
2024-08-20 21:30:00,0.0,2051.534218841014,45.20160989603638,0.0
2024-08-20 21:35:00,0.0,2051.534218841014,49.96502533423212,0.0
2024-08-20 21:40:00,0.0,2051.534218841014,54.7002320950193,0.0
2024-08-20 21:45:00,0.0,2051.534218841014,59.33732262666427,0.0
2024-08-20 21:50:00,0.0,2051.534218841014,63.81139917880236,0.0
2024-08-20 21:55:00,0.0,2051.534218841014,68.06292337505042,0.0
2024-08-20 22:00:00,0.0,2051.534218841014,72.03801900219268,0.0
2024-08-20 22:05:00,0.0,2051.534218841014,75.68872596829455,0.0
2024-08-20 22:10:00,0.0,2051.534218841014,78.97320379273435,0.0
2024-08-20 22:15:00,0.0,2051.534218841014,81.85588332200003,0.0
2024-08-20 22:20:00,0.0,2051.534218841014,84.30756591281921,0.0
2024-08-20 22:25:00,0.0,2051.534218841014,86.30546961784992,0.0
2024-08-20 22:30:00,0.0,2051.534218841014,87.83322242824305,0.0
2024-08-20 22:35:00,0.0,2051.534218841014,88.8808030000803,0.0
2024-08-20 22:40:00,0.0,2051.534218841014,89.44442974307577,0.0
2024-08-20 22:45:00,0.0,2051.534218841014,89.52639955563559,0.0
2024-08-20 22:50:00,0.0,2051.534218841014,89.13487788815085,0.0
2024-08-20 22:55:00,0.0,2051.534218841014,88.28364222733707,0.0
2024-08-20 23:00:00,0.0,2051.534218841014,86.99178143130916,0.0
2024-08-20 23:05:00,0.0,2051.534218841014,85.28335376299188,0.0
2024-08-20 23:10:00,0.0,2051.534218841014,83.18700671442684,0.0
2024-08-20 23:15:00,0.0,2051.534218841014,80.73556209558397,0.0
2024-08-20 23:20:00,0.0,2051.534218841014,77.9655701069172,0.0
2024-08-20 23:25:00,0.0,2051.534218841014,74.91683635861166,0.0
2024-08-20 23:30:00,0.0,2051.534218841014,71.63192603144607,0.0
2024-08-20 23:35:00,0.0,2051.534218841014,68.15564954732949,0.0
2024-08-20 23:40:00,0.0,2051.534218841014,64.53453426402861,0.0
2024-08-20 23:45:00,0.0,2051.534218841014,60.816286838009816,0.0
2024-08-20 23:50:00,0.0,2051.534218841014,57.049250910767896,0.0
2024-08-20 23:55:00,0.0,2051.534218841014,53.28186496086344,0.0
2024-08-21 00:00:00,0.0,2051.534218841014,49.56212492316766,0.0
2024-08-21 00:05:00,0.0,2051.534218841014,45.937056374375636,0.0
2024-08-21 00:10:00,0.0,2051.534218841014,42.45220086121116,0.0
2024-08-21 00:15:00,0.0,2051.534218841014,39.15112087731763,0.0
2024-08-21 00:20:00,0.0,2051.534218841014,36.07492784638971,0.0
2024-08-21 00:25:00,0.0,2051.534218841014,33.26183726213962,0.0
2024-08-21 00:30:00,0.0,2051.534218841014,30.746754941877995,0.0
2024-08-21 00:35:00,0.0,2051.534218841014,28.560898022189544,0.0
2024-08-21 00:40:00,0.0,2051.534218841014,26.731454264879595,0.0
2024-08-21 00:45:00,0.0,2051.534218841014,25.281282453316642,0.0
2024-08-21 00:50:00,0.0,2051.534218841014,24.22865701049812,0.0
2024-08-21 00:55:00,0.0,2051.534218841014,23.58705890745112,0.0
2024-08-21 01:00:00,0.0,2051.534218841014,23.365015051693526,0.0
2024-08-21 01:05:00,0.0,2051.534218841014,23.565987697925006,0.0
2024-08-21 01:10:00,0.0,2051.534218841014,24.18831509785784,0.0
2024-08-21 01:15:00,0.0,2051.534218841014,25.225204149232088,0.0
2024-08-21 01:20:00,0.0,2051.534218841014,26.664775358711136,0.0
2024-08-21 01:25:00,0.0,2051.534218841014,28.49016013812181,0.0
2024-08-21 01:30:00,0.0,2051.534218841014,30.679649671814357,0.0
2024-08-21 01:35:00,0.0,2051.534218841014,33.206894699824225,0.0
2024-08-21 01:40:00,0.0,2051.534218841014,36.04115447986526,0.0
2024-08-21 01:45:00,0.0,2051.534218841014,39.1475934378137,0.0
2024-08-21 01:50:00,0.0,2051.534218841014,42.48762301893477,0.0
2024-08-21 01:55:00,0.0,2051.534218841014,46.019286299964484,0.0
2024-08-21 02:00:00,0.0,2051.534218841014,49.69768233515961,0.0
2024-08-21 02:05:00,0.0,2051.534218841014,53.47542683412283,0.0
2024-08-21 02:10:00,0.0,2051.534218841014,57.303145642401304,0.0
2024-08-21 02:15:00,0.0,2051.534218841014,61.12999697478137,0.0
2024-08-21 02:20:00,0.0,2051.534218841014,64.90421824123668,0.0
2024-08-21 02:25:00,0.0,2051.534218841014,68.57369295835086,0.0
2024-08-21 02:30:00,0.0,2051.534218841014,72.08653316955235,0.0
2024-08-21 02:35:00,0.0,2051.534218841014,75.39167248703767,0.0
2024-08-21 02:40:00,0.0,2051.534218841014,78.43946485211029,0.0
2024-08-21 02:45:00,0.0,2051.534218841014,81.1822839921643,0.0
2024-08-21 02:50:00,0.0,2051.534218841014,83.57511842630751,0.0
2024-08-21 02:55:00,0.0,2051.534218841014,85.57615702702303,0.0
2024-08-21 03:00:00,0.0,2051.534218841014,87.14735999212385,0.0
2024-08-21 03:05:00,0.0,2051.534218841014,88.25501028634403,0.0
2024-08-21 03:10:00,0.0,2051.534218841014,88.870240649519,0.0
2024-08-21 03:15:00,0.0,2051.534218841014,88.96953143874417,0.0
2024-08-21 03:20:00,0.0,2051.534218841014,88.53517479673602,0.0
2024-08-21 03:25:00,0.0,2051.534218841014,87.5557007224318,0.0
2024-08-21 03:30:00,0.0,2051.534218841014,86.02626114088547,0.0
2024-08-21 03:35:00,0.0,2051.534218841014,83.94896803498655,0.0
2024-08-21 03:40:00,0.0,2051.534218841014,81.33318229768805,0.0
2024-08-21 03:45:00,0.0,2051.534218841014,78.19575016610132,0.0
2024-08-21 03:50:00,0.0,2051.534218841014,74.56118450236647,0.0
2024-08-21 03:55:00,0.0,2051.534218841014,70.4617886593864,0.0
2024-08-21 04:00:00,0.0,2051.534218841014,65.93772095741974,0.0
2024-08-21 04:05:00,0.0,2051.534218841014,61.03699836975789,0.0
2024-08-21 04:10:00,0.0,2051.534218841014,55.81543839165072,0.0
2024-08-21 04:15:00,0.0,2051.534218841014,50.33653853404204,0.0
2024-08-21 04:20:00,0.0,2051.534218841014,44.67129343062932,0.0
2024-08-21 04:25:00,0.0,2051.534218841014,38.89794985937649,0.0
2024-08-21 04:30:00,0.0,2051.534218841014,33.101700690123415,0.0
2024-08-21 04:35:00,0.0,2051.534218841014,27.374318983078886,0.0
2024-08-21 04:40:00,0.0,2051.534218841014,21.813734133042313,0.0
2024-08-21 04:45:00,0.0,2051.534218841014,16.523552306198294,0.0
2024-08-21 04:50:00,0.0,2051.534218841014,11.612523846715808,0.0
2024-08-21 04:55:00,0.0,2051.534218841014,7.193960869720957,0.0
2024-08-21 05:00:00,0.0,2051.534218841014,3.3851084479682014,0.0
2024-08-21 05:05:00,0.0,2051.534218841014,0.3064734215499861,0.0
2024-08-21 05:10:00,0.0,2051.534218841014,-1.918884994037832,0.0
2024-08-21 05:15:00,0.0,2051.534218841014,-3.166098173718835,0.0
2024-08-21 05:20:00,0.0,2051.534218841014,-3.3092597779194817,0.0
2024-08-21 05:25:00,0.0,2051.534218841014,-2.2222210192887673,0.0
2024-08-21 05:30:00,0.0,2051.534218841014,0.22059579640308435,0.0
2024-08-21 05:35:00,0.0,2051.534218841014,4.143371019648333,0.0
2024-08-21 05:40:00,0.0,2051.534218841014,9.668054328501537,0.0
2024-08-21 05:45:00,0.0,2051.534218841014,16.913530160132602,0.0
2024-08-21 05:50:00,0.0,2051.534218841014,25.994787538637077,0.0
2024-08-21 05:55:00,0.0,2051.534218841014,37.02210044229967,0.0
2024-08-21 06:00:00,0.0,2051.534218841014,50.10022416851275,56.454807322300134
2024-08-21 06:05:00,0.0,2051.534218841014,65.32761372508962,56.454807322300134
2024-08-21 06:10:00,0.0,2051.534218841014,82.79566971213939,56.0681961977168
2024-08-21 06:15:00,0.0,2051.534218841014,102.58801720948388,56.0681961977168
2024-08-21 06:20:00,0.0,2051.534218841014,124.77982302436821,56.55200733976681
2024-08-21 06:25:00,0.0,2051.534218841014,149.43715610857646,59.06085191931458
2024-08-21 06:30:00,0.0,2051.534218841014,176.61639638176763,53.034140812166804
2024-08-21 06:35:00,0.0,2051.534218841014,206.3636957433283,49.00794817181908
2024-08-21 06:40:00,0.0,2051.534218841014,238.714496113703,50.3731148529552
2024-08-21 06:45:00,74.80000305,2051.534218841014,273.6931077693696,53.01251487923853
2024-08-21 06:50:00,92.80000305,2051.534218841014,311.31235160778414,53.01251487923853
2024-08-21 06:55:00,110.0,2051.534218841014,351.57326794283796,59.70224809677241
2024-08-21 07:00:00,132.1000061,2051.534218841014,394.4648947215951,360.85810863639955
2024-08-21 07:05:00,173.3000031,2051.534218841014,439.96411685491773,349.79847999439056
2024-08-21 07:10:00,219.6999969,2051.534218841014,488.0355882393142,342.23011712679437
2024-08-21 07:15:00,268.7000122,2051.534218841014,538.631727877893,338.8444115688665
2024-08-21 07:20:00,312.1000061,2051.534218841014,591.6927895881914,332.0419215130401
2024-08-21 07:25:00,358.8999939,2051.534218841014,647.1470068027638,308.46957361611004
2024-08-21 07:30:00,403.0,2051.534218841014,704.9108105399974,313.2466808554323
2024-08-21 07:35:00,451.8999939,2051.534218841014,764.8891204183788,306.72322064974963
2024-08-21 07:40:00,508.8999939,2051.534218841014,826.9757068889761,298.72843748504414
2024-08-21 07:45:00,560.4000244,2051.534218841014,891.0536224839185,298.72843748504414
2024-08-21 07:50:00,619.0999756,2051.534218841014,956.9957001420474,293.29302500428616
2024-08-21 07:55:00,681.2999878,2051.534218841014,1024.6651146211734,289.6454791321846
2024-08-21 08:00:00,730.9000244,2051.534218841014,1093.9160051652823,905.4819374327781
2024-08-21 08:05:00,782.0999756,2051.534218841014,1164.5941534672454,900.9176747367779
2024-08-21 08:10:00,841.5,2051.534218841014,1236.5377148332116,900.9176747367779
2024-08-21 08:15:00,819.9333496,2051.534218841014,1309.577996498929,900.9176747367779
2024-08-21 08:20:00,855.4332886,2051.534218841014,1383.5402786600723,900.9176747367779
2024-08-21 08:25:00,887.7000122,2051.534218841014,1458.2446732002493,900.9176747367779
2024-08-21 08:30:00,1078.900024,2051.534218841014,1533.5070137917269,900.9176747367779
2024-08-21 08:35:00,1026.799927,2051.534218841014,1609.139772828283,897.675267170889
2024-08-21 08:40:00,1087.666626,2051.534218841014,1684.9529980886236,897.675267170889
2024-08-21 08:45:00,1117.166626,2051.534218841014,1760.755264402616,896.2392206861671
2024-08-21 08:50:00,1167.099976,2051.534218841014,1836.3546321619733,896.2392206861671
2024-08-21 08:55:00,1213.933228,2051.534218841014,1911.5596090508564,896.2392206861671
2024-08-21 09:00:00,1258.966675,2051.534218841014,1986.1801063624064,1280.4407893585953
2024-08-21 09:05:00,1303.099976,2051.534218841014,2060.0283853879264,1281.7328999535953
2024-08-21 09:10:00,1345.900024,2051.534218841014,2132.9199868788937,1510.201325143412
2024-08-21 09:15:00,1389.233398,2051.534218841014,2204.674637850634,1504.5451894279527
2024-08-21 09:20:00,1433.033325,2051.534218841014,2275.1171301411746,1538.243670968723
2024-08-21 09:25:00,1475.099976,2051.534218841014,2344.0781642225297,1559.266138947612
2024-08-21 09:30:00,1518.099976,2051.534218841014,2411.39515453666,1573.213465978501
2024-08-21 09:35:00,1560.666626,2051.534218841014,2476.912988948195,1585.1055001381617
2024-08-21 09:40:00,1605.0,2051.534218841014,2540.4847398279135,1584.4451267053523
2024-08-21 09:45:00,1648.599976,2051.534218841014,2601.972320807746,1577.85238205853
2024-08-21 09:50:00,1691.099976,2051.534218841014,2661.247085697986,1573.8793351300856
2024-08-21 09:55:00,1731.266602,2051.534218841014,2718.19036605906,1573.9496278533634
2024-08-21 10:00:00,1769.033325,2051.534218841014,2772.6939436243497,1910.8875385316826
2024-08-21 10:05:00,1803.666626,2051.534218841014,2824.6604556257366,1910.7592660326825
2024-08-21 10:10:00,1834.733398,2051.534218841014,2874.0037300796607,1925.0731729392846
2024-08-21 10:15:00,1861.400024,2051.534218841014,2920.6490498776934,1925.0731729392846
2024-08-21 10:20:00,1889.466675,2051.534218841014,2964.53334339977,1922.6589138700533
2024-08-21 10:25:00,1918.466675,2051.534218841014,3005.6053021507105,1922.6589138700533
2024-08-21 10:30:00,1949.866577,2051.534218841014,3043.8254243560655,1937.308283164526
2024-08-21 10:35:00,1979.933228,2051.534218841014,3079.16598476815,1937.308283164526
2024-08-21 10:40:00,2008.800171,2051.534218841014,3111.6109319461707,1937.580893058957
2024-08-21 10:45:00,2033.400024,2051.534218841014,3141.155713861248,1937.580893058957
2024-08-21 10:50:00,2048.06665,2051.534218841014,3167.8070338911652,1941.0379873423603
2024-08-21 10:55:00,2054.266846,2051.534218841014,3191.5825391224903,1941.0379873423603
2024-08-21 11:00:00,2054.633545,2051.534218841014,3212.5104442615225,2049.229992746194
2024-08-21 11:05:00,2054.766602,2051.534218841014,3230.62909354949,2049.229992746194
2024-08-21 11:10:00,2055.56665,2051.534218841014,3245.986465044276,2034.8507908710526
2024-08-21 11:15:00,2057.166748,2051.534218841014,3258.639620726024,2036.7483684155895
2024-08-21 11:20:00,2060.033203,2051.534218841014,3268.6541069648356,2035.8367090520212
2024-08-21 11:25:00,2062.0,2051.534218841014,3276.103310013754,2035.8275385277834
2024-08-21 11:30:00,2062.43335,2051.534218841014,3281.0677714104477,2032.3252981617093
2024-08-21 11:35:00,2061.599854,2051.534218841014,3283.634468613543,2028.7667995404868
2024-08-21 11:40:00,2060.033447,2051.534218841014,3283.896066221871,2028.7667995404868
2024-08-21 11:45:00,2060.233154,2051.534218841014,3281.950143397909,2030.9836511779122
2024-08-21 11:50:00,2058.800049,2051.534218841014,3277.8984033199276,2034.059528604182
2024-08-21 11:55:00,2058.766602,2051.534218841014,3271.845870327085,2035.821901371942
2024-08-21 12:00:00,2057.099854,2051.534218841014,3263.9000808802316,2032.979064099467
2024-08-21 12:05:00,2057.399902,2051.534218841014,3254.1702740039977,2033.0442166385226
2024-08-21 12:10:00,2057.233154,2051.534218841014,3242.766587214166,2033.0442166385226
2024-08-21 12:15:00,2057.333252,2051.534218841014,3229.799263641454,2033.0442166385226
2024-08-21 12:20:00,2056.899902,2051.534218841014,3215.377876031175,2033.0442166385226
2024-08-21 12:25:00,2055.466553,2051.534218841014,3199.6105730486206,2033.0442166385226
2024-08-21 12:30:00,2055.366699,2051.534218841014,3182.6033532835995,2023.3808887600417
2024-08-21 12:35:00,2056.466553,2051.534218841014,3164.459371921157,2037.4142040060178
2024-08-21 12:40:00,2058.599854,2051.534218841014,3145.2782848144448,2043.4161836995913
2024-08-21 12:45:00,2060.56665,2051.534218841014,3125.1556345658482,2046.3142908381815
2024-08-21 12:50:00,2061.56665,2051.534218841014,3104.1822824665655,2029.460123102049
2024-08-21 12:55:00,2062.699951,2051.534218841014,3082.4438903284977,2011.5489500500626
2024-08-21 13:00:00,2061.866455,2051.534218841014,3060.0204553755107,1956.9839688340874
2024-08-21 13:05:00,2060.56665,2051.534218841014,3036.9859011076355,2000.1873823833373
2024-08-21 13:10:00,2059.149902,2051.534218841014,3013.407726728682,2031.2520336307846
2024-08-21 13:15:00,2057.900146,2051.534218841014,2989.346716898668,2051.9878069097854
2024-08-21 13:20:00,1763.300049,2051.534218841014,2964.856713891919,2050.4888171096363
2024-08-21 13:25:00,1665.333374,2051.534218841014,2939.9844525470317,2026.7920083815484
2024-08-21 13:30:00,2071.899902,2051.534218841014,2914.7694590332417,2032.3330440572204
2024-08-21 13:35:00,2068.349854,2051.534218841014,2889.244013484469,2016.8154018052885
2024-08-21 13:40:00,2066.5,2051.534218841014,2863.4331759809147,2019.80418242629
2024-08-21 13:45:00,2061.93335,2051.534218841014,2837.354875002321,2045.3427789634416
2024-08-21 13:50:00,2060.5,2051.534218841014,2811.0200571924556,2021.7757324000777
2024-08-21 13:55:00,2059.649902,2051.534218841014,2784.432896315052,1983.616772725959
2024-08-21 14:00:00,2062.899902,2051.534218841014,2757.5910594846505,1736.4345853797768
2024-08-21 14:05:00,2063.5,2051.534218841014,2730.486027717135,1763.9637902644442
2024-08-21 14:10:00,2064.700195,2051.534218841014,2703.1034679188883,1864.4389888647695
2024-08-21 14:15:00,1688.75,2051.534218841014,2675.4236526402783,1894.6025702696884
2024-08-21 14:20:00,935.5500488,2051.534218841014,2647.421923972785,1809.8899845887242
2024-08-21 14:25:00,669.7000122,2051.534218841014,2619.06919737329,1922.9924403880207
2024-08-21 14:30:00,1322.800049,2051.534218841014,2590.3325009026366,1943.4043720212555
2024-08-21 14:35:00,1159.550049,2051.534218841014,2561.1755454862987,1959.3958913603828
2024-08-21 14:40:00,1087.43335,2051.534218841014,2531.5593209812682,1978.7505913381312
2024-08-21 14:45:00,969.75,2051.534218841014,2501.4427129968776,2001.6780035147967
2024-08-21 14:50:00,713.4500122,2051.534218841014,2470.7831357926134,1993.7693175703932
2024-08-21 14:55:00,440.9666443,2051.534218841014,2439.537175156746,2004.944092450005
2024-08-21 15:00:00,1497.0,2051.534218841014,2407.661236406234,1963.6631961702521
2024-08-21 15:05:00,2055.100098,2051.534218841014,2375.1121921932254,1980.4845821506647
2024-08-21 15:10:00,1915.600098,2051.534218841014,2341.8480244089337,1954.6538087925671
2024-08-21 15:15:00,1915.600098,2051.534218841014,2307.8284552102236,1957.6647986171972
2024-08-21 15:20:00,2045.199951,2051.534218841014,2273.01556190514,1952.8289797195168
2024-08-21 15:25:00,2027.099854,2051.534218841014,2237.374370582925,1920.598801729818
2024-08-21 15:30:00,2009.233398,2051.534218841014,2200.8734238464526,1839.130445208884
2024-08-21 15:35:00,1970.733398,2051.534218841014,2163.485317870153,1813.8441334872673
2024-08-21 15:40:00,1937.133301,2051.534218841014,2125.187204545987,1496.6458333474047
2024-08-21 15:45:00,1900.866577,2051.534218841014,2085.961254474388,1498.3491561900394
2024-08-21 15:50:00,1858.266602,2051.534218841014,2045.7950772631516,1462.0760547371406
2024-08-21 15:55:00,1813.833374,2051.534218841014,2004.6820956412744,1397.4699937747432
2024-08-21 16:00:00,1765.900024,2051.534218841014,1962.6218702443493,1301.289377184626
2024-08-21 16:05:00,1712.566772,2051.534218841014,1919.6203728263142,1277.0109956359358
2024-08-21 16:10:00,1645.833374,2051.534218841014,1875.6902052359892,1297.5614233576616
2024-08-21 16:15:00,1576.366699,2051.534218841014,1830.8507623849434,1301.169049652565
2024-08-21 16:20:00,1514.599976,2051.534218841014,1785.1283386636592,1288.5631527558537
2024-08-21 16:25:00,1464.766602,2051.534218841014,1738.5561757201049,1298.409164769749
2024-08-21 16:30:00,1413.799927,2051.534218841014,1691.1744519400809,1345.5491077085496
2024-08-21 16:35:00,1358.466675,2051.534218841014,1643.0302137320973,1348.3468884639808
2024-08-21 16:40:00,1303.333374,2051.534218841014,1594.177248592083,1341.3480651037019
2024-08-21 16:45:00,1249.133301,2051.534218841014,1544.6759013285423,1322.6909505891315
2024-08-21 16:50:00,1202.366699,2051.534218841014,1494.5928347144802,1359.320597598112
2024-08-21 16:55:00,1144.566772,2051.534218841014,1444.0007362617466,1356.2402200513661
2024-08-21 17:00:00,1086.100098,2051.534218841014,1392.9779736446542,853.4410959850323
2024-08-21 17:05:00,1020.5,2051.534218841014,1341.6082011881429,855.5469941208935
2024-08-21 17:10:00,957.666687,2051.534218841014,1289.9799206166695,785.9711860526722
2024-08-21 17:15:00,898.7666626,2051.534218841014,1238.1859992012155,793.0648683170484
2024-08-21 17:20:00,844.6000366,2051.534218841014,1186.3231493007345,793.6837543954817
2024-08-21 17:25:00,794.666687,2051.534218841014,1134.491373178843,785.597959601396
2024-08-21 17:30:00,746.1333008,2051.534218841014,1082.7933772081406,781.9279885011446
2024-08-21 17:35:00,708.8666382,2051.534218841014,1031.3339604673445,780.4020914725612
2024-08-21 17:40:00,654.9333496,2051.534218841014,980.2193818443029,834.0767253911843
2024-08-21 17:45:00,632.75,2051.534218841014,929.5567105741143,748.5907604374141
2024-08-21 17:50:00,515.833313,2051.534218841014,879.4531661033428,717.1031982276237
2024-08-21 17:55:00,458.0666504,2051.534218841014,830.0154508597449,728.6860566043744
2024-08-21 18:00:00,422.8000183,2051.534218841014,781.3490823265091,268.8036873401816
2024-08-21 18:05:00,379.1000061,2051.534218841014,733.5577286893641,252.7055877625436
2024-08-21 18:10:00,362.1500244,2051.534218841014,686.7425539064886,252.951539747296
2024-08-21 18:15:00,311.6500244,2051.534218841014,641.001576414889,238.0710989125572
2024-08-21 18:20:00,266.1000061,2051.534218841014,596.4290469594118,228.735626094276
2024-08-21 18:25:00,225.4999847,2051.534218841014,553.1148499155956,241.1607779910378
2024-08-21 18:30:00,188.5500031,2051.534218841014,511.1439330001918,233.4421355910981
2024-08-21 18:35:00,152.25,2051.534218841014,470.59576937383395,235.30877901996433
2024-08-21 18:40:00,116.7499924,2051.534218841014,431.5438564892103,218.52912885558123
2024-08-21 18:45:00,88.69999695,2051.534218841014,394.0552551792118,211.18873943420925
2024-08-21 18:50:00,68.3500061,2051.534218841014,358.1901727358035,212.5502475214754
2024-08-21 18:55:00,54.09999847,2051.534218841014,324.001592958153,229.35050194613152
2024-08-21 19:00:00,44.04999924,2051.534218841014,291.5349558873851,42.50869029357625
2024-08-21 19:05:00,32.8666687,2051.534218841014,260.82788987294674,41.14043971282461
2024-08-21 19:10:00,28.16666603,2051.534218841014,231.90999757489107,41.37106961170393
2024-08-21 19:15:00,27.00000191,2051.534218841014,204.80269753547105,40.49593147168035
2024-08-21 19:20:00,22.75,2051.534218841014,179.51912290590306,40.84416056688536
2024-08-21 19:25:00,18.34999847,2051.534218841014,156.06407722543184,37.80409671848836
2024-08-21 19:30:00,13.80000019,2051.534218841014,134.43404811352278,36.645094700247995
2024-08-21 19:35:00,0.0,2051.534218841014,114.61727836209626,38.16235079231346
2024-08-21 19:40:00,0.0,2051.534218841014,96.59389393347077,38.0121285686968
2024-08-21 19:45:00,0.0,2051.534218841014,80.33608770791018,37.34820844359061
2024-08-21 19:50:00,0.0,2051.534218841014,65.8083573698376,29.776321283244876
2024-08-21 19:55:00,0.0,2051.534218841014,52.967795800124094,27.068681399378416
2024-08-21 20:00:00,0.0,2051.534218841014,41.764431206452336,0.6813888980222222
2024-08-21 20:05:00,0.0,2051.534218841014,32.141614847645364,0.9555185309555556
2024-08-21 20:10:00,0.0,2051.534218841014,24.036452701710395,0.7671666798555556
2024-08-21 20:15:00,0.0,2051.534218841014,17.380278159079182,1.1844518691355554
2024-08-21 20:20:00,0.0,2051.534218841014,12.099161736736578,1.080777791622222
2024-08-21 20:25:00,0.0,2051.534218841014,8.114453981790206,0.43807407918888885
2024-08-21 20:30:00,0.0,2051.534218841014,5.343357319360847,0.5927963041222222
2024-08-21 20:35:00,0.0,2051.534218841014,3.699522309204198,0.5927963041222222
2024-08-21 20:40:00,0.0,2051.534218841014,3.093663922501203,0.5927963041222222
2024-08-21 20:45:00,0.0,2051.534218841014,3.4341927683399365,0.3315925991222222
2024-08-21 20:50:00,0.0,2051.534218841014,4.627856734715832,0.5927963041222222
2024-08-21 20:55:00,0.0,2051.534218841014,6.580387891185174,0.3315925991222222
2024-08-21 21:00:00,0.0,2051.534218841014,9.197149820732413,0.0586444397
2024-08-21 21:05:00,0.0,2051.534218841014,12.383780414608106,0.0
2024-08-21 21:10:00,0.0,2051.534218841014,16.046825250030203,0.0
2024-08-21 21:15:00,0.0,2051.534218841014,20.09435675782282,0.0
2024-08-21 21:20:00,0.0,2051.534218841014,24.436574516943494,0.0
2024-08-21 21:25:00,0.0,2051.534218841014,28.98638216374193,0.0
2024-08-21 21:30:00,0.0,2051.534218841014,33.65993667135157,0.0
2024-08-21 21:35:00,0.0,2051.534218841014,38.37716578625527,0.0
2024-08-21 21:40:00,0.0,2051.534218841014,43.06225001190841,0.0
2024-08-21 21:45:00,0.0,2051.534218841014,47.64406546480728,0.0
2024-08-21 21:50:00,0.0,2051.534218841014,52.05658450325771,0.0
2024-08-21 21:55:00,0.0,2051.534218841014,56.23923124610637,0.0
2024-08-21 22:00:00,0.0,2051.534218841014,60.13718951525418,0.0
2024-08-21 22:05:00,0.0,2051.534218841014,63.701661122486044,0.0
2024-08-21 22:10:00,0.0,2051.534218841014,66.89007278034381,0.0
2024-08-21 22:15:00,0.0,2051.534218841014,69.66623043289185,0.0
2024-08-21 22:20:00,0.0,2051.534218841014,72.0004200558193,0.0
2024-08-21 22:25:00,0.0,2051.534218841014,73.86945463358504,0.0
2024-08-21 22:30:00,0.0,2051.534218841014,75.25666724401124,0.0
2024-08-21 22:35:00,0.0,2051.534218841014,76.15185074585611,0.0
2024-08-21 22:40:00,0.0,2051.534218841014,76.55114493805492,0.0
2024-08-21 22:45:00,0.0,2051.534218841014,76.45687250928644,0.0
2024-08-21 22:50:00,0.0,2051.534218841014,75.87732548827681,0.0
2024-08-21 22:55:00,0.0,2051.534218841014,74.8265043109475,0.0
2024-08-21 23:00:00,0.0,2051.534218841014,73.32381200571172,0.0
2024-08-21 23:05:00,0.0,2051.534218841014,71.39370632834324,0.0
2024-08-21 23:10:00,0.0,2051.534218841014,69.06531309826337,0.0
2024-08-21 23:15:00,0.0,2051.534218841014,66.37200416276406,0.0
2024-08-21 23:20:00,0.0,2051.534218841014,63.35094382981742,0.0
2024-08-21 23:25:00,0.0,2051.534218841014,60.042607794425784,0.0
2024-08-21 23:30:00,0.0,2051.534218841014,56.490278813693266,0.0
2024-08-21 23:35:00,0.0,2051.534218841014,52.739523573334836,0.2017037116888889
2024-08-21 23:40:00,0.0,2051.534218841014,48.837655361007954,0.2017037116888889
2024-08-21 23:45:00,0.0,2051.534218841014,44.83318722372314,0.0
2024-08-21 23:50:00,0.0,2051.534218841014,40.775280394308965,0.0
2024-08-21 23:55:00,0.0,2051.534218841014,36.71319290876065,0.0
2024-08-22 00:00:00,0.0,2051.534218841014,32.695732985032485,0.0
2024-08-22 00:05:00,0.0,2051.534218841014,28.770722262672695,0.0
2024-08-22 00:10:00,0.0,2051.534218841014,24.98447333905081,0.0
2024-08-22 00:15:00,0.0,2051.534218841014,21.381286307323062,0.0
2024-08-22 00:20:00,0.0,2051.534218841014,18.002968687896416,0.0
2024-08-22 00:25:00,0.0,2051.534218841014,14.888382992803592,0.0
2024-08-22 00:30:00,0.0,2051.534218841014,12.073025921448565,0.0
2024-08-22 00:35:00,0.0,2051.534218841014,9.588642944105235,0.0
2024-08-22 00:40:00,0.0,2051.534218841014,7.462881735405716,0.0
2024-08-22 00:45:00,0.0,2051.534218841014,5.718987547491891,0.0
2024-08-22 00:50:00,0.0,2051.534218841014,4.3755434899357795,0.0
2024-08-22 00:55:00,0.0,2051.534218841014,3.446257822478036,0.0
2024-08-22 01:00:00,0.0,2051.534218841014,2.939800736061507,0.0
2024-08-22 01:05:00,0.0,2051.534218841014,2.8596917986280745,0.0
2024-08-22 01:10:00,0.0,2051.534218841014,3.2042396840140586,0.0
2024-08-22 01:15:00,0.0,2051.534218841014,3.966534701837838,0.0
2024-08-22 01:20:00,0.0,2051.534218841014,5.134494568194589,0.0
2024-08-22 01:25:00,0.0,2051.534218841014,6.690963340124273,0.0
2024-08-22 01:30:00,0.0,2051.534218841014,8.61386292825834,0.0
2024-08-22 01:35:00,0.0,2051.534218841014,10.876396226498636,0.0
2024-08-22 01:40:00,0.0,2051.534218841014,13.447300414211645,0.0
2024-08-22 01:45:00,0.0,2051.534218841014,16.29114865687808,0.0
2024-08-22 01:50:00,0.0,2051.534218841014,19.368697793563552,0.0
2024-08-22 01:55:00,0.0,2051.534218841014,22.637279577709812,0.0
2024-08-22 02:00:00,0.0,2051.534218841014,26.051232216248767,0.0
2024-08-22 02:05:00,0.0,2051.534218841014,29.562368962095594,0.0
2024-08-22 02:10:00,0.0,2051.534218841014,33.120480012837945,0.0
2024-08-22 02:15:00,0.0,2051.534218841014,36.67386364448848,0.0
2024-08-22 02:20:00,0.0,2051.534218841014,40.16988237131665,0.0
2024-08-22 02:25:00,0.0,2051.534218841014,43.555539542993806,0.0
2024-08-22 02:30:00,0.0,2051.534218841014,46.778071673444735,0.0
2024-08-22 02:35:00,0.0,2051.534218841014,49.78555161024614,0.0
2024-08-22 02:40:00,0.0,2051.534218841014,52.52749747981494,0.0
2024-08-22 02:45:00,0.0,2051.534218841014,54.95548236218933,0.0
2024-08-22 02:50:00,0.0,2051.534218841014,57.02373942770133,0.0
2024-08-22 02:55:00,0.0,2051.534218841014,58.689757459585614,0.0
2024-08-22 03:00:00,0.0,2051.534218841014,59.9148615440114,0.0
2024-08-22 03:05:00,0.0,2051.534218841014,60.664773887301976,0.0
2024-08-22 03:10:00,0.0,2051.534218841014,60.91014977980248,0.0
2024-08-22 03:15:00,0.0,2051.534218841014,60.627083901199626,0.0
2024-08-22 03:20:00,0.0,2051.534218841014,59.79758234760341,0.0
2024-08-22 03:25:00,0.0,2051.534218841014,58.409995973860575,0.0
2024-08-22 03:30:00,0.0,2051.534218841014,56.45941092953307,0.0
2024-08-22 03:35:00,0.0,2051.534218841014,53.947992539629155,0.0
2024-08-22 03:40:00,0.0,2051.534218841014,50.885279039897945,0.0
2024-08-22 03:45:00,0.0,2051.534218841014,47.2884219804893,0.0
2024-08-22 03:50:00,0.0,2051.534218841014,43.18237059434743,0.0
2024-08-22 03:55:00,0.0,2051.534218841014,38.599997695732995,0.0
2024-08-22 04:00:00,0.0,2051.534218841014,33.58216523610663,0.0
2024-08-22 04:05:00,0.0,2051.534218841014,28.177727991302675,0.0
2024-08-22 04:10:00,0.0,2051.534218841014,22.44347442796706,0.0
2024-08-22 04:15:00,0.0,2051.534218841014,16.444004083599047,0.0
2024-08-22 04:20:00,0.0,2051.534218841014,10.251541524004116,0.0
2024-08-22 04:25:00,0.0,2051.534218841014,3.9456871738927113,0.0
2024-08-22 04:30:00,0.0,2051.534218841014,-2.3868940147060997,0.0
2024-08-22 04:35:00,0.0,2051.534218841014,-8.652844701553446,0.0
2024-08-22 04:40:00,0.0,2051.534218841014,-14.752546292171123,0.0
2024-08-22 04:45:00,0.0,2051.534218841014,-20.58060666405272,0.0
2024-08-22 04:50:00,0.0,2051.534218841014,-26.02640185699896,0.0
2024-08-22 04:55:00,0.0,2051.534218841014,-30.974668445310133,0.0
2024-08-22 05:00:00,0.0,2051.534218841014,-35.30614304971924,0.0
2024-08-22 05:05:00,0.0,2051.534218841014,-38.89824500585741,0.0
2024-08-22 05:10:00,0.0,2051.534218841014,-41.62579777444456,0.0
2024-08-22 05:15:00,0.0,2051.534218841014,-43.36178464689937,0.0
2024-08-22 05:20:00,0.0,2051.534218841014,-43.978133515080174,0.0
2024-08-22 05:25:00,0.0,2051.534218841014,-43.346525710590626,0.0
2024-08-22 05:30:00,0.0,2051.534218841014,-41.33922337221261,0.0
2024-08-22 05:35:00,0.0,2051.534218841014,-37.82990975617292,0.0
2024-08-22 05:40:00,0.0,2051.534218841014,-32.6945367191973,0.0
2024-08-22 05:45:00,0.0,2051.534218841014,-25.812173518250578,0.0
2024-08-22 05:50:00,0.0,2051.534218841014,-17.065851000643978,0.0
2024-08-22 05:55:00,0.0,2051.534218841014,-6.34339525496387,0.0
2024-08-22 06:00:00,0.0,2051.534218841014,6.461755164048761,14.629477673087225
2024-08-22 06:05:00,0.0,2051.534218841014,21.449754355588556,13.384099936820556
2024-08-22 06:10:00,0.0,2051.534218841014,38.71358217308084,13.384099936820556
2024-08-22 06:15:00,0.0,2051.534218841014,58.33831086070909,13.867099924920558
2024-08-22 06:20:00,0.0,2051.534218841014,80.40041070617309,13.867099924920558
2024-08-22 06:25:00,0.0,2051.534218841014,104.96709969670056,14.64697775748167
2024-08-22 06:30:00,0.0,2051.534218841014,132.0957422835217,14.64697775748167
2024-08-22 06:35:00,0.0,2051.534218841014,161.83330129265084,14.330144435198335
2024-08-22 06:40:00,67.40000153,2051.534218841014,194.21584780158892,14.330144435198335
2024-08-22 06:45:00,85.80000305,2051.534218841014,229.2681324662466,14.454255542909447
2024-08-22 06:50:00,103.9000015,2051.534218841014,267.0032215369505,16.126888879422783
2024-08-22 06:55:00,115.6999969,2051.534218841014,307.42220099304654,15.207401080372808
2024-08-22 07:00:00,145.0,2051.534218841014,350.5139509125122,459.87982127828843
2024-08-22 07:05:00,175.8000031,2051.534218841014,396.2549923245589,469.5426556951507
2024-08-22 07:10:00,229.6000061,2051.534218841014,444.6094080846243,469.5426556951507
2024-08-22 07:15:00,286.2000122,2051.534218841014,495.52883866274374,469.5426556951507
2024-08-22 07:20:00,331.6000061,2051.534218841014,548.9525535746942,469.5426556951507
2024-08-22 07:25:00,380.7000122,2051.534218841014,604.807598209263,469.5426556951507
2024-08-22 07:30:00,434.0,2051.534218841014,663.009015892079,477.1472937568825
2024-08-22 07:35:00,481.3999939,2051.534218841014,723.4601438009216,477.1472937568825
2024-08-22 07:40:00,533.7999878,2051.534218841014,786.0529813091873,477.1472937568825
2024-08-22 07:45:00,581.4000244,2051.534218841014,850.6686288949954,481.7369935789047
2024-08-22 07:50:00,633.0999756,2051.534218841014,917.1777945353143,481.7369935789047
2024-08-22 07:55:00,690.2000122,2051.534218841014,985.4413650858116,481.7369935789047
