fecha_hora,Real,ARIMA,Prophet,Random Forest
2024-07-05 20:00:00,0.0,-0.6951599322159705,-68.56815052117337,0.0
2024-07-05 20:05:00,0.0,-1.1095399131222072,-73.17076438989761,0.0
2024-07-05 20:10:00,0.0,0.36728937962182506,-76.9581844277532,0.0
2024-07-05 20:15:00,0.0,1.0417814567259982,-79.97137314499103,0.03386666744
2024-07-05 20:20:00,0.0,2.0631997334238528,-82.25379838681869,0.0
2024-07-05 20:25:00,0.0,2.065434540068528,-83.85112328053543,0.0
2024-07-05 20:30:00,0.0,2.0118608484636167,-84.81088376529807,0.0
2024-07-05 20:35:00,0.0,1.7751241020147872,-85.18215629755701,0.0
2024-07-05 20:40:00,0.0,1.6743381846927228,-85.01521816198607,0.0
2024-07-05 20:45:00,0.0,1.5964131642399262,-84.36120300253766,0.0
2024-07-05 20:50:00,0.0,1.6140784445335097,-83.27175414380521,0.0
2024-07-05 20:55:00,0.0,1.6349809493200707,-81.79867833102465,0.0
2024-07-05 21:00:00,0.0,1.664847951046945,-79.99360246383252,0.0
2024-07-05 21:05:00,0.0,1.6753634814514822,-77.90763586448747,0.0
2024-07-05 21:10:00,0.0,1.6795538352575228,-75.59104065533197,0.0
2024-07-05 21:15:00,0.0,1.6751416725771202,-73.09291255210856,0.0
2024-07-05 21:20:00,0.0,1.6714165100779115,-70.46087457703173,0.0
2024-07-05 21:25:00,0.0,1.6681739059499627,-67.74078574757056,0.0
2024-07-05 21:30:00,0.0,1.6674247746187345,-64.97646701370154,0.0
2024-07-05 21:35:00,0.0,1.667524701048392,-62.20944628148665,0.0
2024-07-05 21:40:00,0.0,1.6682757797791734,-59.47872439942262,0.0
2024-07-05 21:45:00,0.0,1.6687758535728066,-56.820563712619446,0.0
2024-07-05 21:50:00,0.0,1.6690716691682466,-54.26830064682607,0.0
2024-07-05 21:55:00,0.0,1.6690777104701304,-51.85218358123885,0.0
2024-07-05 22:00:00,0.0,1.669002610576127,-49.599237047136484,0.0
2024-07-05 22:05:00,0.0,1.6688981517905468,-47.533153132491044,0.0
2024-07-05 22:10:00,0.0,1.668843459978103,-45.67421065695246,0.0
2024-07-05 22:15:00,0.0,1.6688237304034776,-44.03922257070524,0.0
2024-07-05 22:20:00,0.0,1.66883368031918,-42.64151173694378,0.0
2024-07-05 22:25:00,0.0,1.668848188595452,-41.49091503266906,0.0
2024-07-05 22:30:00,0.0,1.668860599042993,-40.59381551198745,0.0
2024-07-05 22:35:00,0.0,1.6688653079006828,-39.95320212665158,0.0
2024-07-05 22:40:00,0.0,1.6688655231203333,-39.568756293415454,0.0
2024-07-05 22:45:00,0.0,1.668863213639389,-39.43696437369079,0.0
2024-07-05 22:50:00,0.0,1.6688611484967266,-39.551254936049546,0.0
2024-07-05 22:55:00,0.0,1.668859898004103,-39.90215948421916,0.0
2024-07-05 23:00:00,0.0,1.6688596565852665,-40.47749511949867,0.0
2024-07-05 23:05:00,0.0,1.668859880300813,-41.262567478313265,0.0
2024-07-05 23:10:00,0.0,1.6688602476773293,-42.24039208540155,0.0
2024-07-05 23:15:00,0.0,1.6688604898894739,-43.39193214965833,0.0
2024-07-05 23:20:00,0.0,1.6688605889289196,-44.69635068340801,0.0
2024-07-05 23:25:00,0.0,1.6688605740226885,-46.13127472936447,0.0
2024-07-05 23:30:00,0.0,1.668860522910958,-47.67306937579003,0.0
2024-07-05 23:35:00,0.0,1.668860475082348,-49.29711917115387,0.0
2024-07-05 23:40:00,0.0,1.6688604517026313,-50.97811449526104,0.0
2024-07-05 23:45:00,0.0,1.6688604476259188,-52.690340427316485,0.0
2024-07-05 23:50:00,0.0,1.6688604543665515,-54.40796555774783,0.0
2024-07-05 23:55:00,0.0,1.6688604622883734,-56.10532833454833,0.0
2024-07-06 00:00:00,0.0,1.6688604675556988,-57.75721841864616,0.0
2024-07-06 00:05:00,0.0,1.6688604692108873,-59.33915065159099,0.0
2024-07-06 00:10:00,0.0,1.6688604687139081,-60.82762926938062,0.0
2024-07-06 00:15:00,0.0,1.6688604674487255,-62.20040009639817,0.0
2024-07-06 00:20:00,0.0,1.6688604664489246,-63.436688535003206,0.0
2024-07-06 00:25:00,0.0,1.6688604659736759,-64.51742130350705,0.0
2024-07-06 00:30:00,0.0,1.6688604659446555,-65.4254299877016,0.0
2024-07-06 00:35:00,0.0,1.6688604661093809,-66.14563466836722,0.0
2024-07-06 00:40:00,0.0,1.6688604662904598,-66.66520595252865,0.0
2024-07-06 00:45:00,0.0,1.6688604663960853,-66.97370406268864,0.0
2024-07-06 00:50:00,0.0,1.6688604664255182,-67.06319367929258,0.0
2024-07-06 00:55:00,0.0,1.6688604664083515,-66.92833352922793,0.0
2024-07-06 01:00:00,0.0,1.6688604663795712,-66.5664398733586,0.0
2024-07-06 01:05:00,0.0,1.6688604663579292,-65.97752329315412,0.0
2024-07-06 01:10:00,0.0,1.6688604663490596,-65.16429836137814,0.0
2024-07-06 01:15:00,0.0,1.668860466349334,-64.13216602503444,0.0
2024-07-06 01:20:00,0.0,1.6688604663534938,-62.889168802748586,0.0
2024-07-06 01:25:00,0.0,1.6688604663574311,-61.44591896509542,0.0
2024-07-06 01:30:00,0.0,1.6688604663595945,-59.8155003612013,0.0
2024-07-06 01:35:00,0.0,1.6688604663600337,-58.01334444231005,0.0
2024-07-06 01:40:00,0.0,1.6688604663595603,-56.057081573547514,0.0
2024-07-06 01:45:00,0.0,1.6688604663588955,-53.966368684464484,0.0
2024-07-06 01:50:00,0.0,1.6688604663584445,-51.76269464870546,0.0
2024-07-06 01:55:00,0.0,1.6688604663582782,-49.4691649289724,0.0
2024-07-06 02:00:00,0.0,1.668860466358308,-47.11026717890055,0.0
2024-07-06 02:05:00,0.0,1.668860466358407,-44.71161974377502,0.0
2024-07-06 02:10:00,0.0,1.6688604663584932,-42.29970500801628,0.0
2024-07-06 02:15:00,0.0,1.6688604663585358,-39.901589844446335,0.0
2024-07-06 02:20:00,0.0,1.6688604663585416,-37.544635375530966,0.0
2024-07-06 02:25:00,0.0,1.668860466358529,-35.25619850586924,0.0
2024-07-06 02:30:00,0.0,1.668860466358514,-33.06332763133696,0.0
2024-07-06 02:35:00,0.0,1.6688604663585047,-30.992455105757013,0.0
2024-07-06 02:40:00,0.0,1.6688604663585018,-29.069089025424603,0.0
2024-07-06 02:45:00,0.0,1.668860466358503,-27.31750691251545,0.0
2024-07-06 02:50:00,0.0,1.6688604663585054,-25.760453950294643,0.0
2024-07-06 02:55:00,0.0,1.6688604663585072,-24.418848297229047,0.0
2024-07-06 03:00:00,0.0,1.668860466358508,-23.31149607225196,0.0
2024-07-06 03:05:00,0.0,1.668860466358508,-22.454818482286985,0.0
2024-07-06 03:10:00,0.0,1.6688604663585078,-21.86259351004702,0.0
2024-07-06 03:15:00,0.0,1.6688604663585076,-21.545714487637095,0.0
2024-07-06 03:20:00,0.0,1.6688604663585074,-21.511967723191045,0.0
2024-07-06 03:25:00,0.0,1.6688604663585074,-21.765831311852633,0.0
2024-07-06 03:30:00,0.0,1.6688604663585074,-22.308296974901594,0.0
2024-07-06 03:35:00,0.0,1.6688604663585074,-23.136716742895025,0.0
2024-07-06 03:40:00,0.0,1.6688604663585074,-24.24467602766076,0.0
2024-07-06 03:45:00,0.0,1.6688604663585074,-25.62189446094363,0.0
2024-07-06 03:50:00,0.0,1.6688604663585074,-27.25415569906115,0.0
2024-07-06 03:55:00,0.0,1.6688604663585074,-29.12326713660469,0.0
2024-07-06 04:00:00,0.0,1.6688604663585074,-31.207050281282587,0.0
2024-07-06 04:05:00,0.0,1.6688604663585074,-33.479362291047046,0.0
2024-07-06 04:10:00,0.0,1.6688604663585074,-35.91014897591337,0.0
2024-07-06 04:15:00,0.0,1.6688604663585074,-38.46552925599718,0.0
2024-07-06 04:20:00,0.0,1.6688604663585074,-41.10791091720823,0.0
2024-07-06 04:25:00,0.0,1.6688604663585074,-43.796137212206084,0.0
2024-07-06 04:30:00,0.0,1.6688604663585074,-46.485663621908415,0.0
2024-07-06 04:35:00,0.0,1.6688604663585074,-49.128763868310905,0.0
2024-07-06 04:40:00,0.0,1.6688604663585074,-51.674764060145634,0.0
2024-07-06 04:45:00,0.0,1.6688604663585074,-54.07030357014007,0.0
2024-07-06 04:50:00,0.0,1.6688604663585074,-56.2596211299875,0.0
2024-07-06 04:55:00,0.0,1.6688604663585074,-58.184864329892946,0.0
2024-07-06 05:00:00,0.0,1.6688604663585074,-59.78642059242175,0.0
2024-07-06 05:05:00,0.0,1.6688604663585074,-61.00326746438421,0.0
2024-07-06 05:10:00,0.0,1.6688604663585074,-61.77333997061747,0.0
2024-07-06 05:15:00,0.0,1.6688604663585074,-62.03391255531901,0.0
2024-07-06 05:20:00,0.0,1.6688604663585074,-61.72199308695279,0.0
2024-07-06 05:25:00,0.0,1.6688604663585074,-60.774726240435335,0.0
2024-07-06 05:30:00,0.0,1.6688604663585074,-59.1298035105957,0.0
2024-07-06 05:35:00,0.0,1.6688604663585074,-56.725877026606284,0.0
2024-07-06 05:40:00,0.0,1.6688604663585074,-53.50297431785608,0.0
2024-07-06 05:45:00,0.0,1.6688604663585074,-49.40291108851659,0.0
2024-07-06 05:50:00,0.0,1.6688604663585074,-44.369699186324766,0.0
2024-07-06 05:55:00,0.0,1.6688604663585074,-38.349946777496015,0.0
2024-07-06 06:00:00,0.0,1.6688604663585074,-31.29324795077227,132.3407088420014
2024-07-06 06:05:00,0.0,1.6688604663585074,-23.152558942329676,132.3407088420014
2024-07-06 06:10:00,0.0,1.6688604663585074,-13.884558238607035,132.3407088420014
2024-07-06 06:15:00,63.40000153,1.6688604663585074,-3.44998802733023,132.3407088420014
2024-07-06 06:20:00,75.09999847,1.6688604663585074,8.186025604761182,135.12662173456582
2024-07-06 06:25:00,87.80000305,1.6688604663585074,21.053675986161704,135.12662173456582
2024-07-06 06:30:00,102.0999985,1.6688604663585074,35.17820502911493,134.55587175239916
2024-07-06 06:35:00,119.9000015,1.6688604663585074,50.57966001795831,129.0949132956981
2024-07-06 06:40:00,136.6999969,1.6688604663585074,67.27268019251963,129.0949132956981
2024-07-06 06:45:00,152.6000061,1.6688604663585074,85.26631459466199,128.89937684949047
2024-07-06 06:50:00,166.1000061,1.6688604663585074,104.56387253312236,128.89937684949047
2024-07-06 06:55:00,178.8999939,1.6688604663585074,125.16280809168684,128.89937684949047
2024-07-06 07:00:00,215.1999969,1.6688604663585074,147.0546394767474,271.66460146795305
2024-07-06 07:05:00,240.8999939,1.6688604663585074,170.22490409615884,274.50005993220697
2024-07-06 07:10:00,279.6000061,1.6688604663585074,194.65314959549298,275.1985413604292
2024-07-06 07:15:00,316.1000061,1.6688604663585074,220.31296158137914,275.3115600235404
2024-07-06 07:20:00,359.6000061,1.6688604663585074,247.1720273381477,275.3115600235404
2024-07-06 07:25:00,396.5,1.6688604663585074,275.19223594769,275.3115600235404
2024-07-06 07:30:00,431.2999878,1.6688604663585074,304.3298139041643,280.92307209878135
2024-07-06 07:35:00,481.5,1.6688604663585074,334.53549550356297,289.1135311190185
2024-07-06 07:40:00,462.4333496,1.6688604663585074,365.75472722993845,288.9595089530185
2024-07-06 07:45:00,583.5,1.6688604663585074,397.927904480255,288.9595089530185
2024-07-06 07:50:00,542.4666748,1.6688604663585074,430.9906396343174,293.4786946897468
2024-07-06 07:55:00,675.0,1.6688604663585074,464.874059407769,302.11790323585535
2024-07-06 08:00:00,716.7999878,1.6688604663585074,499.50513001165604,627.5389295006909
2024-07-06 08:05:00,763.5999756,1.6688604663585074,534.8070073066806,627.5389295006909
2024-07-06 08:10:00,819.9000244,1.6688604663585074,570.6994106111548,616.6887629042463
2024-07-06 08:15:00,799.8666992,1.6688604663585074,607.0990171951904,620.0590497733574
2024-07-06 08:20:00,833.9333496,1.6688604663585074,643.9198747801443,619.3246793442463
2024-07-06 08:25:00,865.5666504,1.6688604663585074,681.0738298830865,1121.461062674648
2024-07-06 08:30:00,915.4666138,1.6688604663585074,718.4709686747924,1183.9394163649606
2024-07-06 08:35:00,1107.0,1.6688604663585074,756.0200679439159,1185.3704385275387
2024-07-06 08:40:00,1051.900024,1.6688604663585074,793.6290526215445,1054.7389802413707
2024-07-06 08:45:00,1110.133301,1.6688604663585074,831.2054577774771,1053.4045025106468
2024-07-06 08:50:00,1136.099976,1.6688604663585074,868.6568908838194,1058.1146804481134
2024-07-06 08:55:00,1189.06665,1.6688604663585074,905.8914925326842,1058.1146804481134
2024-07-06 09:00:00,1238.133423,1.6688604663585074,942.8183918038217,1655.4411786421322
2024-07-06 09:05:00,1288.366699,1.6688604663585074,979.3481536195935,1684.1129160067248
2024-07-06 09:10:00,1335.033325,1.6688604663585074,1015.3932152943095,1691.1821572097563
2024-07-06 09:15:00,1382.833374,1.6688604663585074,1050.8683090717655,1728.3138610211215
2024-07-06 09:20:00,1426.933228,1.6688604663585074,1085.6908685168169,1804.9595033959838
2024-07-06 09:25:00,1468.299927,1.6688604663585074,1119.7814156290608,1835.5220343394255
2024-07-06 09:30:00,1504.066772,1.6688604663585074,1153.0639268124112,1847.2330881324096
2024-07-06 09:35:00,1541.533325,1.6688604663585074,1185.4661745663386,1846.9719804718543
2024-07-06 09:40:00,1575.600098,1.6688604663585074,1216.9200437695995,1824.986252578955
2024-07-06 09:45:00,1611.033203,1.6688604663585074,1247.3618200316073,1866.3470889223472
2024-07-06 09:50:00,1642.199829,1.6688604663585074,1276.7324483465138,1852.8380755999897
2024-07-06 09:55:00,1678.599976,1.6688604663585074,1304.9777609298983,1854.1055043021327
2024-07-06 10:00:00,1715.700073,1.6688604663585074,1332.0486726190015,1939.310205930594
2024-07-06 10:05:00,1753.566772,1.6688604663585074,1357.901342898985,1940.8067399425936
2024-07-06 10:10:00,1787.400024,1.6688604663585074,1382.4973037941534,1939.310205930594
2024-07-06 10:15:00,1814.766724,1.6688604663585074,1405.8035528896273,1939.310205930594
2024-07-06 10:20:00,1842.233398,1.6688604663585074,1427.792611330367,1939.310205930594
2024-07-06 10:25:00,1868.666626,1.6688604663585074,1448.4425465715706,1936.4747236732603
2024-07-06 10:30:00,1898.5,1.6688604663585074,1467.7369602138758,1935.2072949711176
2024-07-06 10:35:00,1926.200073,1.6688604663585074,1485.6649411740543,1935.1852112955619
2024-07-06 10:40:00,1953.200073,1.6688604663585074,1502.220985001252,1942.2150551908715
2024-07-06 10:45:00,1982.733398,1.6688604663585074,1517.4048800378976,1951.2004169846812
2024-07-06 10:50:00,2012.799927,1.6688604663585074,1531.2215617934366,1949.6874164961096
2024-07-06 10:55:00,2038.399902,1.6688604663585074,1543.6809366737289,1949.6874164961096
2024-07-06 11:00:00,2052.199951,1.6688604663585074,1554.7976767975715,1960.106902134647
2024-07-06 11:05:00,2057.166748,1.6688604663585074,1564.590987378243,1865.5226237237864
2024-07-06 11:10:00,2057.166748,1.6688604663585074,1573.0843489522395,1872.4486643845587
2024-07-06 11:15:00,2055.033203,1.6688604663585074,1580.3052363218803,1891.3269138808844
2024-07-06 11:20:00,2052.333252,1.6688604663585074,1586.2848164921186,1892.3871278887734
2024-07-06 11:25:00,2051.733154,1.6688604663585074,1591.0576280900095,1892.8337573330589
2024-07-06 11:30:00,2054.099854,1.6688604663585074,1594.661244683642,1893.9360164905352
2024-07-06 11:35:00,2057.233398,1.6688604663585074,1597.1359246432485,1882.1823946907896
2024-07-06 11:40:00,2059.366699,1.6688604663585074,1598.5242502280094,1876.8170056194033
2024-07-06 11:45:00,2053.666748,1.6688604663585074,1598.8707586231328,1867.0442766349584
2024-07-06 11:50:00,2047.966797,1.6688604663585074,1598.2215677389133,1830.6145974924796
2024-07-06 11:55:00,2041.166626,1.6688604663585074,1596.623999526316,1834.0188749722574
2024-07-06 12:00:00,2046.833374,1.6688604663585074,1594.1262036475612,1829.128598832773
2024-07-06 12:05:00,2051.366455,1.6688604663585074,1590.776784238599,1828.5233726708843
2024-07-06 12:10:00,2056.333252,1.6688604663585074,1586.6244325036018,1805.1127017129388
2024-07-06 12:15:00,2055.833252,1.6688604663585074,1581.717567780702,1825.207460643436
2024-07-06 12:20:00,2056.733398,1.6688604663585074,1576.103989700403,1825.309975855205
2024-07-06 12:25:00,2057.733398,1.6688604663585074,1569.830543858713,1829.7111935144271
2024-07-06 12:30:00,2058.533447,1.6688604663585074,1562.9428033402228,1832.9937803040464
2024-07-06 12:35:00,2057.900146,1.6688604663585074,1555.4847684474496,1809.2526908804155
2024-07-06 12:40:00,2058.0,1.6688604663585074,1547.4985864583473,1815.8495879604218
2024-07-06 12:45:00,2056.600098,1.6688604663585074,1539.0242935235817,1796.6388400508836
2024-07-06 12:50:00,2056.600098,1.6688604663585074,1530.0995802998032,1776.6443629016055
2024-07-06 12:55:00,1656.066772,1.6688604663585074,1520.7595828504263,1798.20537836489
2024-07-06 13:00:00,1456.650024,1.6688604663585074,1511.0367001459722,1805.867906341779
2024-07-06 13:05:00,2058.399902,1.6688604663585074,1500.9604392588064,1801.1731576647396
2024-07-06 13:10:00,2057.0,1.6688604663585074,1490.5572890975448,1778.7949620242794
2024-07-06 13:15:00,2056.866699,1.6688604663585074,1479.8506234033239,1788.0958131221578
2024-07-06 13:20:00,2056.766846,1.6688604663585074,1468.8606333727994,1777.131727509142
2024-07-06 13:25:00,2059.166748,1.6688604663585074,1457.6042901195465,1773.0563306608005
2024-07-06 13:30:00,2061.233398,1.6688604663585074,1446.0953369543865,1778.676816312039
2024-07-06 13:35:00,2061.900146,1.6688604663585074,1434.3443111566437,1782.1933312210795
2024-07-06 13:40:00,2059.100098,1.6688604663585074,1422.3585948513492,1785.17040100809
2024-07-06 13:45:00,2056.56665,1.6688604663585074,1410.1424941107093,1752.447046019127
2024-07-06 13:50:00,2054.766602,1.6688604663585074,1397.6973455543575,1742.783245419238
2024-07-06 13:55:00,2056.233398,1.6688604663585074,1385.0216491186252,1740.6361737270374
2024-07-06 14:00:00,2057.099854,1.6688604663585074,1372.1112256892566,1687.3419382459304
2024-07-06 14:05:00,2057.766602,1.6688604663585074,1358.9593982752128,1685.8755635623752
2024-07-06 14:10:00,2056.699951,1.6688604663585074,1345.5571946963896,1607.7585757265347
2024-07-06 14:15:00,2056.466553,1.6688604663585074,1331.8935701854928,1550.682671993722
2024-07-06 14:20:00,2055.93335,1.6688604663585074,1317.9556477464928,1372.015639909714
2024-07-06 14:25:00,2055.56665,1.6688604663585074,1303.728974288492,1244.1770827599719
2024-07-06 14:30:00,2052.966797,1.6688604663585074,1289.1977901048042,1239.508382959769
2024-07-06 14:35:00,2052.866455,1.6688604663585074,1274.3453095110399,1261.3447574160539
2024-07-06 14:40:00,2050.199951,1.6688604663585074,1259.1540101155495,1298.0901255612985
2024-07-06 14:45:00,2047.966675,1.6688604663585074,1243.605928359051,1327.7203155872057
2024-07-06 14:50:00,2038.099976,1.6688604663585074,1227.6829587080344,1327.7231969410154
2024-07-06 14:55:00,2026.166626,1.6688604663585074,1211.3671540700827,1309.002173174841
2024-07-06 15:00:00,2007.099976,1.6688604663585074,1194.641024796566,1275.2136145473667
2024-07-06 15:05:00,1988.666626,1.6688604663585074,1177.4878338661329,1257.1462869005334
2024-07-06 15:10:00,1969.433228,1.6688604663585074,1159.8918857469835,1322.9968524085361
2024-07-06 15:15:00,1957.433228,1.6688604663585074,1141.8388064759451,906.4151967252895
2024-07-06 15:20:00,1948.566772,1.6688604663585074,1123.3158127830698,912.6804239366171
2024-07-06 15:25:00,1877.900024,1.6688604663585074,1104.3119678704204,943.5207956653411
2024-07-06 15:30:00,1842.149902,1.6688604663585074,1084.8184216741813,947.2556658352229
2024-07-06 15:35:00,2055.800049,1.6688604663585074,1064.8286340037484,916.6226163663679
2024-07-06 15:40:00,2042.949951,1.6688604663585074,1044.338578169774,870.9101702142988
2024-07-06 15:45:00,2038.666626,1.6688604663585074,1023.3469238222701,796.5975423671714
2024-07-06 15:50:00,1990.599976,1.6688604663585074,1001.855197246008,746.8615555388639
2024-07-06 15:55:00,1904.700073,1.6688604663585074,979.8679179982839,729.3236826053264
2024-07-06 16:00:00,1804.866699,1.6688604663585074,957.3927104816066,560.5641642801589
2024-07-06 16:05:00,1719.666626,1.6688604663585074,934.4403897150297,546.1305531503256
2024-07-06 16:10:00,1657.266602,1.6688604663585074,911.0250204175751,550.0613125361257
2024-07-06 16:15:00,1587.0,1.6688604663585074,887.1639489988328,535.1423664525207
2024-07-06 16:20:00,1523.766602,1.6688604663585074,862.8778081362085,530.6568404236097
2024-07-06 16:25:00,1469.966797,1.6688604663585074,838.190493615476,531.5537661524985
2024-07-06 16:30:00,1425.400024,1.6688604663585074,813.12911396148,536.1452398049161
2024-07-06 16:35:00,1381.733398,1.6688604663585074,787.723912802068,542.9807025890827
2024-07-06 16:40:00,1332.366577,1.6688604663585074,762.0081647768402,552.8004962744766
2024-07-06 16:45:00,1274.766724,1.6688604663585074,736.0180455603378,571.9833312410798
2024-07-06 16:50:00,1218.599976,1.6688604663585074,709.7924772179005,575.1120452725402
2024-07-06 16:55:00,1175.599976,1.6688604663585074,683.3729497598146,594.4744941758647
2024-07-06 17:00:00,1118.299927,1.6688604663585074,656.8033202559922,780.5476063781302
2024-07-06 17:05:00,1094.050049,1.6688604663585074,630.1295914703613,788.5420533022573
2024-07-06 17:10:00,927.2666626,1.6688604663585074,603.3996709770535,787.1046235758334
2024-07-06 17:15:00,855.0,1.6688604663585074,576.6631131406099,777.1447744744873
2024-07-06 17:20:00,838.666687,1.6688604663585074,549.9708455948929,744.3736487355126
2024-07-06 17:25:00,812.6333008,1.6688604663585074,523.3748825844998,704.097766180115
2024-07-06 17:30:00,782.2999878,1.6688604663585074,496.92802700338115,696.4525254478467
2024-07-06 17:35:00,733.5333862,1.6688604663585074,470.68356364448755,677.6013351604673
2024-07-06 17:40:00,676.0,1.6688604663585074,444.69494592152284,675.5877509034198
2024-07-06 17:45:00,618.166687,1.6688604663585074,419.01547824214583,345.6065185187684
2024-07-06 17:50:00,563.2999878,1.6688604663585074,393.6979969965505,383.74984789822065
2024-07-06 17:55:00,512.5332642,1.6688604663585074,368.79455174036855,296.8133894843439
2024-07-06 18:00:00,476.8999939,1.6688604663585074,344.3560898183559,199.71999660828894
2024-07-06 18:05:00,433.3333435,1.6688604663585074,320.4321462175578,188.77159345928018
2024-07-06 18:10:00,393.2666931,1.6688604663585074,297.07054132350174,189.4546571173953
2024-07-06 18:15:00,352.7999573,1.6688604663585074,274.3170886594343,187.75871263233975
2024-07-06 18:20:00,329.1333313,1.6688604663585074,252.21531505910974,186.410316368402
2024-07-06 18:25:00,311.0,1.6688604663585074,230.80619509737096,169.24646145417222
2024-07-06 18:30:00,300.5999756,1.6688604663585074,210.12790183754936,167.51533115017887
2024-07-06 18:35:00,250.8000031,1.6688604663585074,190.21557609006354,170.18213428189443
2024-07-06 18:40:00,225.5666504,1.6688604663585074,171.1011153586053,170.0556208046264
2024-07-06 18:45:00,215.1333466,1.6688604663585074,152.81298447538308,173.876624738817
2024-07-06 18:50:00,208.7333374,1.6688604663585074,135.3760491017123,170.0556208046264
2024-07-06 18:55:00,191.3666534,1.6688604663585074,118.81143350848801,219.3724106130914
2024-07-06 19:00:00,183.0,1.6688604663585074,103.13640345437172,64.18243783363269
2024-07-06 19:05:00,150.0500183,1.6688604663585074,88.36427518147734,63.8003823108364
2024-07-06 19:10:00,113.4333267,1.6688604663585074,74.50435112366515,46.62428458058374
2024-07-06 19:15:00,97.06667328,1.6688604663585074,61.56188266959968,45.341486153481675
2024-07-06 19:20:00,92.44999695,1.6688604663585074,49.53806050859522,40.46808357439893
2024-07-06 19:25:00,75.1499939,1.6688604663585074,38.43003216501032,41.94505127866867
2024-07-06 19:30:00,51.34999847,1.6688604663585074,28.230946912168854,42.3726745678101
2024-07-06 19:35:00,31.34999847,1.6688604663585074,18.930027477010956,43.91415746264486
2024-07-06 19:40:00,21.79999924,1.6688604663585074,10.51266797006283,45.830592188197556
2024-07-06 19:45:00,17.54999924,1.6688604663585074,2.960557342588218,51.57379296584081
2024-07-06 19:50:00,14.16666698,1.6688604663585074,-3.7481727662990987,50.152994467882316
2024-07-06 19:55:00,13.23333359,1.6688604663585074,-9.638776769003861,42.32416532771168
2024-07-06 20:00:00,12.90000057,1.6688604663585074,-14.739702010221318,0.17086771649206348
2024-07-06 20:05:00,0.0,1.6688604663585074,-19.08237505792161,0.11501586915873015
2024-07-06 20:10:00,0.0,1.6688604663585074,-22.700969278635455,1.0061886219714287
2024-07-06 20:15:00,0.0,1.6688604663585074,-25.632155345205362,0.7829103179269841
2024-07-06 20:20:00,0.0,1.6688604663585074,-27.914836647469144,0.8189880952380952
2024-07-06 20:25:00,0.0,1.6688604663585074,-29.589871649146357,0.5607103174603174
2024-07-06 20:30:00,0.0,1.6688604663585074,-30.69978523658272,0.6120436507936508
2024-07-06 20:35:00,0.0,1.6688604663585074,-31.288471392006976,0.5433769841269842
2024-07-06 20:40:00,0.0,1.6688604663585074,-31.400889268479013,0.5433769841269842
2024-07-06 20:45:00,0.0,1.6688604663585074,-31.082755148607845,0.017333333333333333
2024-07-06 20:50:00,0.0,1.6688604663585074,-30.38023245520995,0.017333333333333333
2024-07-06 20:55:00,0.0,1.6688604663585074,-29.339622241757258,0.017333333333333333
2024-07-06 21:00:00,0.0,1.6688604663585074,-28.00705642790391,0.017333333333333333
2024-07-06 21:05:00,0.0,1.6688604663585074,-26.428196083694754,0.0
2024-07-06 21:10:00,0.0,1.6688604663585074,-24.647936991566308,0.0
2024-07-06 21:15:00,0.0,1.6688604663585074,-22.710124660333342,0.0
2024-07-06 21:20:00,0.0,1.6688604663585074,-20.657280879786068,0.0
2024-07-06 21:25:00,0.0,1.6688604663585074,-18.530343800987904,0.0
2024-07-06 21:30:00,0.0,1.6688604663585074,-16.36842343594986,0.0
2024-07-06 21:35:00,0.0,1.6688604663585074,-14.208574308686298,0.0
2024-07-06 21:40:00,0.0,1.6688604663585074,-12.085586870266075,0.0
2024-07-06 21:45:00,0.0,1.6688604663585074,-10.031799137998645,0.0
2024-07-06 21:50:00,0.0,1.6688604663585074,-8.076929847610828,0.0
2024-07-06 21:55:00,0.0,1.6688604663585074,-6.247934226726131,0.0
2024-07-06 22:00:00,0.0,1.6688604663585074,-4.568883339723022,0.0
2024-07-06 22:05:00,0.0,1.6688604663585074,-3.0608677288910013,0.0
2024-07-06 22:10:00,0.0,1.6688604663585074,-1.7419259164983747,0.0
2024-07-06 22:15:00,0.0,1.6688604663585074,-0.6269980999005003,0.0
2024-07-06 22:20:00,0.0,1.6688604663585074,0.27209477380103386,0.0
2024-07-06 22:25:00,0.0,1.6688604663585074,0.9466466581423888,0.0
2024-07-06 22:30:00,0.0,1.6688604663585074,1.3910369901982678,0.0
2024-07-06 22:35:00,0.0,1.6688604663585074,1.602676684967437,0.0
2024-07-06 22:40:00,0.0,1.6688604663585074,1.5819301737423626,0.0
2024-07-06 22:45:00,0.0,1.6688604663585074,1.3320143302115335,0.0
2024-07-06 22:50:00,0.0,1.6688604663585074,0.8588752951020914,0.0
2024-07-06 22:55:00,0.0,1.6688604663585074,0.17104439925836845,0.0
2024-07-06 23:00:00,0.0,1.6688604663585074,-0.7205254749927332,0.0
2024-07-06 23:05:00,0.0,1.6688604663585074,-1.8026415617257188,0.0
2024-07-06 23:10:00,0.0,1.6688604663585074,-3.0600692859691296,0.0
2024-07-06 23:15:00,0.0,1.6688604663585074,-4.475744950325627,0.0
2024-07-06 23:20:00,0.0,1.6688604663585074,-6.031001153093411,0.0
2024-07-06 23:25:00,0.0,1.6688604663585074,-7.705802949053584,0.0
2024-07-06 23:30:00,0.0,1.6688604663585074,-9.478992678463955,0.0
2024-07-06 23:35:00,0.0,1.6688604663585074,-11.32854133884977,0.0
2024-07-06 23:40:00,0.0,1.6688604663585074,-13.231804310618113,0.0
2024-07-06 23:45:00,0.0,1.6688604663585074,-15.165779228048544,0.0
2024-07-06 23:50:00,0.0,1.6688604663585074,-17.107363767311313,0.0
2024-07-06 23:55:00,0.0,1.6688604663585074,-19.033611106465706,0.0
2024-07-07 00:00:00,0.0,1.6688604663585074,-20.921980932800643,0.0
2024-07-07 00:05:00,0.0,1.6688604663585074,-22.75058372783347,0.0
2024-07-07 00:10:00,0.0,1.6688604663585074,-24.498416329461733,0.0
2024-07-07 00:15:00,0.0,1.6688604663585074,-26.145586686029475,0.0
2024-07-07 00:20:00,0.0,1.6688604663585074,-27.673525890353545,0.0
2024-07-07 00:25:00,0.0,1.6688604663585074,-29.065185650526093,0.0
2024-07-07 00:30:00,0.0,1.6688604663585074,-30.305219499407862,0.0
2024-07-07 00:35:00,0.0,1.6688604663585074,-31.380146172901334,0.0
2024-07-07 00:40:00,0.0,1.6688604663585074,-32.278493682289934,0.0
2024-07-07 00:45:00,0.0,1.6688604663585074,-32.99092292094635,0.0
2024-07-07 00:50:00,0.0,1.6688604663585074,-33.51032955250585,0.0
2024-07-07 00:55:00,0.0,1.6688604663585074,-33.831923425725186,0.0
2024-07-07 01:00:00,0.0,1.6688604663585074,-33.95328463508032,0.0
2024-07-07 01:05:00,0.0,1.6688604663585074,-33.874395790359706,0.0
2024-07-07 01:10:00,0.0,1.6688604663585074,-33.59765009477588,0.0
2024-07-07 01:15:00,0.0,1.6688604663585074,-33.127835096383706,0.0
2024-07-07 01:20:00,0.0,1.6688604663585074,-32.47209218683437,0.0
2024-07-07 01:25:00,0.0,1.6688604663585074,-31.639852076493696,0.0
2024-07-07 01:30:00,0.0,1.6688604663585074,-30.642746729397555,0.0
2024-07-07 01:35:00,0.0,1.6688604663585074,-29.494498378145494,0.0
2024-07-07 01:40:00,0.0,1.6688604663585074,-28.210786521217063,0.0
2024-07-07 01:45:00,0.0,1.6688604663585074,-26.809093854222137,0.0
2024-07-07 01:50:00,0.0,1.6688604663585074,-25.308532426946467,0.0
2024-07-07 01:55:00,0.0,1.6688604663585074,-23.729651340526274,0.0
2024-07-07 02:00:00,0.0,1.6688604663585074,-22.094227551769666,0.0
2024-07-07 02:05:00,0.0,1.6688604663585074,-20.425041465517893,0.0
2024-07-07 02:10:00,0.0,1.6688604663585074,-18.745639127447863,0.0
2024-07-07 02:15:00,0.0,1.6688604663585074,-17.080082947873372,0.0
2024-07-07 02:20:00,0.0,1.6688604663585074,-15.452693009622411,0.0
2024-07-07 02:25:00,0.0,1.6688604663585074,-13.887781080982135,0.0
2024-07-07 02:30:00,0.0,1.6688604663585074,-12.409379550264495,0.0
2024-07-07 02:35:00,0.0,1.6688604663585074,-11.04096752062705,0.0
2024-07-07 02:40:00,0.0,1.6688604663585074,-9.80519638291706,0.0
2024-07-07 02:45:00,0.0,1.6688604663585074,-8.723617160541309,0.0
2024-07-07 02:50:00,0.0,1.6688604663585074,-7.816411978437868,0.0
2024-07-07 02:55:00,0.0,1.6688604663585074,-7.1021319183968155,0.0
2024-07-07 03:00:00,0.0,1.6688604663585074,-6.59744355742851,0.0
2024-07-07 03:05:00,0.0,1.6688604663585074,-6.316886394910384,0.0
2024-07-07 03:10:00,0.0,1.6688604663585074,-6.272643314717519,0.0
2024-07-07 03:15:00,0.0,1.6688604663585074,-6.474326140719061,0.0
2024-07-07 03:20:00,0.0,1.6688604663585074,-6.928778240689562,0.0
2024-07-07 03:25:00,0.0,1.6688604663585074,-7.639896023737659,0.0
2024-07-07 03:30:00,0.0,1.6688604663585074,-8.608471009250833,0.0
2024-07-07 03:35:00,0.0,1.6688604663585074,-9.832054065618184,0.0
2024-07-07 03:40:00,0.0,1.6688604663585074,-11.304843160241257,0.0
2024-07-07 03:45:00,0.0,1.6688604663585074,-13.017595886623369,0.0
2024-07-07 03:50:00,0.0,1.6688604663585074,-14.957567786626955,0.0
2024-07-07 03:55:00,0.0,1.6688604663585074,-17.108477330867288,0.0
2024-07-07 04:00:00,0.0,1.6688604663585074,-19.45049818235568,0.0
2024-07-07 04:05:00,0.0,1.6688604663585074,-21.960279223866817,0.0
2024-07-07 04:10:00,0.0,1.6688604663585074,-24.610992560337483,0.0
2024-07-07 04:15:00,0.0,1.6688604663585074,-27.372409539322422,0.0
2024-07-07 04:20:00,0.0,1.6688604663585074,-30.211004572503782,0.0
2024-07-07 04:25:00,0.0,1.6688604663585074,-33.090086393700396,0.0
2024-07-07 04:30:00,0.0,1.6688604663585074,-35.969956129983395,0.0
2024-07-07 04:35:00,0.0,1.6688604663585074,-38.80809133287613,0.0
2024-07-07 04:40:00,0.0,1.6688604663585074,-41.5593550075164,0.0
2024-07-07 04:45:00,0.0,1.6688604663585074,-44.17622837562871,0.0
2024-07-07 04:50:00,0.0,1.6688604663585074,-46.60906598929553,0.0
2024-07-07 04:55:00,0.0,1.6688604663585074,-48.80637161911403,0.0
2024-07-07 05:00:00,0.0,1.6688604663585074,-50.71509313264321,0.0
2024-07-07 05:05:00,0.0,1.6688604663585074,-52.28093452512994,0.0
2024-07-07 05:10:00,0.0,1.6688604663585074,-53.44868298628758,0.0
2024-07-07 05:15:00,0.0,1.6688604663585074,-54.16254889058634,0.0
2024-07-07 05:20:00,0.0,1.6688604663585074,-54.36651639807777,0.0
2024-07-07 05:25:00,0.0,1.6688604663585074,-54.00470230190145,0.0
2024-07-07 05:30:00,0.0,1.6688604663585074,-53.021720671438146,0.0
2024-07-07 05:35:00,0.0,1.6688604663585074,-51.36305076949254,0.0
2024-07-07 05:40:00,0.0,1.6688604663585074,-48.97540570968784,0.0
2024-07-07 05:45:00,0.0,1.6688604663585074,-45.807099235838216,0.0
2024-07-07 05:50:00,0.0,1.6688604663585074,-41.80840813182686,0.0
2024-07-07 05:55:00,0.0,1.6688604663585074,-36.93192757258593,0.0
2024-07-07 06:00:00,0.0,1.6688604663585074,-31.132916995092845,34.10185039295148
2024-07-07 06:05:00,0.0,1.6688604663585074,-24.369633968214966,41.94007922295656
2024-07-07 06:10:00,0.0,1.6688604663585074,-16.603653642060394,71.34976643266934
2024-07-07 06:15:00,0.0,1.6688604663585074,-7.800171483760307,107.94942078109521
2024-07-07 06:20:00,0.0,1.6688604663585074,2.0717129162982997,109.28735276311427
2024-07-07 06:25:00,0.0,1.6688604663585074,13.03873308756299,108.15316627879616
2024-07-07 06:30:00,0.0,1.6688604663585074,25.123215861066267,106.96927738968505
2024-07-07 06:35:00,0.0,1.6688604663585074,38.34286635786191,106.96927738968505
2024-07-07 06:40:00,57.59999847,1.6688604663585074,52.710579342920965,106.12285514847505
2024-07-07 06:45:00,88.80000305,1.6688604663585074,68.234278490673,102.59176197907804
2024-07-07 06:50:00,131.3000031,1.6688604663585074,84.91678474453141,102.59176197907804
2024-07-07 06:55:00,131.25,1.6688604663585074,102.75571486644571,102.59176197907804
2024-07-07 07:00:00,164.5,1.6688604663585074,121.7434110929637,326.14636778872176
2024-07-07 07:05:00,144.6999969,1.6688604663585074,141.86690237697525,302.70403445061453
2024-07-07 07:10:00,204.3999939,1.6688604663585074,163.10789783390558,297.0925223753735
2024-07-07 07:15:00,258.2000122,1.6688604663585074,185.4428126102372,340.07597759895845
2024-07-07 07:20:00,302.2999878,1.6688604663585074,208.8428257768763,341.7820208251997
2024-07-07 07:25:00,345.7999878,1.6688604663585074,233.27397057636836,352.80139719831584
2024-07-07 07:30:00,399.2999878,1.6688604663585074,258.6972561083072,352.1896229105819
2024-07-07 07:35:00,437.0,1.6688604663585074,285.0688200277726,337.5855335164359
2024-07-07 07:40:00,422.9333496,1.6688604663585074,312.34011110459414,324.5032240940326
2024-07-07 07:45:00,507.2000122,1.6688604663585074,340.45810080502434,320.12100696223735
2024-07-07 07:50:00,464.8333435,1.6688604663585074,369.3655224035892,310.1569398823463
2024-07-07 07:55:00,486.3999939,1.6688604663585074,399.0011362098766,310.1569398823463
2024-07-07 08:00:00,606.0999756,1.6688604663585074,429.3000191177273,1089.4769734359618
2024-07-07 08:05:00,649.5999756,1.6688604663585074,460.193876752752,1088.4643402978286
2024-07-07 08:10:00,746.0999756,1.6688604663585074,491.6113760500297,1088.4643402978286
2024-07-07 08:15:00,833.7000122,1.6688604663585074,523.478496319045,1088.4643402978286
2024-07-07 08:20:00,800.2333984,1.6688604663585074,555.718896310261,1086.6681771338285
2024-07-07 08:25:00,951.7000122,1.6688604663585074,588.2542949740198,1086.6681771338285
2024-07-07 08:30:00,1022.799988,1.6688604663585074,621.0048635253263,1086.6681771338285
2024-07-07 08:35:00,982.2333374,1.6688604663585074,653.8896259667707,1086.6681771338285
2024-07-07 08:40:00,992.4666138,1.6688604663585074,686.8268657597652,1086.6681771338285
2024-07-07 08:45:00,968.6000366,1.6688604663585074,719.7345360451369,1086.6681771338285
2024-07-07 08:50:00,1099.5,1.6688604663585074,752.5306700874505,1086.6681771338285
2024-07-07 08:55:00,1245.400024,1.6688604663585074,785.1337902085562,1085.321526182273
2024-07-07 09:00:00,1187.5,1.6688604663585074,817.463311834303,1798.4200134037621
2024-07-07 09:05:00,1245.133301,1.6688604663585074,849.4399404381705,1790.451417217137
2024-07-07 09:10:00,1255.5,1.6688604663585074,880.9860584436481,1790.451417217137
2024-07-07 09:15:00,1365.699951,1.6688604663585074,912.0261000377055,1790.5825614433368
2024-07-07 09:20:00,1306.299927,1.6688604663585074,942.4869111663442,1790.3538201255587
2024-07-07 09:25:00,1301.599976,1.6688604663585074,972.2980925181937,1796.6402269365453
2024-07-07 09:30:00,1277.800049,1.6688604663585074,1001.3923235466754,1799.8119710919002
2024-07-07 09:35:00,1263.900024,1.6688604663585074,1029.7056648960167,1799.8119710919002
2024-07-07 09:40:00,1241.266724,1.6688604663585074,1057.177838273789,1799.8119710919002
2024-07-07 09:45:00,1183.0,1.6688604663585074,1083.7524811778464,1795.9474523891224
2024-07-07 09:50:00,1134.466675,1.6688604663585074,1109.377375591113,1795.9474523891224
2024-07-07 09:55:00,1106.0,1.6688604663585074,1134.0046489554697,1794.6457778009008
2024-07-07 10:00:00,1391.699951,1.6688604663585074,1157.590946516741,1879.0910813190847
2024-07-07 10:05:00,1259.966675,1.6688604663585074,1180.0975738353172,1881.2055065773914
2024-07-07 10:10:00,1312.766602,1.6688604663585074,1201.4906090640575,1881.2423026347988
2024-07-07 10:15:00,1258.133423,1.6688604663585074,1221.7409844053082,1881.2423026347988
2024-07-07 10:20:00,1236.299927,1.6688604663585074,1240.8245361432075,1880.859161621567
2024-07-07 10:25:00,1236.966675,1.6688604663585074,1258.7220237551312,1887.4818950573142
2024-07-07 10:30:00,1376.699951,1.6688604663585074,1275.4191178152948,1887.2460318060448
2024-07-07 10:35:00,1685.599976,1.6688604663585074,1290.9063573126734,1888.5477063942665
2024-07-07 10:40:00,2006.300049,1.6688604663585074,1305.1790767820394,1887.6386283339536
2024-07-07 10:45:00,1844.533203,1.6688604663585074,1318.2373042800857,1874.0514951189562
2024-07-07 10:50:00,1888.233398,1.6688604663585074,1330.0856310415272,1877.0697779671739
2024-07-07 10:55:00,1806.733398,1.6688604663585074,1340.7330540709302,1877.0697779671739
2024-07-07 11:00:00,1740.466675,1.6688604663585074,1350.1927931330313,1976.546429235598
2024-07-07 11:05:00,1675.933472,1.6688604663585074,1358.4820834869963,1976.546429235598
2024-07-07 11:10:00,2012.5,1.6688604663585074,1365.6219463948444,1961.169632884921
2024-07-07 11:15:00,1889.433228,1.6688604663585074,1371.6369389956212,1961.169632884921
2024-07-07 11:20:00,2028.400024,1.6688604663585074,1376.5548857345846,1952.9726102537782
2024-07-07 11:25:00,2042.099976,1.6688604663585074,1380.4065933796476,1893.9402542485009
2024-07-07 11:30:00,2049.666748,1.6688604663585074,1383.225551898204,1851.5543627025268
2024-07-07 11:35:00,2055.233398,1.6688604663585074,1385.0476234686146,1852.5805770659706
2024-07-07 11:40:00,2057.199951,1.6688604663585074,1385.9107220567582,1856.0616379495054
2024-07-07 11:45:00,2057.833252,1.6688604663585074,1385.8544859550314,1858.0307943052026
2024-07-07 11:50:00,2058.733154,1.6688604663585074,1384.9199457717702,1859.1319285073716
2024-07-07 11:55:00,2053.56665,1.6688604663585074,1383.1491903125825,1888.244472273642
2024-07-07 12:00:00,2029.766602,1.6688604663585074,1380.5850329147793,1891.4623430293484
2024-07-07 12:05:00,1992.133301,1.6688604663585074,1377.2706805616049,1786.6556220230316
2024-07-07 12:10:00,1870.766602,1.6688604663585074,1373.249408320154,1856.7562358161438
2024-07-07 12:15:00,1815.666626,1.6688604663585074,1368.5642413610487,1861.4575631713021
2024-07-07 12:20:00,2021.400024,1.6688604663585074,1363.257646885078,1828.6659006338325
2024-07-07 12:25:00,1912.366699,1.6688604663585074,1357.3712381405558,1901.7790268689853
2024-07-07 12:30:00,1963.400024,1.6688604663585074,1350.9454925569576,1901.399718639364
2024-07-07 12:35:00,1929.899902,1.6688604663585074,1344.0194860867516,1915.895505847225
2024-07-07 12:40:00,1943.133423,1.6688604663585074,1336.6306453686973,1919.9029694289566
2024-07-07 12:45:00,1868.766724,1.6688604663585074,1328.8145196045534,1917.8034593812527
2024-07-07 12:50:00,1778.533203,1.6688604663585074,1320.6045734433953,1916.394449644388
2024-07-07 12:55:00,1657.666626,1.6688604663585074,1312.0320024121409,1939.7550210879251
2024-07-07 13:00:00,1830.199951,1.6688604663585074,1303.1255718576783,1968.2487350627944
2024-07-07 13:05:00,2053.5,1.6688604663585074,1293.911480512256,1923.9110150855329
2024-07-07 13:10:00,1955.433228,1.6688604663585074,1284.4132493980928,1887.3195281612439
2024-07-07 13:15:00,2032.466797,1.6688604663585074,1274.6516365513633,1822.412410148392
2024-07-07 13:20:00,2035.733398,1.6688604663585074,1264.6445781667467,1818.250086989948
2024-07-07 13:25:00,2061.93335,1.6688604663585074,1254.4071560385892,1796.6365530546855
2024-07-07 13:30:00,2060.766602,1.6688604663585074,1243.9515914662445,1813.2601023646068
2024-07-07 13:35:00,2059.166748,1.6688604663585074,1233.2872652505962,1691.6594633734298
2024-07-07 13:40:00,2043.366577,1.6688604663585074,1222.420763467967,1682.1734992049537
2024-07-07 13:45:00,2021.633301,1.6688604663585074,1211.355948191241,1661.2881120880284
2024-07-07 13:50:00,1884.333374,1.6688604663585074,1200.0940525095148,1634.8372940393808
2024-07-07 13:55:00,1819.600098,1.6688604663585074,1188.6337986981923,1624.189400875476
2024-07-07 14:00:00,1507.200073,1.6688604663585074,1176.971538363112,1593.4314818716718
2024-07-07 14:05:00,1428.166626,1.6688604663585074,1165.1014133530039,1576.0657740984495
2024-07-07 14:10:00,1593.599976,1.6688604663585074,1153.0155356370985,1586.4578476929414
2024-07-07 14:15:00,1993.199951,1.6688604663585074,1140.704184809711,1586.2380318161636
2024-07-07 14:20:00,1779.099976,1.6688604663585074,1128.1560212065624,1587.9350895320365
2024-07-07 14:25:00,1857.533325,1.6688604663585074,1115.3583128673388,1583.2407675080842
2024-07-07 14:30:00,1789.699951,1.6688604663585074,1102.2971743177068,1593.3887730456718
2024-07-07 14:35:00,1612.75,1.6688604663585074,1088.9578150532202,1533.900920122646
2024-07-07 14:40:00,1214.0,1.6688604663585074,1075.3247957253263,1481.0457406150326
2024-07-07 14:45:00,975.2000122,1.6688604663585074,1061.3822895715616,1166.7389180616638
2024-07-07 14:50:00,939.5999146,1.6688604663585074,1047.114347253734,1226.4963553659954
2024-07-07 14:55:00,1095.400024,1.6688604663585074,1032.5051624660762,1285.0603661189207
2024-07-07 15:00:00,1003.600037,1.6688604663585074,1017.5393363520221,1308.3205786664644
2024-07-07 15:05:00,1027.5,1.6688604663585074,1002.2021384162599,909.0163915000591
2024-07-07 15:10:00,984.4333496,1.6688604663585074,986.4797617163487,683.4070008598001
2024-07-07 15:15:00,1079.099976,1.6688604663585074,970.3595703516289,668.1307453009038
2024-07-07 15:20:00,1036.0,1.6688604663585074,953.8303370037979,667.7749858988204
2024-07-07 15:25:00,1063.433228,1.6688604663585074,936.8824687243747,667.2913416000014
2024-07-07 15:30:00,1032.5,1.6688604663585074,919.5082189067064,662.9855346864548
2024-07-07 15:35:00,983.2666626,1.6688604663585074,901.7018840515485,300.2041238262253
2024-07-07 15:40:00,930.2666626,1.6688604663585074,883.45998317506,290.0581367105506
2024-07-07 15:45:00,899.833313,1.6688604663585074,864.7814188817944,254.60223118614846
2024-07-07 15:50:00,892.1333008,1.6688604663585074,845.6676184091157,245.25929160272057
2024-07-07 15:55:00,890.3666992,1.6688604663585074,826.1226536552384,245.4004922719015
2024-07-07 16:00:00,875.9667358,1.6688604663585074,806.1533391351242,244.7657260115793
2024-07-07 16:05:00,847.2666626,1.6688604663585074,785.769306968979,238.5694981261238
2024-07-07 16:10:00,806.3666992,1.6688604663585074,764.983058476757,238.4904486610849
2024-07-07 16:15:00,764.1333008,1.6688604663585074,743.8099914984484,232.62062322602293
2024-07-07 16:20:00,727.7999878,1.6688604663585074,722.2684037884882,232.67967778422187
2024-07-07 16:25:00,693.2999878,1.6688604663585074,700.3794717634872,232.90538920339407
2024-07-07 16:30:00,653.9333496,1.6688604663585074,678.1672051599004,235.2507475801021
2024-07-07 16:35:00,609.3666382,1.6688604663585074,655.6583777524571,233.9448919992354
2024-07-07 16:40:00,559.7999878,1.6688604663585074,632.8824345705806,234.26617357165762
2024-07-07 16:45:00,520.5332642,1.6688604663585074,609.871376505411,243.2969243696689
2024-07-07 16:50:00,499.25,1.6688604663585074,586.6596228802239,257.0449120920768
2024-07-07 16:55:00,441.8999939,1.6688604663585074,563.2838532538851,260.50802288807677
2024-07-07 17:00:00,354.8000183,1.6688604663585074,539.7828293693477,261.7240030806624
2024-07-07 17:05:00,338.166687,1.6688604663585074,516.1971990986963,287.8141034828847
2024-07-07 17:10:00,447.5,1.6688604663585074,492.5692831948548,288.24619239088474
2024-07-07 17:15:00,533.0,1.6688604663585074,468.94284693593426,291.14700044763197
2024-07-07 17:20:00,493.3999939,1.6688604663585074,445.3628583450922,555.1204023443802
2024-07-07 17:25:00,631.0,1.6688604663585074,421.8752346015815,338.068562113394
2024-07-07 17:30:00,574.666687,1.6688604663585074,398.5265787921277,376.35844258332287
2024-07-07 17:35:00,611.0,1.6688604663585074,375.3639088232037,604.5440749770042
2024-07-07 17:40:00,595.4333496,1.6688604663585074,352.4343808221178,373.15805074661176
2024-07-07 17:45:00,577.9666748,1.6688604663585074,329.78500863971936,375.1969416310117
2024-07-07 17:50:00,546.6333008,1.6688604663585074,307.4623822811657,374.35206168854506
2024-07-07 17:55:00,509.7333679,1.6688604663585074,285.5123866580194,386.105121036653
2024-07-07 18:00:00,477.6000061,1.6688604663585074,263.97992332874105,207.86990356516063
2024-07-07 18:05:00,440.5,1.6688604663585074,242.90863708885615,193.104696363432
2024-07-07 18:10:00,405.0333557,1.6688604663585074,222.340649492199,194.43651492343642
2024-07-07 18:15:00,371.6999817,1.6688604663585074,202.31630147267103,187.55526430936183
2024-07-07 18:20:00,355.8500061,1.6688604663585074,182.87390675520103,199.3649072818055
2024-07-07 18:25:00,313.3999939,1.6688604663585074,164.04951813338263,187.83211613247295
2024-07-07 18:30:00,258.4333191,1.6688604663585074,145.87670813939283,196.32241170663323
2024-07-07 18:35:00,246.4999847,1.6688604663585074,128.3863661315994,192.53903212089992
2024-07-07 18:40:00,203.5,1.6688604663585074,111.60651282959627,195.73063395579987
2024-07-07 18:45:00,173.3000031,1.6688604663585074,95.56213398306681,193.1388995547586
2024-07-07 18:50:00,163.3999939,1.6688604663585074,80.27503442583023,193.08286555267767
2024-07-07 18:55:00,136.8500061,1.6688604663585074,65.76371337804476,193.27726432688567
2024-07-07 19:00:00,107.0,1.6688604663585074,52.04326210236515,112.27910925160856
2024-07-07 19:05:00,93.66666412,1.6688604663585074,39.125284552510244,97.80828289571049
2024-07-07 19:10:00,83.46666718,1.6688604663585074,27.017841595467775,96.47544161345733
2024-07-07 19:15:00,78.69999695,1.6688604663585074,15.725419225475225,64.09984977075241
2024-07-07 19:20:00,69.3500061,1.6688604663585074,5.248920911494409,82.04444836709399
2024-07-07 19:25:00,55.70000076,1.6688604663585074,-4.414315846074404,83.72239739955526
2024-07-07 19:30:00,43.95000076,1.6688604663585074,-13.270478997192958,84.96848472214907
2024-07-07 19:35:00,34.94999695,1.6688604663585074,-21.329217732523244,59.55705808857912
2024-07-07 19:40:00,25.89999962,1.6688604663585074,-28.603555188416973,59.10425257103468
2024-07-07 19:45:00,19.33333397,1.6688604663585074,-35.10977866246667,58.46995337428927
2024-07-07 19:50:00,18.35000229,1.6688604663585074,-40.86730837889364,57.943445656540085
2024-07-07 19:55:00,16.04999924,1.6688604663585074,-45.89854565400129,57.80586233400677
2024-07-07 20:00:00,0.0,1.6688604663585074,-50.22870184115181,4.424404471036508
2024-07-07 20:05:00,0.0,1.6688604663585074,-53.88560917640008,4.424404471036508
2024-07-07 20:10:00,0.0,1.6688604663585074,-56.899515194229956,4.424404471036508
2024-07-07 20:15:00,0.0,1.6688604663585074,-59.302862179640755,4.520610813955555
2024-07-07 20:20:00,0.0,1.6688604663585074,-61.13005336559954,4.520610813955555
2024-07-07 20:25:00,0.0,1.6688604663585074,-62.41720771173161,4.520610813955555
2024-07-07 20:30:00,0.0,1.6688604663585074,-63.2019050960358,4.520610813955555
2024-07-07 20:35:00,0.0,1.6688604663585074,-63.52292387885961,4.520610813955555
2024-07-07 20:40:00,0.0,1.6688604663585074,-63.41997281467205,4.520610813955555
2024-07-07 20:45:00,0.0,1.6688604663585074,-62.93341936799937,4.520610813955555
2024-07-07 20:50:00,0.0,1.6688604663585074,-62.1040164397881,4.520610813955555
2024-07-07 20:55:00,0.0,1.6688604663585074,-60.972629587444665,4.376536734177778
2024-07-07 21:00:00,0.0,1.6688604663585074,-59.57996676464083,2.3997294771500006
2024-07-07 21:05:00,0.0,1.6688604663585074,-57.9663125937148,4.139703394833334
2024-07-07 21:10:00,0.0,1.6688604663585074,-56.171269136536075,4.139703394833334
2024-07-07 21:15:00,0.0,1.6688604663585074,-54.23350508204457,4.139703394833334
2024-07-07 21:20:00,0.0,1.6688604663585074,-52.190515176298355,4.139703394833334
2024-07-07 21:25:00,0.0,1.6688604663585074,-50.078391655944195,4.139703394833334
2024-07-07 21:30:00,0.0,1.6688604663585074,-47.93160930751598,4.139703394833334
2024-07-07 21:35:00,0.0,1.6688604663585074,-45.78282574613833,4.139703394833334
2024-07-07 21:40:00,0.0,1.6688604663585074,-43.662698248401874,4.139703394833334
2024-07-07 21:45:00,0.0,1.6688604663585074,-41.59971846472419,4.139703394833334
2024-07-07 21:50:00,0.0,1.6688604663585074,-39.620066133475184,4.139703394833334
2024-07-07 21:55:00,0.0,1.6688604663585074,-37.747482754240224,4.139703394833334
2024-07-07 22:00:00,0.0,1.6688604663585074,-36.003166050957475,4.139703394833334
2024-07-07 22:05:00,0.0,1.6688604663585074,-34.4056858660036,4.139703394833334
2024-07-07 22:10:00,0.0,1.6688604663585074,-32.9709219563539,4.139703394833334
2024-07-07 22:15:00,0.0,1.6688604663585074,-31.712024002331674,4.240555250677779
2024-07-07 22:20:00,0.0,1.6688604663585074,-30.639393938878303,4.139703394833334
2024-07-07 22:25:00,0.0,1.6688604663585074,-29.76069056824338,4.240555250677779
2024-07-07 22:30:00,0.0,1.6688604663585074,-29.080856207531045,4.240555250677779
2024-07-07 22:35:00,0.0,1.6688604663585074,-28.602164976392675,4.139703394833334
2024-07-07 22:40:00,0.0,1.6688604663585074,-28.324292143527455,4.139703394833334
2024-07-07 22:45:00,0.0,1.6688604663585074,-28.24440378672624,4.139703394833334
2024-07-07 22:50:00,0.0,1.6688604663585074,-28.35726586814567,4.139703394833334
2024-07-07 22:55:00,0.0,1.6688604663585074,-28.655371661884377,4.139703394833334
2024-07-07 23:00:00,0.0,1.6688604663585074,-29.129086339709204,4.139703394833334
2024-07-07 23:05:00,0.0,1.6688604663585074,-29.766807385566757,4.139703394833334
2024-07-07 23:10:00,0.0,1.6688604663585074,-30.55513935805158,4.139703394833334
2024-07-07 23:15:00,0.0,1.6688604663585074,-31.479081481414003,4.139703394833334
2024-07-07 23:20:00,0.0,1.6688604663585074,-32.522226335458726,2.3997294771500006
2024-07-07 23:25:00,0.0,1.6688604663585074,-33.66696794636409,1.3786592206333337
2024-07-07 23:30:00,0.0,1.6688604663585074,-34.89471742539981,0.9414925997500001
2024-07-07 23:35:00,0.0,1.6688604663585074,-36.18612428299729,0.9414925997500001
2024-07-07 23:40:00,0.0,1.6688604663585074,-37.52130149963067,0.7753333539333334
2024-07-07 23:45:00,0.0,1.6688604663585074,-38.88005239817103,0.7347778068666667
2024-07-07 23:50:00,0.0,1.6688604663585074,-40.24209738020194,0.7347778068666667
2024-07-07 23:55:00,0.0,1.6688604663585074,-41.5872985185507,0.7347778068666667
2024-07-08 00:00:00,0.0,1.6688604663585074,-42.89588017581404,0.0
2024-07-08 00:05:00,0.0,1.6688604663585074,-44.148643614645124,0.0
2024-07-08 00:10:00,0.0,1.6688604663585074,-45.327173906095275,0.0
2024-07-08 00:15:00,0.0,1.6688604663585074,-46.41403721768851,0.0
2024-07-08 00:20:00,0.0,1.6688604663585074,-47.3929668864574,0.0
2024-07-08 00:25:00,0.0,1.6688604663585074,-48.24903662074319,0.0
2024-07-08 00:30:00,0.0,1.6688604663585074,-48.96881934814609,0.0
2024-07-08 00:35:00,0.0,1.6688604663585074,-49.54053033312489,0.0
2024-07-08 00:40:00,0.0,1.6688604663585074,-49.95415331233018,0.0
2024-07-08 00:45:00,0.0,1.6688604663585074,-50.201548544812766,0.0
2024-07-08 00:50:00,0.0,1.6688604663585074,-50.27654181096241,0.0
2024-07-08 00:55:00,0.0,1.6688604663585074,-50.174993586385995,0.0
2024-07-08 01:00:00,0.0,1.6688604663585074,-49.89484768522547,0.0
2024-07-08 01:05:00,0.0,1.6688604663585074,-49.43615902047145,0.0
2024-07-08 01:10:00,0.0,1.6688604663585074,-48.80110005020656,0.0
2024-07-08 01:15:00,0.0,1.6688604663585074,-47.993945902477066,0.0
2024-07-08 01:20:00,0.0,1.6688604663585074,-47.02103817407661,0.0
2024-07-08 01:25:00,0.0,1.6688604663585074,-45.890727663207976,0.0
2024-07-08 01:30:00,0.0,1.6688604663585074,-44.613296431942885,0.0
2024-07-08 01:35:00,0.0,1.6688604663585074,-43.20085979286297,0.0
2024-07-08 01:40:00,0.0,1.6688604663585074,-41.6672489643382,0.0
2024-07-08 01:45:00,0.0,1.6688604663585074,-40.02787530157583,0.0
2024-07-08 01:50:00,0.0,1.6688604663585074,-38.299577203538085,0.0
2024-07-08 01:55:00,0.0,1.6688604663585074,-36.500450852346084,0.0
2024-07-08 02:00:00,0.0,1.6688604663585074,-34.649666207825256,0.0
2024-07-08 02:05:00,0.0,1.6688604663585074,-32.76726970224188,0.0
2024-07-08 02:10:00,0.0,1.6688604663585074,-30.873975236070656,0.0
2024-07-08 02:15:00,0.0,1.6688604663585074,-28.990945195762837,0.0
2024-07-08 02:20:00,0.0,1.6688604663585074,-27.13956327059837,0.0
2024-07-08 02:25:00,0.0,1.6688604663585074,-25.341200967873487,0.0
2024-07-08 02:30:00,0.0,1.6688604663585074,-23.61697973182824,0.0
2024-07-08 02:35:00,0.0,1.6688604663585074,-21.987530673687278,0.0
2024-07-08 02:40:00,0.0,1.6688604663585074,-20.472753919891208,0.0
2024-07-08 02:45:00,0.0,1.6688604663585074,-19.091579604422073,0.0
2024-07-08 02:50:00,0.0,1.6688604663585074,-17.861732566996324,0.0
2024-07-08 02:55:00,0.0,1.6688604663585074,-16.799502733306504,0.0
2024-07-08 03:00:00,0.0,1.6688604663585074,-15.919523202158508,0.0
2024-07-08 03:05:00,0.0,1.6688604663585074,-15.234557957571456,0.0
2024-07-08 03:10:00,0.0,1.6688604663585074,-14.755301093851896,0.0
2024-07-08 03:15:00,0.0,1.6688604663585074,-14.490189352567315,0.0
2024-07-08 03:20:00,0.0,1.6688604663585074,-14.445229678915219,0.0
2024-07-08 03:25:00,0.0,1.6688604663585074,-14.623843405183887,0.0
2024-07-08 03:30:00,0.0,1.6688604663585074,-15.026728543304683,0.0
2024-07-08 03:35:00,0.0,1.6688604663585074,-15.651741550072556,0.0
2024-07-08 03:40:00,0.0,1.6688604663585074,-16.49379976810505,0.0
2024-07-08 03:45:00,0.0,1.6688604663585074,-17.544805615382064,0.0
2024-07-08 03:50:00,0.0,1.6688604663585074,-18.79359342769629,0.0
2024-07-08 03:55:00,0.0,1.6688604663585074,-20.225899673460177,0.0
2024-07-08 04:00:00,0.0,1.6688604663585074,-21.82435712209781,0.0
2024-07-08 04:05:00,0.0,1.6688604663585074,-23.56851333320477,0.0
2024-07-08 04:10:00,0.0,1.6688604663585074,-25.434873666021076,0.0
2024-07-08 04:15:00,0.0,1.6688604663585074,-27.396968828757014,0.0
2024-07-08 04:20:00,0.0,1.6688604663585074,-29.4254467808573,0.0
2024-07-08 04:25:00,0.0,1.6688604663585074,-31.48818862411836,0.0
2024-07-08 04:30:00,0.0,1.6688604663585074,-33.550447960887226,0.0
2024-07-08 04:35:00,0.0,1.6688604663585074,-35.57501296284612,0.0
2024-07-08 04:40:00,0.0,1.6688604663585074,-37.52239025919849,0.0
2024-07-08 04:45:00,0.0,1.6688604663585074,-39.35100956712138,0.0
2024-07-08 04:50:00,0.0,1.6688604663585074,-41.0174478333261,0.0
2024-07-08 04:55:00,0.0,1.6688604663585074,-42.476671467367495,0.0
2024-07-08 05:00:00,0.0,1.6688604663585074,-43.68229516366491,0.0
2024-07-08 05:05:00,0.0,1.6688604663585074,-44.58685561573055,0.0
2024-07-08 05:10:00,0.0,1.6688604663585074,-45.14209830827471,0.0
2024-07-08 05:15:00,0.0,1.6688604663585074,-45.29927554999785,0.0
2024-07-08 05:20:00,0.0,1.6688604663585074,-45.009453642982486,0.0
2024-07-08 05:25:00,0.0,1.6688604663585074,-44.223827201778896,0.0
2024-07-08 05:30:00,0.0,1.6688604663585074,-42.89403840676059,0.0
2024-07-08 05:35:00,0.0,1.6688604663585074,-40.97249902015564,0.0
2024-07-08 05:40:00,0.0,1.6688604663585074,-38.41271292014918,0.0
2024-07-08 05:45:00,0.0,1.6688604663585074,-35.169596885036725,0.0
2024-07-08 05:50:00,0.0,1.6688604663585074,-31.199797412545465,0.0
2024-07-08 05:55:00,0.0,1.6688604663585074,-26.46200125704844,0.0
2024-07-08 06:00:00,0.0,1.6688604663585074,-20.917237569002047,50.21018953803755
2024-07-08 06:05:00,0.0,1.6688604663585074,-14.529169368105922,50.21018953803755
2024-07-08 06:10:00,0.0,1.6688604663585074,-7.264372337698592,50.21018953803755
2024-07-08 06:15:00,0.0,1.6688604663585074,0.9074011387043207,50.21018953803755
2024-07-08 06:20:00,0.0,1.6688604663585074,10.012974624457847,46.76545720832802
2024-07-08 06:25:00,0.0,1.6688604663585074,20.075518705625758,46.76545720832802
2024-07-08 06:30:00,63.79999924,1.6688604663585074,31.114342376706922,42.46561488350325
2024-07-08 06:35:00,72.09999847,1.6688604663585074,43.14470602110171,31.02354586368588
2024-07-08 06:40:00,83.40000153,1.6688604663585074,56.17765770257731,30.8277680893081
2024-07-08 06:45:00,95.59999847,1.6688604663585074,70.21989382175333,65.08644507560481
2024-07-08 06:50:00,112.9000015,1.6688604663585074,85.27364536069815,76.60560953999051
2024-07-08 06:55:00,136.1999969,1.6688604663585074,101.33659049973237,75.43024104833273
2024-07-08 07:00:00,164.1000061,1.6688604663585074,118.40179450099149,425.0675577895759
2024-07-08 07:05:00,194.3999939,1.6688604663585074,136.4576773240416,443.2461992376631
2024-07-08 07:10:00,229.6000061,1.6688604663585074,155.4880092975457,423.5385673454648
2024-07-08 07:15:00,265.0,1.6688604663585074,175.47193522996267,423.5385673454648
2024-07-08 07:20:00,307.0,1.6688604663585074,196.3840264673369,423.5385673454648
2024-07-08 07:25:00,350.5,1.6688604663585074,218.19436131305642,421.8594208813204
2024-07-08 07:30:00,393.8999939,1.6688604663585074,240.86863276893297,421.8594208813204
2024-07-08 07:35:00,437.8999939,1.6688604663585074,264.3682834316172,420.75031286657753
2024-07-08 07:40:00,484.5,1.6688604663585074,288.65066650060294,420.75031286657753
2024-07-08 07:45:00,529.0999756,1.6688604663585074,313.66923198531947,423.85482338531085
2024-07-08 07:50:00,579.5,1.6688604663585074,339.37373704132466,423.85482338531085
2024-07-08 07:55:00,635.0,1.6688604663585074,365.71047879949003,430.0774838233886
2024-07-08 08:00:00,687.2999878,1.6688604663585074,392.6225488057714,584.5217207456742
2024-07-08 08:05:00,733.5999756,1.6688604663585074,420.0501065828684,584.5217207456742
2024-07-08 08:10:00,792.4000244,1.6688604663585074,447.93067141757825,584.5217207456742
2024-07-08 08:15:00,847.7999878,1.6688604663585074,476.1994299019125,584.5217207456742
2024-07-08 08:20:00,828.0,1.6688604663585074,504.78955742891895,584.5217207456742
2024-07-08 08:25:00,861.666687,1.6688604663585074,533.6325516326161,584.5217207456742
2024-07-08 08:30:00,892.5999146,1.6688604663585074,562.6585752924153,584.5217207456742
2024-07-08 08:35:00,940.4666138,1.6688604663585074,591.7968068615605,584.5217207456742
2024-07-08 08:40:00,1120.5,1.6688604663585074,620.975795990978,616.4906903036948
2024-07-08 08:45:00,1071.400024,1.6688604663585074,650.1238220758596,616.4906903036948
2024-07-08 08:50:00,1131.0,1.6688604663585074,679.1692528723369,601.6702195122201
2024-07-08 08:55:00,1160.633301,1.6688604663585074,708.0409017298941,623.4488118657313
2024-07-08 09:00:00,1208.900024,1.6688604663585074,736.6683802458514,1458.4662059776424
2024-07-08 09:05:00,1251.466675,1.6688604663585074,764.9824446861542,1458.4662059776424
2024-07-08 09:10:00,1294.900024,1.6688604663585074,792.9153335985723,1455.801591096981
2024-07-08 09:15:00,1339.633423,1.6688604663585074,820.4010945461096,1455.801591096981
2024-07-08 09:20:00,1384.266602,1.6688604663585074,847.3758979698358,1545.0515070328645
2024-07-08 09:25:00,1427.866699,1.6688604663585074,873.7783358656121,1598.3227302960147
2024-07-08 09:30:00,1469.233398,1.6688604663585074,899.5497039863052,1599.1317288046657
2024-07-08 09:35:00,1510.099976,1.6688604663585074,924.6342649994158,1614.5042257722082
2024-07-08 09:40:00,1548.933228,1.6688604663585074,948.9794917913215,1663.6709393512722
2024-07-08 09:45:00,1586.033203,1.6688604663585074,972.5362888982298,1702.1553361135545
2024-07-08 09:50:00,1620.366699,1.6688604663585074,995.2591909428508,1702.1051461525547
2024-07-08 09:55:00,1653.733398,1.6688604663585074,1017.1065369791943,1704.0257875329517
2024-07-08 10:00:00,1688.466675,1.6688604663585074,1038.040619535077,1812.4346968572688
2024-07-08 10:05:00,1724.633301,1.6688604663585074,1058.0278078682682,1864.1974545621786
2024-07-08 10:10:00,1761.333374,1.6688604663585074,1077.0386445633146,1864.9664539331466
2024-07-08 10:15:00,1794.933228,1.6688604663585074,1095.047915294446,1885.4981006884059
2024-07-08 10:20:00,1824.266602,1.6688604663585074,1112.0346911127124,1912.0674250556106
2024-07-08 10:25:00,1848.966797,1.6688604663585074,1127.982343749024,1895.6685044653218
2024-07-08 10:30:00,1874.733398,1.6688604663585074,1142.8785337305744,1854.8194005829375
2024-07-08 10:35:00,1903.233398,1.6688604663585074,1156.715171674899,1846.4352134057713
2024-07-08 10:40:00,1935.166626,1.6688604663585074,1169.4883534700198,1848.115564567962
2024-07-08 10:45:00,1965.200073,1.6688604663585074,1181.1982698868758,1854.4843880790584
2024-07-08 10:50:00,1991.133301,1.6688604663585074,1191.8490916294388,1882.4193984848928
2024-07-08 10:55:00,2013.766602,1.6688604663585074,1201.4488307337454,1891.0837135217712
2024-07-08 11:00:00,2032.066772,1.6688604663585074,1210.0091797798812,2049.160461996993
2024-07-08 11:05:00,2046.666626,1.6688604663585074,1217.545329969762,2049.160461996993
2024-07-08 11:10:00,2053.56665,1.6688604663585074,1224.0757698878485,2049.160461996993
2024-07-08 11:15:00,2056.100098,1.6688604663585074,1229.6220664016619,2049.8076400885147
2024-07-08 11:20:00,2056.5,1.6688604663585074,1234.2086294953979,2049.8076400885147
2024-07-08 11:25:00,2058.033203,1.6688604663585074,1237.8624629555695,2050.3110718616254
2024-07-08 11:30:00,2059.733398,1.6688604663585074,1240.6129027573174,2050.3297384466255
2024-07-08 11:35:00,2060.233398,1.6688604663585074,1242.491345278347,2050.3297384466255
2024-07-08 11:40:00,2060.233398,1.6688604663585074,1243.5309673510926,2054.3215547538366
2024-07-08 11:45:00,2060.06665,1.6688604663585074,1243.7664403114518,2054.3215547538366
2024-07-08 11:50:00,2059.400146,1.6688604663585074,1243.2336401718264,2055.252106911138
2024-07-08 11:55:00,2057.56665,1.6688604663585074,1241.9693561122056,2055.272551312527
2024-07-08 12:00:00,2055.333252,1.6688604663585074,1240.0109994263944,2057.2459594517204
2024-07-08 12:05:00,2054.5,1.6688604663585074,1237.3963150478467,2057.2509178986093
2024-07-08 12:10:00,2055.0,1.6688604663585074,1234.1630978143994,2053.8796963488226
2024-07-08 12:15:00,2056.266602,1.6688604663585074,1230.3489154247616,2045.5240683243615
2024-07-08 12:20:00,2057.266602,1.6688604663585074,1225.9908401879195,2049.5098138125522
2024-07-08 12:25:00,2058.5,1.6688604663585074,1221.125191336689,2052.2403779337474
2024-07-08 12:30:00,2059.699951,1.6688604663585074,1215.7872898296184,2047.7301344342557
2024-07-08 12:35:00,2061.633301,1.6688604663585074,1210.0112272565566,2049.915695320295
2024-07-08 12:40:00,2063.199951,1.6688604663585074,1203.8296504768055,2050.327410803854
2024-07-08 12:45:00,2064.233398,1.6688604663585074,1197.2735633908314,2049.7472338789507
2024-07-08 12:50:00,2062.800049,1.6688604663585074,1190.3721471901988,2050.1527469498587
2024-07-08 12:55:00,2061.43335,1.6688604663585074,1183.152600209972,2051.28788349767
2024-07-08 13:00:00,2061.300049,1.6688604663585074,1175.6399984055997,1966.83167837536
2024-07-08 13:05:00,2063.400146,1.6688604663585074,1167.857177277422,1982.9987546752525
2024-07-08 13:10:00,2065.333252,1.6688604663585074,1159.8246358720457,1972.364786270902
2024-07-08 13:15:00,2064.400146,1.6688604663585074,1151.560463370972,1953.8498032146995
2024-07-08 13:20:00,2062.466797,1.6688604663585074,1143.0802886361969,1939.8912142445722
2024-07-08 13:25:00,2058.866699,1.6688604663585074,1134.3972527107662,1925.49829788973
2024-07-08 13:30:00,2057.699951,1.6688604663585074,1125.5220043094944,1931.5615413549235
2024-07-08 13:35:00,2056.600098,1.6688604663585074,1116.462718112983,1985.3015670579202
2024-07-08 13:40:00,2058.0,1.6688604663585074,1107.2251353535853,1983.3879141998032
2024-07-08 13:45:00,2059.233398,1.6688604663585074,1097.8126262106848,1964.8092166280599
2024-07-08 13:50:00,2059.899902,1.6688604663585074,1088.2262732484394,1963.7640523681234
2024-07-08 13:55:00,2059.800049,1.6688604663585074,1078.4649749761763,1967.2959696911346
2024-07-08 14:00:00,2058.06665,1.6688604663585074,1068.5255685480938,1969.6550244811585
2024-07-08 14:05:00,2057.733154,1.6688604663585074,1058.402970332867,1989.7792668198115
2024-07-08 14:10:00,2057.199951,1.6688604663585074,1048.0903331103427,1990.962488648351
2024-07-08 14:15:00,2059.399902,1.6688604663585074,1037.5792183679732,1991.5480617348528
2024-07-08 14:20:00,2059.666748,1.6688604663585074,1026.8597822153158,1994.671298814123
2024-07-08 14:25:00,2058.766602,1.6688604663585074,1015.9209731932157,1988.2852516258645
2024-07-08 14:30:00,2056.033203,1.6688604663585074,1004.7507403456153,1982.6531149894488
2024-07-08 14:35:00,2053.900146,1.6688604663585074,993.3362496128665,1973.330606018466
2024-07-08 14:40:00,2050.733398,1.6688604663585074,981.6641067954341,1970.6905021246168
2024-07-08 14:45:00,2044.066772,1.6688604663585074,969.7205850506141,1968.816959892913
2024-07-08 14:50:00,2032.599976,1.6688604663585074,957.4918552217904,1949.7323955030356
2024-07-08 14:55:00,2016.300171,1.6688604663585074,944.9642167619296,1925.7180201035435
2024-07-08 15:00:00,2001.200073,1.6688604663585074,932.124327483401,1904.8911644383088
2024-07-08 15:05:00,1985.833374,1.6688604663585074,918.9594302404113,1890.5329869684465
2024-07-08 15:10:00,1967.033325,1.6688604663585074,905.4575745081868,1863.3086743473893
2024-07-08 15:15:00,1945.5,1.6688604663585074,891.6078311348443,1852.5741981485169
2024-07-08 15:20:00,1931.133423,1.6688604663585074,877.4004984414441,1822.9124874322388
2024-07-08 15:25:00,1934.866699,1.6688604663585074,862.827297932307,1832.0022261451988
2024-07-08 15:30:00,1939.866577,1.6688604663585074,847.8815580693156,1758.4135516845054
2024-07-08 15:35:00,1939.799927,1.6688604663585074,832.5583845257077,1655.92433392521
2024-07-08 15:40:00,1928.933228,1.6688604663585074,816.8548155643437,1590.0982291730547
2024-07-08 15:45:00,2049.5,1.6688604663585074,800.7699611816074,1510.3409020030965
2024-07-08 15:50:00,1992.166626,1.6688604663585074,784.3051249456654,1248.69264853902
2024-07-08 15:55:00,2024.400024,1.6688604663585074,767.4639074858904,1235.2003627474217
2024-07-08 16:00:00,1995.166626,1.6688604663585074,750.252290711938,864.3545265708935
2024-07-08 16:05:00,1963.733398,1.6688604663585074,732.6787022126366,947.2233351737009
2024-07-08 16:10:00,1817.200073,1.6688604663585074,714.754059098007,958.0100434147041
2024-07-08 16:15:00,1631.0,1.6688604663585074,696.4917909039787,962.9307219164392
2024-07-08 16:20:00,1416.299927,1.6688604663585074,677.9078416608689,964.0661615334649
2024-07-08 16:25:00,1362.866577,1.6688604663585074,659.0206505499518,1011.018271345209
2024-07-08 16:30:00,1375.666626,1.6688604663585074,639.8511116422678,1059.457031475688
2024-07-08 16:35:00,1422.900024,1.6688604663585074,620.4225129405654,1095.6903469992797
2024-07-08 16:40:00,1389.466675,1.6688604663585074,600.7604550065212,1096.5687940055132
2024-07-08 16:45:00,1324.233398,1.6688604663585074,580.8927499283077,1109.6912236802623
2024-07-08 16:50:00,1280.699951,1.6688604663585074,560.849301327586,1103.030285946781
2024-07-08 16:55:00,1042.449951,1.6688604663585074,540.6619662563915,1000.8814637272691
2024-07-08 17:00:00,672.1500244,1.6688604663585074,520.3644001476869,764.3725424299591
2024-07-08 17:05:00,473.6000061,1.6688604663585074,499.99188585917904,788.2303548444962
2024-07-08 17:10:00,439.6333313,1.6688604663585074,479.58114821580637,784.8520736893518
2024-07-08 17:15:00,405.5333252,1.6688604663585074,459.17015536555374,780.451128491622
2024-07-08 17:20:00,377.7666321,1.6688604663585074,438.7979084971475,751.3307694739437
2024-07-08 17:25:00,353.5666504,1.6688604663585074,418.50422158387227,752.3839632635858
2024-07-08 17:30:00,330.3999939,1.6688604663585074,398.32949263796047,717.5539292351707
2024-07-08 17:35:00,301.4333191,1.6688604663585074,378.3144685202205,692.640933133917
2024-07-08 17:40:00,270.3333435,1.6688604663585074,358.50000477836494,691.3807298080385
2024-07-08 17:45:00,238.2666779,1.6688604663585074,338.9268224200301,687.8286017754448
2024-07-08 17:50:00,208.6333466,1.6688604663585074,319.6352637574236,687.7163739049076
2024-07-08 17:55:00,182.6666718,1.6688604663585074,300.66504868106085,674.9601133073855
2024-07-08 18:00:00,160.8333435,1.6688604663585074,282.0550336048077,230.7469158627512
2024-07-08 18:05:00,143.0333405,1.6688604663585074,263.8429746734124,227.60846464125916
2024-07-08 18:10:00,129.1999969,1.6688604663585074,246.0652972490861,206.23006838912423
2024-07-08 18:15:00,119.6333313,1.6688604663585074,228.75687313703583,204.4975390214959
2024-07-08 18:20:00,114.2000046,1.6688604663585074,211.9508074703713,218.24318998436394
2024-07-08 18:25:00,111.8666687,1.6688604663585074,195.6782366795882,218.24318998436394
2024-07-08 18:30:00,110.5333328,1.6688604663585074,179.96813922402285,214.62840675026393
2024-07-08 18:35:00,108.7666626,1.6688604663585074,164.84716035486616,207.44591158350832
2024-07-08 18:40:00,106.6666641,1.6688604663585074,150.33945233377156,207.44591158350832
2024-07-08 18:45:00,105.7000046,1.6688604663585074,136.466531179224,208.26805981750832
2024-07-08 18:50:00,105.9666672,1.6688604663585074,123.24715110068692,207.44591158350832
2024-07-08 18:55:00,118.8000031,1.6688604663585074,110.69719749931275,207.09741155661942
2024-07-08 19:00:00,114.0999985,1.6688604663585074,98.82959928035218,70.53280971563639
2024-07-08 19:05:00,117.8000107,1.6688604663585074,87.65426121736613,70.53280971563639
2024-07-08 19:10:00,115.0,1.6688604663585074,77.1780167195039,74.1893792395786
2024-07-08 19:15:00,110.9000015,1.6688604663585074,67.40460132850887,70.72499491402527
2024-07-08 19:20:00,107.2500076,1.6688604663585074,58.33464730134791,70.09459725351454
2024-07-08 19:25:00,94.1499939,1.6688604663585074,49.96569898337085,64.39014636562784
2024-07-08 19:30:00,73.30000305,1.6688604663585074,42.29224904309781,64.18511461711991
2024-07-08 19:35:00,55.0,1.6688604663585074,35.30579513351623,61.69206683318385
2024-07-08 19:40:00,40.96666336,1.6688604663585074,28.994916605172765,52.31450546055795
2024-07-08 19:45:00,37.65000153,1.6688604663585074,23.34537054150889,40.50666936479034
2024-07-08 19:50:00,30.65000153,1.6688604663585074,18.340206431661713,34.72088647255949
2024-07-08 19:55:00,18.89999962,1.6688604663585074,13.959898546060382,35.69884300538129
2024-07-08 20:00:00,0.0,1.6688604663585074,10.182494955098822,3.287778134643386
2024-07-08 20:05:00,0.0,1.6688604663585074,6.983782101419185,2.0451585613767196
2024-07-08 20:10:00,0.0,1.6688604663585074,4.33746353665275,2.240797181068783
2024-07-08 20:15:00,0.0,1.6688604663585074,2.215351556487332,2.5123527366243383
2024-07-08 20:20:00,0.0,1.6688604663585074,0.5875701746013391,1.4297654350370372
2024-07-08 20:25:00,0.0,1.6688604663585074,-0.5772320718441382,1.4758765461481487
2024-07-08 20:30:00,0.0,1.6688604663585074,-1.3116611365761552,2.0696543239259255
2024-07-08 20:35:00,0.0,1.6688604663585074,-1.6493499570866723,2.0696543239259255
2024-07-08 20:40:00,0.0,1.6688604663585074,-1.6247261809949232,1.2691961265798946
2024-07-08 20:45:00,0.0,1.6688604663585074,-1.272776852013422,1.5787702024687833
2024-07-08 20:50:00,0.0,1.6688604663585074,-0.6288118556019577,1.5787702024687833
2024-07-08 20:55:00,0.0,1.6688604663585074,0.27177212570692433,1.5787702024687833
2024-07-08 21:00:00,0.0,1.6688604663585074,1.3937253679913684,1.5787702024687833
2024-07-08 21:05:00,0.0,1.6688604663585074,2.7021748418170075,1.6063998322465611
2024-07-08 21:10:00,0.0,1.6688604663585074,4.162848222180022,1.6063998322465611
2024-07-08 21:15:00,0.0,1.6688604663585074,5.7422905309488534,1.6063998322465611
2024-07-08 21:20:00,0.0,1.6688604663585074,7.408071822053311,1.6063998322465611
2024-07-08 21:25:00,0.0,1.6688604663585074,9.128984403055258,1.6063998322465611
2024-07-08 21:30:00,0.0,1.6688604663585074,10.875228179115638,1.6063998322465611
2024-07-08 21:35:00,0.0,1.6688604663585074,12.61858278509136,1.6063998322465611
2024-07-08 21:40:00,0.0,1.6688604663585074,14.33256530414783,1.6063998322465611
2024-07-08 21:45:00,0.0,1.6688604663585074,15.99257247693417,1.6063998322465611
2024-07-08 21:50:00,0.0,1.6688604663585074,17.576006433242263,1.6063998322465611
2024-07-08 21:55:00,0.0,1.6688604663585074,19.062383108753814,1.6063998322465611
2024-07-08 22:00:00,0.0,1.6688604663585074,20.433422654957447,1.6063998322465611
2024-07-08 22:05:00,0.0,1.6688604663585074,21.67312129572382,1.6063998322465611
2024-07-08 22:10:00,0.0,1.6688604663585074,22.76780421727302,1.6063998322465611
2024-07-08 22:15:00,0.0,1.6688604663585074,23.706159264636426,1.6063998322465611
2024-07-08 22:20:00,0.0,1.6688604663585074,24.479251320774075,1.6063998322465611
2024-07-08 22:25:00,0.0,1.6688604663585074,25.080517447773435,1.6063998322465611
2024-07-08 22:30:00,0.0,1.6688604663585074,25.505742993339915,1.6063998322465611
2024-07-08 22:35:00,0.0,1.6688604663585074,25.75301901827182,1.6063998322465611
2024-07-08 22:40:00,0.0,1.6688604663585074,25.82268155842565,1.6063998322465611
2024-07-08 22:45:00,0.0,1.6688604663585074,25.717233373257393,1.837947460460847
2024-07-08 22:50:00,0.0,1.6688604663585074,25.441248967042522,1.837947460460847
2024-07-08 22:55:00,0.0,1.6688604663585074,25.001263804980386,1.6063998322465611
2024-07-08 23:00:00,0.0,1.6688604663585074,24.405648766848547,1.6063998322465611
2024-07-08 23:05:00,0.0,1.6688604663585074,23.66447100002865,1.6063998322465611
2024-07-08 23:10:00,0.0,1.6688604663585074,22.78934243256662,1.6063998322465611
2024-07-08 23:15:00,0.0,1.6688604663585074,21.79325730471181,1.6063998322465611
2024-07-08 23:20:00,0.0,1.6688604663585074,20.69042018281285,1.6063998322465611
2024-07-08 23:25:00,0.0,1.6688604663585074,19.49606592666208,1.6063998322465611
2024-07-08 23:30:00,0.0,1.6688604663585074,18.226273258094363,1.6063998322465611
2024-07-08 23:35:00,0.0,1.6688604663585074,16.89777347164175,1.6063998322465611
2024-07-08 23:40:00,0.0,1.6688604663585074,15.527756035880376,1.6063998322465611
2024-07-08 23:45:00,0.0,1.6688604663585074,14.133672691187003,1.6063998322465611
2024-07-08 23:50:00,0.0,1.6688604663585074,12.733041787655178,1.6063998322465611
2024-07-08 23:55:00,0.0,1.6688604663585074,11.343254516307013,1.6063998322465611
2024-07-09 00:00:00,0.0,1.6688604663585074,9.981384714891703,0.0
2024-07-09 00:05:00,0.0,1.6688604663585074,8.664003876441171,0.0
2024-07-09 00:10:00,0.0,1.6688604663585074,7.407002940787703,0.0
2024-07-09 00:15:00,0.0,1.6688604663585074,6.225422436737816,0.0
2024-07-09 00:20:00,0.0,1.6688604663585074,5.133292353028392,0.0
2024-07-09 00:25:00,0.0,1.6688604663585074,4.143483233170233,0.0
2024-07-09 00:30:00,0.0,1.6688604663585074,3.2675696466469866,0.0
2024-07-09 00:35:00,0.0,1.6688604663585074,2.515707342175357,0.0
2024-07-09 00:40:00,0.0,1.6688604663585074,1.8965250574941102,0.0
2024-07-09 00:45:00,0.0,1.6688604663585074,1.4170319816094903,0.0
2024-07-09 00:50:00,0.0,1.6688604663585074,1.0825416714029747,0.0
2024-07-09 00:55:00,0.0,1.6688604663585074,0.8966131065635718,0.0
2024-07-09 01:00:00,0.0,1.6688604663585074,0.8610094231268135,0.0
2024-07-09 01:05:00,0.0,1.6688604663585074,0.9756747096115794,0.0
2024-07-09 01:10:00,0.0,1.6688604663585074,1.2387291439915002,0.0
2024-07-09 01:15:00,0.0,1.6688604663585074,1.6464825025384542,0.0
2024-07-09 01:20:00,0.0,1.6688604663585074,2.1934660503802528,0.0
2024-07-09 01:25:00,0.0,1.6688604663585074,2.8724825521312622,0.0
2024-07-09 01:30:00,0.0,1.6688604663585074,3.6746740614352844,0.0
2024-07-09 01:35:00,0.0,1.6688604663585074,4.5896069718615955,0.0
2024-07-09 01:40:00,0.0,1.6688604663585074,5.605373679885307,0.0
2024-07-09 01:45:00,0.0,1.6688604663585074,6.7087100491145994,0.0
2024-07-09 01:50:00,0.0,1.6688604663585074,7.885127765913732,0.0
2024-07-09 01:55:00,0.0,1.6688604663585074,9.119060515764577,0.0
2024-07-09 02:00:00,0.0,1.6688604663585074,10.39402281765805,0.0
2024-07-09 02:05:00,0.0,1.6688604663585074,11.692780213211117,0.0
2024-07-09 02:10:00,0.0,1.6688604663585074,12.997529455836501,0.0
2024-07-09 02:15:00,0.0,1.6688604663585074,14.290087195137971,0.0
2024-07-09 02:20:00,0.0,1.6688604663585074,15.552085632667353,0.0
2024-07-09 02:25:00,0.0,1.6688604663585074,16.765173517008872,0.0
2024-07-09 02:30:00,0.0,1.6688604663585074,17.911220813428876,0.0
2024-07-09 02:35:00,0.0,1.6688604663585074,18.972525343395716,0.0
2024-07-09 02:40:00,0.0,1.6688604663585074,19.932019644391346,0.0
2024-07-09 02:45:00,0.0,1.6688604663585074,20.77347632469392,0.0
2024-07-09 02:50:00,0.0,1.6688604663585074,21.48171013167381,0.0
2024-07-09 02:55:00,0.0,1.6688604663585074,22.04277503163683,0.0
2024-07-09 03:00:00,0.0,1.6688604663585074,22.44415457330185,0.0
2024-07-09 03:05:00,0.0,1.6688604663585074,22.674943878032384,0.0
2024-07-09 03:10:00,0.0,1.6688604663585074,22.726021643031423,0.0
2024-07-09 03:15:00,0.0,1.6688604663585074,22.590210617495618,0.0
2024-07-09 03:20:00,0.0,1.6688604663585074,22.262425084919396,0.0
2024-07-09 03:25:00,0.0,1.6688604663585074,21.739803981406396,0.0
2024-07-09 03:30:00,0.0,1.6688604663585074,21.021828380133414,0.0
2024-07-09 03:35:00,0.0,1.6688604663585074,20.110422174924743,0.0
2024-07-09 03:40:00,0.0,1.6688604663585074,19.0100349637335,0.0
2024-07-09 03:45:00,0.0,1.6688604663585074,17.7277061623469,0.0
2024-07-09 03:50:00,0.0,1.6688604663585074,16.27310965942062,0.0
2024-07-09 03:55:00,0.0,1.6688604663585074,14.658578332587657,0.0
2024-07-09 04:00:00,0.0,1.6688604663585074,12.899107987732318,0.0
2024-07-09 04:05:00,0.0,1.6688604663585074,11.012340385518582,0.0
2024-07-09 04:10:00,0.0,1.6688604663585074,9.018525226847006,0.0
2024-07-09 04:15:00,0.0,1.6688604663585074,6.9404610564994345,0.0
2024-07-09 04:20:00,0.0,1.6688604663585074,4.803415282610673,0.0
2024-07-09 04:25:00,0.0,1.6688604663585074,2.6350236407250094,0.0
2024-07-09 04:30:00,0.0,1.6688604663585074,0.4651695159386999,0.0
2024-07-09 04:35:00,0.0,1.6688604663585074,-1.6741561243334022,0.0
2024-07-09 04:40:00,0.0,1.6688604663585074,-3.7490135326517,0.0
2024-07-09 04:45:00,0.0,1.6688604663585074,-5.723690662887422,0.0
2024-07-09 04:50:00,0.0,1.6688604663585074,-7.56089634384886,0.0
2024-07-09 04:55:00,0.0,1.6688604663585074,-9.221968892716186,0.0
2024-07-09 05:00:00,0.0,1.6688604663585074,-10.667098868440007,0.0
2024-07-09 05:05:00,0.0,1.6688604663585074,-11.85556447170595,0.0
2024-07-09 05:10:00,0.0,1.6688604663585074,-12.745978105313288,0.0
2024-07-09 05:15:00,0.0,1.6688604663585074,-13.29654241243884,0.0
2024-07-09 05:20:00,0.0,1.6688604663585074,-13.465314057611522,0.0
2024-07-09 05:25:00,0.0,1.6688604663585074,-13.21047351871477,0.0
2024-07-09 05:30:00,0.0,1.6688604663585074,-12.490598945347724,0.0
2024-07-09 05:35:00,0.0,1.6688604663585074,-11.264942303811335,0.0
2024-07-09 05:40:00,0.0,1.6688604663585074,-9.493705774858281,0.0
2024-07-09 05:45:00,0.0,1.6688604663585074,-7.138316569423466,0.0
2024-07-09 05:50:00,0.0,1.6688604663585074,-4.161698153725198,0.0
2024-07-09 05:55:00,0.0,1.6688604663585074,-0.5285360053342186,0.0
2024-07-09 06:00:00,0.0,1.6688604663585074,3.794464018675664,53.48236639400833
2024-07-09 06:05:00,0.0,1.6688604663585074,8.838326538100674,78.65861453857073
2024-07-09 06:10:00,0.0,1.6688604663585074,14.631568550836715,98.66832765878219
2024-07-09 06:15:00,0.0,1.6688604663585074,21.19997406381533,110.36902096164694
2024-07-09 06:20:00,0.0,1.6688604663585074,28.566383147561936,119.88621792299993
2024-07-09 06:25:00,0.0,1.6688604663585074,36.75049693785233,119.70081238489993
2024-07-09 06:30:00,66.69999695,1.6688604663585074,45.76870008620426,118.51692349578882
2024-07-09 06:35:00,73.69999695,1.6688604663585074,55.63390184717881,118.51692349578882
2024-07-09 06:40:00,86.0,1.6688604663585074,66.35539720280825,118.51692349578882
2024-07-09 06:45:00,102.8000031,1.6688604663585074,77.9387489864957,122.29154779857771
2024-07-09 06:50:00,129.8000031,1.6688604663585074,90.38569188363833,121.43250018547691
2024-07-09 06:55:00,164.8999939,1.6688604663585074,103.69405922180026,120.31043821601365
2024-07-09 07:00:00,192.5,1.6688604663585074,117.8577330623418,393.6958334227823
2024-07-09 07:05:00,212.1999969,1.6688604663585074,132.86661808863056,374.1013805908553
2024-07-09 07:10:00,259.0,1.6688604663585074,148.7066396249292,369.889921377822
2024-07-09 07:15:00,293.1000061,1.6688604663585074,165.35976582374616,368.22834953705734
2024-07-09 07:20:00,326.0,1.6688604663585074,182.8040540806575,368.22834953705734
2024-07-09 07:25:00,369.6000061,1.6688604663585074,201.0137213691065,354.4468314500796
2024-07-09 07:30:00,414.2000122,1.6688604663585074,219.9592382450171,354.4468314500796
2024-07-09 07:35:00,455.6000061,1.6688604663585074,239.6074458675217,298.17398359714224
2024-07-09 07:40:00,498.5,1.6688604663585074,259.92169537663455,270.0241920391061
2024-07-09 07:45:00,553.2000122,1.6688604663585074,280.862008849704,265.64779196052825
2024-07-09 07:50:00,590.0,1.6688604663585074,302.38526061732983,259.91226255627913
2024-07-09 07:55:00,638.2000122,1.6688604663585074,324.4453780445805,256.9277840928501
2024-07-09 08:00:00,689.2999878,1.6688604663585074,346.9935604578345,1070.6279354226072
2024-07-09 08:05:00,743.0999756,1.6688604663585074,369.97851446146717,1067.9436393941626
2024-07-09 08:10:00,723.5,1.6688604663585074,393.34670466623044,1067.9436393941626
2024-07-09 08:15:00,837.2999878,1.6688604663585074,417.042617870385,1074.9197910467847
2024-07-09 08:20:00,892.5,1.6688604663585074,441.0090388986253,1012.3106064276956
2024-07-09 08:25:00,873.0667114,1.6688604663585074,465.1873365974321,1012.3106064276956
2024-07-09 08:30:00,906.4666138,1.6688604663585074,489.517757873186,1012.7752730410288
2024-07-09 08:35:00,937.4666138,1.6688604663585074,513.9397279323397,1012.7752730410288
2024-07-09 08:40:00,1116.800049,1.6688604663585074,538.3921548268031,1009.3597565005289
2024-07-09 08:45:00,1068.5,1.6688604663585074,562.8137361504668,1001.820590141651
2024-07-09 08:50:00,1125.5,1.6688604663585074,587.1432660577653,1001.820590141651
2024-07-09 08:55:00,1154.366699,1.6688604663585074,611.3199404653209,975.7132729285713
2024-07-09 09:00:00,1201.333374,1.6688604663585074,635.2836585998406,1721.2441111136186
2024-07-09 09:05:00,1245.200073,1.6688604663585074,658.9753188009443,1721.2441111136186
2024-07-09 09:10:00,1287.366699,1.6688604663585074,682.3371067252625,1721.2441111136186
2024-07-09 09:15:00,1334.06665,1.6688604663585074,705.3127741851421,1721.2441111136186
2024-07-09 09:20:00,1382.599976,1.6688604663585074,727.8479065960018,1721.2441111136186
2024-07-09 09:25:00,1430.699829,1.6688604663585074,749.8901776348287,1721.2441111136186
2024-07-09 09:30:00,1472.966675,1.6688604663585074,771.3895894455515,1721.2441111136186
2024-07-09 09:35:00,1513.033325,1.6688604663585074,792.2986965297148,1721.2441111136186
2024-07-09 09:40:00,1553.566772,1.6688604663585074,812.5728125540726,1721.2441111136186
2024-07-09 09:45:00,1593.400024,1.6688604663585074,832.1701983994503,1721.2441111136186
2024-07-09 09:50:00,1627.033325,1.6688604663585074,851.0522303673881,1721.2441111136186
2024-07-09 09:55:00,1656.833374,1.6688604663585074,869.1835477779831,1721.2441111136186
2024-07-09 10:00:00,1685.166626,1.6688604663585074,886.5321789449779,1853.5664033662777
2024-07-09 10:05:00,1715.5,1.6688604663585074,903.0696449298077,1873.4087157060687
2024-07-09 10:10:00,1747.133301,1.6688604663585074,918.7710406065627,1881.4471766663648
2024-07-09 10:15:00,1782.333374,1.6688604663585074,933.6150925744087,1881.4471766663648
2024-07-09 10:20:00,1821.666626,1.6688604663585074,947.5841938626247,1884.2206572506868
2024-07-09 10:25:00,1858.733398,1.6688604663585074,960.6644153009995,1882.8358689664965
2024-07-09 10:30:00,1890.966797,1.6688604663585074,972.845493810999,1883.5622797659407
2024-07-09 10:35:00,1915.733398,1.6688604663585074,984.1207978245172,1893.7786870326074
2024-07-09 10:40:00,1933.099976,1.6688604663585074,994.4872703466722,1891.6521101120643
2024-07-09 10:45:00,1941.966675,1.6688604663585074,1003.9453503070584,1898.5892798964671
2024-07-09 10:50:00,1939.566772,1.6688604663585074,1012.4988728769997,1899.8556062453667
2024-07-09 10:55:00,1893.799927,1.6688604663585074,1020.1549497979709,1899.8556062453667
2024-07-09 11:00:00,1823.400024,1.6688604663585074,1026.923830726126,2036.429575091222
2024-07-09 11:05:00,1769.649902,1.6688604663585074,1032.818746666587,2036.429575091222
2024-07-09 11:10:00,1441.966797,1.6688604663585074,1037.8557370009196,2036.429575091222
2024-07-09 11:15:00,1284.466675,1.6688604663585074,1042.0534613539028,2036.429575091222
2024-07-09 11:20:00,1914.699951,1.6688604663585074,1045.4329978900248,2036.429575091222
2024-07-09 11:25:00,1809.449829,1.6688604663585074,1048.0176295887165,2036.7557570567142
2024-07-09 11:30:00,1762.266602,1.6688604663585074,1049.8326201975767,2036.7557570567142
2024-07-09 11:35:00,1638.900024,1.6688604663585074,1050.9049816088805,2036.7557570567142
2024-07-09 11:40:00,1602.133301,1.6688604663585074,1051.2632343845546,2036.7557570567142
2024-07-09 11:45:00,1529.733398,1.6688604663585074,1050.9371633000371,2036.7557570567142
2024-07-09 11:50:00,1483.066772,1.6688604663585074,1049.9575697182786,2039.7492045935915
2024-07-09 11:55:00,1685.0,1.6688604663585074,1048.3560226485718,2039.7492045935915
2024-07-09 12:00:00,2057.699951,1.6688604663585074,1046.1646103266253,2042.5846107846464
2024-07-09 12:05:00,1892.066772,1.6688604663585074,1043.4156941384636,2042.5846107846464
2024-07-09 12:10:00,2016.633301,1.6688604663585074,1040.1416666823745,2042.2298448600357
2024-07-09 12:15:00,2015.766602,1.6688604663585074,1036.374715693352,2043.227955209948
2024-07-09 12:20:00,2056.533203,1.6688604663585074,1032.1465955682058,2048.3987262300634
2024-07-09 12:25:00,2055.533447,1.6688604663585074,1027.4884080154359,2048.5764167045313
2024-07-09 12:30:00,2057.133301,1.6688604663585074,1022.430393450676,2049.404180263701
2024-07-09 12:35:00,2058.533203,1.6688604663585074,1017.0017345492398,2049.807526696929
2024-07-09 12:40:00,2059.900146,1.6688604663585074,1011.230373257539,2051.351186642528
2024-07-09 12:45:00,2059.533203,1.6688604663585074,1005.1428425349137,2050.1561981883406
2024-07-09 12:50:00,2059.133545,1.6688604663585074,998.764113884219,2049.1468913507265
2024-07-09 12:55:00,2058.5,1.6688604663585074,992.1174617080228,2050.9346387826895
2024-07-09 13:00:00,2058.733398,1.6688604663585074,985.2243452468463,2035.5638214142127
2024-07-09 13:05:00,2058.966553,1.6688604663585074,978.1043088548353,2039.6007080083396
2024-07-09 13:10:00,2059.56665,1.6688604663585074,970.7749011505106,2038.241685834721
2024-07-09 13:15:00,2058.766846,1.6688604663585074,963.2516133975178,1963.2261300537614
2024-07-09 13:20:00,2058.699951,1.6688604663585074,955.5478374934693,1948.577719041522
2024-07-09 13:25:00,2058.600098,1.6688604663585074,947.6748434715203,1959.8442834349096
2024-07-09 13:30:00,2059.400146,1.6688604663585074,939.6417766614526,1965.039172233047
2024-07-09 13:35:00,2059.199951,1.6688604663585074,931.4556741518609,1965.7083343900456
2024-07-09 13:40:00,2058.633545,1.6688604663585074,923.1215002931671,1954.6869010931262
2024-07-09 13:45:00,2058.93335,1.6688604663585074,914.6422006761319,1929.488005294911
2024-07-09 13:50:00,2059.366455,1.6688604663585074,906.018774038867,1884.8123929680783
2024-07-09 13:55:00,2060.06665,1.6688604663585074,897.2503612262587,1906.5410470532827
2024-07-09 14:00:00,2058.0,1.6688604663585074,888.3343503208223,1890.9140929653477
2024-07-09 14:05:00,2056.400146,1.6688604663585074,879.2664970462847,1860.0030531699017
2024-07-09 14:10:00,2054.733398,1.6688604663585074,870.0410591051262,1844.742536600934
2024-07-09 14:15:00,2054.599854,1.6688604663585074,860.650943376834,1707.847325284418
2024-07-09 14:20:00,2055.06665,1.6688604663585074,851.0878645454915,1725.342441427114
2024-07-09 14:25:00,2055.866943,1.6688604663585074,841.3425138470773,1752.3769681907609
2024-07-09 14:30:00,2058.199951,1.6688604663585074,831.4047363293558,1783.1777508016296
2024-07-09 14:35:00,2029.133301,1.6688604663585074,821.2637151753473,1777.547107514553
2024-07-09 14:40:00,1985.433472,1.6688604663585074,810.9081614761676,1798.6132353634287
2024-07-09 14:45:00,1846.933228,1.6688604663585074,800.3265077537624,1801.5351513379471
2024-07-09 14:50:00,1714.533203,1.6688604663585074,789.5071037967916,1803.6074346860346
2024-07-09 14:55:00,2048.899902,1.6688604663585074,778.438412843937,1715.170453964183
2024-07-09 15:00:00,1701.433228,1.6688604663585074,767.1092067709168,1719.7370951837067
2024-07-09 15:05:00,2050.549805,1.6688604663585074,755.5087584244694,1629.028696189917
2024-07-09 15:10:00,2027.349976,1.6688604663585074,743.627029615958,1665.4233094873323
2024-07-09 15:15:00,2013.400024,1.6688604663585074,731.4548531792452,1698.5584521399542
2024-07-09 15:20:00,1958.0,1.6688604663585074,718.9841075411642,1662.7849604395326
2024-07-09 15:25:00,1915.266602,1.6688604663585074,706.2078824924743,1620.2520637491343
2024-07-09 15:30:00,1876.966675,1.6688604663585074,693.1206345319978,1595.1823992352745
2024-07-09 15:35:00,1894.666626,1.6688604663585074,679.7183308819651,1608.9664588795547
2024-07-09 15:40:00,1919.866699,1.6688604663585074,665.9985805727696,1610.0198140102991
2024-07-09 15:45:00,1941.666626,1.6688604663585074,651.9607518402858,1616.1946214047064
2024-07-09 15:50:00,1945.933228,1.6688604663585074,637.6060746361894,1616.3092553021966
2024-07-09 15:55:00,1947.433228,1.6688604663585074,622.9377276301402,1577.8775212838393
2024-07-09 16:00:00,1953.150024,1.6688604663585074,607.960908744649,1391.6221204587998
2024-07-09 16:05:00,1665.800049,1.6688604663585074,592.6828887939288,1374.599129043022
2024-07-09 16:10:00,1028.349854,1.6688604663585074,577.1130477264112,1308.706122641428
2024-07-09 16:15:00,625.9666138,1.6688604663585074,561.2628930491525,1241.7978765015268
2024-07-09 16:20:00,574.8666382,1.6688604663585074,545.1460605586393,1052.7495811139984
2024-07-09 16:25:00,543.5,1.6688604663585074,528.7782968840152,995.9738977904589
2024-07-09 16:30:00,546.6333008,1.6688604663585074,512.1774244262384,988.2123380378424
2024-07-09 16:35:00,723.7000122,1.6688604663585074,495.36328855272325,994.0110495699408
2024-07-09 16:40:00,835.0999756,1.6688604663585074,478.3576876995107,996.4662269047188
2024-07-09 16:45:00,763.166687,1.6688604663585074,461.18428674374934,1028.0683123435663
2024-07-09 16:50:00,806.4666138,1.6688604663585074,443.8685143378987,993.5377750227218
2024-07-09 16:55:00,807.666687,1.6688604663585074,426.43744509515767,980.8797377379881
2024-07-09 17:00:00,840.0667114,1.6688604663585074,408.9196672051692,701.1761797411093
2024-07-09 17:05:00,908.9000244,1.6688604663585074,391.3451369649441,775.349386532648
2024-07-09 17:10:00,874.7333984,1.6688604663585074,373.74502083046417,790.8264055399814
2024-07-09 17:15:00,908.0333862,1.6688604663585074,356.15152652741807,700.6929506423587
2024-07-09 17:20:00,848.5999146,1.6688604663585074,338.5977243903353,684.8042720781303
2024-07-09 17:25:00,829.2000122,1.6688604663585074,321.11736024402677,533.8531311844721
2024-07-09 17:30:00,1014.700012,1.6688604663585074,303.7446614125304,507.54886216628967
2024-07-09 17:35:00,936.8001099,1.6688604663585074,286.51413713408175,508.0998409276199
2024-07-09 17:40:00,954.5,1.6688604663585074,269.46037504219163,484.4154921214563
2024-07-09 17:45:00,924.166687,1.6688604663585074,252.61783512042697,470.72429708909914
2024-07-09 17:50:00,933.833313,1.6688604663585074,236.0206429982774,472.0486306758251
2024-07-09 17:55:00,874.7000122,1.6688604663585074,219.70238367880432,471.590744570406
2024-07-09 18:00:00,826.0,1.6688604663585074,203.6958977452772,247.86221892924758
2024-07-09 18:05:00,746.2666626,1.6688604663585074,188.03308124238313,233.05200422201577
2024-07-09 18:10:00,668.5,1.6688604663585074,172.74469092936894,236.27698370480468
2024-07-09 18:15:00,588.2999878,1.6688604663585074,157.86015631708204,233.68602277696021
2024-07-09 18:20:00,529.7666626,1.6688604663585074,143.4073998604707,228.48741514798243
2024-07-09 18:25:00,484.7999573,1.6688604663585074,129.4126668193983,217.51365958927693
2024-07-09 18:30:00,430.0666504,1.6688604663585074,115.90036575838846,227.79575747653803
2024-07-09 18:35:00,408.5500183,1.6688604663585074,102.89292130071175,154.64253227104973
2024-07-09 18:40:00,342.75,1.6688604663585074,90.41063980443819,154.88586393654023
2024-07-09 18:45:00,288.9500122,1.6688604663585074,78.47158924398228,158.90646293520223
2024-07-09 18:50:00,226.0,1.6688604663585074,67.09149408076566,153.77403685623054
2024-07-09 18:55:00,199.3333282,1.6688604663585074,56.28364586301611,155.7667500584755
2024-07-09 19:00:00,187.8333282,1.6688604663585074,46.05883032082424,70.15619010101126
2024-07-09 19:05:00,173.7999878,1.6688604663585074,36.425271322466564,69.8338957310646
2024-07-09 19:10:00,168.1000061,1.6688604663585074,27.38859221268093,64.36344673967692
2024-07-09 19:15:00,134.8999939,1.6688604663585074,18.951794675770188,62.10823721469831
2024-07-09 19:20:00,103.2333374,1.6688604663585074,11.11525543417159,56.08149955286676
2024-07-09 19:25:00,97.35001373,1.6688604663585074,3.876740508105729,45.024518852565926
2024-07-09 19:30:00,80.05000305,1.6688604663585074,-2.768562851512338,52.98371227361153
2024-07-09 19:35:00,63.09999847,1.6688604663585074,-8.827997018078925,44.898613019747124
2024-07-09 19:40:00,48.15000153,1.6688604663585074,-14.311367942656881,22.70331559221157
2024-07-09 19:45:00,35.40000153,1.6688604663585074,-19.230862775748733,21.601153587936025
2024-07-09 19:50:00,24.79999924,1.6688604663585074,-23.600951829418158,23.38202457847427
2024-07-09 19:55:00,17.75,1.6688604663585074,-27.438275600037663,19.695634597027702
2024-07-09 20:00:00,13.4333334,1.6688604663585074,-30.761517835795924,3.820917461511113
2024-07-09 20:05:00,0.0,1.6688604663585074,-33.59126552280442,2.9860476190476195
2024-07-09 20:10:00,0.0,1.6688604663585074,-35.94985698381578,1.5901211649925922
2024-07-09 20:15:00,0.0,1.6688604663585074,-37.86121919719651,0.1702751287142857
2024-07-09 20:20:00,0.0,1.6688604663585074,-39.35069561135368,0.02762962977777778
2024-07-09 20:25:00,0.0,1.6688604663585074,-40.444865781092474,0.0678222224
2024-07-09 20:30:00,0.0,1.6688604663585074,-41.17135818127723,0.0
2024-07-09 20:35:00,0.0,1.6688604663585074,-41.55865765422889,0.0
2024-07-09 20:40:00,0.0,1.6688604663585074,-41.635908924798905,0.0
2024-07-09 20:45:00,0.0,1.6688604663585074,-41.432717688634966,0.0
2024-07-09 20:50:00,0.0,1.6688604663585074,-40.97895073640613,0.0
2024-07-09 20:55:00,0.0,1.6688604663585074,-40.3045366817525,0.0
2024-07-09 21:00:00,0.0,1.6688604663585074,-39.43926867851506,0.0
2024-07-09 21:05:00,0.0,1.6688604663585074,-38.41261070097437,0.0
2024-07-09 21:10:00,0.0,1.6688604663585074,-37.25350873578677,0.0
2024-07-09 21:15:00,0.0,1.6688604663585074,-35.990208317903836,0.0
2024-07-09 21:20:00,0.0,1.6688604663585074,-34.65007972370634,0.0
2024-07-09 21:25:00,0.0,1.6688604663585074,-33.2594520995942,0.0
2024-07-09 21:30:00,0.0,1.6688604663585074,-31.843457702422313,0.0
2024-07-09 21:35:00,0.0,1.6688604663585074,-30.42588737046594,0.0
2024-07-09 21:40:00,0.0,1.6688604663585074,-29.029058249400325,0.0
2024-07-09 21:45:00,0.0,1.6688604663585074,-27.673694640756267,0.0
2024-07-09 21:50:00,0.0,1.6688604663585074,-26.37882285372337,0.0
2024-07-09 21:55:00,0.0,1.6688604663585074,-25.161680669853997,0.0
2024-07-09 22:00:00,0.0,1.6688604663585074,-24.037642075829357,0.0
2024-07-09 22:05:00,0.0,1.6688604663585074,-23.02015765316763,0.0
2024-07-09 22:10:00,0.0,1.6688604663585074,-22.120710987980203,0.0
2024-07-09 22:15:00,0.0,1.6688604663585074,-21.348791283639468,0.0
2024-07-09 22:20:00,0.0,1.6688604663585074,-20.711882258025728,0.0
2024-07-09 22:25:00,0.0,1.6688604663585074,-20.215467251130402,0.0
2024-07-09 22:30:00,0.0,1.6688604663585074,-19.863050363160106,0.0
2024-07-09 22:35:00,0.0,1.6688604663585074,-19.65619330957251,0.0
2024-07-09 22:40:00,0.0,1.6688604663585074,-19.59456754670862,0.0
2024-07-09 22:45:00,0.0,1.6688604663585074,-19.676021112979562,0.0
2024-07-09 22:50:00,0.0,1.6688604663585074,-19.89665951162624,0.0
2024-07-09 22:55:00,0.0,1.6688604663585074,-20.2509398456785,0.0
2024-07-09 23:00:00,0.0,1.6688604663585074,-20.731777321955278,0.0
2024-07-09 23:05:00,0.0,1.6688604663585074,-21.33066313563533,0.0
2024-07-09 23:10:00,0.0,1.6688604663585074,-22.037792665107247,0.0
2024-07-09 23:15:00,0.0,1.6688604663585074,-22.84220282476577,0.0
2024-07-09 23:20:00,0.0,1.6688604663585074,-23.73191735210859,0.0
2024-07-09 23:25:00,0.0,1.6688604663585074,-24.694098757275004,0.0
2024-07-09 23:30:00,0.0,1.6688604663585074,-25.715205572294124,0.0
2024-07-09 23:35:00,0.0,1.6688604663585074,-26.78115358326156,0.0
2024-07-09 23:40:00,0.0,1.6688604663585074,-27.87747957584374,0.0
2024-07-09 23:45:00,0.0,1.6688604663585074,-28.989506256488564,0.0
2024-07-09 23:50:00,0.0,1.6688604663585074,-30.102506845207696,0.0
2024-07-09 23:55:00,0.0,1.6688604663585074,-31.201867993054417,0.0
2024-07-10 00:00:00,0.0,1.6688604663585074,-32.273249586846546,0.0
2024-07-10 00:05:00,0.0,1.6688604663585074,-33.30274007861426,0.0
2024-07-10 00:10:00,0.0,1.6688604663585074,-34.27700601327154,0.0
2024-07-10 00:15:00,0.0,1.6688604663585074,-35.1834344675942,0.0
2024-07-10 00:20:00,0.0,1.6688604663585074,-36.01026718119624,0.0
2024-07-10 00:25:00,0.0,1.6688604663585074,-36.74672522721518,0.0
2024-07-10 00:30:00,0.0,1.6688604663585074,-37.38312315743528,0.0
2024-07-10 00:35:00,0.0,1.6688604663585074,-37.91097161508598,0.0
2024-07-10 00:40:00,0.0,1.6688604663585074,-38.323067559611374,0.0
2024-07-10 00:45:00,0.0,1.6688604663585074,-38.613571291601254,0.0
2024-07-10 00:50:00,0.0,1.6688604663585074,-38.778069611465796,0.0
2024-07-10 00:55:00,0.0,1.6688604663585074,-38.81362454898065,0.0
2024-07-10 01:00:00,0.0,1.6688604663585074,-38.718807218849626,0.0
2024-07-10 01:05:00,0.0,1.6688604663585074,-38.49371648845346,0.0
2024-07-10 01:10:00,0.0,1.6688604663585074,-38.13998225587726,0.0
2024-07-10 01:15:00,0.0,1.6688604663585074,-37.660753278815875,0.0
2024-07-10 01:20:00,0.0,1.6688604663585074,-37.060669610332404,0.0
2024-07-10 01:25:00,0.0,1.6688604663585074,-36.34581983754706,0.0
2024-07-10 01:30:00,0.0,1.6688604663585074,-35.52368342910284,0.0
2024-07-10 01:35:00,0.0,1.6688604663585074,-34.603058647027055,0.0
2024-07-10 01:40:00,0.0,1.6688604663585074,-33.59397656624626,0.0
2024-07-10 01:45:00,0.0,1.6688604663585074,-32.50760189284867,0.0
2024-07-10 01:50:00,0.0,1.6688604663585074,-31.356121365781306,0.0
2024-07-10 01:55:00,0.0,1.6688604663585074,-30.152620632449853,0.0
2024-07-10 02:00:00,0.0,1.6688604663585074,-28.910950606191545,0.0
2024-07-10 02:05:00,0.0,1.6688604663585074,-27.645584368560343,0.0
2024-07-10 02:10:00,0.0,1.6688604663585074,-26.3714658076704,0.0
2024-07-10 02:15:00,0.0,1.6688604663585074,-25.10385121208895,0.0
2024-07-10 02:20:00,0.0,1.6688604663585074,-23.858145140348917,0.0
2024-07-10 02:25:00,0.0,1.6688604663585074,-22.64973191855261,0.0
2024-07-10 02:30:00,0.0,1.6688604663585074,-21.49380416524678,0.0
2024-07-10 02:35:00,0.0,1.6688604663585074,-20.405189790903066,0.0
2024-07-10 02:40:00,0.0,1.6688604663585074,-19.39817891141078,0.0
2024-07-10 02:45:00,0.0,1.6688604663585074,-18.48635214589719,0.0
2024-07-10 02:50:00,0.0,1.6688604663585074,-17.682411781067955,0.0
2024-07-10 02:55:00,0.0,1.6688604663585074,-16.998017216293114,0.0
2024-07-10 03:00:00,0.0,1.6688604663585074,-16.44362615465979,0.0
2024-07-10 03:05:00,0.0,1.6688604663585074,-16.02834289556818,0.0
2024-07-10 03:10:00,0.0,1.6688604663585074,-15.75977510297898,0.0
2024-07-10 03:15:00,0.0,1.6688604663585074,-15.643900308845,0.0
2024-07-10 03:20:00,0.0,1.6688604663585074,-15.684943385715238,0.0
2024-07-10 03:25:00,0.0,1.6688604663585074,-15.885266123151865,0.0
2024-07-10 03:30:00,0.0,1.6688604663585074,-16.24526995984269,0.0
2024-07-10 03:35:00,0.0,1.6688604663585074,-16.763312834861836,0.0
2024-07-10 03:40:00,0.0,1.6688604663585074,-17.435640997846154,0.0
2024-07-10 03:45:00,0.0,1.6688604663585074,-18.256336559839642,0.0
2024-07-10 03:50:00,0.0,1.6688604663585074,-19.217281348836025,0.0
2024-07-10 03:55:00,0.0,1.6688604663585074,-20.308137659096765,0.0
2024-07-10 04:00:00,0.0,1.6688604663585074,-21.51634618953237,0.0
2024-07-10 04:05:00,0.0,1.6688604663585074,-22.827141491335137,0.0
2024-07-10 04:10:00,0.0,1.6688604663585074,-24.223584997453237,0.0
2024-07-10 04:15:00,0.0,1.6688604663585074,-25.686615652667488,0.0
2024-07-10 04:20:00,0.0,1.6688604663585074,-27.195117950018187,0.0
2024-07-10 04:25:00,0.0,1.6688604663585074,-28.726007143738254,0.0
2024-07-10 04:30:00,0.0,1.6688604663585074,-30.254331183907443,0.0
2024-07-10 04:35:00,0.0,1.6688604663585074,-31.75338883981976,0.0
2024-07-10 04:40:00,0.0,1.6688604663585074,-33.19486335543081,0.0
2024-07-10 04:45:00,0.0,1.6688604663585074,-34.54897079900034,0.0
2024-07-10 04:50:00,0.0,1.6688604663585074,-35.78462227501427,0.0
2024-07-10 04:55:00,0.0,1.6688604663585074,-36.86959888667938,0.0
2024-07-10 05:00:00,0.0,1.6688604663585074,-37.77073841177534,0.0
2024-07-10 05:05:00,0.0,1.6688604663585074,-38.454132418186354,0.0
2024-07-10 05:10:00,0.0,1.6688604663585074,-38.885332541054645,0.0
2024-07-10 05:15:00,0.0,1.6688604663585074,-39.02956454561581,0.0
2024-07-10 05:20:00,0.0,1.6688604663585074,-38.85194871762429,0.0
2024-07-10 05:25:00,0.0,1.6688604663585074,-38.31772508878715,0.0
2024-07-10 05:30:00,0.0,1.6688604663585074,-37.39248193760525,0.0
2024-07-10 05:35:00,0.0,1.6688604663585074,-36.04238601419174,0.0
2024-07-10 05:40:00,0.0,1.6688604663585074,-34.23441283460513,0.0
2024-07-10 05:45:00,0.0,1.6688604663585074,-31.936575478688614,0.0
2024-07-10 05:50:00,0.0,1.6688604663585074,-29.118150257925237,0.0
2024-07-10 05:55:00,0.0,1.6688604663585074,-25.749897640806306,0.0
2024-07-10 06:00:00,0.0,1.6688604663585074,-21.804276881168914,87.10389472533387
2024-07-10 06:05:00,0.0,1.6688604663585074,-17.255652783729456,85.53060030685387
2024-07-10 06:10:00,0.0,1.6688604663585074,-12.080493152935231,81.08713548563941
2024-07-10 06:15:00,0.0,1.6688604663585074,-6.257555445781727,85.08096612080925
2024-07-10 06:20:00,67.30000305,1.6688604663585074,0.23193870439256617,85.45942960199736
2024-07-10 06:25:00,93.59999847,1.6688604663585074,7.404142379183111,83.95041509525345
2024-07-10 06:30:00,118.0,1.6688604663585074,15.272436936197197,83.95041509525345
2024-07-10 06:35:00,106.5999985,1.6688604663585074,23.8473011849741,84.14619286963124
2024-07-10 06:40:00,114.4333267,1.6688604663585074,33.13619739814244,99.29781103043474
2024-07-10 06:45:00,141.1000061,1.6688604663585074,43.14347480567797,125.2196921858403
2024-07-10 06:50:00,163.8999939,1.6688604663585074,53.870291503431424,95.57639724693115
2024-07-10 06:55:00,186.5,1.6688604663585074,65.31455530492961,95.59978613922004
2024-07-10 07:00:00,218.1000061,1.6688604663585074,77.4708841186215,301.3347117915101
2024-07-10 07:05:00,238.8999939,1.6688604663585074,90.330586096589,296.86328861582444
2024-07-10 07:10:00,231.0666656,1.6688604663585074,103.88165992108736,295.5159995094245
2024-07-10 07:15:00,301.6000061,1.6688604663585074,118.10881531015066,298.0434441575991
2024-07-10 07:20:00,343.3999939,1.6688604663585074,132.9935134741588,298.0434441575991
2024-07-10 07:25:00,366.2000122,1.6688604663585074,148.5140276773428,285.492973989888
2024-07-10 07:30:00,423.8999939,1.6688604663585074,164.64552330352544,285.492973989888
2024-07-10 07:35:00,395.8666687,1.6688604663585074,181.36015713226777,281.2925258663658
2024-07-10 07:40:00,540.2999878,1.6688604663585074,198.62719504223756,275.4431811676643
2024-07-10 07:45:00,500.2999878,1.6688604663585074,216.41314763799022,275.61173671933096
2024-07-10 07:50:00,494.3999939,1.6688604663585074,234.68192278328084,271.8160680833292
2024-07-10 07:55:00,467.8666992,1.6688604663585074,253.39499411136475,227.21691950076465
2024-07-10 08:00:00,706.7000122,1.6688604663585074,272.51158457955063,898.9258719871904
2024-07-10 08:05:00,770.5,1.6688604663585074,291.98886347132174,897.2132645029905
2024-07-10 08:10:00,743.4666138,1.6688604663585074,311.78215619448247,903.859842999181
2024-07-10 08:15:00,769.5,1.6688604663585074,331.8451648844652,915.2292957084603
2024-07-10 08:20:00,868.0999756,1.6688604663585074,352.1301988261831,915.2292957084603
2024-07-10 08:25:00,838.0,1.6688604663585074,372.5884129492592,915.2292957084603
2024-07-10 08:30:00,881.6333008,1.6688604663585074,393.17005290643414,924.1200062126239
2024-07-10 08:35:00,910.0,1.6688604663585074,413.8247052030319,924.8654296415128
2024-07-10 08:40:00,1145.099976,1.6688604663585074,434.5015504978943,997.6288516954651
2024-07-10 08:45:00,1070.533325,1.6688604663585074,455.1496188823527,999.2981330289317
2024-07-10 08:50:00,1153.466675,1.6688604663585074,475.71804481145693,999.7584222119982
2024-07-10 08:55:00,1352.300049,1.6688604663585074,496.15632072819744,1000.0068667648873
2024-07-10 09:00:00,1481.400024,1.6688604663585074,516.4145472012382,1631.466770693085
2024-07-10 09:05:00,1426.900024,1.6688604663585074,536.4436783026364,1634.1773918599793
2024-07-10 09:10:00,1465.866577,1.6688604663585074,556.1957603303356,1634.1773918599793
2024-07-10 09:15:00,1457.366699,1.6688604663585074,575.6241626684816,1711.1731518841739
2024-07-10 09:20:00,1568.099976,1.6688604663585074,594.6837990867441,1711.1731518841739
2024-07-10 09:25:00,1514.200073,1.6688604663585074,613.3313381407766,1717.875856749396
2024-07-10 09:30:00,1550.333374,1.6688604663585074,631.5254014962086,1717.875856749396
2024-07-10 09:35:00,1550.266602,1.6688604663585074,649.2267485426183,1717.875856749396
2024-07-10 09:40:00,1578.566772,1.6688604663585074,666.3984467626278,1711.527300229174
2024-07-10 09:45:00,1571.733398,1.6688604663585074,683.0060262471669,1711.527300229174
2024-07-10 09:50:00,1792.400024,1.6688604663585074,699.0176178723884,1726.1748153509516
2024-07-10 09:55:00,1710.433472,1.6688604663585074,714.4040740877102,1746.1962114330784
2024-07-10 10:00:00,1794.200073,1.6688604663585074,729.1390717711215,1870.3169846911162
2024-07-10 10:05:00,1710.799927,1.6688604663585074,743.1991966007938,1870.3317031715605
2024-07-10 10:10:00,2058.100098,1.6688604663585074,756.5640084142632,1870.3409833067985
2024-07-10 10:15:00,2056.0,1.6688604663585074,769.2160875675058,1865.8742350676873
2024-07-10 10:20:00,2055.633301,1.6688604663585074,781.1410617376403,1865.8742350676873
2024-07-10 10:25:00,2054.033203,1.6688604663585074,792.3276136054127,1866.4700751726878
2024-07-10 10:30:00,2054.100098,1.6688604663585074,802.7674692587495,1866.4700751726878
2024-07-10 10:35:00,1792.099976,1.6688604663585074,812.4553676996645,1866.4700751726878
2024-07-10 10:40:00,1213.350098,1.6688604663585074,821.3890118742884,1866.4700751726878
2024-07-10 10:45:00,2059.800049,1.6688604663585074,829.5690016610135,1866.4700751726878
2024-07-10 10:50:00,2058.450195,1.6688604663585074,836.9987496082135,1866.4700751726878
2024-07-10 10:55:00,2057.666748,1.6688604663585074,843.6843800785209,1866.4700751726878
2024-07-10 11:00:00,2056.300049,1.6688604663585074,849.6346127947332,2058.177145889336
2024-07-10 11:05:00,2023.866577,1.6688604663585074,854.8606316145768,2058.177145889336
2024-07-10 11:10:00,1970.933228,1.6688604663585074,859.3759398490197,2058.177145889336
2024-07-10 11:15:00,1973.599976,1.6688604663585074,863.196203094957,2056.9770251819455
2024-07-10 11:20:00,1975.366699,1.6688604663585074,866.3390809806758,2053.9230193450626
2024-07-10 11:25:00,2014.400024,1.6688604663585074,868.8240490833948,2053.9230193450626
2024-07-10 11:30:00,1686.39978,1.6688604663585074,870.6722124317719,2053.9230193450626
2024-07-10 11:35:00,1348.56665,1.6688604663585074,871.9061120460754,2053.9230193450626
2024-07-10 11:40:00,2071.0,1.6688604663585074,872.5495259477856,2053.9230193450626
2024-07-10 11:45:00,2066.0,1.6688604663585074,872.6272662269675,2053.9230193450626
2024-07-10 11:50:00,2064.366699,1.6688604663585074,872.1649735964942,2053.9230193450626
2024-07-10 11:55:00,2058.5,1.6688604663585074,871.1889110411828,2053.9230193450626
2024-07-10 12:00:00,2057.25,1.6688604663585074,869.7257580403361,2050.9222477435796
2024-07-10 12:05:00,1697.533325,1.6688604663585074,867.8024068850395,2050.9222477435796
2024-07-10 12:10:00,1519.599976,1.6688604663585074,865.4457625593662,2050.813382471278
2024-07-10 12:15:00,1223.949951,1.6688604663585074,862.6825476408732,2050.8066473497975
2024-07-10 12:20:00,930.6333008,1.6688604663585074,859.5391135875135,2044.7207552510652
2024-07-10 12:25:00,952.3666992,1.6688604663585074,856.0412597576474,1981.3507836711804
2024-07-10 12:30:00,2060.100098,1.6688604663585074,852.214061399774,1987.5119922188371
2024-07-10 12:35:00,2056.300049,1.6688604663585074,848.081707839097,1981.2682391846995
2024-07-10 12:40:00,2055.699951,1.6688604663585074,843.6673519010753,1901.1518381509368
2024-07-10 12:45:00,2053.766602,1.6688604663585074,838.9929715961034,1855.1122627891154
2024-07-10 12:50:00,2054.233154,1.6688604663585074,834.0792449934195,1697.9609678726351
2024-07-10 12:55:00,2053.800049,1.6688604663585074,828.9454390197255,1684.009860987954
2024-07-10 13:00:00,2053.999756,1.6688604663585074,823.609312910149,1631.3854295161204
2024-07-10 13:05:00,2038.666504,1.6688604663585074,818.0870368327114,1645.265598655303
2024-07-10 13:10:00,2015.533203,1.6688604663585074,812.393126191126,1554.6737616755127
2024-07-10 13:15:00,1995.850098,1.6688604663585074,806.5403918148771,1556.3310775747743
2024-07-10 13:20:00,2019.850098,1.6688604663585074,800.5399063767469,1606.881515351104
2024-07-10 13:25:00,2056.399902,1.6688604663585074,794.4009869571059,1584.4995466221487
2024-07-10 13:30:00,2056.133301,1.6688604663585074,788.1311937947908,1584.361004864123
2024-07-10 13:35:00,2057.06665,1.6688604663585074,781.7363450053296,1537.0334597250308
2024-07-10 13:40:00,2058.800049,1.6688604663585074,775.2205469460863,1571.0491690408253
2024-07-10 13:45:00,2060.899902,1.6688604663585074,768.5862398625519,1528.0417972407886
2024-07-10 13:50:00,2061.366699,1.6688604663585074,761.8342581925681,1614.7212841529688
2024-07-10 13:55:00,2059.033447,1.6688604663585074,754.9639049489651,1617.3924969706736
2024-07-10 14:00:00,2058.06665,1.6688604663585074,747.9730393510528,1650.7034163678775
2024-07-10 14:05:00,2057.699951,1.6688604663585074,740.8581769718076,1657.1680565328772
2024-07-10 14:10:00,2059.0,1.6688604663585074,733.6146013073229,1671.9152985006629
2024-07-10 14:15:00,1700.749878,1.6688604663585074,726.2364858153192,1589.6204919438458
2024-07-10 14:20:00,1134.950073,1.6688604663585074,718.7170253542957,1579.9802262005728
2024-07-10 14:25:00,821.5999146,1.6688604663585074,711.0485757562425,1579.9802262005728
2024-07-10 14:30:00,834.2999878,1.6688604663585074,703.2228003818665,1574.3492505491047
2024-07-10 14:35:00,787.75,1.6688604663585074,695.2308223206794,1578.1215652062156
2024-07-10 14:40:00,649.0999756,1.6688604663585074,687.063381015026,1614.2339717048671
2024-07-10 14:45:00,518.666687,1.6688604663585074,678.710991800474,1617.817258069534
2024-07-10 14:50:00,586.5,1.6688604663585074,670.164107240072,1622.2005165008993
2024-07-10 14:55:00,662.2999878,1.6688604663585074,661.4132786396547,1622.8412009770102
2024-07-10 15:00:00,610.9333496,1.6688604663585074,652.4493165685274,1633.1351312333709
2024-07-10 15:05:00,597.9666748,1.6688604663585074,643.2634489500916,1632.6589021682753
2024-07-10 15:10:00,543.833313,1.6688604663585074,633.8474754178627,1635.849879814117
2024-07-10 15:15:00,539.3999634,1.6688604663585074,624.1939167071994,1576.5742641652516
2024-07-10 15:20:00,532.1000366,1.6688604663585074,614.2961577515259,1576.3139011395479
2024-07-10 15:25:00,542.833313,1.6688604663585074,604.1485833874115,1517.1029317659013
2024-07-10 15:30:00,517.666687,1.6688604663585074,593.7467054448973,1501.1894469291567
2024-07-10 15:35:00,502.3666992,1.6688604663585074,583.0872803653217,1501.6729583223073
2024-07-10 15:40:00,475.1333313,1.6688604663585074,572.1684161402586,1501.5123694824188
2024-07-10 15:45:00,465.0999451,1.6688604663585074,560.9896678386577,1501.5123694824188
2024-07-10 15:50:00,409.2999878,1.6688604663585074,549.5521209488772,1306.9513912342447
2024-07-10 15:55:00,344.1000061,1.6688604663585074,537.8584617649144,1315.5180464083708
2024-07-10 16:00:00,332.5,1.6688604663585074,525.9130342669672,1130.0616997910263
2024-07-10 16:05:00,331.5666809,1.6688604663585074,513.7218830822719,1121.4645561928965
2024-07-10 16:10:00,335.7999878,1.6688604663585074,501.2927820320755,1106.4464544411596
2024-07-10 16:15:00,331.6666565,1.6688604663585074,488.6352481863297,1102.792656207382
2024-07-10 16:20:00,338.1333313,1.6688604663585074,475.76054114187895,1097.6629586986628
2024-07-10 16:25:00,327.6666565,1.6688604663585074,462.68164762606017,1096.041847655885
2024-07-10 16:30:00,322.1333313,1.6688604663585074,449.4132514230276,1088.9072920525296
2024-07-10 16:35:00,305.3999939,1.6688604663585074,435.97168893316183,1077.5770272041168
2024-07-10 16:40:00,293.5666504,1.6688604663585074,422.3748906042164,1058.743089025043
2024-07-10 16:45:00,284.8000183,1.6688604663585074,408.6423087968751,1058.743089025043
2024-07-10 16:50:00,305.0,1.6688604663585074,394.79483250045956,964.2767500230652
2024-07-10 16:55:00,360.8999939,1.6688604663585074,380.85468961805185,925.2588446081127
2024-07-10 17:00:00,431.3999939,1.6688604663585074,366.8453374992461,527.30594904463
2024-07-10 17:05:00,527.0999756,1.6688604663585074,352.7913427511635,520.099869573803
2024-07-10 17:10:00,500.5333252,1.6688604663585074,338.71825094769844,519.9358771813743
2024-07-10 17:15:00,602.9000244,1.6688604663585074,324.65244742488443,524.1643446605464
2024-07-10 17:20:00,578.5333252,1.6688604663585074,310.6210102579111,538.2366244811353
2024-07-10 17:25:00,598.6000366,1.6688604663585074,296.6515563837408,532.5697906710021
2024-07-10 17:30:00,791.5999756,1.6688604663585074,282.7720821731325,536.0991876236823
2024-07-10 17:35:00,785.2999268,1.6688604663585074,269.0107996292348,502.5165543235633
2024-07-10 17:40:00,780.1333008,1.6688604663585074,255.3959694162252,500.6771098113411
2024-07-10 17:45:00,757.4000854,1.6688604663585074,241.9557320971373,496.06924077528527
2024-07-10 17:50:00,833.9000244,1.6688604663585074,228.7179387426499,491.4254111005035
2024-07-10 17:55:00,761.2999878,1.6688604663585074,215.70998230246417,495.0137084374145
2024-07-10 18:00:00,774.7333374,1.6688604663585074,202.95863091712582,236.60684914027968
2024-07-10 18:05:00,745.1500244,1.6688604663585074,190.48986452079035,228.58825379812012
2024-07-10 18:10:00,656.5,1.6688604663585074,178.32871593290326,208.12670579722223
2024-07-10 18:15:00,473.7000427,1.6688604663585074,166.4991176001288,188.3635278152818
2024-07-10 18:20:00,376.1500244,1.6688604663585074,155.02375526076787,187.98305384390397
2024-07-10 18:25:00,307.3500061,1.6688604663585074,143.92392948808663,188.69794634892622
2024-07-10 18:30:00,215.6999969,1.6688604663585074,133.21942617688583,232.2151949415324
2024-07-10 18:35:00,225.0,1.6688604663585074,122.92839711688119,207.77452038842068
2024-07-10 18:40:00,206.7333221,1.6688604663585074,113.06725125538993,228.13296638638488
2024-07-10 18:45:00,207.5,1.6688604663585074,103.65055764173519,224.88224110821824
2024-07-10 18:50:00,198.75,1.6688604663585074,94.69096077035184,225.41777641789278
2024-07-10 18:55:00,175.0500031,1.6688604663585074,86.19910882779729,222.3687246485658
2024-07-10 19:00:00,140.0999908,1.6688604663585074,78.18359545753911,42.11418049207812
2024-07-10 19:05:00,130.1333313,1.6688604663585074,70.65091542391791,42.244752732975904
2024-07-10 19:10:00,120.5333252,1.6688604663585074,63.605434460269365,42.244752732975904
2024-07-10 19:15:00,114.5,1.6688604663585074,57.04937355236028,41.452132112979136
2024-07-10 19:20:00,105.3333359,1.6688604663585074,50.98280769132951,41.777445924995575
2024-07-10 19:25:00,96.66666412,1.6688604663585074,45.403679109592424,42.468645279684786
2024-07-10 19:30:00,84.33332825,1.6688604663585074,40.30782483472436,44.35446247834083
2024-07-10 19:35:00,79.69999695,1.6688604663585074,35.689018350486485,44.88705458782782
2024-07-10 19:40:00,65.6499939,1.6688604663585074,31.539025002403793,43.322125097546134
2024-07-10 19:45:00,48.44999695,1.6688604663585074,27.84767068402432,48.02477799102511
2024-07-10 19:50:00,32.5,1.6688604663585074,24.602923293728118,54.26879076118763
2024-07-10 19:55:00,20.34999847,1.6688604663585074,21.79098626172516,47.502467063703676
2024-07-10 20:00:00,14.03333282,1.6688604663585074,19.396403428833523,0.0
2024-07-10 20:05:00,0.0,1.6688604663585074,17.402174511177268,0.0
2024-07-10 20:10:00,0.0,1.6688604663585074,15.789880140233809,0.0
2024-07-10 20:15:00,0.0,1.6688604663585074,14.53981563080372,0.0
2024-07-10 20:20:00,0.0,1.6688604663585074,13.631132347254105,0.0
2024-07-10 20:25:00,0.0,1.6688604663585074,13.041985657433568,0.0
2024-07-10 20:30:00,0.0,1.6688604663585074,12.749688293272316,0.0
2024-07-10 20:35:00,0.0,1.6688604663585074,12.730867974797134,0.0
2024-07-10 20:40:00,0.0,1.6688604663585074,12.961628094201997,0.0
2024-07-10 20:45:00,0.0,1.6688604663585074,13.417710247670685,0.0
2024-07-10 20:50:00,0.0,1.6688604663585074,14.074657400958873,0.0
2024-07-10 20:55:00,0.0,1.6688604663585074,14.907976434082803,0.0
2024-07-10 21:00:00,0.0,1.6688604663585074,15.893298914075087,0.0
2024-07-10 21:05:00,0.0,1.6688604663585074,17.006538824621845,0.0
2024-07-10 21:10:00,0.0,1.6688604663585074,18.224046171606464,0.0
2024-07-10 21:15:00,0.0,1.6688604663585074,19.522755266145612,0.0
2024-07-10 21:20:00,0.0,1.6688604663585074,20.88032665397359,0.0
2024-07-10 21:25:00,0.0,1.6688604663585074,22.27528164369494,0.0
2024-07-10 21:30:00,0.0,1.6688604663585074,23.687128485411094,0.0
2024-07-10 21:35:00,0.0,1.6688604663585074,25.096479284322683,0.0
2024-07-10 21:40:00,0.0,1.6688604663585074,26.4851568620299,0.0
2024-07-10 21:45:00,0.0,1.6688604663585074,27.83629080980063,0.0
2024-07-10 21:50:00,0.0,1.6688604663585074,29.13440210231948,0.0
2024-07-10 21:55:00,0.0,1.6688604663585074,30.36547570854722,0.0
2024-07-10 22:00:00,0.0,1.6688604663585074,31.517020748173866,0.0
2024-07-10 22:05:00,0.0,1.6688604663585074,32.57811784939603,0.0
2024-07-10 22:10:00,0.0,1.6688604663585074,33.53945343573035,0.0
2024-07-10 22:15:00,0.0,1.6688604663585074,34.39334080861707,0.0
2024-07-10 22:20:00,0.0,1.6688604663585074,35.133727978084224,0.0
2024-07-10 22:25:00,0.0,1.6688604663585074,35.756192302512666,0.0
2024-07-10 22:30:00,0.0,1.6688604663585074,36.25792210875479,0.0
2024-07-10 22:35:00,0.0,1.6688604663585074,36.63768555897757,0.0
2024-07-10 22:40:00,0.0,1.6688604663585074,36.89578713455,0.0
2024-07-10 22:45:00,0.0,1.6688604663585074,37.034012207987246,0.0
2024-07-10 22:50:00,0.0,1.6688604663585074,37.055560255011116,0.0
2024-07-10 22:55:00,0.0,1.6688604663585074,36.964967373617796,0.0
2024-07-10 23:00:00,0.0,1.6688604663585074,36.76801881777083,0.0
2024-07-10 23:05:00,0.0,1.6688604663585074,36.47165238065506,0.0
2024-07-10 23:10:00,0.0,1.6688604663585074,36.08385348976319,0.0
2024-07-10 23:15:00,0.0,1.6688604663585074,35.613542967410474,0.0
2024-07-10 23:20:00,0.0,1.6688604663585074,35.07045845134749,0.0
2024-07-10 23:25:00,0.0,1.6688604663585074,34.46503052558897,0.0
2024-07-10 23:30:00,0.0,1.6688604663585074,33.80825464555716,0.0
2024-07-10 23:35:00,0.0,1.6688604663585074,33.111559976893695,0.0
2024-07-10 23:40:00,0.0,1.6688604663585074,32.386676285395254,0.0
2024-07-10 23:45:00,0.0,1.6688604663585074,31.64550002129193,0.0
2024-07-10 23:50:00,0.0,1.6688604663585074,30.899960774032706,0.0
2024-07-10 23:55:00,0.0,1.6688604663585074,30.161889215014156,0.0
2024-07-11 00:00:00,0.0,1.6688604663585074,29.44288768468869,0.0
2024-07-11 00:05:00,0.0,1.6688604663585074,28.754204520400332,0.0
2024-07-11 00:10:00,0.0,1.6688604663585074,28.106613204054486,0.0
2024-07-11 00:15:00,0.0,1.6688604663585074,27.51029736256385,0.0
2024-07-11 00:20:00,0.0,1.6688604663585074,26.974742602802845,0.0
2024-07-11 00:25:00,0.0,1.6688604663585074,26.508636109059875,0.0
2024-07-11 00:30:00,0.0,1.6688604663585074,26.11977485371754,0.0
2024-07-11 00:35:00,0.0,1.6688604663585074,25.814983231565325,0.0
2024-07-11 00:40:00,0.0,1.6688604663585074,25.600040796516016,0.0
2024-07-11 00:45:00,0.0,1.6688604663585074,25.479620749109134,0.0
2024-07-11 00:50:00,0.0,1.6688604663585074,25.4572397017915,0.0
2024-07-11 00:55:00,0.0,1.6688604663585074,25.535219164072362,0.0
2024-07-11 01:00:00,0.0,1.6688604663585074,25.714659095958663,0.0
2024-07-11 01:05:00,0.0,1.6688604663585074,25.995423772012604,0.0
2024-07-11 01:10:00,0.0,1.6688604663585074,26.37614010083545,0.0
2024-07-11 01:15:00,0.0,1.6688604663585074,26.8542084384239,0.0
2024-07-11 01:20:00,0.0,1.6688604663585074,27.42582584097344,0.0
2024-07-11 01:25:00,0.0,1.6688604663585074,28.08602156501727,0.0
2024-07-11 01:30:00,0.0,1.6688604663585074,28.82870458271298,0.0
2024-07-11 01:35:00,0.0,1.6688604663585074,29.646722712053894,0.0
2024-07-11 01:40:00,0.0,1.6688604663585074,30.531932910720045,0.0
2024-07-11 01:45:00,0.0,1.6688604663585074,31.475282169498115,0.0
2024-07-11 01:50:00,0.0,1.6688604663585074,32.46689835966549,0.0
2024-07-11 01:55:00,0.0,1.6688604663585074,33.49619028893313,0.0
2024-07-11 02:00:00,0.0,1.6688604663585074,34.551956173497636,0.0
2024-07-11 02:05:00,0.0,1.6688604663585074,35.62249961830789,0.0
2024-07-11 02:10:00,0.0,1.6688604663585074,36.695752166355454,0.0
2024-07-11 02:15:00,0.0,1.6688604663585074,37.75940141659827,0.0
2024-07-11 02:20:00,0.0,1.6688604663585074,38.801023629761545,0.0
2024-07-11 02:25:00,0.0,1.6688604663585074,39.80821973633079,0.0
2024-07-11 02:30:00,0.0,1.6688604663585074,40.768753607907314,0.0
2024-07-11 02:35:00,0.0,1.6688604663585074,41.67069143038419,0.0
2024-07-11 02:40:00,0.0,1.6688604663585074,42.50254100298342,0.0
2024-07-11 02:45:00,0.0,1.6688604663585074,43.25338978856914,0.0
2024-07-11 02:50:00,0.0,1.6688604663585074,43.91304051871313,0.0
2024-07-11 02:55:00,0.0,1.6688604663585074,44.47214321361111,0.0
2024-07-11 03:00:00,0.0,1.6688604663585074,44.92232244196325,0.0
2024-07-11 03:05:00,0.0,1.6688604663585074,45.25629873490242,0.0
2024-07-11 03:10:00,0.0,1.6688604663585074,45.46800304886093,0.0
2024-07-11 03:15:00,0.0,1.6688604663585074,45.55268328052901,0.0
2024-07-11 03:20:00,0.0,1.6688604663585074,45.50700183175073,0.0
2024-07-11 03:25:00,0.0,1.6688604663585074,45.32912334142632,0.0
2024-07-11 03:30:00,0.0,1.6688604663585074,45.018791729410125,0.0
2024-07-11 03:35:00,0.0,1.6688604663585074,44.57739580806446,0.0
2024-07-11 03:40:00,0.0,1.6688604663585074,44.00802277385315,0.0
2024-07-11 03:45:00,0.0,1.6688604663585074,43.315499001062854,0.0
2024-07-11 03:50:00,0.0,1.6688604663585074,42.50641764583475,0.0
2024-07-11 03:55:00,0.0,1.6688604663585074,41.58915266141014,0.0
2024-07-11 04:00:00,0.0,1.6688604663585074,40.573858956670456,0.0
2024-07-11 04:05:00,0.0,1.6688604663585074,39.472458467834805,0.0
2024-07-11 04:10:00,0.0,1.6688604663585074,38.298612130916595,0.0
2024-07-11 04:15:00,0.0,1.6688604663585074,37.06767770282815,0.0
2024-07-11 04:20:00,0.0,1.6688604663585074,35.79665365466695,0.0
2024-07-11 04:25:00,0.0,1.6688604663585074,34.50410930269034,0.0
2024-07-11 04:30:00,0.0,1.6688604663585074,33.210101586239745,0.0
2024-07-11 04:35:00,0.0,1.6688604663585074,31.936078908510297,0.0
2024-07-11 04:40:00,0.0,1.6688604663585074,30.70477261511123,0.0
2024-07-11 04:45:00,0.0,1.6688604663585074,29.5400767547328,0.0
2024-07-11 04:50:00,0.0,1.6688604663585074,28.466916860248308,0.0
2024-07-11 04:55:00,0.0,1.6688604663585074,27.511108607139203,0.0
2024-07-11 05:00:00,0.0,1.6688604663585074,26.69920720852056,0.0
2024-07-11 05:05:00,0.0,1.6688604663585074,26.058348605883314,0.0
2024-07-11 05:10:00,0.0,1.6688604663585074,25.616083445454795,0.0
2024-07-11 05:15:00,0.0,1.6688604663585074,25.400204993608266,0.0
2024-07-11 05:20:00,0.0,1.6688604663585074,25.438572146093083,0.0
2024-07-11 05:25:00,0.0,1.6688604663585074,25.758928742256646,0.0
2024-07-11 05:30:00,0.0,1.6688604663585074,26.388720433578968,0.0
2024-07-11 05:35:00,0.0,1.6688604663585074,27.354910372752418,0.0
2024-07-11 05:40:00,0.0,1.6688604663585074,28.68379501322228,0.0
2024-07-11 05:45:00,0.0,1.6688604663585074,30.400821325471565,0.0
2024-07-11 05:50:00,0.0,1.6688604663585074,32.53040668894145,0.0
2024-07-11 05:55:00,0.0,1.6688604663585074,35.095762781576006,0.0
2024-07-11 06:00:00,0.0,1.6688604663585074,38.11872470410849,28.579527795645724
2024-07-11 06:05:00,0.0,1.6688604663585074,41.61958655421732,28.771527790545726
2024-07-11 06:10:00,0.0,1.6688604663585074,45.61694466838326,35.993502419001736
2024-07-11 06:15:00,0.0,1.6688604663585074,50.127549644382164,35.23197461586842
2024-07-11 06:20:00,0.0,1.6688604663585074,55.16616825427963,37.742504834034435
2024-07-11 06:25:00,0.0,1.6688604663585074,60.7454562097438,37.429773356281665
2024-07-11 06:30:00,0.0,1.6688604663585074,66.87584283037964,37.429773356281665
2024-07-11 06:35:00,96.19999695,1.6688604663585074,73.56542832110735,36.48051408583722
2024-07-11 06:40:00,163.1000061,1.6688604663585074,80.81989460492622,36.48051408583722
2024-07-11 06:45:00,218.1000061,1.6688604663585074,88.64243028371479,37.33839288310994
2024-07-11 06:50:00,190.0666656,1.6688604663585074,97.03367035404764,36.17339288310995
2024-07-11 06:55:00,275.2000122,1.6688604663585074,105.99165119427228,35.992059544676614
2024-07-11 07:00:00,263.5499878,1.6688604663585074,115.51178111822706,279.8944373685522
2024-07-11 07:05:00,258.5333252,1.6688604663585074,125.58682688512343,279.8944373685522
2024-07-11 07:10:00,346.5,1.6688604663585074,136.20691622951588,279.8944373685522
2024-07-11 07:15:00,467.5,1.6688604663585074,147.35955658815212,279.8944373685522
2024-07-11 07:20:00,398.5666504,1.6688604663585074,159.02966973119632,279.8944373685522
2024-07-11 07:25:00,416.1666565,1.6688604663585074,171.19964242912465,279.8944373685522
2024-07-11 07:30:00,488.7000122,1.6688604663585074,183.84939267324134,279.8944373685522
2024-07-11 07:35:00,432.8333435,1.6688604663585074,196.95645106007498,279.8944373685522
2024-07-11 07:40:00,456.1333313,1.6688604663585074,210.49605696292448,279.8944373685522
2024-07-11 07:45:00,658.7999878,1.6688604663585074,224.4412687752322,279.8944373685522
2024-07-11 07:50:00,730.5,1.6688604663585074,238.7630876315799,279.8944373685522
2024-07-11 07:55:00,693.7666626,1.6688604663585074,253.43059364169477,279.8944373685522
2024-07-11 08:00:00,710.3999634,1.6688604663585074,268.41109407938734,611.9692335294769
2024-07-11 08:05:00,668.2999878,1.6688604663585074,283.6702821053353,611.9692335294769
2024-07-11 08:10:00,616.0666504,1.6688604663585074,299.17240548612,611.9692335294769
2024-07-11 08:15:00,550.6333618,1.6688604663585074,314.8804438401031,615.6825109649768
2024-07-11 08:20:00,730.0999756,1.6688604663585074,330.7562934359317,622.9945226430214
2024-07-11 08:25:00,730.5999756,1.6688604663585074,346.76095829930387,622.9945226430214
2024-07-11 08:30:00,730.7666016,1.6688604663585074,362.854746285197,622.9945226430214
2024-07-11 08:35:00,731.0999756,1.6688604663585074,378.99746899723027,607.1039111486456
2024-07-11 08:40:00,1174.800049,1.6688604663585074,395.1486440863563,609.3535184010678
2024-07-11 08:45:00,1256.900024,1.6688604663585074,411.2676987990506,1089.4406549722137
2024-07-11 08:50:00,1215.866699,1.6688604663585074,427.3141730976611,947.8993125186238
2024-07-11 08:55:00,1223.266724,1.6688604663585074,443.2479214735354,950.5821498173444
2024-07-11 09:00:00,1481.900024,1.6688604663585074,459.0293118618223,1711.527300229174
2024-07-11 09:05:00,1329.466675,1.6688604663585074,474.61942036775076,1711.527300229174
2024-07-11 09:10:00,1386.199829,1.6688604663585074,489.9802207002838,1711.527300229174
2024-07-11 09:15:00,1338.349976,1.6688604663585074,505.074767002668,1711.527300229174
2024-07-11 09:20:00,1358.349976,1.6688604663585074,519.8673689000498,1704.809364840285
2024-07-11 09:25:00,1683.099976,1.6688604663585074,534.3237577677146,1704.809364840285
2024-07-11 09:30:00,1700.600098,1.6688604663585074,548.4112430277003,1704.809364840285
2024-07-11 09:35:00,1717.900024,1.6688604663585074,562.0988576489714,1705.1943884715947
2024-07-11 09:40:00,1758.099976,1.6688604663585074,575.3574918554118,1705.1943884715947
2024-07-11 09:45:00,1803.033325,1.6688604663585074,588.1600143512528,1705.7312699831502
2024-07-11 09:50:00,1828.5,1.6688604663585074,600.4813802476137,1705.2358130455389
2024-07-11 09:55:00,1833.233398,1.6688604663585074,612.2987251749581,1720.759786558539
2024-07-11 10:00:00,1821.333374,1.6688604663585074,623.5914449409132,1842.7317743510764
2024-07-11 10:05:00,2041.199951,1.6688604663585074,634.341260473829,1842.7317743510764
2024-07-11 10:10:00,1941.966675,1.6688604663585074,644.5322676328539,1816.2031306316828
2024-07-11 10:15:00,2009.833374,1.6688604663585074,654.1509717965172,1816.2031306316828
2024-07-11 10:20:00,1999.633301,1.6688604663585074,663.1863069413423,1816.2031306316828
2024-07-11 10:25:00,1996.733398,1.6688604663585074,671.6296394994097,1816.2031306316828
2024-07-11 10:30:00,1990.400024,1.6688604663585074,679.4747569467203,1816.2031306316828
2024-07-11 10:35:00,1963.666626,1.6688604663585074,686.7178413547769,1820.8794272916823
2024-07-11 10:40:00,1854.333374,1.6688604663585074,693.3574283506844,1820.8794272916823
2024-07-11 10:45:00,1780.599976,1.6688604663585074,699.3943518354808,1820.8794272916823
2024-07-11 10:50:00,2060.100098,1.6688604663585074,704.8316750320266,1816.8219683074997
2024-07-11 10:55:00,2060.0,1.6688604663585074,709.6746085081422,1816.8219683074997
2024-07-11 11:00:00,2059.966553,1.6688604663585074,713.9304158566326,2036.597937017995
2024-07-11 11:05:00,2059.899902,1.6688604663585074,717.6083078735057,2036.597937017995
2024-07-11 11:10:00,1878.266602,1.6688604663585074,720.7193260860058,2036.597937017995
2024-07-11 11:15:00,1740.666626,1.6688604663585074,723.2762166064988,2035.7877468836887
2024-07-11 11:20:00,1786.399902,1.6688604663585074,725.2932952944816,2035.7877468836887
2024-07-11 11:25:00,1629.099976,1.6688604663585074,726.7863053062341,2035.7877468836887
2024-07-11 11:30:00,1524.833374,1.6688604663585074,727.7722681458891,2035.7877468836887
2024-07-11 11:35:00,1336.833374,1.6688604663585074,728.269329350647,2035.7877468836887
2024-07-11 11:40:00,1242.900024,1.6688604663585074,728.2966000102049,2035.4745614559106
2024-07-11 11:45:00,1853.0,1.6688604663585074,727.8739953083593,2035.4745614559106
2024-07-11 11:50:00,1675.100098,1.6688604663585074,727.0220712826642,2036.56115788199
2024-07-11 11:55:00,2057.5,1.6688604663585074,725.7618610447051,2036.56115788199
2024-07-11 12:00:00,2058.100098,1.6688604663585074,724.1147116369543,2036.5607214773877
2024-07-11 12:05:00,2058.300049,1.6688604663585074,722.1021227384989,2036.5607214773877
2024-07-11 12:10:00,1945.866577,1.6688604663585074,719.7455883683855,2037.2873930647295
2024-07-11 12:15:00,1889.449951,1.6688604663585074,717.066442730765,2036.7921685512197
2024-07-11 12:20:00,1429.300171,1.6688604663585074,714.08571129167,2036.1109475020685
2024-07-11 12:25:00,1486.300049,1.6688604663585074,710.8239681205874,2035.9527818751797
2024-07-11 12:30:00,1391.566772,1.6688604663585074,707.301200509462,2032.2382094919585
2024-07-11 12:35:00,1399.533203,1.6688604663585074,703.5366817536782,2033.2074903620885
2024-07-11 12:40:00,1334.033325,1.6688604663585074,699.5488529954623,2052.977206159163
2024-07-11 12:45:00,1287.43335,1.6688604663585074,695.3552148625135,2051.6052729005155
2024-07-11 12:50:00,1717.099976,1.6688604663585074,690.9722296289402,2051.709747540701
2024-07-11 12:55:00,1615.450073,1.6688604663585074,686.4152345010748,2044.9966644001997
2024-07-11 13:00:00,1559.400024,1.6688604663585074,681.6983665321873,1922.905775750151
2024-07-11 13:05:00,1480.550049,1.6688604663585074,676.8344996390148,1923.52798178241
2024-07-11 13:10:00,1214.949951,1.6688604663585074,671.8351939967614,1906.5105731395267
2024-07-11 13:15:00,881.1500244,1.6688604663585074,666.7106580610117,1902.219505597202
2024-07-11 13:20:00,705.0,1.6688604663585074,661.4697234036005,1897.018154638972
2024-07-11 13:25:00,628.833313,1.6688604663585074,656.1198323216618,1888.3583494932298
2024-07-11 13:30:00,614.1500244,1.6688604663585074,650.6670381888819,1953.8510737227116
2024-07-11 13:35:00,481.7666931,1.6688604663585074,645.1160183984446,1962.0807730559945
2024-07-11 13:40:00,447.0499878,1.6688604663585074,639.4700996353998,1968.6843240384171
2024-07-11 13:45:00,369.0499878,1.6688604663585074,633.7312951022482,1971.603254872273
2024-07-11 13:50:00,301.7999878,1.6688604663585074,627.9003532872358,1972.8161214421173
2024-07-11 13:55:00,260.8500061,1.6688604663585074,621.9768177163267,1972.0758957092064
2024-07-11 14:00:00,192.5,1.6688604663585074,615.9590971162473,1968.6081613377498
2024-07-11 14:05:00,171.7333221,1.6688604663585074,609.8445452611415,1968.390502653068
2024-07-11 14:10:00,167.1333313,1.6688604663585074,603.6295497847232,1955.1212222784413
2024-07-11 14:15:00,164.1666718,1.6688604663585074,597.309629083046,1955.2774682911424
2024-07-11 14:20:00,156.4333344,1.6688604663585074,590.8795364836441,1991.343106881727
2024-07-11 14:25:00,152.6499939,1.6688604663585074,584.3333707102584,1952.0416367843486
2024-07-11 14:30:00,122.75,1.6688604663585074,577.6646916694061,1922.249990521084
2024-07-11 14:35:00,92.69999695,1.6688604663585074,570.866640589996,1835.6667770096292
2024-07-11 14:40:00,89.69999695,1.6688604663585074,563.9320634168519,1491.7553220003265
2024-07-11 14:45:00,110.6999969,1.6688604663585074,556.8536364021671,1500.0947840827034
2024-07-11 14:50:00,159.1999969,1.6688604663585074,549.6239929308016,1527.5384208058115
2024-07-11 14:55:00,183.3999939,1.6688604663585074,542.235850338933,1625.7629740651867
2024-07-11 15:00:00,196.3000031,1.6688604663585074,534.6821357926802,1647.7964567857978
2024-07-11 15:05:00,191.7333374,1.6688604663585074,526.9561100891309,1686.2926100427937
2024-07-11 15:10:00,274.0,1.6688604663585074,519.0514884353893,1717.7442466251164
2024-07-11 15:15:00,356.2999878,1.6688604663585074,510.96255709201404,1740.2387188732464
2024-07-11 15:20:00,465.3999939,1.6688604663585074,502.68428501672213,1741.0665221743498
2024-07-11 15:25:00,620.0999756,1.6688604663585074,494.2124295015044,1712.5917242504934
2024-07-11 15:30:00,786.5,1.6688604663585074,485.5436350170603,1694.0237352529853
2024-07-11 15:35:00,785.9500122,1.6688604663585074,476.6755244075724,1693.5711175342626
2024-07-11 15:40:00,906.0999756,1.6688604663585074,467.6067816448552,1611.9164247353144
2024-07-11 15:45:00,1054.0,1.6688604663585074,458.3372255860065,1629.7423211594637
2024-07-11 15:50:00,992.5,1.6688604663585074,448.867873999834,1622.528607492733
2024-07-11 15:55:00,1035.966675,1.6688604663585074,439.20099742897924,1606.9202155645364
2024-07-11 16:00:00,1020.899963,1.6688604663585074,429.34016237433536,1359.0654462236187
2024-07-11 16:05:00,994.0667114,1.6688604663585074,419.29026356033046,1367.2304283226185
2024-07-11 16:10:00,956.4666138,1.6688604663585074,409.05754486781336,1374.3201275138806
2024-07-11 16:15:00,877.3666992,1.6688604663585074,398.6496088212858,1364.7147513706343
2024-07-11 16:20:00,843.5999146,1.6688604663585074,388.07541465510195,1355.7786415876883
2024-07-11 16:25:00,1349.900024,1.6688604663585074,377.345264741926,1361.4653094092441
2024-07-11 16:30:00,1260.050049,1.6688604663585074,366.4707796671405,1356.4210597659567
2024-07-11 16:35:00,1230.099976,1.6688604663585074,355.4648620194797,1285.3648736831708
2024-07-11 16:40:00,1170.199951,1.6688604663585074,344.34164928796633,1302.1536018293443
2024-07-11 16:45:00,1049.599976,1.6688604663585074,333.11645608864393,1285.1182278193503
2024-07-11 16:50:00,806.0666504,1.6688604663585074,321.80570626583915,1323.518339228913
2024-07-11 16:55:00,733.7666016,1.6688604663585074,310.4268553624047,1334.2397589672885
2024-07-11 17:00:00,707.9333496,1.6688604663585074,298.99830397283455,708.8017192128763
2024-07-11 17:05:00,696.0667114,1.6688604663585074,287.5393028788071,632.3857581221134
2024-07-11 17:10:00,672.9000244,1.6688604663585074,276.06985034954135,632.82172218055
2024-07-11 17:15:00,659.0,1.6688604663585074,264.6105827328941,631.7152576716833
2024-07-11 17:20:00,552.2999878,1.6688604663585074,253.18265894030182,643.756226032339
2024-07-11 17:25:00,383.5,1.6688604663585074,241.80763984423095,632.8332794180532
2024-07-11 17:30:00,280.8999939,1.6688604663585074,230.507363424147,619.6939391964548
2024-07-11 17:35:00,233.5499878,1.6688604663585074,219.30381673339508,619.6906118438008
2024-07-11 17:40:00,180.6499939,1.6688604663585074,208.2190055342645,621.0371225178055
2024-07-11 17:45:00,134.1333313,1.6688604663585074,197.27482261858876,617.7316027750261
2024-07-11 17:50:00,119.5333252,1.6688604663585074,186.49291599309882,617.7316027750261
2024-07-11 17:55:00,107.7000046,1.6688604663585074,175.8945576464472,586.5095007299919
2024-07-11 18:00:00,98.70000458,1.6688604663585074,165.50051412024416,192.2911876931613
2024-07-11 18:05:00,93.29999542,1.6688604663585074,155.33091973896057,194.9963849896589
2024-07-11 18:10:00,90.46666718,1.6688604663585074,145.4051535707831,193.01883121013114
2024-07-11 18:15:00,86.56667328,1.6688604663585074,135.74172091436603,185.44708324704155
2024-07-11 18:20:00,81.83333588,1.6688604663585074,126.35814030260418,186.11123113396295
2024-07-11 18:25:00,78.80000305,1.6688604663585074,117.27083684427542,186.11123113396295
2024-07-11 18:30:00,69.05000305,1.6688604663585074,108.4950426348699,184.58450638966704
2024-07-11 18:35:00,53.3666687,1.6688604663585074,100.04470516293392,186.62997912169683
2024-07-11 18:40:00,48.90000534,1.6688604663585074,91.93240411693156,180.31930148216625
2024-07-11 18:45:00,47.43333435,1.6688604663585074,84.16927747058799,182.15847350306615
2024-07-11 18:50:00,45.53333664,1.6688604663585074,76.76495720156537,177.67940662598727
2024-07-11 18:55:00,42.83333206,1.6688604663585074,69.7275152073208,177.67940662598727
2024-07-11 19:00:00,39.5,1.6688604663585074,63.06341977223695,46.45067878738161
2024-07-11 19:05:00,35.89999771,1.6688604663585074,56.777502873271324,33.62068072149071
2024-07-11 19:10:00,32.1333313,1.6688604663585074,50.87293861926841,36.64090312075955
2024-07-11 19:15:00,29.19999886,1.6688604663585074,45.351232821164544,46.59640292700518
2024-07-11 19:20:00,26.33333397,1.6688604663585074,40.21222393967973,34.9563510008044
2024-07-11 19:25:00,25.24999809,1.6688604663585074,35.454095165118225,30.246275939514828
2024-07-11 19:30:00,21.60000038,1.6688604663585074,31.073397675394588,30.30923705658594
2024-07-11 19:35:00,17.75,1.6688604663585074,27.065084755983587,30.30923705658594
2024-07-11 19:40:00,14.40000057,1.6688604663585074,23.42255658371773,34.2444558515018
2024-07-11 19:45:00,13.33333302,1.6688604663585074,20.137715227189236,29.224945763233542
2024-07-11 19:50:00,12.80000019,1.6688604663585074,17.201029471571555,29.53806055288688
2024-07-11 19:55:00,12.5666666,1.6688604663585074,14.601608936834227,29.23442245847625
2024-07-11 20:00:00,0.0,1.6688604663585074,12.327286880141003,0.14407407977777778
2024-07-11 20:05:00,0.0,1.6688604663585074,10.36471109645691,0.14407407977777778
2024-07-11 20:10:00,0.0,1.6688604663585074,8.699442115458513,0.14407407977777778
2024-07-11 20:15:00,0.0,1.6688604663585074,7.3160580283741625,0.33137038348888886
2024-07-11 20:20:00,0.0,1.6688604663585074,6.198265048017017,0.33137038348888886
2024-07-11 20:25:00,0.0,1.6688604663585074,5.329013038010713,0.33137038348888886
2024-07-11 20:30:00,0.0,1.6688604663585074,4.6906150424631035,0.33137038348888886
2024-07-11 20:35:00,0.0,1.6688604663585074,4.264869985059469,0.33137038348888886
2024-07-11 20:40:00,0.0,1.6688604663585074,4.033187542867981,0.33137038348888886
2024-07-11 20:45:00,0.0,1.6688604663585074,3.976714288557922,0.33137038348888886
2024-07-11 20:50:00,0.0,1.6688604663585074,4.076460148642543,0.33137038348888886
2024-07-11 20:55:00,0.0,1.6688604663585074,4.313424216951981,0.33137038348888886
2024-07-11 21:00:00,0.0,1.6688604663585074,4.668719002857604,0.0
2024-07-11 21:05:00,0.0,1.6688604663585074,5.1236921854871085,0.0
2024-07-11 21:10:00,0.0,1.6688604663585074,5.66004499023717,0.0
2024-07-11 21:15:00,0.0,1.6688604663585074,6.259946295399312,0.0
2024-07-11 21:20:00,0.0,1.6688604663585074,6.906141691574574,0.0
2024-07-11 21:25:00,0.0,1.6688604663585074,7.5820566436163706,0.0
2024-07-11 21:30:00,0.0,1.6688604663585074,8.271893094530533,0.0
2024-07-11 21:35:00,0.0,1.6688604663585074,8.960718763702706,0.0
2024-07-11 21:40:00,0.0,1.6688604663585074,9.634548576257583,0.0
2024-07-11 21:45:00,0.0,1.6688604663585074,10.280417635225588,0.0
2024-07-11 21:50:00,0.0,1.6688604663585074,10.886445271363767,0.0
2024-07-11 21:55:00,0.0,1.6688604663585074,11.441889749766991,0.0
2024-07-11 22:00:00,0.0,1.6688604663585074,11.937193301110177,0.0
2024-07-11 22:05:00,0.0,1.6688604663585074,12.364017221713501,0.0
2024-07-11 22:10:00,0.0,1.6688604663585074,12.715266851997534,0.0
2024-07-11 22:15:00,0.0,1.6688604663585074,12.985106360657158,0.0
2024-07-11 22:20:00,0.0,1.6688604663585074,13.168963287417656,0.0
2024-07-11 22:25:00,0.0,1.6688604663585074,13.263522934983147,0.0
2024-07-11 22:30:00,0.0,1.6688604663585074,13.266712741887005,0.0
2024-07-11 22:35:00,0.0,1.6688604663585074,13.177676865375705,0.0
2024-07-11 22:40:00,0.0,1.6688604663585074,12.99674127440493,0.0
2024-07-11 22:45:00,0.0,1.6688604663585074,12.725369727388818,0.0
2024-07-11 22:50:00,0.0,1.6688604663585074,12.366111084368491,0.0
2024-07-11 22:55:00,0.0,1.6688604663585074,11.922538464690778,0.0
2024-07-11 23:00:00,0.0,1.6688604663585074,11.399180825635819,0.0
2024-07-11 23:05:00,0.0,1.6688604663585074,10.801447605177257,0.0
2024-07-11 23:10:00,0.0,1.6688604663585074,10.135547106549852,0.0
2024-07-11 23:15:00,0.0,1.6688604663585074,9.408399365916658,0.0
2024-07-11 23:20:00,0.0,1.6688604663585074,8.627544283194513,0.0
2024-07-11 23:25:00,0.0,1.6688604663585074,7.801045820141125,0.0
2024-07-11 23:30:00,0.0,1.6688604663585074,6.937393113653991,0.0
2024-07-11 23:35:00,0.0,1.6688604663585074,6.04539936232176,0.0
2024-07-11 23:40:00,0.0,1.6688604663585074,5.134099370154868,0.0
2024-07-11 23:45:00,0.0,1.6688604663585074,4.212646615479641,0.0
2024-07-11 23:50:00,0.0,1.6688604663585074,3.2902107625100268,0.0
2024-07-11 23:55:00,0.0,1.6688604663585074,2.375876458083312,0.0
2024-07-12 00:00:00,0.0,1.6688604663585074,1.4785443059870902,0.0
2024-07-12 00:05:00,0.0,1.6688604663585074,0.606834853213957,0.0
2024-07-12 00:10:00,0.0,1.6688604663585074,-0.2310035917188448,0.0
2024-07-12 00:15:00,0.0,1.6688604663585074,-1.0271825198438822,0.0
2024-07-12 00:20:00,0.0,1.6688604663585074,-1.7744554233017042,0.0
2024-07-12 00:25:00,0.0,1.6688604663585074,-2.46619393295552,0.0
2024-07-12 00:30:00,0.0,1.6688604663585074,-3.096457254344711,0.0
2024-07-12 00:35:00,0.0,1.6688604663585074,-3.660054282562239,0.0
2024-07-12 00:40:00,0.0,1.6688604663585074,-4.152597916578848,0.0
2024-07-12 00:45:00,0.0,1.6688604663585074,-4.57055105186221,0.0
2024-07-12 00:50:00,0.0,1.6688604663585074,-4.911263897917854,0.0
2024-07-12 00:55:00,0.0,1.6688604663585074,-5.173002278335628,0.0
2024-07-12 01:00:00,0.0,1.6688604663585074,-5.354966669824038,0.0
2024-07-12 01:05:00,0.0,1.6688604663585074,-5.457301809924865,0.0
2024-07-12 01:10:00,0.0,1.6688604663585074,-5.481096780058229,0.0
2024-07-12 01:15:00,0.0,1.6688604663585074,-5.428375549324986,0.0
2024-07-12 01:20:00,0.0,1.6688604663585074,-5.302078045144309,0.0
2024-07-12 01:25:00,0.0,1.6688604663585074,-5.1060319014506845,0.0
2024-07-12 01:30:00,0.0,1.6688604663585074,-4.8449150857793235,0.0
2024-07-12 01:35:00,0.0,1.6688604663585074,-4.524209738470161,0.0
2024-07-12 01:40:00,0.0,1.6688604663585074,-4.150147554144774,0.0
2024-07-12 01:45:00,0.0,1.6688604663585074,-3.7296471832473603,0.0
2024-07-12 01:50:00,0.0,1.6688604663585074,-3.270244141625063,0.0
2024-07-12 01:55:00,0.0,1.6688604663585074,-2.7800138102997076,0.0
2024-07-12 02:00:00,0.0,1.6688604663585074,-2.2674881507470284,0.0
2024-07-12 02:05:00,0.0,1.6688604663585074,-1.7415668339494312,0.0
2024-07-12 02:10:00,0.0,1.6688604663585074,-1.2114235023233006,0.0
2024-07-12 02:15:00,0.0,1.6688604663585074,-0.6864079488873801,0.0
2024-07-12 02:20:00,0.0,1.6688604663585074,-0.17594503340818132,0.0
2024-07-12 02:25:00,0.0,1.6688604663585074,0.3105688327406944,0.0
2024-07-12 02:30:00,0.0,1.6688604663585074,0.7638707538363719,0.0
2024-07-12 02:35:00,0.0,1.6688604663585074,1.1749370893398363,0.0
2024-07-12 02:40:00,0.0,1.6688604663585074,1.5350889713359233,0.0
2024-07-12 02:45:00,0.0,1.6688604663585074,1.8360966975558242,0.0
2024-07-12 02:50:00,0.0,1.6688604663585074,2.070282109402572,0.0
2024-07-12 02:55:00,0.0,1.6688604663585074,2.230618072140259,0.0
2024-07-12 03:00:00,0.0,1.6688604663585074,2.3108241913154077,0.0
2024-07-12 03:05:00,0.0,1.6688604663585074,2.3054579266400763,0.0
2024-07-12 03:10:00,0.0,1.6688604663585074,2.2100002924196303,0.0
2024-07-12 03:15:00,0.0,1.6688604663585074,2.020935383498037,0.0
2024-07-12 03:20:00,0.0,1.6688604663585074,1.7358229815226616,0.0
2024-07-12 03:25:00,0.0,1.6688604663585074,1.3533635969827822,0.0
2024-07-12 03:30:00,0.0,1.6688604663585074,0.87345528593393,0.0
2024-07-12 03:35:00,0.0,1.6688604663585074,0.29724172339250315,0.0
2024-07-12 03:40:00,0.0,1.6688604663585074,-0.372848993865441,0.0
2024-07-12 03:45:00,0.0,1.6688604663585074,-1.1330752280282437,0.0
2024-07-12 03:50:00,0.0,1.6688604663585074,-1.9783627122150371,0.0
2024-07-12 03:55:00,0.0,1.6688604663585074,-2.902295786369347,0.0
2024-07-12 04:00:00,0.0,1.6688604663585074,-3.8971191449344604,0.0
2024-07-12 04:05:00,0.0,1.6688604663585074,-4.953750221454103,0.0
2024-07-12 04:10:00,0.0,1.6688604663585074,-6.06180224772922,0.0
2024-07-12 04:15:00,0.0,1.6688604663585074,-7.209617950133878,0.0
2024-07-12 04:20:00,0.0,1.6688604663585074,-8.38431374913551,0.0
2024-07-12 04:25:00,0.0,1.6688604663585074,-9.571834262751402,0.0
2024-07-12 04:30:00,0.0,1.6688604663585074,-10.757016834360245,0.0
2024-07-12 04:35:00,0.0,1.6688604663585074,-11.92366571359978,0.0
2024-07-12 04:40:00,0.0,1.6688604663585074,-13.054635455373269,0.0
2024-07-12 04:45:00,0.0,1.6688604663585074,-14.131923033382638,0.0
2024-07-12 04:50:00,0.0,1.6688604663585074,-15.136768072172488,0.0
2024-07-12 04:55:00,0.0,1.6688604663585074,-16.04976057645986,0.0
2024-07-12 05:00:00,0.0,1.6688604663585074,-16.85095544003792,0.0
2024-07-12 05:05:00,0.0,1.6688604663585074,-17.51999297433666,0.0
2024-07-12 05:10:00,0.0,1.6688604663585074,-18.036224658183833,0.0
2024-07-12 05:15:00,0.0,1.6688604663585074,-18.378843252878358,0.0
2024-07-12 05:20:00,0.0,1.6688604663585074,-18.527016387677342,0.0
2024-07-12 05:25:00,0.0,1.6688604663585074,-18.460022706321634,0.0
2024-07-12 05:30:00,0.0,1.6688604663585074,-18.157389623126125,0.0
2024-07-12 05:35:00,0.0,1.6688604663585074,-17.599031730704766,0.0
2024-07-12 05:40:00,0.0,1.6688604663585074,-16.76538888594408,0.0
2024-07-12 05:45:00,0.0,1.6688604663585074,-15.637563001418869,0.0
2024-07-12 05:50:00,0.0,1.6688604663585074,-14.197452567948956,0.0
2024-07-12 05:55:00,0.0,1.6688604663585074,-12.42788396167304,0.0
2024-07-12 06:00:00,0.0,1.6688604663585074,-10.312738575050279,107.08380360163214
2024-07-12 06:05:00,0.0,1.6688604663585074,-7.837074873574559,107.08380360163214
2024-07-12 06:10:00,0.0,1.6688604663585074,-4.987244488188146,97.0197934820077
2024-07-12 06:15:00,0.0,1.6688604663585074,-1.7510014909382448,97.0197934820077
2024-07-12 06:20:00,0.0,1.6688604663585074,1.8823959192065913,96.82019823770531
2024-07-12 06:25:00,0.0,1.6688604663585074,5.922092101073526,96.82019823770531
2024-07-12 06:30:00,0.0,1.6688604663585074,10.375549723459867,71.89310147000299
2024-07-12 06:35:00,0.0,1.6688604663585074,15.248475146815316,68.19709835408949
2024-07-12 06:40:00,0.0,1.6688604663585074,20.54475410260923,68.19709835408949
2024-07-12 06:45:00,0.0,1.6688604663585074,26.26639808395865,69.97590522098584
2024-07-12 06:50:00,62.90000153,1.6688604663585074,32.41350192209404,69.97590522098584
2024-07-12 06:55:00,78.09999847,1.6688604663585074,38.984212827512245,69.8059632969851
2024-07-12 07:00:00,100.0,1.6688604663585074,45.97471123776133,270.03544171700725
2024-07-12 07:05:00,88.83333588,1.6688604663585074,53.37920358997914,270.03544171700725
2024-07-12 07:10:00,106.6999969,1.6688604663585074,61.189927167302756,270.03544171700725
2024-07-12 07:15:00,139.6000061,1.6688604663585074,69.39716697705647,270.03544171700725
2024-07-12 07:20:00,158.5,1.6688604663585074,77.9892846463746,270.03544171700725
2024-07-12 07:25:00,181.5,1.6688604663585074,86.95275913855247,270.03544171700725
2024-07-12 07:30:00,169.8000031,1.6688604663585074,96.2722390949627,270.03544171700725
2024-07-12 07:35:00,233.8000031,1.6688604663585074,105.9306064621741,273.0804115778216
2024-07-12 07:40:00,321.3999939,1.6688604663585074,115.90905099241984,273.0804115778216
2024-07-12 07:45:00,343.2999878,1.6688604663585074,126.18715522039894,273.0804115778216
2024-07-12 07:50:00,335.6333313,1.6688604663585074,136.74298924114933,273.0804115778216
2024-07-12 07:55:00,557.9000244,1.6688604663585074,147.5532148153562,273.0804115778216
2024-07-12 08:00:00,707.0,1.6688604663585074,158.593198110627,989.809853581643
2024-07-12 08:05:00,836.7000122,1.6688604663585074,169.8371301593194,989.809853581643
2024-07-12 08:10:00,775.3999634,1.6688604663585074,181.25815453861787,995.5141680888205
2024-07-12 08:15:00,801.3666992,1.6688604663585074,192.82850120435043,991.4706786816982
2024-07-12 08:20:00,775.4666138,1.6688604663585074,204.51962573873624,991.4706786816982
2024-07-12 08:25:00,732.666687,1.6688604663585074,216.30235295571663,991.4706786816982
2024-07-12 08:30:00,660.5333252,1.6688604663585074,228.14702410330864,991.4706786816982
2024-07-12 08:35:00,708.0999756,1.6688604663585074,240.02364653566667,991.4706786816982
2024-07-12 08:40:00,630.0,1.6688604663585074,251.902044961224,991.4706786816982
2024-07-12 08:45:00,644.9333496,1.6688604663585074,263.75201330897295,991.4706786816982
2024-07-12 08:50:00,598.8666382,1.6688604663585074,275.5434660197843,991.4706786816982
2024-07-12 08:55:00,584.6333008,1.6688604663585074,287.24658812040315,991.4706786816982
2024-07-12 09:00:00,559.7333374,1.6688604663585074,298.83198275321,1664.5256768750962
2024-07-12 09:05:00,540.2000122,1.6688604663585074,310.2708154721389,1657.3083126752708
2024-07-12 09:10:00,509.666626,1.6688604663585074,321.5349542271284,1619.5345584900854
2024-07-12 09:15:00,491.7333069,1.6688604663585074,332.59710424458183,1643.632716960387
2024-07-12 09:20:00,482.2000427,1.6688604663585074,343.4309368163099,1649.0861039734507
2024-07-12 09:25:00,491.4333496,1.6688604663585074,354.0112113509386,1649.0861039734507
2024-07-12 09:30:00,579.2999878,1.6688604663585074,364.3138898674664,1648.2419930534509
2024-07-12 09:35:00,647.5,1.6688604663585074,374.31624309190926,1658.0166493335398
2024-07-12 09:40:00,619.8666992,1.6688604663585074,383.99694777798464,1561.833330343424
2024-07-12 09:45:00,638.4000244,1.6688604663585074,393.3361744598792,1402.7655907831438
2024-07-12 09:50:00,625.9666138,1.6688604663585074,402.3156652578878,1264.3397713761578
2024-07-12 09:55:00,606.3000488,1.6688604663585074,410.91880118690096,1246.6923685621803
2024-07-12 10:00:00,578.6000366,1.6688604663585074,419.13065874486847,1378.3641853426034
2024-07-12 10:05:00,551.0333252,1.6688604663585074,426.93805540007895,1379.7986669336592
2024-07-12 10:10:00,528.6000366,1.6688604663585074,434.3295838044131,1377.107752737398
2024-07-12 10:15:00,508.0666504,1.6688604663585074,441.29563466777506,1379.4693489695392
2024-07-12 10:20:00,485.1333313,1.6688604663585074,447.82840809240054,1381.678385733206
2024-07-12 10:25:00,454.1000061,1.6688604663585074,453.9219136443809,1416.6088689387657
2024-07-12 10:30:00,411.9666443,1.6688604663585074,459.57195905425584,1420.3608317024325
2024-07-12 10:35:00,368.7666321,1.6688604663585074,464.77612790371296,1425.721613553774
2024-07-12 10:40:00,350.2666931,1.6688604663585074,469.53374648831186,1496.7628521911226
2024-07-12 10:45:00,342.4333496,1.6688604663585074,473.84584025568563,1571.6143982154376
2024-07-12 10:50:00,345.7333069,1.6688604663585074,477.71508018412175,1666.806230116902
2024-07-12 10:55:00,336.2666626,1.6688604663585074,481.1457196556264,1738.3904398623572
2024-07-12 11:00:00,334.25,1.6688604663585074,484.1435223553521,1958.8067729790932
2024-07-12 11:05:00,294.1499939,1.6688604663585074,486.715681751879,1958.8067729790932
2024-07-12 11:10:00,239.7666626,1.6688604663585074,488.87073293134114,1885.4198310696024
2024-07-12 11:15:00,257.8999939,1.6688604663585074,490.6184574187055,1856.232271099502
2024-07-12 11:20:00,281.0,1.6688604663585074,491.9697817892406,1773.3753468314733
2024-07-12 11:25:00,320.0,1.6688604663585074,492.93667084400187,1683.1089748983452
2024-07-12 11:30:00,371.2999878,1.6688604663585074,493.5320162090345,1668.5883289628634
2024-07-12 11:35:00,477.2000122,1.6688604663585074,493.769521194259,1589.672827141771
2024-07-12 11:40:00,569.2999878,1.6688604663585074,493.6635827970895,1517.622811021478
2024-07-12 11:45:00,528.833313,1.6688604663585074,493.2291717447739,1517.956810807978
2024-07-12 11:50:00,643.5,1.6688604663585074,492.48171145218083,1514.238227552478
2024-07-12 11:55:00,602.2999878,1.6688604663585074,491.43695682456456,1514.2424941538113
2024-07-12 12:00:00,631.2666626,1.6688604663585074,490.11087375435096,1518.5354422906514
2024-07-12 12:05:00,614.7333374,1.6688604663585074,488.51952021489166,1522.2874050543182
2024-07-12 12:10:00,587.9000244,1.6688604663585074,486.6789297913386,1526.0088020223047
2024-07-12 12:15:00,549.4000244,1.6688604663585074,484.6049984819021,1598.1094243381747
2024-07-12 12:20:00,510.6666565,1.6688604663585074,482.31337555664703,1676.9248177493341
2024-07-12 12:25:00,479.8666687,1.6688604663585074,479.81935925245824,1841.505385935151
2024-07-12 12:30:00,450.8000183,1.6688604663585074,477.1377979815377,1935.2707291197435
2024-07-12 12:35:00,431.3666687,1.6688604663585074,474.28299776196445,1959.3170113982167
2024-07-12 12:40:00,423.0333252,1.6688604663585074,471.26863645533695,1977.6144499063596
2024-07-12 12:45:00,424.8999939,1.6688604663585074,468.1076853611811,1972.8053973453598
2024-07-12 12:50:00,480.5,1.6688604663585074,464.81233869022503,1970.3912854372647
2024-07-12 12:55:00,460.2666931,1.6688604663585074,461.39395132492166,1894.0605442493363
2024-07-12 13:00:00,481.5333252,1.6688604663585074,457.8629852320021,1889.2759690538624
2024-07-12 13:05:00,487.6333008,1.6688604663585074,454.2289648263176,1877.056157476037
2024-07-12 13:10:00,499.1000061,1.6688604663585074,450.50044150896616,1851.9409839198627
2024-07-12 13:15:00,505.6999817,1.6688604663585074,446.68496750208493,1884.3562082391536
2024-07-12 13:20:00,512.333313,1.6688604663585074,442.7890791279001,1876.7026766760407
2024-07-12 13:25:00,556.4000244,1.6688604663585074,438.81828943408084,1884.5680934668574
2024-07-12 13:30:00,644.7999878,1.6688604663585074,434.77709018570334,1877.6171952490477
2024-07-12 13:35:00,770.0999756,1.6688604663585074,430.66896303713435,1883.183775257746
2024-07-12 13:40:00,1112.300049,1.6688604663585074,426.49639967427373,1884.485449845968
2024-07-12 13:45:00,1731.300049,1.6688604663585074,422.2609306790334,1893.9349298860823
2024-07-12 13:50:00,1624.849976,1.6688604663585074,417.96316272148624,1895.76765244286
2024-07-12 13:55:00,1589.366699,1.6688604663585074,413.60282374360605,1905.683142957495
2024-07-12 14:00:00,1518.400024,1.6688604663585074,409.1788155745187,1845.9427006704666
2024-07-12 14:05:00,1300.800049,1.6688604663585074,404.6892735776285,1845.2246972215885
2024-07-12 14:10:00,1114.766724,1.6688604663585074,400.13163263945984,1877.4750282663572
2024-07-12 14:15:00,1004.800049,1.6688604663585074,395.5026989651738,1885.4830627088334
2024-07-12 14:20:00,916.9666138,1.6688604663585074,390.79872699572473,1889.297761964113
2024-07-12 14:25:00,911.166687,1.6688604663585074,386.0155007430171,1899.163556881748
2024-07-12 14:30:00,1434.5,1.6688604663585074,381.14841886388774,1920.179665143561
2024-07-12 14:35:00,1392.149902,1.6688604663585074,376.1925826702276,1919.8450188277895
2024-07-12 14:40:00,1641.199951,1.6688604663585074,371.14288635921554,1976.537726293829
2024-07-12 14:45:00,1455.599976,1.6688604663585074,365.99410863680606,2011.0151562540714
2024-07-12 14:50:00,1462.766602,1.6688604663585074,360.7410050451883,2023.1840863423834
2024-07-12 14:55:00,1327.800049,1.6688604663585074,355.37840007554206,2058.9922094348112
2024-07-12 15:00:00,1224.633423,1.6688604663585074,349.9012784265139,2030.2980316800158
2024-07-12 15:05:00,1093.700073,1.6688604663585074,344.3048745454635,2031.2797585171274
2024-07-12 15:10:00,1007.066711,1.6688604663585074,338.58475976028205,2016.3686082633499
2024-07-12 15:15:00,981.5666504,1.6688604663585074,332.73692626352204,1996.8925364785289
2024-07-12 15:20:00,979.8666992,1.6688604663585074,326.7578672388012,1861.4833212079714
2024-07-12 15:25:00,971.6333008,1.6688604663585074,320.6446525268028,1788.874205249154
2024-07-12 15:30:00,946.6333618,1.6688604663585074,314.39499910701477,1767.888754961503
2024-07-12 15:35:00,1030.900024,1.6688604663585074,308.00733596840627,1766.14423088059
2024-07-12 15:40:00,1516.400024,1.6688604663585074,301.48086268608137,1766.648172106674
2024-07-12 15:45:00,1353.0,1.6688604663585074,294.81560133509754,1761.7655251343408
2024-07-12 15:50:00,1324.966675,1.6688604663585074,288.0124412849092,1771.658227896489
2024-07-12 15:55:00,1229.25,1.6688604663585074,281.07317649415984,1771.4137901208487
2024-07-12 16:00:00,1099.5,1.6688604663585074,274.00053506806245,1425.3406410535702
2024-07-12 16:05:00,830.5332642,1.6688604663585074,266.7982007584054,1425.4054626063053
2024-07-12 16:10:00,762.1000366,1.6688604663585074,259.47082630545884,1429.4501038264243
2024-07-12 16:15:00,729.7999878,1.6688604663585074,252.02403843055552,1437.1983617588398
2024-07-12 16:20:00,776.0,1.6688604663585074,244.4644345897776,1426.9731593090557
2024-07-12 16:25:00,723.6000366,1.6688604663585074,236.79957132406716,1459.0786878180381
2024-07-12 16:30:00,727.3999634,1.6688604663585074,229.03794441431936,1441.0318587428321
2024-07-12 16:35:00,684.5,1.6688604663585074,221.18896100836443,1461.709003574705
2024-07-12 16:40:00,653.9333496,1.6688604663585074,213.26290385752705,1381.7285535541703
2024-07-12 16:45:00,624.6000366,1.6688604663585074,205.27088801521754,1386.3813213110593
2024-07-12 16:50:00,583.333313,1.6688604663585074,197.2248102812312,1391.5494312368928
2024-07-12 16:55:00,560.166687,1.6688604663585074,189.13729187522173,1349.3074642430365
2024-07-12 17:00:00,531.7999878,1.6688604663585074,181.02161462348164,749.3821928549513
2024-07-12 17:05:00,530.0333862,1.6688604663585074,172.8916513927025,723.430810675446
2024-07-12 17:10:00,590.9000244,1.6688604663585074,164.76179106547292,700.3529036062794
2024-07-12 17:15:00,913.5,1.6688604663585074,156.64685880675881,717.1989243585624
2024-07-12 17:20:00,901.249939,1.6688604663585074,148.56203217924315,740.7190169946736
2024-07-12 17:25:00,889.0,1.6688604663585074,140.52275373727565,739.4967758869514
2024-07-12 17:30:00,864.4666138,1.6688604663585074,132.5446408485582,728.505299454329
2024-07-12 17:35:00,852.1999512,1.6688604663585074,124.6433933372071,684.7886302495549
2024-07-12 17:40:00,754.8499756,1.6688604663585074,116.8346997443654,672.2673760661296
2024-07-12 17:45:00,566.9000244,1.6688604663585074,109.13414283468994,676.9259391029605
2024-07-12 17:50:00,423.5333557,1.6688604663585074,101.55710522148325,642.715030865017
2024-07-12 17:55:00,401.4666443,1.6688604663585074,94.11867564982141,652.0912100613344
2024-07-12 18:00:00,479.3999939,1.6688604663585074,86.83355674843696,175.4246228566547
2024-07-12 18:05:00,444.0999756,1.6688604663585074,79.71597498844851,175.4246228566547
2024-07-12 18:10:00,464.1666565,1.6688604663585074,72.77959342465819,175.4246228566547
2024-07-12 18:15:00,453.3333435,1.6688604663585074,66.03742795921885,214.88638684491065
2024-07-12 18:20:00,438.7333069,1.6688604663585074,59.50176772935002,214.88638684491065
2024-07-12 18:25:00,413.6333008,1.6688604663585074,53.184100199659575,214.67864079684398
2024-07-12 18:30:00,377.2333069,1.6688604663585074,47.095041559006866,215.37155348339638
2024-07-12 18:35:00,349.2666931,1.6688604663585074,41.244272891150736,214.67864079684398
2024-07-12 18:40:00,311.1999817,1.6688604663585074,35.64048263109573,215.37155348339638
2024-07-12 18:45:00,297.9500122,1.6688604663585074,30.291315682669964,212.64796490848124
2024-07-12 18:50:00,233.4000092,1.6688604663585074,25.203329609634583,212.64796490848124
2024-07-12 18:55:00,174.2000122,1.6688604663585074,20.381958174186412,211.91064083830904
2024-07-12 19:00:00,134.8000183,1.6688604663585074,15.831482530398064,12.581299155533689
2024-07-12 19:05:00,109.1500015,1.6688604663585074,11.55501020420631,12.581299155533689
2024-07-12 19:10:00,91.0,1.6688604663585074,7.554462052082017,12.480348889005437
2024-07-12 19:15:00,75.6499939,1.6688604663585074,3.8305672194571416,12.480348889005437
2024-07-12 19:20:00,58.44999695,1.6688604663585074,0.38286619954361,12.480348889005437
2024-07-12 19:25:00,42.5,1.6688604663585074,-2.790278165241788,12.480348889005437
2024-07-12 19:30:00,31.0,1.6688604663585074,-5.691661773482519,13.460517661451311
2024-07-12 19:35:00,21.59999847,1.6688604663585074,-8.325212625717406,13.872362452618244
2024-07-12 19:40:00,15.93333435,1.6688604663585074,-10.695956701457208,14.495739404638165
2024-07-12 19:45:00,14.46666718,1.6688604663585074,-12.809976630476553,16.145621036777502
2024-07-12 19:50:00,13.30000019,1.6688604663585074,-14.674363472717186,16.128624221227973
2024-07-12 19:55:00,12.96666718,1.6688604663585074,-16.297162031987,16.233237086562678
2024-07-12 20:00:00,0.0,1.6688604663585074,-17.687310099144387,0.6299555589333334
2024-07-12 20:05:00,0.0,1.6688604663585074,-18.85457213291183,0.841918526977778
2024-07-12 20:10:00,0.0,1.6688604663585074,-19.809467882026286,0.7992888961333335
2024-07-12 20:15:00,0.0,1.6688604663585074,-20.56319651527801,0.6299555589333334
2024-07-12 20:20:00,0.0,1.6688604663585074,-21.127556837259004,0.6299555589333334
2024-07-12 20:25:00,0.0,1.6688604663585074,-21.514864207274062,0.841918526977778
2024-07-12 20:30:00,0.0,1.6688604663585074,-21.737864805737086,1.0678518632977778
2024-07-12 20:35:00,0.0,1.6688604663585074,-21.80964787836875,1.0678518632977778
2024-07-12 20:40:00,0.0,1.6688604663585074,-21.74355666114205,1.0264074186311112
2024-07-12 20:45:00,0.0,1.6688604663585074,-21.553098613054058,0.9600963071644448
2024-07-12 20:50:00,0.0,1.6688604663585074,-21.251855670042954,1.0264074186311112
2024-07-12 20:55:00,0.0,1.6688604663585074,-20.853395162693143,0.9987777888533335
2024-07-12 21:00:00,0.0,1.6688604663585074,-20.37118207067166,0.0
2024-07-12 21:05:00,0.0,1.6688604663585074,-19.818493256722583,0.0
2024-07-12 21:10:00,0.0,1.6688604663585074,-19.208334307902817,0.0
2024-07-12 21:15:00,0.0,1.6688604663585074,-18.553359586874603,0.0
2024-07-12 21:20:00,0.0,1.6688604663585074,-17.86579606892986,0.0
2024-07-12 21:25:00,0.0,1.6688604663585074,-17.157371505543498,0.0
2024-07-12 21:30:00,0.0,1.6688604663585074,-16.43924741956163,0.0
2024-07-12 21:35:00,0.0,1.6688604663585074,-15.721957399964468,0.0
2024-07-12 21:40:00,0.0,1.6688604663585074,-15.015351109978345,0.0
2024-07-12 21:45:00,0.0,1.6688604663585074,-14.328544385056443,0.0
2024-07-12 21:50:00,0.0,1.6688604663585074,-13.669875744116517,0.0
2024-07-12 21:55:00,0.0,1.6688604663585074,-13.046869582752656,0.04144444466666667
2024-07-12 22:00:00,0.0,1.6688604663585074,-12.466206264776043,1.292026077153824
2024-07-12 22:05:00,0.0,1.6688604663585074,-11.933699276029285,1.292026077153824
2024-07-12 22:10:00,0.0,1.6688604663585074,-11.454279540022657,1.292026077153824
2024-07-12 22:15:00,0.0,1.6688604663585074,-11.031986941894388,1.292026077153824
2024-07-12 22:20:00,0.0,1.6688604663585074,-10.669969059042892,0.04144444466666667
2024-07-12 22:25:00,0.0,1.6688604663585074,-10.37048701752751,0.0
2024-07-12 22:30:00,0.0,1.6688604663585074,-10.134928359578437,0.0
2024-07-12 22:35:00,0.0,1.6688604663585074,-9.963826742104871,0.0
2024-07-12 22:40:00,0.0,1.6688604663585074,-9.856888230246176,0.0
2024-07-12 22:45:00,0.0,1.6688604663585074,-9.813023906331026,0.0
2024-07-12 22:50:00,0.0,1.6688604663585074,-9.830388460105823,0.0
2024-07-12 22:55:00,0.0,1.6688604663585074,-9.90642438083318,0.0
2024-07-12 23:00:00,0.0,1.6688604663585074,-10.037911333766955,0.0
2024-07-12 23:05:00,0.0,1.6688604663585074,-10.221020253575091,0.0
2024-07-12 23:10:00,0.0,1.6688604663585074,-10.451371666459814,0.0
2024-07-12 23:15:00,0.0,1.6688604663585074,-10.724097707805496,0.0
2024-07-12 23:20:00,0.0,1.6688604663585074,-11.033907282697479,0.0
2024-07-12 23:25:00,0.0,1.6688604663585074,-11.37515379235902,0.0
2024-07-12 23:30:00,0.0,1.6688604663585074,-11.741904831235248,0.0
2024-07-12 23:35:00,0.0,1.6688604663585074,-12.128013245651989,0.0
2024-07-12 23:40:00,0.0,1.6688604663585074,-12.527188937940483,0.0
2024-07-12 23:45:00,0.0,1.6688604663585074,-12.93307080265573,0.0
2024-07-12 23:50:00,0.0,1.6688604663585074,-13.339298157423647,0.0
2024-07-12 23:55:00,0.0,1.6688604663585074,-13.739581093506093,0.0
2024-07-13 00:00:00,0.0,1.6688604663585074,-14.127769099161803,0.0
2024-07-13 00:05:00,0.0,1.6688604663585074,-14.497917423985703,0.0
2024-07-13 00:10:00,0.0,1.6688604663585074,-14.844350575238767,0.0
2024-07-13 00:15:00,0.0,1.6688604663585074,-15.161722444565196,0.0
2024-07-13 00:20:00,0.0,1.6688604663585074,-15.445072539591612,0.0
2024-07-13 00:25:00,0.0,1.6688604663585074,-15.689877854412709,0.0
2024-07-13 00:30:00,0.0,1.6688604663585074,-15.892099941279053,0.0
2024-07-13 00:35:00,0.0,1.6688604663585074,-16.048226789328787,0.0
2024-07-13 00:40:00,0.0,1.6688604663585074,-16.155309165617542,0.0
2024-07-13 00:45:00,0.0,1.6688604663585074,-16.21099109474778,0.0
2024-07-13 00:50:00,0.0,1.6688604663585074,-16.21353426026334,0.0
2024-07-13 00:55:00,0.0,1.6688604663585074,-16.161836075411227,0.0
2024-07-13 01:00:00,0.0,1.6688604663585074,-16.055441322378392,0.0
2024-07-13 01:05:00,0.0,1.6688604663585074,-15.89454722122702,0.0
2024-07-13 01:10:00,0.0,1.6688604663585074,-15.680001915775284,0.0
2024-07-13 01:15:00,0.0,1.6688604663585074,-15.41329637058099,0.0
2024-07-13 01:20:00,0.0,1.6688604663585074,-15.09654976157696,0.0
2024-07-13 01:25:00,0.0,1.6688604663585074,-14.732488467354429,0.0
2024-07-13 01:30:00,0.0,1.6688604663585074,-14.32441884669451,0.0
2024-07-13 01:35:00,0.0,1.6688604663585074,-13.876194026690511,0.0
2024-07-13 01:40:00,0.0,1.6688604663585074,-13.392174970670592,0.0
2024-07-13 01:45:00,0.0,1.6688604663585074,-12.877186169230134,0.0
2024-07-13 01:50:00,0.0,1.6688604663585074,-12.336466295616349,0.0
2024-07-13 01:55:00,0.0,1.6688604663585074,-11.775614271421377,0.0
2024-07-13 02:00:00,0.0,1.6688604663585074,-11.200531156784928,0.0
2024-07-13 02:05:00,0.0,1.6688604663585074,-10.617358389174735,0.0
2024-07-13 02:10:00,0.0,1.6688604663585074,-10.03241285500826,0.0
2024-07-13 02:15:00,0.0,1.6688604663585074,-9.452119363920703,0.0
2024-07-13 02:20:00,0.0,1.6688604663585074,-8.882941079700448,0.0
2024-07-13 02:25:00,0.0,1.6688604663585074,-8.331308501661955,0.0
2024-07-13 02:30:00,0.0,1.6688604663585074,-7.80354759499616,0.0
2024-07-13 02:35:00,0.0,1.6688604663585074,-7.305807682912492,0.0
2024-07-13 02:40:00,0.0,1.6688604663585074,-6.843989713242274,0.0
2024-07-13 02:45:00,0.0,1.6688604663585074,-6.423675510713711,0.0
2024-07-13 02:50:00,0.0,1.6688604663585074,-6.050058634797655,0.0
2024-07-13 02:55:00,0.0,1.6688604663585074,-5.727877427690813,0.0
2024-07-13 03:00:00,0.0,1.6688604663585074,-5.461350847371532,0.0
2024-07-13 03:05:00,0.0,1.6688604663585074,-5.2541176444202256,0.0
2024-07-13 03:10:00,0.0,1.6688604663585074,-5.109179426790596,0.0
2024-07-13 03:15:00,0.0,1.6688604663585074,-5.0288481216293635,0.0
2024-07-13 03:20:00,0.0,1.6688604663585074,-5.014698316581107,0.0
2024-07-13 03:25:00,0.0,1.6688604663585074,-5.067524922593224,0.0
2024-07-13 03:30:00,0.0,1.6688604663585074,-5.187306563267534,0.0
2024-07-13 03:35:00,0.0,1.6688604663585074,-5.373175052144436,0.0
2024-07-13 03:40:00,0.0,1.6688604663585074,-5.623391272839421,0.0
2024-07-13 03:45:00,0.0,1.6688604663585074,-5.935327726327679,0.0
2024-07-13 03:50:00,0.0,1.6688604663585074,-6.305457966687244,0.0
2024-07-13 03:55:00,0.0,1.6688604663585074,-6.729353084270571,0.0
2024-07-13 04:00:00,0.0,1.6688604663585074,-7.201685348338111,0.0
2024-07-13 04:05:00,0.0,1.6688604663585074,-7.716239065469764,0.0
2024-07-13 04:10:00,0.0,1.6688604663585074,-8.265928646951151,0.0
2024-07-13 04:15:00,0.0,1.6688604663585074,-8.842823840675255,0.0
2024-07-13 04:20:00,0.0,1.6688604663585074,-9.438182003094939,0.0
2024-07-13 04:25:00,0.0,1.6688604663585074,-10.04248725612423,0.0
2024-07-13 04:30:00,0.0,1.6688604663585074,-10.645496303481679,0.0
2024-07-13 04:35:00,0.0,1.6688604663585074,-11.236290640380561,0.0
2024-07-13 04:40:00,0.0,1.6688604663585074,-11.80333482681959,0.0
2024-07-13 04:45:00,0.0,1.6688604663585074,-12.334540466484519,0.0
2024-07-13 04:50:00,0.0,1.6688604663585074,-12.81733546984806,0.0
2024-07-13 04:55:00,0.0,1.6688604663585074,-13.238738146933509,0.0
2024-07-13 05:00:00,0.0,1.6688604663585074,-13.585435641219057,0.0
2024-07-13 05:05:00,0.0,1.6688604663585074,-13.843866157546195,0.0
2024-07-13 05:10:00,0.0,1.6688604663585074,-14.000304451751617,0.0
2024-07-13 05:15:00,0.0,1.6688604663585074,-14.040949964078733,0.0
2024-07-13 05:20:00,0.0,1.6688604663585074,-13.952017007085466,0.0
2024-07-13 05:25:00,0.0,1.6688604663585074,-13.719826368595072,0.0
2024-07-13 05:30:00,0.0,1.6688604663585074,-13.330897691612638,0.0
2024-07-13 05:35:00,0.0,1.6688604663585074,-12.772041977736585,0.0
2024-07-13 05:40:00,0.0,1.6688604663585074,-12.030453562613525,0.0
2024-07-13 05:45:00,0.0,1.6688604663585074,-11.093800901244236,0.0
2024-07-13 05:50:00,0.0,1.6688604663585074,-9.95031552679708,0.0
2024-07-13 05:55:00,0.0,1.6688604663585074,-8.588878535718553,0.0
2024-07-13 06:00:00,0.0,1.6688604663585074,-6.9991039758637,108.01093854899067
2024-07-13 06:05:00,0.0,1.6688604663585074,-5.171418538732565,107.57719293231884
2024-07-13 06:10:00,0.0,1.6688604663585074,-3.0971369821662713,107.57719293231884
2024-07-13 06:15:00,0.0,1.6688604663585074,-0.7685327191715334,107.57719293231884
2024-07-13 06:20:00,72.09999847,1.6688604663585074,1.8210969314445093,106.39462858140931
2024-07-13 06:25:00,93.09999847,1.6688604663585074,4.677371315753967,103.72282000184263
2024-07-13 06:30:00,117.5,1.6688604663585074,7.804773299014603,102.85830325294265
2024-07-13 06:35:00,142.1999969,1.6688604663585074,11.20660274181757,102.85830325294265
2024-07-13 06:40:00,177.3000031,1.6688604663585074,14.884937039408895,93.02641065110866
2024-07-13 06:45:00,189.6000061,1.6688604663585074,18.840598934279427,66.17807575620726
2024-07-13 06:50:00,185.4000092,1.6688604663585074,23.0731319264209,66.17807575620726
2024-07-13 06:55:00,263.8999939,1.6688604663585074,27.580783433448364,63.6497750589263
2024-07-13 07:00:00,281.3999939,1.6688604663585074,32.360495867429435,280.9523444683159
2024-07-13 07:05:00,410.2999878,1.6688604663585074,37.40790572057854,280.9523444683159
2024-07-13 07:10:00,455.6000061,1.6688604663585074,42.717350651066766,280.9523444683159
2024-07-13 07:15:00,519.4000244,1.6688604663585074,48.28188464380716,280.9523444683159
2024-07-13 07:20:00,494.1666565,1.6688604663585074,54.09330101400537,280.9523444683159
2024-07-13 07:25:00,585.7000122,1.6688604663585074,60.142163282883125,283.06200477705397
2024-07-13 07:30:00,556.2666626,1.6688604663585074,66.41784362494792,282.55276991547544
2024-07-13 07:35:00,649.5999756,1.6688604663585074,72.9085686833149,287.6894296367881
2024-07-13 07:40:00,617.6333008,1.6688604663585074,79.60147247695025,321.83886274792184
2024-07-13 07:45:00,708.5999756,1.6688604663585074,86.48265600109572,297.44636250881973
2024-07-13 07:50:00,670.166687,1.6688604663585074,93.53725319962666,456.4562822201642
2024-07-13 07:55:00,691.4000244,1.6688604663585074,100.74950283144963,489.64805654773573
2024-07-13 08:00:00,607.1999512,1.6688604663585074,108.1028258095945,910.2727810057914
2024-07-13 08:05:00,423.8000183,1.6688604663585074,115.5799073752691,957.5507337967637
2024-07-13 08:10:00,366.3999939,1.6688604663585074,123.16278377309239,957.5507337967637
2024-07-13 08:15:00,362.2333069,1.6688604663585074,130.8329326366213,957.5507337967637
2024-07-13 08:20:00,351.8000183,1.6688604663585074,138.57136664913853,975.0341500809428
2024-07-13 08:25:00,335.3333435,1.6688604663585074,146.3587297722166,975.0341500809428
2024-07-13 08:30:00,1305.0,1.6688604663585074,154.17539543468305,970.889645377481
2024-07-13 08:35:00,1070.449951,1.6688604663585074,162.0015660579217,955.6828991125427
2024-07-13 08:40:00,1108.399902,1.6688604663585074,169.81737318543065,948.5949410536315
2024-07-13 08:45:00,873.8499756,1.6688604663585074,177.60297770979162,948.5949410536315
2024-07-13 08:50:00,677.25,1.6688604663585074,185.3386693278215,942.2908850378758
2024-07-13 08:55:00,429.5999756,1.6688604663585074,193.00496480564547,934.4856421227198
2024-07-13 09:00:00,475.2999878,1.6688604663585074,200.58270426042358,1336.8596393099076
2024-07-13 09:05:00,1485.800049,1.6688604663585074,208.0531448970491,1336.8596393099076
2024-07-13 09:10:00,1616.199951,1.6688604663585074,215.39805162361947,1324.8008893001563
2024-07-13 09:15:00,1555.433228,1.6688604663585074,222.5997838905927,1347.9928435619975
2024-07-13 09:20:00,1594.666626,1.6688604663585074,229.6413783172149,1392.594611724302
2024-07-13 09:25:00,1583.900024,1.6688604663585074,236.50662650194764,1392.594611724302
2024-07-13 09:30:00,1297.399902,1.6688604663585074,243.18014762991328,1437.4255253374822
2024-07-13 09:35:00,1809.599976,1.6688604663585074,249.64745529272017,1554.7305296259424
2024-07-13 09:40:00,1628.899902,1.6688604663585074,255.8950183109689,1690.8217844341675
2024-07-13 09:45:00,1568.666626,1.6688604663585074,261.9103150940393,1690.3965398061675
2024-07-13 09:50:00,1989.199951,1.6688604663585074,267.6818812227565,1681.524569972964
2024-07-13 09:55:00,1631.166626,1.6688604663585074,273.19935008384795,1679.4788914864384
2024-07-13 10:00:00,1633.799927,1.6688604663585074,278.4534862791664,1803.5185009565064
2024-07-13 10:05:00,1596.099976,1.6688604663585074,283.43621170984113,1815.6700510937383
2024-07-13 10:10:00,1526.099976,1.6688604663585074,288.1406241663758,1821.4512336171833
2024-07-13 10:15:00,2060.699951,1.6688604663585074,292.5610084984478,1857.2767099067173
2024-07-13 10:20:00,2047.400024,1.6688604663585074,296.6928402092955,1856.893568893485
2024-07-13 10:25:00,2045.699829,1.6688604663585074,300.5327816966091,1856.893568893485
2024-07-13 10:30:00,2029.766602,1.6688604663585074,304.0786711432067,1857.3188135214853
2024-07-13 10:35:00,2028.266724,1.6688604663585074,307.32950426000224,1856.308479590374
2024-07-13 10:40:00,2023.466675,1.6688604663585074,310.2854091001753,1856.308479590374
2024-07-13 10:45:00,2037.866699,1.6688604663585074,312.947614166425,1850.5583125553742
2024-07-13 10:50:00,2033.799927,1.6688604663585074,315.3184101662053,1850.5583125553742
2024-07-13 10:55:00,2024.233398,1.6688604663585074,317.4011057200773,1850.5583125553742
2024-07-13 11:00:00,2005.566772,1.6688604663585074,319.1999774465045,1890.341901429235
2024-07-13 11:05:00,1902.733276,1.6688604663585074,320.72021478875433,1884.5013306052895
2024-07-13 11:10:00,1775.666626,1.6688604663585074,321.96786011722554,1879.671624242377
2024-07-13 11:15:00,1663.449951,1.6688604663585074,322.949744537206,1884.9785898240434
2024-07-13 11:20:00,1234.5,1.6688604663585074,323.67341992750875,1912.4907121871377
2024-07-13 11:25:00,1160.0,1.6688604663585074,324.1470877598779,1935.4429401850255
2024-07-13 11:30:00,1049.950073,1.6688604663585074,324.3795252348907,1935.4429401850255
2024-07-13 11:35:00,1043.033325,1.6688604663585074,324.38000930802633,1954.6568725181364
2024-07-13 11:40:00,1502.699951,1.6688604663585074,324.1582391812274,1970.9051997247086
2024-07-13 11:45:00,1351.650024,1.6688604663585074,323.7242578376714,1991.6385326056482
2024-07-13 11:50:00,1298.299927,1.6688604663585074,323.08837320474953,1991.6351966376483
2024-07-13 11:55:00,1196.099854,1.6688604663585074,322.2610795251585,1992.117972433315
2024-07-13 12:00:00,1012.599976,1.6688604663585074,321.25297949497,2000.9001520142506
2024-07-13 12:05:00,723.2666626,1.6688604663585074,320.074707749105,2000.933003846473
2024-07-13 12:10:00,802.2999878,1.6688604663585074,318.73685620715065,2003.136510896251
2024-07-13 12:15:00,1223.699951,1.6688604663585074,317.2499018319236,2007.6310240170685
2024-07-13 12:20:00,2009.0,1.6688604663585074,315.62413727718473,2006.3727659663061
2024-07-13 12:25:00,2019.200073,1.6688604663585074,313.8696049095018,1972.0395271908876
2024-07-13 12:30:00,2022.599976,1.6688604663585074,311.99603463067825,1941.5462224763446
2024-07-13 12:35:00,2029.400024,1.6688604663585074,310.0127859364026,1893.4380190573706
2024-07-13 12:40:00,2047.700073,1.6688604663585074,307.9287945475301,1899.0155415072677
2024-07-13 12:45:00,2064.350098,1.6688604663585074,305.75252396541254,1858.202031831653
2024-07-13 12:50:00,2063.266846,1.6688604663585074,303.4919222535176,1807.9907181232943
2024-07-13 12:55:00,2060.833252,1.6688604663585074,301.1543842606191,1826.866344870977
2024-07-13 13:00:00,2059.866455,1.6688604663585074,298.74671953031833,1834.2607868222672
2024-07-13 13:05:00,2059.733398,1.6688604663585074,296.275126018284,1827.3509490886952
2024-07-13 13:10:00,1983.299927,1.6688604663585074,293.7451697582419,1822.3849940132025
2024-07-13 13:15:00,1945.050049,1.6688604663585074,291.16177052484016,1776.3728237032092
2024-07-13 13:20:00,1529.366699,1.6688604663585074,288.5291935194759,1786.0876255170886
2024-07-13 13:25:00,2054.600098,1.6688604663585074,285.85104705349687,1803.0956729079057
2024-07-13 13:30:00,2056.350098,1.6688604663585074,283.1302861422847,1825.84373711135
2024-07-13 13:35:00,2057.766846,1.6688604663585074,280.36922190496017,1816.9040841878746
2024-07-13 13:40:00,2060.766846,1.6688604663585074,277.5695366008517,1809.4365681473123
2024-07-13 13:45:00,2062.100098,1.6688604663585074,274.73230409148596,1814.9768973285413
2024-07-13 13:50:00,1782.550171,1.6688604663585074,271.85801549891727,1778.842883951403
2024-07-13 13:55:00,2059.399902,1.6688604663585074,268.94660976205716,1744.0802782614032
2024-07-13 14:00:00,2057.799805,1.6688604663585074,265.99750875945585,1676.587776157151
2024-07-13 14:05:00,2056.333252,1.6688604663585074,263.0096566991374,1664.230810602306
2024-07-13 14:10:00,2053.266602,1.6688604663585074,259.9815633244847,1644.850148816552
2024-07-13 14:15:00,2050.799805,1.6688604663585074,256.9113505685475,1652.070371183404
2024-07-13 14:20:00,2049.5,1.6688604663585074,253.79680223062948,1654.1901311535592
2024-07-13 14:25:00,1787.950073,1.6688604663585074,250.63541619242366,1654.2358813731812
2024-07-13 14:30:00,2054.0,1.6688604663585074,247.4244587317112,1672.091951194753
2024-07-13 14:35:00,1809.700073,1.6688604663585074,244.16102044495133,1660.9639277999088
2024-07-13 14:40:00,1809.699829,1.6688604663585074,240.84207328253373,1657.509805339101
2024-07-13 14:45:00,1463.050049,1.6688604663585074,237.46452822189235,1656.6202834006565
2024-07-13 14:50:00,983.1998901,1.6688604663585074,234.02529306390093,1643.0923038951514
2024-07-13 14:55:00,2056.100098,1.6688604663585074,230.52132988020566,1466.4956127855544
2024-07-13 15:00:00,1839.650146,1.6688604663585074,226.9497116064394,1253.1472204470767
2024-07-13 15:05:00,2055.0,1.6688604663585074,223.30767732653672,1124.560876102812
2024-07-13 15:10:00,2050.949707,1.6688604663585074,219.59268578132068,765.7271747807267
2024-07-13 15:15:00,2049.966553,1.6688604663585074,215.8024666489325,730.2725242498998
2024-07-13 15:20:00,2048.0,1.6688604663585074,211.93506920789181,720.3730727717999
2024-07-13 15:25:00,1640.5,1.6688604663585074,207.98890794895854,708.1266559086873
2024-07-13 15:30:00,890.3999634,1.6688604663585074,203.96280476852962,1107.4592726768162
2024-07-13 15:35:00,1822.5,1.6688604663585074,199.85602746429112,1180.8577476101655
2024-07-13 15:40:00,1700.700073,1.6688604663585074,195.66832413314725,1349.4003656383325
2024-07-13 15:45:00,1660.099976,1.6688604663585074,191.39995325640467,1395.3536983773374
2024-07-13 15:50:00,1578.900146,1.6688604663585074,187.05170924271494,1407.5806230764172
2024-07-13 15:55:00,1236.650024,1.6688604663585074,182.62494318701425,1346.4492612160977
2024-07-13 16:00:00,661.5999756,1.6688604663585074,178.1215787217544,1400.4976427533186
2024-07-13 16:05:00,409.0999451,1.6688604663585074,173.54412282987178,1392.335534590207
2024-07-13 16:10:00,325.4666443,1.6688604663585074,168.89567153004498,1361.5540539677215
2024-07-13 16:15:00,344.1000061,1.6688604663585074,164.1799104248415,1368.3090698798644
2024-07-13 16:20:00,1527.599976,1.6688604663585074,159.40111008348865,1339.0343354751421
2024-07-13 16:25:00,1280.849854,1.6688604663585074,154.56411634026517,1335.3117479430787
2024-07-13 16:30:00,1484.099854,1.6688604663585074,149.6743355531161,1301.7484892778339
2024-07-13 16:35:00,1388.050049,1.6688604663585074,144.73771498393788,1252.940502554056
2024-07-13 16:40:00,1370.933228,1.6688604663585074,139.7607184502932,1209.1689176348557
2024-07-13 16:45:00,1329.099976,1.6688604663585074,134.75029743475037,1196.7004507028528
2024-07-13 16:50:00,1313.999878,1.6688604663585074,129.7138579320934,1203.7463564029667
2024-07-13 16:55:00,1283.166626,1.6688604663585074,124.65922324990011,1202.8084477131224
2024-07-13 17:00:00,1252.133301,1.6688604663585074,119.59459307001923,1202.2698311094432
2024-07-13 17:05:00,1233.100098,1.6688604663585074,114.52849916900286,1201.694753661789
2024-07-13 17:10:00,994.4499512,1.6688604663585074,109.46975804214485,1202.2113756034112
2024-07-13 17:15:00,525.8499756,1.6688604663585074,104.42742088116768,1203.6948682052528
2024-07-13 17:20:00,273.8999939,1.6688604663585074,99.41072126956989,1210.6048980853952
2024-07-13 17:25:00,823.7000122,1.6688604663585074,94.42902103974453,1318.9954518288012
2024-07-13 17:30:00,820.7000122,1.6688604663585074,89.49175466469566,1374.9774623258231
2024-07-13 17:35:00,819.7000122,1.6688604663585074,84.60837266423593,1274.1169986576467
2024-07-13 17:40:00,785.2333374,1.6688604663585074,79.78828443220239,867.0574329537757
2024-07-13 17:45:00,769.0,1.6688604663585074,75.04080096126964,676.3819247589566
2024-07-13 17:50:00,640.75,1.6688604663585074,70.37507787150797,588.1027400146762
2024-07-13 17:55:00,492.7000122,1.6688604663585074,65.8000592163778,591.3567479262554
2024-07-13 18:00:00,402.1666565,1.6688604663585074,61.32442245218736,590.2547550176658
2024-07-13 18:05:00,397.1666565,1.6688604663585074,56.9565250335412,565.2668898984474
2024-07-13 18:10:00,384.2333069,1.6688604663585074,52.704353013610294,575.5376322788107
2024-07-13 18:15:00,368.3000183,1.6688604663585074,48.575472034781555,571.8835053853442
2024-07-13 18:20:00,347.8499756,1.6688604663585074,44.57698110968977,562.8795253625077
2024-07-13 18:25:00,278.3500061,1.6688604663585074,40.71546949133778,470.13941605267513
2024-07-13 18:30:00,182.75,1.6688604663585074,36.99697696123738,444.57657785761336
2024-07-13 18:35:00,146.8333282,1.6688604663585074,33.426957884716806,406.6117343144941
2024-07-13 18:40:00,144.1333313,1.6688604663585074,30.01024919707997,320.89140030560634
2024-07-13 18:45:00,144.0666656,1.6688604663585074,26.751042627149555,265.7351740497518
2024-07-13 18:50:00,138.2666779,1.6688604663585074,23.652861310558688,253.58832615656948
2024-07-13 18:55:00,132.6333466,1.6688604663585074,20.718540992140053,249.7935177025472
2024-07-13 19:00:00,128.1499939,1.6688604663585074,17.95021589543257,64.07331207273758
2024-07-13 19:05:00,108.3999939,1.6688604663585074,15.349309387174564,61.864541652043144
2024-07-13 19:10:00,74.84999847,1.6688604663585074,12.916529467941068,77.77085998879676
2024-07-13 19:15:00,52.15000153,1.6688604663585074,10.651869097879283,84.5072523863655
2024-07-13 19:20:00,41.44999695,1.6688604663585074,8.554611372178538,86.4673876550133
2024-07-13 19:25:00,33.5,1.6688604663585074,6.623339420852648,88.58699420932375
2024-07-13 19:30:00,26.59999847,1.6688604663585074,4.855951003381348,84.17168757822105
2024-07-13 19:35:00,21.45000076,1.6688604663585074,3.2496776185639784,62.240492342110194
2024-07-13 19:40:00,16.63333321,1.6688604663585074,1.8011079905445317,60.54617432341693
2024-07-13 19:45:00,14.30000019,1.6688604663585074,0.50621571704522,61.99625169375743
2024-07-13 19:50:00,13.03333282,1.6688604663585074,-0.6396091283338882,62.008823125176484
2024-07-13 19:55:00,12.30000019,1.6688604663585074,-1.6415247273445754,62.008823125176484
2024-07-13 20:00:00,12.23333359,1.6688604663585074,-2.505198840308618,3.0648368772694443
2024-07-13 20:05:00,0.0,1.6688604663585074,-3.2367670363332506,3.0648368772694443
2024-07-13 20:10:00,0.0,1.6688604663585074,-3.8427881722448154,3.0648368772694443
2024-07-13 20:15:00,0.0,1.6688604663585074,-4.330197455132694,3.0648368772694443
2024-07-13 20:20:00,0.0,1.6688604663585074,-4.70625746336861,3.0648368772694443
2024-07-13 20:25:00,0.0,1.6688604663585074,-4.978507496836137,3.0648368772694443
2024-07-13 20:30:00,0.0,1.6688604663585074,-5.1547116547016065,3.0648368772694443
2024-07-13 20:35:00,0.0,1.6688604663585074,-5.242806029399736,3.0648368772694443
2024-07-13 20:40:00,0.0,1.6688604663585074,-5.250845420235843,3.0648368772694443
2024-07-13 20:45:00,0.0,1.6688604663585074,-5.186949965501772,3.036910953602778
2024-07-13 20:50:00,0.0,1.6688604663585074,-5.059252095212205,3.0707776210427777
2024-07-13 20:55:00,0.0,1.6688604663585074,-4.875844193020994,3.0648368772694443
2024-07-13 21:00:00,0.0,1.6688604663585074,-4.6447273549882855,2.6878369077694444
2024-07-13 21:05:00,0.0,1.6688604663585074,-4.373761617735475,2.6878369077694444
2024-07-13 21:10:00,0.0,1.6688604663585074,-4.070618014933107,2.6878369077694444
2024-07-13 21:15:00,0.0,1.6688604663585074,-3.742732804006695,2.6878369077694444
2024-07-13 21:20:00,0.0,1.6688604663585074,-3.3972641851484173,2.6878369077694444
2024-07-13 21:25:00,0.0,1.6688604663585074,-3.041051815205485,2.6878369077694444
2024-07-13 21:30:00,0.0,1.6688604663585074,-2.6805793868594106,2.687392466936111
2024-07-13 21:35:00,0.0,1.6688604663585074,-2.321940534304382,3.3414195618483404
2024-07-13 21:40:00,0.0,1.6688604663585074,-1.970808273804039,3.3414195618483404
2024-07-13 21:45:00,0.0,1.6688604663585074,-1.6324081818066525,3.3414195618483404
2024-07-13 21:50:00,0.0,1.6688604663585074,-1.3114954674578538,3.3414195618483404
2024-07-13 21:55:00,0.0,1.6688604663585074,-1.012336071440887,206.15130855670597
2024-07-13 22:00:00,0.0,1.6688604663585074,-0.7386918858022388,778.2366674913459
2024-07-13 22:05:00,0.0,1.6688604663585074,-0.4938101595741056,878.4027713521531
2024-07-13 22:10:00,0.0,1.6688604663585074,-0.28041712029296556,3.3414195618483404
2024-07-13 22:15:00,0.0,1.6688604663585074,-0.1007158047798214,3.3414195618483404
2024-07-13 22:20:00,0.0,1.6688604663585074,0.04361193131042806,1.4301742260427128
2024-07-13 22:25:00,0.0,1.6688604663585074,0.151399305911334,1.4301742260427128
2024-07-13 22:30:00,0.0,1.6688604663585074,0.22198449583103258,1.2713038548204907
2024-07-13 22:35:00,0.0,1.6688604663585074,0.2551966568950351,1.2713038548204907
2024-07-13 22:40:00,0.0,1.6688604663585074,0.2513382377021102,1.2713038548204907
2024-07-13 22:45:00,0.0,1.6688604663585074,0.21116378003471942,1.3127482994871573
2024-07-13 22:50:00,0.0,1.6688604663585074,0.13585542367254347,1.3127482994871573
2024-07-13 22:55:00,0.0,1.6688604663585074,0.026995359666567686,1.1746001505982682
2024-07-13 23:00:00,0.0,1.6688604663585074,-0.1134645048278827,0.0
2024-07-13 23:05:00,0.0,1.6688604663585074,-0.2832353791532663,0.0
2024-07-13 23:10:00,0.0,1.6688604663585074,-0.4797266227104532,0.0
2024-07-13 23:15:00,0.0,1.6688604663585074,-0.7000826508488351,0.0
2024-07-13 23:20:00,0.0,1.6688604663585074,-0.9412213913767421,0.0
2024-07-13 23:25:00,0.0,1.6688604663585074,-1.1998739381031875,0.0
2024-07-13 23:30:00,0.0,1.6688604663585074,-1.4726250620876566,0.0
2024-07-13 23:35:00,0.0,1.6688604663585074,-1.755954220577855,0.0
2024-07-13 23:40:00,0.0,1.6688604663585074,-2.04627671042611,0.0
2024-07-13 23:45:00,0.0,1.6688604663585074,-2.3399846133604147,0.0
2024-07-13 23:50:00,0.0,1.6688604663585074,-2.63348717898242,0.0
2024-07-13 23:55:00,0.0,1.6688604663585074,-2.9232503114596162,0.0
2024-07-14 00:00:00,0.0,1.6688604663585074,-3.2058348134927908,0.0
2024-07-14 00:05:00,0.0,1.6688604663585074,-3.4779330860461637,0.0
2024-07-14 00:10:00,0.0,1.6688604663585074,-3.736403956150474,0.0
2024-07-14 00:15:00,0.0,1.6688604663585074,-3.978305367712231,0.0
2024-07-14 00:20:00,0.0,1.6688604663585074,-4.2009246459996765,0.0
2024-07-14 00:25:00,0.0,1.6688604663585074,-4.401806103867375,0.0
2024-07-14 00:30:00,0.0,1.6688604663585074,-4.578775760188497,0.0
2024-07-14 00:35:00,0.0,1.6688604663585074,-4.729962972517598,0.0
2024-07-14 00:40:00,0.0,1.6688604663585074,-4.853818815327627,0.0
2024-07-14 00:45:00,0.0,1.6688604663585074,-4.949131058944092,0.0
2024-07-14 00:50:00,0.0,1.6688604663585074,-5.0150356360661625,0.0
2024-07-14 00:55:00,0.0,1.6688604663585074,-5.051024511583327,0.0
2024-07-14 01:00:00,0.0,1.6688604663585074,-5.056949905076065,0.0
2024-07-14 01:05:00,0.0,1.6688604663585074,-5.033024834857324,0.0
2024-07-14 01:10:00,0.0,1.6688604663585074,-4.979820007550852,0.0
2024-07-14 01:15:00,0.0,1.6688604663585074,-4.898257073095053,0.0
2024-07-14 01:20:00,0.0,1.6688604663585074,-4.789598332237644,0.0
2024-07-14 01:25:00,0.0,1.6688604663585074,-4.655432983372702,0.0
2024-07-14 01:30:00,0.0,1.6688604663585074,-4.497660043667998,0.0
2024-07-14 01:35:00,0.0,1.6688604663585074,-4.318468096618679,0.0
2024-07-14 01:40:00,0.0,1.6688604663585074,-4.120312049601181,0.0
2024-07-14 01:45:00,0.0,1.6688604663585074,-3.9058871078429784,0.0
2024-07-14 01:50:00,0.0,1.6688604663585074,-3.6781001932752746,0.0
2024-07-14 01:55:00,0.0,1.6688604663585074,-3.4400390641250698,0.0
2024-07-14 02:00:00,0.0,1.6688604663585074,-3.1949393957148944,0.0
2024-07-14 02:05:00,0.0,1.6688604663585074,-2.9461501222906743,0.0
2024-07-14 02:10:00,0.0,1.6688604663585074,-2.6970973292500418,0.0
2024-07-14 02:15:00,0.0,1.6688604663585074,-2.4512470169670215,0.0
2024-07-14 02:20:00,0.0,1.6688604663585074,-2.212067055968536,0.0
2024-07-14 02:25:00,0.0,1.6688604663585074,-1.982988663726546,0.0
2024-07-14 02:30:00,0.0,1.6688604663585074,-1.7673677385729947,0.0
2024-07-14 02:35:00,0.0,1.6688604663585074,-1.568446384066397,0.0
2024-07-14 02:40:00,0.0,1.6688604663585074,-1.3893149602699224,0.0
2024-07-14 02:45:00,0.0,1.6688604663585074,-1.2328749901278289,0.0
2024-07-14 02:50:00,0.0,1.6688604663585074,-1.1018032492087626,0.0
2024-07-14 02:55:00,0.0,1.6688604663585074,-0.998517348658244,0.0
2024-07-14 03:00:00,0.0,1.6688604663585074,-0.9251431180716805,0.0
2024-07-14 03:05:00,0.0,1.6688604663585074,-0.8834840770416352,0.0
2024-07-14 03:10:00,0.0,1.6688604663585074,-0.8749932674518591,0.0
2024-07-14 03:15:00,0.0,1.6688604663585074,-0.900747702218641,0.0
2024-07-14 03:20:00,0.0,1.6688604663585074,-0.9614256639444811,0.0
2024-07-14 03:25:00,0.0,1.6688604663585074,-1.057287064668454,0.0
2024-07-14 03:30:00,0.0,1.6688604663585074,-1.1881570553905079,0.0
2024-07-14 03:35:00,0.0,1.6688604663585074,-1.3534130468412648,0.0
2024-07-14 03:40:00,0.0,1.6688604663585074,-1.5519752769419806,0.0
2024-07-14 03:45:00,0.0,1.6688604663585074,-1.782301032363629,0.0
2024-07-14 03:50:00,0.0,1.6688604663585074,-2.0423826027046927,0.0
2024-07-14 03:55:00,0.0,1.6688604663585074,-2.3297490187207957,0.0
2024-07-14 04:00:00,0.0,1.6688604663585074,-2.641471589694691,0.0
2024-07-14 04:05:00,0.0,1.6688604663585074,-2.974173235566837,0.0
2024-07-14 04:10:00,0.0,1.6688604663585074,-3.3240415689484286,0.0
2024-07-14 04:15:00,0.0,1.6688604663585074,-3.6868456640984495,0.0
2024-07-14 04:20:00,0.0,1.6688604663585074,-4.057956400625525,0.0
2024-07-14 04:25:00,0.0,1.6688604663585074,-4.432370277841871,0.0
2024-07-14 04:30:00,0.0,1.6688604663585074,-4.804736521059521,0.0
2024-07-14 04:35:00,0.0,1.6688604663585074,-5.169387319171198,0.0
2024-07-14 04:40:00,0.0,1.6688604663585074,-5.52037097892764,0.0
2024-07-14 04:45:00,0.0,1.6688604663585074,-5.851487771524338,0.0
2024-07-14 04:50:00,0.0,1.6688604663585074,-6.156328221828022,0.0
2024-07-14 04:55:00,0.0,1.6688604663585074,-6.428313573839255,0.0
2024-07-14 05:00:00,0.0,1.6688604663585074,-6.660738143254148,0.0
2024-07-14 05:05:00,0.0,1.6688604663585074,-6.846813257695077,0.0
2024-07-14 05:10:00,0.0,1.6688604663585074,-6.979712475979199,0.0
2024-07-14 05:15:00,0.0,1.6688604663585074,-7.052617749297156,0.0
2024-07-14 05:20:00,0.0,1.6688604663585074,-7.058766210978073,0.0
2024-07-14 05:25:00,0.0,1.6688604663585074,-6.991497235799387,0.0
2024-07-14 05:30:00,0.0,1.6688604663585074,-6.844299447008899,0.0
2024-07-14 05:35:00,0.0,1.6688604663585074,-6.610857317612691,0.0
2024-07-14 05:40:00,0.0,1.6688604663585074,-6.285097033391429,0.0
2024-07-14 05:45:00,0.0,1.6688604663585074,-5.861231279646181,0.0
2024-07-14 05:50:00,0.0,1.6688604663585074,-5.333802630144077,0.0
2024-07-14 05:55:00,0.0,1.6688604663585074,-4.697725215902004,0.0
2024-07-14 06:00:00,0.0,1.6688604663585074,-3.9483243696074592,50.87790189634304
2024-07-14 06:05:00,0.0,1.6688604663585074,-3.0813739629571346,46.61931790165097
2024-07-14 06:10:00,0.0,1.6688604663585074,-2.0931311487004014,46.61931790165097
2024-07-14 06:15:00,0.0,1.6688604663585074,-0.9803682664927771,46.61931790165097
2024-07-14 06:20:00,0.0,1.6688604663585074,0.25959833235061014,45.837022682312565
2024-07-14 06:25:00,0.0,1.6688604663585074,1.628882750908382,45.837022682312565
2024-07-14 06:30:00,70.30000305,1.6688604663585074,3.1290074895805575,45.57813379342367
2024-07-14 06:35:00,83.19999695,1.6688604663585074,4.7608850358456545,45.57813379342367
2024-07-14 06:40:00,98.59999847,1.6688604663585074,6.524803230789335,49.101791060240494
2024-07-14 06:45:00,114.6999969,1.6688604663585074,8.420414533720379,49.101791060240494
2024-07-14 06:50:00,132.6999969,1.6688604663585074,10.446729257825725,44.28954639206385
2024-07-14 06:55:00,150.3000031,1.6688604663585074,12.602112834147656,74.41261831065475
2024-07-14 07:00:00,178.8000031,1.6688604663585074,14.884287137193475,222.7996766040947
2024-07-14 07:05:00,208.3000031,1.6688604663585074,17.290335845770475,222.7996766040947
2024-07-14 07:10:00,231.0,1.6688604663585074,19.81671383463677,222.7996766040947
2024-07-14 07:15:00,277.0,1.6688604663585074,22.45926053108417,222.7996766040947
2024-07-14 07:20:00,313.3999939,1.6688604663585074,25.213217108399203,228.95641271741624
2024-07-14 07:25:00,354.2000122,1.6688604663585074,28.07324746203522,228.95641271741624
2024-07-14 07:30:00,402.8999939,1.6688604663585074,31.033462788816312,241.10813521220896
2024-07-14 07:35:00,428.2000122,1.6688604663585074,34.087449590310776,241.10813521220896
2024-07-14 07:40:00,495.2000122,1.6688604663585074,37.228300946432746,359.12528394724444
2024-07-14 07:45:00,541.7999878,1.6688604663585074,40.44865081454932,359.12528394724444
2024-07-14 07:50:00,591.2999878,1.6688604663585074,43.740711129681856,480.6654509161821
2024-07-14 07:55:00,646.2999878,1.6688604663585074,47.096311461906865,480.6654509161821
2024-07-14 08:00:00,701.4000244,1.6688604663585074,50.5069409356239,892.6922138756353
2024-07-14 08:05:00,762.0999756,1.6688604663585074,53.96379215446845,892.9697878986352
2024-07-14 08:10:00,840.5,1.6688604663585074,57.45780680519282,909.881131980904
2024-07-14 08:15:00,963.5,1.6688604663585074,60.97972266194238,909.881131980904
2024-07-14 08:20:00,1090.300049,1.6688604663585074,64.52012164842535,901.174008834488
2024-07-14 08:25:00,1212.400024,1.6688604663585074,68.06947864426826,932.9231321574899
2024-07-14 08:30:00,1130.300049,1.6688604663585074,71.61821072319299,933.1834655111564
2024-07-14 08:35:00,1330.099976,1.6688604663585074,75.15672645574055,940.2963967211316
2024-07-14 08:40:00,1248.133301,1.6688604663585074,78.67547499817964,941.2367300411315
2024-07-14 08:45:00,1327.433228,1.6688604663585074,82.1649946350265,952.289281973917
2024-07-14 08:50:00,1307.433228,1.6688604663585074,85.61596040071228,952.3112757546613
2024-07-14 08:55:00,1318.06665,1.6688604663585074,89.01923056558681,957.2979328793725
2024-07-14 09:00:00,1287.300049,1.6688604663585074,92.36589162957564,1436.867637182808
2024-07-14 09:05:00,1543.599976,1.6688604663585074,95.64730152946126,1429.0473946704503
2024-07-14 09:10:00,1427.566772,1.6688604663585074,98.85513083568833,1452.380860424547
2024-07-14 09:15:00,1507.466675,1.6688604663585074,101.98140164532235,1459.5600936240523
2024-07-14 09:20:00,1470.299927,1.6688604663585074,105.01852394867213,1504.3705787509396
2024-07-14 09:25:00,1447.033325,1.6688604663585074,107.95932926186899,1583.7531006382774
2024-07-14 09:30:00,1451.133423,1.6688604663585074,110.79710130562708,1585.4585799219888
2024-07-14 09:35:00,1492.599976,1.6688604663585074,113.52560358632013,1547.7325344552096
2024-07-14 09:40:00,1554.166626,1.6688604663585074,116.13910370292382,1528.135099968794
2024-07-14 09:45:00,1616.466675,1.6688604663585074,118.63239428219453,1441.3985098646265
2024-07-14 09:50:00,1667.966675,1.6688604663585074,121.00081041917183,1373.3429578505213
2024-07-14 09:55:00,1712.233398,1.6688604663585074,123.24024355811123,1359.7456302269818
2024-07-14 10:00:00,1750.933228,1.6688604663585074,125.34715177432848,1837.1657337454299
2024-07-14 10:05:00,1787.966675,1.6688604663585074,127.31856640716133,1837.1657337454299
2024-07-14 10:10:00,1818.400024,1.6688604663585074,129.152095082156,1837.1657337454299
2024-07-14 10:15:00,1844.533203,1.6688604663585074,130.84592114202965,1855.3141132653313
2024-07-14 10:20:00,1867.5,1.6688604663585074,132.39879950665656,1864.1526204981415
2024-07-14 10:25:00,1891.599976,1.6688604663585074,133.81004910154147,1864.1526204981415
2024-07-14 10:30:00,1915.099976,1.6688604663585074,135.079541910242,1904.654215595397
2024-07-14 10:35:00,1938.133301,1.6688604663585074,136.20768880286727,1907.272997694655
2024-07-14 10:40:00,1961.766602,1.6688604663585074,137.19542226707318,1918.8520099705981
2024-07-14 10:45:00,1989.533325,1.6688604663585074,138.0441762342057,1925.1908003494073
2024-07-14 10:50:00,2017.700073,1.6688604663585074,138.75586316849225,1920.168294361408
2024-07-14 10:55:00,2040.900024,1.6688604663585074,139.33284863510784,1927.2458795036516
2024-07-14 11:00:00,2052.699951,1.6688604663585074,139.77792355715272,2009.4576408417868
2024-07-14 11:05:00,2056.199951,1.6688604663585074,140.09427440499442,2009.4576408417868
2024-07-14 11:10:00,2055.5,1.6688604663585074,140.28545155674908,2009.4576408417868
2024-07-14 11:15:00,2055.5,1.6688604663585074,140.35533608970178,2009.549299729279
2024-07-14 11:20:00,2057.633301,1.6688604663585074,140.30810526620508,2009.549299729279
2024-07-14 11:25:00,2060.199951,1.6688604663585074,140.1481969771205,2009.549299729279
2024-07-14 11:30:00,2063.0,1.6688604663585074,139.88027342796389,2009.549299729279
2024-07-14 11:35:00,2063.666748,1.6688604663585074,139.50918432811773,2009.549299729279
2024-07-14 11:40:00,2063.599854,1.6688604663585074,139.03992987107233,2009.549299729279
2024-07-14 11:45:00,2062.43335,1.6688604663585074,138.47762376929148,2009.549299729279
2024-07-14 11:50:00,2061.199951,1.6688604663585074,137.82745661393105,2009.549299729279
2024-07-14 11:55:00,2059.266602,1.6688604663585074,137.09465982116026,2009.549299729279
2024-07-14 12:00:00,2056.266602,1.6688604663585074,136.28447041658725,2016.4112978982778
2024-07-14 12:05:00,2053.266602,1.6688604663585074,135.40209690167546,2016.4112978982778
2024-07-14 12:10:00,2051.699951,1.6688604663585074,134.4526864294709,2015.3166103947462
2024-07-14 12:15:00,2052.099854,1.6688604663585074,133.4412935148363,2000.320846502355
2024-07-14 12:20:00,2052.93335,1.6688604663585074,132.37285046815492,2000.280853362307
2024-07-14 12:25:00,2053.533203,1.6688604663585074,131.25213975549357,1963.7556844995713
2024-07-14 12:30:00,2054.400146,1.6688604663585074,130.08376843242075,1937.5775334147938
2024-07-14 12:35:00,2054.950195,1.6688604663585074,128.87214482623284,1985.2326999715126
2024-07-14 12:40:00,2057.449951,1.6688604663585074,127.62145757065582,1979.7468515909222
2024-07-14 12:45:00,2056.899902,1.6688604663585074,126.33565712457923,1982.5965511829797
2024-07-14 12:50:00,2056.233154,1.6688604663585074,125.01843984859008,1983.70194469224
2024-07-14 12:55:00,2054.766602,1.6688604663585074,123.67323471535354,2009.1520734068329
2024-07-14 13:00:00,2055.06665,1.6688604663585074,122.30319269521851,2016.4438402021851
2024-07-14 13:05:00,2055.149902,1.6688604663585074,120.91117884493484,2016.8676505046853
2024-07-14 13:10:00,1721.749878,1.6688604663585074,119.49976710213778,2014.7677494932834
2024-07-14 13:15:00,2050.699951,1.6688604663585074,118.07123775610229,2014.4937282772999
2024-07-14 13:20:00,2054.150146,1.6688604663585074,116.6275775803232,2015.3619749262043
2024-07-14 13:25:00,2055.266602,1.6688604663585074,115.17048253804198,2014.656788745352
2024-07-14 13:30:00,2057.550049,1.6688604663585074,113.70136300197771,2007.2781833263525
2024-07-14 13:35:00,1784.0,1.6688604663585074,112.22135137921998,2018.592989538402
2024-07-14 13:40:00,1224.949951,1.6688604663585074,110.73131203642205,1908.392846984249
2024-07-14 13:45:00,825.75,1.6688604663585074,109.23185338047436,1921.2511166202476
2024-07-14 13:50:00,596.1500244,1.6688604663585074,107.72334195683955,1921.3182344649297
2024-07-14 13:55:00,447.2333069,1.6688604663585074,106.20591840188266,1950.6597768363963
2024-07-14 14:00:00,429.8666687,1.6688604663585074,104.67951506869102,1951.583543168396
2024-07-14 14:05:00,409.5333557,1.6688604663585074,103.14387516125684,1956.8598301763514
2024-07-14 14:10:00,395.2000122,1.6688604663585074,101.59857315412663,1922.5801119199461
2024-07-14 14:15:00,322.4999695,1.6688604663585074,100.04303632530777,1887.624983293028
2024-07-14 14:20:00,305.1999817,1.6688604663585074,98.47656717376161,1891.1138330174167
2024-07-14 14:25:00,375.1000061,1.6688604663585074,96.89836652176463,1890.499862611269
2024-07-14 14:30:00,417.6000061,1.6688604663585074,95.3075570847136,1877.994935604586
2024-07-14 14:35:00,396.8666687,1.6688604663585074,93.70320729044731,1715.9351823907039
2024-07-14 14:40:00,407.6666565,1.6688604663585074,92.08435514689235,1475.5325949023947
2024-07-14 14:45:00,500.1000061,1.6688604663585074,90.4500319239027,1291.2259453643285
2024-07-14 14:50:00,1224.5,1.6688604663585074,88.79928547661558,1182.5590172437687
2024-07-14 14:55:00,1229.849854,1.6688604663585074,87.131202975679,1059.5799254870783
2024-07-14 15:00:00,1234.0,1.6688604663585074,85.4449328760068,1022.364808690757
2024-07-14 15:05:00,2054.100098,1.6688604663585074,83.7397059267217,904.2693965745133
2024-07-14 15:10:00,2056.0,1.6688604663585074,82.01485506280393,866.1193809159565
2024-07-14 15:15:00,2056.633301,1.6688604663585074,80.26983400116073,763.9478872462125
2024-07-14 15:20:00,2057.899902,1.6688604663585074,78.50423440477958,733.1076540416408
2024-07-14 15:25:00,1677.5,1.6688604663585074,76.71780147743904,718.7072410115392
2024-07-14 15:30:00,985.0499878,1.6688604663585074,74.91044785977752,695.5041908923725
2024-07-14 15:35:00,774.2000122,1.6688604663585074,73.08226574912456,648.1509359616238
2024-07-14 15:40:00,959.2000122,1.6688604663585074,71.23353711738068,650.9891869529459
2024-07-14 15:45:00,969.25,1.6688604663585074,69.36474199300771,525.7347504805931
2024-07-14 15:50:00,1919.599976,1.6688604663585074,67.47656472719247,524.074187311538
2024-07-14 15:55:00,1689.549927,1.6688604663585074,65.56989822261966,531.7314494838157
2024-07-14 16:00:00,1584.900024,1.6688604663585074,63.645846102124686,541.3600144732586
2024-07-14 16:05:00,1417.550049,1.6688604663585074,61.70572281113214,517.3401012743363
2024-07-14 16:10:00,1080.5,1.6688604663585074,59.751051687135295,520.0971584366093
2024-07-14 16:15:00,698.2000122,1.6688604663585074,57.783560997626296,544.1393105666353
2024-07-14 16:20:00,736.0,1.6688604663585074,55.80517804042273,570.877073603978
2024-07-14 16:25:00,899.9000244,1.6688604663585074,53.81802132969118,577.9131404982782
2024-07-14 16:30:00,1155.0,1.6688604663585074,51.824390971901266,571.078317499733
2024-07-14 16:35:00,1009.299988,1.6688604663585074,49.826757326924344,569.0832290178994
2024-07-14 16:40:00,1045.866699,1.6688604663585074,47.82774804651744,568.8122808681743
2024-07-14 16:45:00,991.2999268,1.6688604663585074,45.830133638574445,569.2609738929258
2024-07-14 16:50:00,854.6999512,1.6688604663585074,43.836811659511326,560.7199127135311
2024-07-14 16:55:00,575.4000244,1.6688604663585074,41.85078969990435,537.5899840855978
2024-07-14 17:00:00,392.0,1.6688604663585074,39.87516729333806,547.9437699640565
2024-07-14 17:05:00,285.6666565,1.6688604663585074,37.91311694235476,544.1528346427787
2024-07-14 17:10:00,258.4666748,1.6688604663585074,35.96786437542918,586.9039417896159
2024-07-14 17:15:00,249.0,1.6688604663585074,34.04266825251618,619.3356820354616
2024-07-14 17:20:00,243.9666748,1.6688604663585074,32.140799459589914,898.7881095112836
2024-07-14 17:25:00,240.25,1.6688604663585074,30.265520178244493,852.9116534276608
2024-07-14 17:30:00,208.3333282,1.6688604663585074,28.420062907759775,838.9950092550879
2024-07-14 17:35:00,283.6000061,1.6688604663585074,26.607609597910788,837.1030720360885
2024-07-14 17:40:00,390.7999878,1.6688604663585074,24.83127108939765,815.7971093285215
2024-07-14 17:45:00,394.000061,1.6688604663585074,23.0940669883081,806.7517986541404
2024-07-14 17:50:00,388.6666565,1.6688604663585074,21.398906186082982,791.063612490134
2024-07-14 17:55:00,382.2333069,1.6688604663585074,19.748568130330263,624.2618665271505
2024-07-14 18:00:00,374.7500305,1.6688604663585074,18.14568502566923,421.2535493433899
2024-07-14 18:05:00,309.1666565,1.6688604663585074,16.59272509083014,387.0905792858954
2024-07-14 18:10:00,261.1333313,1.6688604663585074,15.09197699589939,407.1667572891199
2024-07-14 18:15:00,246.5500031,1.6688604663585074,13.645535611742968,400.6128017817087
2024-07-14 18:20:00,203.6500092,1.6688604663585074,12.25528915594197,405.4422330849103
2024-07-14 18:25:00,151.0999908,1.6688604663585074,10.922907846050908,403.0336572677532
2024-07-14 18:30:00,132.8333435,1.6688604663585074,9.649834122012283,398.15169228523104
2024-07-14 18:35:00,120.1999893,1.6688604663585074,8.437274531552097,397.8263222274993
2024-07-14 18:40:00,115.1500015,1.6688604663585074,7.286193291702128,421.52018520266984
2024-07-14 18:45:00,95.44999695,1.6688604663585074,6.197307600858221,419.9927407338286
2024-07-14 18:50:00,78.84999084,1.6688604663585074,5.171084698813354,416.0681041864532
2024-07-14 18:55:00,64.30000305,1.6688604663585074,4.207740696583703,398.82366059125326
2024-07-14 19:00:00,50.83333206,1.6688604663585074,3.3072411659412593,47.97857067937272
2024-07-14 19:05:00,44.96666336,1.6688604663585074,2.4693034663040034,49.64470426345014
2024-07-14 19:10:00,42.84999847,1.6688604663585074,1.6934007833146587,51.157438935287644
2024-07-14 19:15:00,34.29999924,1.6688604663585074,0.9787678164113505,50.3512179214486
2024-07-14 19:20:00,31.06666565,1.6688604663585074,0.32440807606611005,53.08525814839127
2024-07-14 19:25:00,29.39999962,1.6688604663585074,-0.27089730363482706,53.14683192445609
2024-07-14 19:30:00,28.5,1.6688604663585074,-0.8085793063782823,55.3896587885826
2024-07-14 19:35:00,25.04999924,1.6688604663585074,-1.2902694293779104,43.516356557295836
2024-07-14 19:40:00,19.90000153,1.6688604663585074,-1.7177868392976974,45.333112109460195
2024-07-14 19:45:00,14.90000057,1.6688604663585074,-2.093124396594351,52.61774943398932
2024-07-14 19:50:00,13.36666584,1.6688604663585074,-2.4184336766536836,47.73554037699401
2024-07-14 19:55:00,12.86666584,1.6688604663585074,-2.6960091099943115,52.51643270030265
2024-07-14 20:00:00,0.0,1.6688604663585074,-2.9282713790852792,3.0584918589438086
2024-07-14 20:05:00,0.0,1.6688604663585074,-3.117750204510449,4.3031082434088885
2024-07-14 20:10:00,0.0,1.6688604663585074,-3.2670666679318754,4.036382849245396
2024-07-14 20:15:00,0.0,1.6688604663585074,-3.378915210713735,4.061182848778729
2024-07-14 20:20:00,0.0,1.6688604663585074,-3.45604545170736,2.3185968898977767
2024-07-14 20:25:00,0.0,1.6688604663585074,-3.5012439702778875,2.0977186015644436
2024-07-14 20:30:00,0.0,1.6688604663585074,-3.5173161937823663,2.0977186015644436
2024-07-14 20:35:00,0.0,1.6688604663585074,-3.5070685296307462,2.0977186015644436
2024-07-14 20:40:00,0.0,1.6688604663585074,-3.4732908757740732,2.0977186015644436
2024-07-14 20:45:00,0.0,1.6688604663585074,-3.4187396404081403,2.0977186015644436
2024-07-14 20:50:00,0.0,1.6688604663585074,-3.346121394768902,2.0977186015644436
2024-07-14 20:55:00,0.0,1.6688604663585074,-3.2580772748575977,2.0977186015644436
2024-07-14 21:00:00,0.0,1.6688604663585074,-3.1571682419582165,1.3254815339555555
2024-07-14 21:05:00,0.0,1.6688604663585074,-3.0458613018505387,1.3254815339555555
2024-07-14 21:10:00,0.0,1.6688604663585074,-2.926516773354293,1.3254815339555555
2024-07-14 21:15:00,0.0,1.6688604663585074,-2.801376687349727,0.7347778068666667
2024-07-14 21:20:00,0.0,1.6688604663585074,-2.6725543857665026,0.7347778068666667
2024-07-14 21:25:00,0.0,1.6688604663585074,-2.5420253801247545,0.7347778068666667
2024-07-14 21:30:00,0.0,1.6688604663585074,-2.411619515803547,0.7347778068666667
2024-07-14 21:35:00,0.0,1.6688604663585074,-2.283014481333545,0.7347778068666667
2024-07-14 21:40:00,0.0,1.6688604663585074,-2.1577306811933066,0.7347778068666667
2024-07-14 21:45:00,0.0,1.6688604663585074,-2.0371274897989746,0.7347778068666667
2024-07-14 21:50:00,0.0,1.6688604663585074,-1.922400883625282,0.7347778068666667
2024-07-14 21:55:00,0.0,1.6688604663585074,-1.814582441090364,0.7347778068666667
2024-07-14 22:00:00,0.0,1.6688604663585074,-1.714539687583462,0.7347778068666667
2024-07-14 22:05:00,0.0,1.6688604663585074,-1.62297775171827,0.7347778068666667
2024-07-14 22:10:00,0.0,1.6688604663585074,-1.5404422882122033,0.7347778068666667
2024-07-14 22:15:00,0.0,1.6688604663585074,-1.4673236133602032,0.7347778068666667
2024-07-14 22:20:00,0.0,1.6688604663585074,-1.4038619887390782,0.7347778068666667
2024-07-14 22:25:00,0.0,1.6688604663585074,-1.3501539806985905,0.7347778068666667
2024-07-14 22:30:00,0.0,1.6688604663585074,-1.306159814838664,0.7347778068666667
2024-07-14 22:35:00,0.0,1.6688604663585074,-1.2717116375820927,0.7347778068666667
2024-07-14 22:40:00,0.0,1.6688604663585074,-1.2465225906087163,0.7347778068666667
2024-07-14 22:45:00,0.0,1.6688604663585074,-1.2301965987239707,0.7347778068666667
2024-07-14 22:50:00,0.0,1.6688604663585074,-1.2222387667548815,0.7347778068666667
2024-07-14 22:55:00,0.0,1.6688604663585074,-1.2220662782362874,0.7347778068666667
2024-07-14 23:00:00,0.0,1.6688604663585074,-1.2290196857403937,0.7347778068666667
2024-07-14 23:05:00,0.0,1.6688604663585074,-1.2423744814788351,0.7347778068666667
2024-07-14 23:10:00,0.0,1.6688604663585074,-1.2613528362568285,0.7347778068666667
2024-07-14 23:15:00,0.0,1.6688604663585074,-1.2851353954773233,0.7347778068666667
2024-07-14 23:20:00,0.0,1.6688604663585074,-1.3128730227738723,0.7347778068666667
2024-07-14 23:25:00,0.0,1.6688604663585074,-1.3436983827843605,0.7347778068666667
2024-07-14 23:30:00,0.0,1.6688604663585074,-1.3767372619794542,0.7347778068666667
2024-07-14 23:35:00,0.0,1.6688604663585074,-1.4111195242771766,0.7347778068666667
2024-07-14 23:40:00,0.0,1.6688604663585074,-1.4459896117220983,0.7347778068666667
2024-07-14 23:45:00,0.0,1.6688604663585074,-1.480516497590732,0.7347778068666667
2024-07-14 23:50:00,0.0,1.6688604663585074,-1.5139030137998353,0.7347778068666667
2024-07-14 23:55:00,0.0,1.6688604663585074,-1.545394476586267,0.7347778068666667
2024-07-15 00:00:00,0.0,1.6688604663585074,-1.5742865449600256,0.0
2024-07-15 00:05:00,0.0,1.6688604663585074,-1.5999322538763023,0.0
2024-07-15 00:10:00,0.0,1.6688604663585074,-1.6217481733059818,0.0
2024-07-15 00:15:00,0.0,1.6688604663585074,-1.6392196541009187,0.0
2024-07-15 00:20:00,0.0,1.6688604663585074,-1.6519051283578838,0.0
2024-07-15 00:25:00,0.0,1.6688604663585074,-1.65943944758139,0.0
2024-07-15 00:30:00,0.0,1.6688604663585074,-1.6615362430240541,0.0
2024-07-15 00:35:00,0.0,1.6688604663585074,-1.657989310882452,0.0
2024-07-15 00:40:00,0.0,1.6688604663585074,-1.6486730286337365,0.0
2024-07-15 00:45:00,0.0,1.6688604663585074,-1.6335418208203691,0.0
2024-07-15 00:50:00,0.0,1.6688604663585074,-1.612628701323779,0.0
2024-07-15 00:55:00,0.0,1.6688604663585074,-1.586042927427742,0.0
2024-07-15 01:00:00,0.0,1.6688604663585074,-1.553966809834505,0.0
2024-07-15 01:05:00,0.0,1.6688604663585074,-1.5166517301859155,0.0
2024-07-15 01:10:00,0.0,1.6688604663585074,-1.474413425478519,0.0
2024-07-15 01:15:00,0.0,1.6688604663585074,-1.4276266039875023,0.0
2024-07-15 01:20:00,0.0,1.6688604663585074,-1.3767189654137255,0.0
2024-07-15 01:25:00,0.0,1.6688604663585074,-1.322164701022294,0.0
2024-07-15 01:30:00,0.0,1.6688604663585074,-1.2644775547689138,0.0
2024-07-15 01:35:00,0.0,1.6688604663585074,-1.2042035302558576,0.0
2024-07-15 01:40:00,0.0,1.6688604663585074,-1.1419133305464357,0.0
2024-07-15 01:45:00,0.0,1.6688604663585074,-1.0781946196035919,0.0
2024-07-15 01:50:00,0.0,1.6688604663585074,-1.0136441959806253,0.0
2024-07-15 01:55:00,0.0,1.6688604663585074,-0.9488601679588666,0.0
2024-07-15 02:00:00,0.0,1.6688604663585074,-0.884434219655771,0.0
2024-07-15 02:05:00,0.0,1.6688604663585074,-0.8209440560605925,0.0
2024-07-15 02:10:00,0.0,1.6688604663585074,-0.7589461110398199,0.0
2024-07-15 02:15:00,0.0,1.6688604663585074,-0.6989686007024403,0.0
2024-07-15 02:20:00,0.0,1.6688604663585074,-0.6415049990736739,0.0
2024-07-15 02:25:00,0.0,1.6688604663585074,-0.5870080092894735,0.0
2024-07-15 02:30:00,0.0,1.6688604663585074,-0.5358840966133165,0.0
2024-07-15 02:35:00,0.0,1.6688604663585074,-0.48848864476046805,0.0
2024-07-15 02:40:00,0.0,1.6688604663585074,-0.44512178923548984,0.0
2024-07-15 02:45:00,0.0,1.6688604663585074,-0.40602497485616745,0.0
2024-07-15 02:50:00,0.0,1.6688604663585074,-0.37137827621175484,0.0
2024-07-15 02:55:00,0.0,1.6688604663585074,-0.3412985125011828,0.0
2024-07-15 03:00:00,0.0,1.6688604663585074,-0.31583817910221323,0.0
2024-07-15 03:05:00,0.0,1.6688604663585074,-0.2949852103307741,0.0
2024-07-15 03:10:00,0.0,1.6688604663585074,-0.27866357869780195,0.0
2024-07-15 03:15:00,0.0,1.6688604663585074,-0.26673472753917704,0.0
2024-07-15 03:20:00,0.0,1.6688604663585074,-0.25899982506365055,0.0
2024-07-15 03:25:00,0.0,1.6688604663585074,-0.25520281938020184,0.0
2024-07-15 03:30:00,0.0,1.6688604663585074,-0.2550342658259182,0.0
2024-07-15 03:35:00,0.0,1.6688604663585074,-0.25813588932672815,0.0
2024-07-15 03:40:00,0.0,1.6688604663585074,-0.2641058381486388,0.0
2024-07-15 03:45:00,0.0,1.6688604663585074,-0.27250457585179266,0.0
2024-07-15 03:50:00,0.0,1.6688604663585074,-0.2828613544078419,0.0
2024-07-15 03:55:00,0.0,1.6688604663585074,-0.29468120228796546,0.0
2024-07-15 04:00:00,0.0,1.6688604663585074,-0.30745235808354215,0.0
2024-07-15 04:05:00,0.0,1.6688604663585074,-0.3206540738924309,0.0
2024-07-15 04:10:00,0.0,1.6688604663585074,-0.33376470918904066,0.0
2024-07-15 04:15:00,0.0,1.6688604663585074,-0.34627003207889273,0.0
2024-07-15 04:20:00,0.0,1.6688604663585074,-0.35767164238531424,0.0
2024-07-15 04:25:00,0.0,1.6688604663585074,-0.36749542957688114,0.0
2024-07-15 04:30:00,0.0,1.6688604663585074,-0.3752999762507686,0.0
2024-07-15 04:35:00,0.0,1.6688604663585074,-0.3806848199434409,0.0
2024-07-15 04:40:00,0.0,1.6688604663585074,-0.383298483923226,0.0
2024-07-15 04:45:00,0.0,1.6688604663585074,-0.3828461922616732,0.0
2024-07-15 04:50:00,0.0,1.6688604663585074,-0.37909718388959224,0.0
2024-07-15 04:55:00,0.0,1.6688604663585074,-0.37189154590593165,0.0
2024-07-15 05:00:00,0.0,1.6688604663585074,-0.3611464890403764,0.0
2024-07-15 05:05:00,0.0,1.6688604663585074,-0.3468619929905791,0.0
2024-07-15 05:10:00,0.0,1.6688604663585074,-0.32912575556610324,0.0
2024-07-15 05:15:00,0.0,1.6688604663585074,-0.3081173846349144,0.0
2024-07-15 05:20:00,0.0,1.6688604663585074,-0.2841117792406873,0.0
2024-07-15 05:25:00,0.0,1.6688604663585074,-0.25748165304700077,0.0
2024-07-15 05:30:00,0.0,1.6688604663585074,-0.22869916144447897,0.0
2024-07-15 05:35:00,0.0,1.6688604663585074,-0.19833660095835617,0.0
2024-07-15 05:40:00,0.0,1.6688604663585074,-0.16706615907459255,3.5702666846522213
2024-07-15 05:45:00,0.0,1.6688604663585074,-0.13565870008888858,16.07143171069863
2024-07-15 05:50:00,0.0,1.6688604663585074,-0.10498158270805867,16.07143171069863
2024-07-15 05:55:00,0.0,1.6688604663585074,-0.0759955128278519,32.99030421394854
2024-07-15 06:00:00,0.0,1.6688604663585074,-0.04975044496717085,57.488195910056945
2024-07-15 06:05:00,0.0,1.6688604663585074,-0.02738055396767566,72.59300207006771
2024-07-15 06:10:00,0.0,1.6688604663585074,-0.010098307779300554,72.59300207006771
2024-07-15 06:15:00,0.0,1.6688604663585074,0.0008123195822962487,72.59300207006771
2024-07-15 06:20:00,0.0,1.6688604663585074,0.004003447371806514,73.04766498962326
2024-07-15 06:25:00,0.0,1.6688604663585074,-0.001928355334384175,73.01188722372326
2024-07-15 06:30:00,0.0,1.6688604663585074,-0.018433018605731353,73.01188722372326
2024-07-15 06:35:00,0.0,1.6688604663585074,-0.04699729558985411,73.01188722372326
2024-07-15 06:40:00,64.59999847,1.6688604663585074,-0.08913453710634901,85.21904312056468
2024-07-15 06:45:00,76.80000305,1.6688604663585074,-0.1463739982872385,86.39746799532625
2024-07-15 06:50:00,93.80000305,1.6688604663585074,-0.2202497636249847,86.39746799532625
2024-07-15 06:55:00,114.6999969,1.6688604663585074,-0.312289380603594,91.09616725798146
2024-07-15 07:00:00,135.8000031,1.6688604663585074,-0.4240022960748999,323.3549276692904
2024-07-15 07:05:00,159.1000061,1.6688604663585074,-0.5568681915190352,323.3549276692904
2024-07-15 07:10:00,184.1000061,1.6688604663585074,-0.7123253152467346,323.30114986740153
2024-07-15 07:15:00,211.5,1.6688604663585074,-0.8917589111519907,329.42491466883587
2024-07-15 07:20:00,237.0,1.6688604663585074,-1.0964898411610038,311.015397930111
2024-07-15 07:25:00,280.8999939,1.6688604663585074,-1.3277635019860803,311.015397930111
2024-07-15 07:30:00,302.2000122,1.6688604663585074,-1.586739129616864,308.01232627787294
2024-07-15 07:35:00,329.7999878,1.6688604663585074,-1.8744795872276123,305.32132648820624
2024-07-15 07:40:00,360.3999939,1.6688604663585074,-2.1919417252673297,148.47368174277398
2024-07-15 07:45:00,348.3666687,1.6688604663585074,-2.5399673997458545,150.6104090906201
2024-07-15 07:50:00,425.6000061,1.6688604663585074,-2.919275230050522,150.6104090906201
2024-07-15 07:55:00,522.2999878,1.6688604663585074,-3.3304531686855565,150.6104090906201
2024-07-15 08:00:00,626.5999756,1.6688604663585074,-3.77395195569215,1079.0556957914
2024-07-15 08:05:00,568.1333008,1.6688604663585074,-4.2500795122135795,1079.0556957914
2024-07-15 08:10:00,766.0999756,1.6688604663585074,-4.758996333319692,1079.0556957914
2024-07-15 08:15:00,703.9499512,1.6688604663585074,-5.300711920351879,1079.0556957914
2024-07-15 08:20:00,716.7666016,1.6688604663585074,-5.875082292170859,1093.3639592078807
2024-07-15 08:25:00,988.7000122,1.6688604663585074,-6.481808599134738,1093.3639592078807
2024-07-15 08:30:00,998.1000366,1.6688604663585074,-7.120436862024607,1093.3639592078807
2024-07-15 08:35:00,1001.56665,1.6688604663585074,-7.790358841234092,1093.3639592078807
2024-07-15 08:40:00,1154.199951,1.6688604663585074,-8.490814035701304,1093.3639592078807
2024-07-15 08:45:00,1093.56665,1.6688604663585074,-9.220892803593602,1093.3639592078807
2024-07-15 08:50:00,1272.400024,1.6688604663585074,-9.97954057646983,1088.516971123022
2024-07-15 08:55:00,1218.933228,1.6688604663585074,-10.765563148090688,1088.516971123022
2024-07-15 09:00:00,1293.466675,1.6688604663585074,-11.577632987941213,1492.2876461261721
2024-07-15 09:05:00,1328.06665,1.6688604663585074,-12.414296538716249,1492.2876461261721
2024-07-15 09:10:00,1616.300049,1.6688604663585074,-13.273982436903811,1492.878805722394
2024-07-15 09:15:00,1542.233398,1.6688604663585074,-14.15501059271099,1496.4690733460604
2024-07-15 09:20:00,1634.433228,1.6688604663585074,-15.055602058452292,1500.2472276813382
2024-07-15 09:25:00,1647.599976,1.6688604663585074,-15.97388960046126,1500.2472276813382
2024-07-15 09:30:00,1655.400024,1.6688604663585074,-16.907928898954086,1512.9407815607192
2024-07-15 09:35:00,1783.300049,1.6688604663585074,-17.8557102704304,1512.9407815607192
2024-07-15 09:40:00,1704.766602,1.6688604663585074,-18.81517083022356,1516.182485429217
2024-07-15 09:45:00,1704.0,1.6688604663585074,-19.784206986760967,1516.5503981865504
2024-07-15 09:50:00,1653.733398,1.6688604663585074,-20.760687165824596,1518.3475092033916
2024-07-15 09:55:00,1659.566772,1.6688604663585074,-21.742464662660748,1518.3475092033916
2024-07-15 10:00:00,1690.199829,1.6688604663585074,-22.72739050883414,1962.5458181156575
2024-07-15 10:05:00,1739.099976,1.6688604663585074,-23.713326254063574,1961.2183328634349
2024-07-15 10:10:00,1778.599976,1.6688604663585074,-24.69815655076804,1961.2183328634349
2024-07-15 10:15:00,1807.533325,1.6688604663585074,-25.679801441988154,1960.6226478469903
2024-07-15 10:20:00,1835.433228,1.6688604663585074,-26.656228240481745,1960.6226478469903
2024-07-15 10:25:00,1864.233398,1.6688604663585074,-27.62546291352878,1951.1957218952364
2024-07-15 10:30:00,1893.666626,1.6688604663585074,-28.58560086549205,1951.1957218952364
2024-07-15 10:35:00,1922.066772,1.6688604663585074,-29.53481703709765,1950.1320965166806
2024-07-15 10:40:00,1946.799927,1.6688604663585074,-30.47137523330319,1950.1320965166806
2024-07-15 10:45:00,1970.533325,1.6688604663585074,-31.39363660346909,1950.1320965166806
2024-07-15 10:50:00,1994.033325,1.6688604663585074,-32.30006720528424,1919.0100212544871
2024-07-15 10:55:00,2017.633423,1.6688604663585074,-33.18924458693119,1919.0100212544871
2024-07-15 11:00:00,2038.099976,1.6688604663585074,-34.059863340769574,2043.7156130461142
2024-07-15 11:05:00,2050.43335,1.6688604663585074,-34.910739575659534,2043.7156130461142
2024-07-15 11:10:00,2054.666748,1.6688604663585074,-35.740814282020324,2043.7156130461142
2024-07-15 11:15:00,2055.133545,1.6688604663585074,-36.54915555903159,2043.7342796311143
2024-07-15 11:20:00,2056.699951,1.6688604663585074,-37.334959691644094,2054.1001364567805
2024-07-15 11:25:00,2060.199951,1.6688604663585074,-38.097551073077184,2054.1001364567805
2024-07-15 11:30:00,2062.06665,1.6688604663585074,-38.83638097784443,2054.0609581325925
2024-07-15 11:35:00,2060.900146,1.6688604663585074,-39.5510252026292,2054.0609581325925
2024-07-15 11:40:00,2058.166748,1.6688604663585074,-40.24118060208614,2054.056290708148
2024-07-15 11:45:00,2055.866699,1.6688604663585074,-40.90666055469236,2054.0431309061482
2024-07-15 11:50:00,2056.666748,1.6688604663585074,-41.54738940649461,2053.897677539402
2024-07-15 11:55:00,2057.833252,1.6688604663585074,-42.1633959484517,2053.668716016804
2024-07-15 12:00:00,2059.300049,1.6688604663585074,-42.754805991685004,2056.0375011252895
2024-07-15 12:05:00,2060.0,1.6688604663585074,-43.32183411455518,2056.0375011252895
2024-07-15 12:10:00,2060.56665,1.6688604663585074,-43.86477466201452,2056.0598798807337
2024-07-15 12:15:00,2061.300049,1.6688604663585074,-44.38399208580155,2055.6580014778283
2024-07-15 12:20:00,2060.366699,1.6688604663585074,-44.87991071924287,2056.4538267033263
2024-07-15 12:25:00,2059.966797,1.6688604663585074,-45.35300408873674,2057.2224418215656
2024-07-15 12:30:00,2059.149902,1.6688604663585074,-45.803783862020055,2057.284011666825
2024-07-15 12:35:00,1642.933228,1.6688604663585074,-46.23278854838843,2058.4879512282537
2024-07-15 12:40:00,1434.5,1.6688604663585074,-46.64057205526784,2059.603085030695
2024-07-15 12:45:00,1089.0,1.6688604663585074,-47.027692218495574,2059.668548354028
2024-07-15 12:50:00,688.6999512,1.6688604663585074,-47.394699418612255,2059.8487350764017
2024-07-15 12:55:00,577.4000244,1.6688604663585074,-47.74212539594756,2061.889852388996
2024-07-15 13:00:00,476.6500244,1.6688604663585074,-48.070472379575655,2061.835392582559
2024-07-15 13:05:00,395.6333313,1.6688604663585074,-48.38020263659854,2060.2419249907334
2024-07-15 13:10:00,532.7000122,1.6688604663585074,-48.671728551577225,2058.4226937395547
2024-07-15 13:15:00,822.7999878,1.6688604663585074,-48.945403335393245,2058.1602462693672
2024-07-15 13:20:00,920.5,1.6688604663585074,-49.20151246673827,2046.2559890273903
2024-07-15 13:25:00,867.7000122,1.6688604663585074,-49.44026595032357,2048.452605635789
2024-07-15 13:30:00,886.2000122,1.6688604663585074,-49.66179148002947,2048.503199974662
2024-07-15 13:35:00,815.833313,1.6688604663585074,-49.86612858526508,2050.772970015447
2024-07-15 13:40:00,793.8499146,1.6688604663585074,-50.0532238237475,2051.430974099547
2024-07-15 13:45:00,654.5666504,1.6688604663585074,-50.22292708372527,1629.638214407409
2024-07-15 13:50:00,593.3666992,1.6688604663585074,-50.374989041297496,1668.5288967627423
2024-07-15 13:55:00,575.25,1.6688604663585074,-50.50905981675808,1681.8679157371052
2024-07-15 14:00:00,455.9000244,1.6688604663585074,-50.624688848841735,1684.4933144040021
2024-07-15 14:05:00,363.9666748,1.6688604663585074,-50.72132601650414,1668.122470425743
2024-07-15 14:10:00,354.1666565,1.6688604663585074,-50.79832400090758,1713.2224235922665
2024-07-15 14:15:00,328.4666748,1.6688604663585074,-50.8549418904157,1663.8463351188775
2024-07-15 14:20:00,321.75,1.6688604663585074,-50.89035000821362,1404.749459785624
2024-07-15 14:25:00,282.2000122,1.6688604663585074,-50.90363593233606,1131.9919223461388
2024-07-15 14:30:00,209.0666656,1.6688604663585074,-50.89381167288325,1254.7740023387387
2024-07-15 14:35:00,184.4000092,1.6688604663585074,-50.859821948716494,1215.3397998678658
2024-07-15 14:40:00,183.5,1.6688604663585074,-50.80055350737897,1263.386919613961
2024-07-15 14:45:00,186.5333252,1.6688604663585074,-50.7148454098255,1396.8929179450897
2024-07-15 14:50:00,190.8666534,1.6688604663585074,-50.6015002093964,1154.8946020550172
2024-07-15 14:55:00,216.1999969,1.6688604663585074,-50.459295920471114,1062.1350523591304
2024-07-15 15:00:00,233.5,1.6688604663585074,-50.28699868465214,1073.341090101395
2024-07-15 15:05:00,252.8000031,1.6688604663585074,-50.083376031667555,1121.1374000279213
2024-07-15 15:10:00,271.3999939,1.6688604663585074,-49.84721061202628,1058.5477619962073
2024-07-15 15:15:00,263.8000183,1.6688604663585074,-49.57731428953055,1171.2865929050515
2024-07-15 15:20:00,272.7666626,1.6688604663585074,-49.272542467300276,1094.4080667748283
2024-07-15 15:25:00,323.2000122,1.6688604663585074,-48.9318085176925,1094.8470429825318
2024-07-15 15:30:00,361.6000061,1.6688604663585074,-48.554098190541126,1032.4732527985104
2024-07-15 15:35:00,392.7000122,1.6688604663585074,-48.138483861904554,1060.2855038427083
2024-07-15 15:40:00,381.0,1.6688604663585074,-47.68413849838157,1023.127820295175
2024-07-15 15:45:00,398.1333313,1.6688604663585074,-47.19034919499575,1030.0572922682097
2024-07-15 15:50:00,475.0,1.6688604663585074,-46.656530169436614,1025.9197772802297
2024-07-15 15:55:00,532.2000122,1.6688604663585074,-46.082235072365,1005.5740060147288
2024-07-15 16:00:00,626.2000122,1.6688604663585074,-45.46716850793696,1012.0829565089801
2024-07-15 16:05:00,808.5999756,1.6688604663585074,-44.8111966302034,1036.5087254300065
2024-07-15 16:10:00,1194.900024,1.6688604663585074,-44.11435671751734,991.1387659060953
2024-07-15 16:15:00,1415.800049,1.6688604663585074,-43.37686560889003,977.9720401109643
2024-07-15 16:20:00,1326.100098,1.6688604663585074,-42.59912692848127,970.2271018992604
2024-07-15 16:25:00,1425.766602,1.6688604663585074,-41.781736985798425,961.4440138857154
2024-07-15 16:30:00,1465.733398,1.6688604663585074,-40.92548929079259,953.0919674657217
2024-07-15 16:35:00,1519.566772,1.6688604663585074,-40.03137762518632,924.1919916147865
2024-07-15 16:40:00,1499.866577,1.6688604663585074,-39.10059759649917,428.3069704454687
2024-07-15 16:45:00,1419.799927,1.6688604663585074,-38.134546653539665,509.27783881564994
2024-07-15 16:50:00,1312.466675,1.6688604663585074,-37.13482252091101,549.8680819496965
2024-07-15 16:55:00,1175.733398,1.6688604663585074,-36.10322004235072,709.3348428256592
2024-07-15 17:00:00,1082.166626,1.6688604663585074,-35.041726431721536,758.8930256807454
2024-07-15 17:05:00,1002.933289,1.6688604663585074,-33.95251493665702,712.2469619052998
2024-07-15 17:10:00,1219.699951,1.6688604663585074,-32.83793694629864,707.4819995500363
2024-07-15 17:15:00,1092.633423,1.6688604663585074,-31.700512571102145,692.7323889533809
2024-07-15 17:20:00,1128.266724,1.6688604663585074,-30.542919753920167,797.8538932876384
2024-07-15 17:25:00,1038.066772,1.6688604663585074,-29.367981972375993,756.7466511155669
2024-07-15 17:30:00,954.666687,1.6688604663585074,-28.178654604081164,727.8128282690258
2024-07-15 17:35:00,860.166687,1.6688604663585074,-26.978010055111522,616.4792516897154
2024-07-15 17:40:00,775.0,1.6688604663585074,-25.76922173750127,423.83607401683463
2024-07-15 17:45:00,699.0,1.6688604663585074,-24.55554700318314,355.83108173085157
2024-07-15 17:50:00,638.2666626,1.6688604663585074,-23.340309182016668,355.82583731638545
2024-07-15 17:55:00,610.5999756,1.6688604663585074,-22.126878812840637,351.6847407654874
2024-07-15 18:00:00,495.9499817,1.6688604663585074,-20.91865422875118,286.7832743528624
2024-07-15 18:05:00,358.6499939,1.6688604663585074,-19.71904164148576,290.8868149091956
2024-07-15 18:10:00,318.4499817,1.6688604663585074,-18.531434858201898,291.6780557462512
2024-07-15 18:15:00,312.6000061,1.6688604663585074,-17.359194797626937,293.1240149047218
2024-07-15 18:20:00,300.8999939,1.6688604663585074,-16.20562895806322,324.76449277175107
2024-07-15 18:25:00,247.3500061,1.6688604663585074,-15.073970992935621,321.18353527954554
2024-07-15 18:30:00,162.5,1.6688604663585074,-13.96736056216804,250.6860498784308
2024-07-15 18:35:00,121.5333328,1.6688604663585074,-12.8888236093419,237.30746968268144
2024-07-15 18:40:00,112.3666611,1.6688604663585074,-11.841253229939621,227.21892560590956
2024-07-15 18:45:00,107.1666641,1.6688604663585074,-10.827391276189688,230.2613032645541
2024-07-15 18:50:00,104.5333252,1.6688604663585074,-9.849810856110631,242.75410779271763
2024-07-15 18:55:00,106.0666733,1.6688604663585074,-8.91089986698987,235.29559588739852
2024-07-15 19:00:00,106.9333267,1.6688604663585074,-8.012845697078214,39.207860182221985
2024-07-15 19:05:00,105.5999985,1.6688604663585074,-7.1576212339556875,31.953291240935858
2024-07-15 19:10:00,102.0999985,1.6688604663585074,-6.346972286440734,32.85138529875984
2024-07-15 19:15:00,94.09999847,1.6688604663585074,-5.582406532485967,34.26044969773141
2024-07-15 19:20:00,90.30000305,1.6688604663585074,-4.865184102690977,39.905863969940874
2024-07-15 19:25:00,73.44999695,1.6688604663585074,-4.19630986317285,38.94214521000093
2024-07-15 19:30:00,55.64999771,1.6688604663585074,-3.5765274870311647,23.832995364719647
2024-07-15 19:35:00,40.65000153,1.6688604663585074,-3.0063153629710038,23.265683465529115
2024-07-15 19:40:00,30.10000038,1.6688604663585074,-2.4858843930408097,22.506516094924944
2024-07-15 19:45:00,23.20000076,1.6688604663585074,-2.0151776990431896,22.530565479073083
2024-07-15 19:50:00,17.20000076,1.6688604663585074,-1.5938722588280727,21.87302764015102
2024-07-15 19:55:00,13.0666666,1.6688604663585074,-1.221382465912093,21.87302764015102
2024-07-15 20:00:00,0.0,1.6688604663585074,-0.8968656001677832,0.09670370422222223
2024-07-15 20:05:00,0.0,1.6688604663585074,-0.6192291704058027,0.09670370422222223
2024-07-15 20:10:00,0.0,1.6688604663585074,-0.38714008697069,0.09670370422222223
2024-07-15 20:15:00,0.0,1.6688604663585074,-0.1990355958028605,0.09670370422222223
2024-07-15 20:20:00,0.0,1.6688604663585074,-0.05313589938712546,0.09670370422222223
2024-07-15 20:25:00,0.0,1.6688604663585074,0.05254162892361974,0.09670370422222223
2024-07-15 20:30:00,0.0,1.6688604663585074,0.12016674322879672,0.09670370422222223
2024-07-15 20:35:00,0.0,1.6688604663585074,0.15207925281580367,0.09670370422222223
2024-07-15 20:40:00,0.0,1.6688604663585074,0.1507707120362533,0.09670370422222223
2024-07-15 20:45:00,0.0,1.6688604663585074,0.11886501066637575,0.09670370422222223
2024-07-15 20:50:00,0.0,1.6688604663585074,0.059098019534615354,0.09670370422222223
2024-07-15 20:55:00,0.0,1.6688604663585074,-0.025703555856671795,0.09670370422222223
2024-07-15 21:00:00,0.0,1.6688604663585074,-0.13264393688234694,0.0
2024-07-15 21:05:00,0.0,1.6688604663585074,-0.25878048760403344,0.0
2024-07-15 21:10:00,0.0,1.6688604663585074,-0.4011461959147522,0.0
2024-07-15 21:15:00,0.0,1.6688604663585074,-0.5567722481011518,0.0
2024-07-15 21:20:00,0.0,1.6688604663585074,-0.7227105097951598,0.0
2024-07-15 21:25:00,0.0,1.6688604663585074,-0.8960557326675094,0.0
2024-07-15 21:30:00,0.0,1.6688604663585074,-1.07396730482036,0.8896740788444447
2024-07-15 21:35:00,0.0,1.6688604663585074,-1.2536903670474715,0.8896740788444447
2024-07-15 21:40:00,0.0,1.6688604663585074,-1.4325761212603882,0.8896740788444447
2024-07-15 21:45:00,0.0,1.6688604663585074,-1.6081011606752968,0.8896740788444447
2024-07-15 21:50:00,0.0,1.6688604663585074,-1.7778856656793511,0.8896740788444447
2024-07-15 21:55:00,0.0,1.6688604663585074,-1.939710306129924,0.8896740788444447
2024-07-15 22:00:00,0.0,1.6688604663585074,-2.0915317155736917,0.8896740788444447
2024-07-15 22:05:00,0.0,1.6688604663585074,-2.2314963987607515,0.8896740788444447
2024-07-15 22:10:00,0.0,1.6688604663585074,-2.3579529598888858,0.8896740788444447
2024-07-15 22:15:00,0.0,1.6688604663585074,-2.4694625436096986,0.8896740788444447
2024-07-15 22:20:00,0.0,1.6688604663585074,-2.5648073976009824,0.8896740788444447
2024-07-15 22:25:00,0.0,1.6688604663585074,-2.6429974837635206,0.8896740788444447
2024-07-15 22:30:00,0.0,1.6688604663585074,-2.7032750769737093,0.8896740788444447
2024-07-15 22:35:00,0.0,1.6688604663585074,-2.745117309892882,0.8896740788444447
2024-07-15 22:40:00,0.0,1.6688604663585074,-2.768236638235147,0.0
2024-07-15 22:45:00,0.0,1.6688604663585074,-2.7725792189536094,0.0
2024-07-15 22:50:00,0.0,1.6688604663585074,-2.7583212120707445,0.05525925955555556
2024-07-15 22:55:00,0.0,1.6688604663585074,-2.725863032553809,0.05525925955555556
2024-07-15 23:00:00,0.0,1.6688604663585074,-2.6758215998679513,0.7167257534021165
2024-07-15 23:05:00,0.0,1.6688604663585074,-2.6090206468752917,0.7167257534021165
2024-07-15 23:10:00,0.0,1.6688604663585074,-2.5264791687620174,0.7167257534021165
2024-07-15 23:15:00,0.0,1.6688604663585074,-2.429398109208351,0.7167257534021165
2024-07-15 23:20:00,0.0,1.6688604663585074,-2.3191453958731105,0.7167257534021165
2024-07-15 23:25:00,0.0,1.6688604663585074,-2.197239453614508,0.7167257534021165
2024-07-15 23:30:00,0.0,1.6688604663585074,-2.0653313357203937,0.7167257534021165
2024-07-15 23:35:00,0.0,1.6688604663585074,-1.9251856326322332,0.7167257534021165
2024-07-15 23:40:00,0.0,1.6688604663585074,-1.7786603170652948,0.7167257534021165
2024-07-15 23:45:00,0.0,1.6688604663585074,-1.627685711712153,0.7167257534021165
2024-07-15 23:50:00,0.0,1.6688604663585074,-1.4742427602467656,0.7167257534021165
2024-07-15 23:55:00,0.0,1.6688604663585074,-1.3203407976005779,0.7167257534021165
2024-07-16 00:00:00,0.0,1.6688604663585074,-1.1679950203435874,0.0
2024-07-16 00:05:00,0.0,1.6688604663585074,-1.0192038612404148,0.0
2024-07-16 00:10:00,0.0,1.6688604663585074,-0.8759264764408211,0.0
2024-07-16 00:15:00,0.0,1.6688604663585074,-0.7400605530374367,0.0
2024-07-16 00:20:00,0.0,1.6688604663585074,-0.6134206457340462,0.0
2024-07-16 00:25:00,0.0,1.6688604663585074,-0.49771724822248176,0.0
2024-07-16 00:30:00,0.0,1.6688604663585074,-0.39453679895144256,0.0
2024-07-16 00:35:00,0.0,1.6688604663585074,-0.30532282108717806,0.0
2024-07-16 00:40:00,0.0,1.6688604663585074,-0.23135837864353626,0.0
2024-07-16 00:45:00,0.0,1.6688604663585074,-0.17375003155695756,0.0
2024-07-16 00:50:00,0.0,1.6688604663585074,-0.13341345568664958,0.0
2024-07-16 00:55:00,0.0,1.6688604663585074,-0.11106088299114919,0.0
2024-07-16 01:00:00,0.0,1.6688604663585074,-0.107190503097208,0.0
2024-07-16 01:05:00,0.0,1.6688604663585074,-0.12207795266656649,0.0
2024-07-16 01:10:00,0.0,1.6688604663585074,-0.1557700012090245,0.0
2024-07-16 01:15:00,0.0,1.6688604663585074,-0.2080805261346456,0.0
2024-07-16 01:20:00,0.0,1.6688604663585074,-0.27858885054548355,0.0
2024-07-16 01:25:00,0.0,1.6688604663585074,-0.36664049679804506,0.0
2024-07-16 01:30:00,0.0,1.6688604663585074,-0.4713503906532245,0.0
2024-07-16 01:35:00,0.0,1.6688604663585074,-0.5916085297768194,0.0
2024-07-16 01:40:00,0.0,1.6688604663585074,-0.726088107055022,0.0
2024-07-16 01:45:00,0.0,1.6688604663585074,-0.8732560625540472,0.0
2024-07-16 01:50:00,0.0,1.6688604663585074,-1.0313860123371097,0.0
2024-07-16 01:55:00,0.0,1.6688604663585074,-1.19857348356517,0.0
2024-07-16 02:00:00,0.0,1.6688604663585074,-1.3727533658027655,0.0
2024-07-16 02:05:00,0.0,1.6688604663585074,-1.551719461753115,0.0
2024-07-16 02:10:00,0.0,1.6688604663585074,-1.733146013763011,0.0
2024-07-16 02:15:00,0.0,1.6688604663585074,-1.9146110475737226,0.0
2024-07-16 02:20:00,0.0,1.6688604663585074,-2.093621371191519,0.0
2024-07-16 02:25:00,0.0,1.6688604663585074,-2.267639041406929,0.0
2024-07-16 02:30:00,0.0,1.6688604663585074,-2.4341090986591194,0.0
2024-07-16 02:35:00,0.0,1.6688604663585074,-2.5904883570256634,0.0
2024-07-16 02:40:00,0.0,1.6688604663585074,-2.734275021142547,0.0
2024-07-16 02:45:00,0.0,1.6688604663585074,-2.86303889633674,0.0
2024-07-16 02:50:00,0.0,1.6688604663585074,-2.974451942645319,0.0
2024-07-16 02:55:00,0.0,1.6688604663585074,-3.066318921988821,0.0
2024-07-16 03:00:00,0.0,1.6688604663585074,-3.1366078815223792,0.0
2024-07-16 03:05:00,0.0,1.6688604663585074,-3.1834802078613635,0.0
2024-07-16 03:10:00,0.0,1.6688604663585074,-3.2053199964581727,0.0
2024-07-16 03:15:00,0.0,1.6688604663585074,-3.2007624686575933,0.0
2024-07-16 03:20:00,0.0,1.6688604663585074,-3.168721183515068,0.0
2024-07-16 03:25:00,0.0,1.6688604663585074,-3.108413789545871,0.0
2024-07-16 03:30:00,0.0,1.6688604663585074,-3.019386070586082,0.0
2024-07-16 03:35:00,0.0,1.6688604663585074,-2.9015340532043226,0.0
2024-07-16 03:40:00,0.0,1.6688604663585074,-2.75512394602078,0.0
2024-07-16 03:45:00,0.0,1.6688604663585074,-2.58080970668489,0.0
2024-07-16 03:50:00,0.0,1.6688604663585074,-2.379648030878633,0.0
2024-07-16 03:55:00,0.0,1.6688604663585074,-2.1531105978026543,0.0
2024-07-16 04:00:00,0.0,1.6688604663585074,-1.903093395287427,0.0
2024-07-16 04:05:00,0.0,1.6688604663585074,-1.631923000471893,0.0
2024-07-16 04:10:00,0.0,1.6688604663585074,-1.3423596845587251,0.0
2024-07-16 04:15:00,0.0,1.6688604663585074,-1.03759724939803,0.0
2024-07-16 04:20:00,0.0,1.6688604663585074,-0.7212595286876715,0.0
2024-07-16 04:25:00,0.0,1.6688604663585074,-0.39739349493771065,0.0
2024-07-16 04:30:00,0.0,1.6688604663585074,-0.07045895776966796,0.0
2024-07-16 04:35:00,0.0,1.6688604663585074,0.25468514728212976,0.0
2024-07-16 04:40:00,0.0,1.6688604663585074,0.5727978492406283,0.0
2024-07-16 04:45:00,0.0,1.6688604663585074,0.8782765596633274,0.0
2024-07-16 04:50:00,0.0,1.6688604663585074,1.165180728437813,0.0
2024-07-16 04:55:00,0.0,1.6688604663585074,1.4272586450830236,0.0
2024-07-16 05:00:00,0.0,1.6688604663585074,1.657977236982092,0.0
2024-07-16 05:05:00,0.0,1.6688604663585074,1.8505547194013148,0.0
2024-07-16 05:10:00,0.0,1.6688604663585074,1.9979959123752566,0.0
2024-07-16 05:15:00,0.0,1.6688604663585074,2.0931300221611164,0.0
2024-07-16 05:20:00,0.0,1.6688604663585074,2.12865066095853,0.0
2024-07-16 05:25:00,0.0,1.6688604663585074,2.097157863948252,0.0
2024-07-16 05:30:00,0.0,1.6688604663585074,1.9912018382196863,0.0
2024-07-16 05:35:00,0.0,1.6688604663585074,1.803328163812017,0.0
2024-07-16 05:40:00,0.0,1.6688604663585074,1.5261241587916683,0.0
2024-07-16 05:45:00,0.0,1.6688604663585074,1.15226608982388,0.0
2024-07-16 05:50:00,0.0,1.6688604663585074,0.6745669277137823,0.0
2024-07-16 05:55:00,0.0,1.6688604663585074,0.08602430789362463,0.0
2024-07-16 06:00:00,0.0,1.6688604663585074,-0.6201316263371318,69.89388346043793
2024-07-16 06:05:00,0.0,1.6688604663585074,-1.4503908342410958,70.37961516017914
2024-07-16 06:10:00,0.0,1.6688604663585074,-2.410916780321547,72.07620408992133
2024-07-16 06:15:00,0.0,1.6688604663585074,-3.5075009547039313,72.07620408992133
2024-07-16 06:20:00,0.0,1.6688604663585074,-4.745518851631683,72.07620408992133
2024-07-16 06:25:00,0.0,1.6688604663585074,-6.129887719508651,74.22612391141261
2024-07-16 06:30:00,0.0,1.6688604663585074,-7.6650264117504125,61.8727416668615
2024-07-16 06:35:00,0.0,1.6688604663585074,-9.354817612324704,63.710819476861495
2024-07-16 06:40:00,63.20000076,1.6688604663585074,-11.202572761360155,82.63377507276697
2024-07-16 06:45:00,79.59999847,1.6688604663585074,-13.210999933928688,82.63377507276697
2024-07-16 06:50:00,80.05000305,1.6688604663585074,-15.382174919952739,81.90553058578918
2024-07-16 06:55:00,80.40000153,1.6688604663585074,-17.71751576240339,81.68665265770584
2024-07-16 07:00:00,98.5,1.6688604663585074,-20.217760947376284,430.6490528098338
2024-07-16 07:05:00,121.3000031,1.6688604663585074,-22.88295145195766,395.07652125543706
2024-07-16 07:10:00,172.6999969,1.6688604663585074,-25.712416784136423,394.3274611402564
2024-07-16 07:15:00,246.0,1.6688604663585074,-28.704765206258376,428.71723710425215
2024-07-16 07:20:00,290.7000122,1.6688604663585074,-31.857878171939493,427.90373708391877
2024-07-16 07:25:00,324.2999878,1.6688604663585074,-35.16890913791178,325.20516668318714
2024-07-16 07:30:00,309.4333191,1.6688604663585074,-38.63428674509202,254.54840388855246
2024-07-16 07:35:00,361.1000061,1.6688604663585074,-42.24972240747765,250.46385674273824
2024-07-16 07:40:00,425.3999939,1.6688604663585074,-46.010222307866776,250.46385674273824
2024-07-16 07:45:00,511.7000122,1.6688604663585074,-49.910103722121406,307.99157506658037
2024-07-16 07:50:00,575.0999756,1.6688604663585074,-53.943015645769165,322.1141319812559
2024-07-16 07:55:00,633.5,1.6688604663585074,-58.1019635786448,322.1141319812559
2024-07-16 08:00:00,609.7999878,1.6688604663585074,-62.37933837804208,1009.8287746573944
2024-07-16 08:05:00,637.7333374,1.6688604663585074,-66.76694893948297,1009.8287746573944
2024-07-16 08:10:00,657.0666504,1.6688604663585074,-71.25605860655743,1036.751413269142
2024-07-16 08:15:00,818.0,1.6688604663585074,-75.83742504357379,1036.751413269142
2024-07-16 08:20:00,771.0666504,1.6688604663585074,-80.50134330164667,1054.522812852442
2024-07-16 08:25:00,927.5,1.6688604663585074,-85.23769187060624,1058.748491797257
2024-07-16 08:30:00,884.166687,1.6688604663585074,-90.03598137975733,1058.748491797257
2024-07-16 08:35:00,942.5667114,1.6688604663585074,-94.88540565218308,1073.584282744055
2024-07-16 08:40:00,1124.300049,1.6688604663585074,-99.77489479629324,1079.251859664944
2024-07-16 08:45:00,1047.766724,1.6688604663585074,-104.69316995945263,1087.2056029211344
2024-07-16 08:50:00,1202.900024,1.6688604663585074,-109.62879942027351,1087.2056029211344
2024-07-16 08:55:00,1156.06665,1.6688604663585074,-114.57025561823443,1088.105204523822
2024-07-16 09:00:00,1224.93335,1.6688604663585074,-119.50597278588015,1482.1786061264493
2024-07-16 09:05:00,1254.233276,1.6688604663585074,-124.42440475370533,1486.1320127319493
2024-07-16 09:10:00,1291.43335,1.6688604663585074,-129.3140825939633,1486.1320127319493
2024-07-16 09:15:00,1336.166626,1.6688604663585074,-134.16367165644692,1492.878805722394
2024-07-16 09:20:00,1379.966797,1.6688604663585074,-138.9620276840101,1456.727582589034
2024-07-16 09:25:00,1423.700073,1.6688604663585074,-143.69825157792988,1460.5631005157215
2024-07-16 09:30:00,1654.900024,1.6688604663585074,-148.36174249978527,1433.2148892474943
2024-07-16 09:35:00,1552.766602,1.6688604663585074,-152.94224886389964,1433.2148892474943
2024-07-16 09:40:00,1572.299927,1.6688604663585074,-157.42991699305674,1420.520446368201
2024-07-16 09:45:00,1508.133301,1.6688604663585074,-161.81533704039552,1420.520446368201
2024-07-16 09:50:00,1436.299927,1.6688604663585074,-166.08958586477638,1445.599178794312
2024-07-16 09:55:00,1391.150146,1.6688604663585074,-170.24426662669316,1447.040786143931
2024-07-16 10:00:00,1224.166626,1.6688604663585074,-174.27154479521533,1891.3606353798366
2024-07-16 10:05:00,1225.43335,1.6688604663585074,-178.16418035290909,1891.9184478603595
2024-07-16 10:10:00,1838.400024,1.6688604663585074,-181.91555598867578,1889.6413922856927
2024-07-16 10:15:00,1842.750122,1.6688604663585074,-185.51970108325847,1888.5883832687482
2024-07-16 10:20:00,1846.799927,1.6688604663585074,-188.971311356965,1888.5883832687482
2024-07-16 10:25:00,1859.033325,1.6688604663585074,-192.26576404192832,1888.7908283354147
2024-07-16 10:30:00,1874.700073,1.6688604663585074,-195.39912851396903,1889.3552815828896
2024-07-16 10:35:00,1896.266602,1.6688604663585074,-198.36817230992673,1889.3552815828896
2024-07-16 10:40:00,1918.333374,1.6688604663585074,-201.17036252000028,1886.552688289223
2024-07-16 10:45:00,1942.166626,1.6688604663585074,-203.80386257556233,1886.552688289223
2024-07-16 10:50:00,1964.900024,1.6688604663585074,-206.26752445560868,1876.868987023021
2024-07-16 10:55:00,1990.366577,1.6688604663585074,-208.56087642482663,1876.7387005677826
2024-07-16 11:00:00,2015.933228,1.6688604663585074,-210.68410640088695,2054.8732403054028
2024-07-16 11:05:00,2039.333374,1.6688604663585074,-212.6380410785787,2054.8732403054028
2024-07-16 11:10:00,2053.633301,1.6688604663585074,-214.42412102608162,2054.36131879218
2024-07-16 11:15:00,2058.43335,1.6688604663585074,-216.04437193067372,2054.37998537718
2024-07-16 11:20:00,2057.800049,1.6688604663585074,-217.50137223192675,2054.400429778569
2024-07-16 11:25:00,2055.800049,1.6688604663585074,-218.79821741472455,2054.400429778569
2024-07-16 11:30:00,2056.233398,1.6688604663585074,-219.93848123678126,2054.361251454381
2024-07-16 11:35:00,2056.099854,1.6688604663585074,-220.92617420188674,2054.361251454381
2024-07-16 11:40:00,2056.900146,1.6688604663585074,-221.76569960966,2052.742016027821
2024-07-16 11:45:00,2056.93335,1.6688604663585074,-222.4618075194038,2053.1478360753445
2024-07-16 11:50:00,2059.099854,1.6688604663585074,-223.01954699835616,2053.1478360753445
2024-07-16 11:55:00,2060.166748,1.6688604663585074,-223.44421702076346,2052.82721707308
2024-07-16 12:00:00,2060.733398,1.6688604663585074,-223.74131640219187,2054.5741119694417
2024-07-16 12:05:00,2059.333252,1.6688604663585074,-223.91649315795078,2051.799220731879
2024-07-16 12:10:00,2059.199951,1.6688604663585074,-223.9754936792676,2051.813403853657
2024-07-16 12:15:00,2059.06665,1.6688604663585074,-223.92411211681005,2050.188987511486
2024-07-16 12:20:00,2060.43335,1.6688604663585074,-223.76814037106865,2052.1830470580853
2024-07-16 12:25:00,2060.93335,1.6688604663585074,-223.51331906594854,2053.335478181772
2024-07-16 12:30:00,2061.600098,1.6688604663585074,-223.16528988497387,2052.607061672617
2024-07-16 12:35:00,2061.350098,1.6688604663585074,-222.72954964721058,2051.0666308308623
2024-07-16 12:40:00,2059.25,1.6688604663585074,-222.2114064581466,2054.0768377729105
2024-07-16 12:45:00,2057.100098,1.6688604663585074,-221.61593828508296,2055.6245200010667
2024-07-16 12:50:00,2057.833252,1.6688604663585074,-220.94795426295855,2055.5550561996315
2024-07-16 12:55:00,2059.633545,1.6688604663585074,-220.21195903954356,2054.9013218244827
2024-07-16 13:00:00,2061.199951,1.6688604663585074,-219.41212041296276,2053.454480111507
2024-07-16 13:05:00,2060.93335,1.6688604663585074,-218.55224052009726,2059.0950008263553
2024-07-16 13:10:00,2058.199951,1.6688604663585074,-217.6357307820344,2059.3831873171725
2024-07-16 13:15:00,2056.399902,1.6688604663585074,-216.66559080365806,2059.8977084579014
2024-07-16 13:20:00,1767.35022,1.6688604663585074,-215.64439137430918,2059.7154827444424
2024-07-16 13:25:00,1184.800049,1.6688604663585074,-214.57426169652467,2060.2206829725237
2024-07-16 13:30:00,853.6000366,1.6688604663585074,-213.45688092860593,2060.703993023872
2024-07-16 13:35:00,835.7999878,1.6688604663585074,-212.29347410056707,2060.349195309598
2024-07-16 13:40:00,734.5499878,1.6688604663585074,-211.08481242298097,2060.491210373294
2024-07-16 13:45:00,534.2999878,1.6688604663585074,-209.8312179667259,2056.0406713103807
2024-07-16 13:50:00,378.5666504,1.6688604663585074,-208.53257268380435,2035.6070552416484
2024-07-16 13:55:00,350.6999817,1.6688604663585074,-207.1883316622991,2036.193007062063
2024-07-16 14:00:00,373.3999939,1.6688604663585074,-205.79754050140406,2040.9275345098845
2024-07-16 14:05:00,354.0333252,1.6688604663585074,-204.35885668883267,2038.8073605504908
2024-07-16 14:10:00,358.1333008,1.6688604663585074,-202.87057474212324,2028.6455483293712
2024-07-16 14:15:00,340.2333374,1.6688604663585074,-201.33065495028632,1888.1015403483548
2024-07-16 14:20:00,323.7666931,1.6688604663585074,-199.73675543890624,1852.3594418787375
2024-07-16 14:25:00,310.7999878,1.6688604663585074,-198.0862673221556,1843.763137417131
2024-07-16 14:30:00,273.75,1.6688604663585074,-196.3763526149889,1852.8218363821236
2024-07-16 14:35:00,212.25,1.6688604663585074,-194.60398461060797,1834.4659933465068
2024-07-16 14:40:00,160.6999969,1.6688604663585074,-192.76599038147984,1734.4493126061986
2024-07-16 14:45:00,144.6999969,1.6688604663585074,-190.85909503110307,1466.7162793835141
2024-07-16 14:50:00,132.4666595,1.6688604663585074,-188.87996737519742,1332.4841453086192
2024-07-16 14:55:00,126.6000061,1.6688604663585074,-186.82526659913256,1232.4702175614066
2024-07-16 15:00:00,109.6000061,1.6688604663585074,-184.69168956978754,1158.0755246425913
2024-07-16 15:05:00,83.25,1.6688604663585074,-182.47601835753338,1121.3261523621907
2024-07-16 15:10:00,75.5,1.6688604663585074,-180.17516759197716,1014.7371863270171
2024-07-16 15:15:00,110.4000015,1.6688604663585074,-177.78623123744435,991.538927203872
2024-07-16 15:20:00,211.0,1.6688604663585074,-175.30652841556838,955.9048608947083
2024-07-16 15:25:00,323.1000061,1.6688604663585074,-172.73364785578914,938.1742741206203
2024-07-16 15:30:00,442.3999939,1.6688604663585074,-170.0654905958752,956.5848177011566
2024-07-16 15:35:00,543.5,1.6688604663585074,-167.3003106129066,942.6816990251205
2024-07-16 15:40:00,604.7000122,1.6688604663585074,-164.4367529561524,921.3468550980695
2024-07-16 15:45:00,578.8666382,1.6688604663585074,-161.47388910881443,621.4763123309959
2024-07-16 15:50:00,601.5667114,1.6688604663585074,-158.4112492295643,400.85689127174265
2024-07-16 15:55:00,595.7999878,1.6688604663585074,-155.2488510187762,411.88959121722263
2024-07-16 16:00:00,580.7333374,1.6688604663585074,-151.9872249104209,416.497792383414
2024-07-16 16:05:00,546.2666626,1.6688604663585074,-148.627435371509,407.9742407149148
2024-07-16 16:10:00,525.7000122,1.6688604663585074,-145.17109811736782,530.3299031130169
2024-07-16 16:15:00,426.1666565,1.6688604663585074,-141.62039301739696,698.8100754158044
2024-07-16 16:20:00,374.7666931,1.6688604663585074,-137.97807264960818,814.329273445659
2024-07-16 16:25:00,350.8999939,1.6688604663585074,-134.2474662684124,859.2402506476544
2024-07-16 16:30:00,332.9666748,1.6688604663585074,-130.43247923449644,897.791821753157
2024-07-16 16:35:00,300.9666748,1.6688604663585074,-126.53758778989896,680.6802901858558
2024-07-16 16:40:00,285.2999878,1.6688604663585074,-122.56782922527009,699.0854565080781
2024-07-16 16:45:00,232.4499817,1.6688604663585074,-118.5287874470049,681.1591282760766
2024-07-16 16:50:00,187.5499878,1.6688604663585074,-114.42657405899149,708.0435042485233
2024-07-16 16:55:00,142.8666687,1.6688604663585074,-110.26780503049582,704.6891210515107
2024-07-16 17:00:00,125.9333267,1.6688604663585074,-106.05957308347146,643.658273980071
2024-07-16 17:05:00,118.1666641,1.6688604663585074,-101.80941607141473,657.7684955131954
2024-07-16 17:10:00,114.7666626,1.6688604663585074,-97.52528143225003,662.020160749235
2024-07-16 17:15:00,135.5,1.6688604663585074,-93.21548705745228,661.5095963264017
2024-07-16 17:20:00,158.1000061,1.6688604663585074,-88.88867879536397,762.7235911155108
2024-07-16 17:25:00,174.3999939,1.6688604663585074,-84.55378494030595,712.3463041247423
2024-07-16 17:30:00,167.3333282,1.6688604663585074,-80.21996797429807,698.3629090506249
2024-07-16 17:35:00,171.5666656,1.6688604663585074,-75.89657395437378,539.517532671317
2024-07-16 17:40:00,167.1666718,1.6688604663585074,-71.59307990222881,566.2448527128796
2024-07-16 17:45:00,161.9333344,1.6688604663585074,-67.31903954927893,560.5472215113944
2024-07-16 17:50:00,149.6666718,1.6688604663585074,-63.084027931460966,579.865479617015
2024-07-16 17:55:00,143.8999939,1.6688604663585074,-58.89758510609951,575.2166990715483
2024-07-16 18:00:00,122.4499969,1.6688604663585074,-54.769159545407724,295.0198491193284
2024-07-16 18:05:00,100.5000076,1.6688604663585074,-50.70805153644971,285.4654277928704
2024-07-16 18:10:00,80.6499939,1.6688604663585074,-46.723357063520744,275.8949012317148
2024-07-16 18:15:00,63.6499939,1.6688604663585074,-42.82391258212657,266.4035419267982
2024-07-16 18:20:00,50.55000305,1.6688604663585074,-39.018241090381295,266.9833937806871
2024-07-16 18:25:00,40.5,1.6688604663585074,-35.31449995378547,268.65764549469304
2024-07-16 18:30:00,32.75,1.6688604663585074,-31.72043079894036,266.04726772170415
2024-07-16 18:35:00,26.04999924,1.6688604663585074,-28.243311975894283,267.3269046127486
2024-07-16 18:40:00,19.83333397,1.6688604663585074,-24.8899138384909,268.5874075555752
2024-07-16 18:45:00,17.73333359,1.6688604663585074,-21.66645726916675,272.2607077056228
2024-07-16 18:50:00,19.39999962,1.6688604663585074,-18.578575727237737,269.1797663719181
2024-07-16 18:55:00,17.93333244,1.6688604663585074,-15.631281154232099,263.849587363374
2024-07-16 19:00:00,19.0,1.6688604663585074,-12.828933960227312,80.62615207569823
2024-07-16 19:05:00,21.79999924,1.6688604663585074,-10.175217360803464,51.650852909594036
2024-07-16 19:10:00,29.70000076,1.6688604663585074,-7.67311625952398,67.15902031644913
2024-07-16 19:15:00,49.79999924,1.6688604663585074,-5.324900829146433,68.5483933137681
2024-07-16 19:20:00,48.44999695,1.6688604663585074,-3.1321149731946694,29.1103593718473
2024-07-16 19:25:00,47.96666336,1.6688604663585074,-1.0955696984156664,27.3852232145985
2024-07-16 19:30:00,47.04999924,1.6688604663585074,0.7846584811266616,26.327250641118795
2024-07-16 19:35:00,38.95000076,1.6688604663585074,2.5092241264983155,26.327250641118795
2024-07-16 19:40:00,22.70000076,1.6688604663585074,4.079504439929471,26.918007987892597
2024-07-16 19:45:00,13.4333334,1.6688604663585074,5.497585876446342,26.918007987892597
2024-07-16 19:50:00,12.80000019,1.6688604663585074,6.766245899282561,25.916604817425608
2024-07-16 19:55:00,0.0,1.6688604663585074,7.888929994463569,25.887356128912117
2024-07-16 20:00:00,0.0,1.6688604663585074,8.869724139394455,0.0
2024-07-16 20:05:00,0.0,1.6688604663585074,9.713322899988807,0.0
2024-07-16 20:10:00,0.0,1.6688604663585074,10.424993411396693,0.0
2024-07-16 20:15:00,0.0,1.6688604663585074,11.010535516328568,0.0
2024-07-16 20:20:00,0.0,1.6688604663585074,11.476238335915802,0.0
2024-07-16 20:25:00,0.0,1.6688604663585074,11.828833634757538,0.0
2024-07-16 20:30:00,0.0,1.6688604663585074,12.075446301294019,0.0
2024-07-16 20:35:00,0.0,1.6688604663585074,12.223542341662485,0.0
2024-07-16 20:40:00,0.0,1.6688604663585074,12.280874770955277,0.0
2024-07-16 20:45:00,0.0,1.6688604663585074,12.25542781930433,0.0
2024-07-16 20:50:00,0.0,1.6688604663585074,12.155359873402185,0.0
2024-07-16 20:55:00,0.0,1.6688604663585074,11.988945592413408,0.0
2024-07-16 21:00:00,0.0,1.6688604663585074,11.764517647532521,0.0
2024-07-16 21:05:00,0.0,1.6688604663585074,11.490408509879934,0.0
2024-07-16 21:10:00,0.0,1.6688604663585074,11.174892764121429,0.0
2024-07-16 21:15:00,0.0,1.6688604663585074,10.826130354853106,0.0
2024-07-16 21:20:00,0.0,1.6688604663585074,10.45211123119771,0.0
2024-07-16 21:25:00,0.0,1.6688604663585074,10.060601793549043,0.0
2024-07-16 21:30:00,0.0,1.6688604663585074,9.659093558695279,0.0
2024-07-16 21:35:00,0.0,1.6688604663585074,9.254754439969615,0.0
2024-07-16 21:40:00,0.0,1.6688604663585074,8.85438300705532,0.0
2024-07-16 21:45:00,0.0,1.6688604663585074,8.464366079120603,0.0
2024-07-16 21:50:00,0.0,1.6688604663585074,8.090639972143904,0.0
2024-07-16 21:55:00,0.0,1.6688604663585074,7.738655692452009,0.0
2024-07-16 22:00:00,0.0,1.6688604663585074,7.413348339594928,0.0
2024-07-16 22:05:00,0.0,1.6688604663585074,7.119110949283599,0.0
2024-07-16 22:10:00,0.0,1.6688604663585074,6.8597729607854525,0.0
2024-07-16 22:15:00,0.0,1.6688604663585074,6.638583475124091,0.0
2024-07-16 22:20:00,0.0,1.6688604663585074,6.458199415499725,0.0
2024-07-16 22:25:00,0.0,1.6688604663585074,6.320678667017807,0.0
2024-07-16 22:30:00,0.0,1.6688604663585074,6.227478236144527,0.0
2024-07-16 22:35:00,0.0,1.6688604663585074,6.179457425969363,0.0
2024-07-16 22:40:00,0.0,1.6688604663585074,6.176885982311015,0.0
2024-07-16 22:45:00,0.0,1.6688604663585074,6.219457127490681,0.0
2024-07-16 22:50:00,0.0,1.6688604663585074,6.306305357121063,0.0
2024-07-16 22:55:00,0.0,1.6688604663585074,6.436028836893894,0.0
2024-07-16 23:00:00,0.0,1.6688604663585074,6.606716196889977,0.0
2024-07-16 23:05:00,0.0,1.6688604663585074,6.8159774867001905,0.0
2024-07-16 23:10:00,0.0,1.6688604663585074,7.060979019224473,0.0
2024-07-16 23:15:00,0.0,1.6688604663585074,7.338481797041846,0.0
2024-07-16 23:20:00,0.0,1.6688604663585074,7.644883187299339,0.0
2024-07-16 23:25:00,0.0,1.6688604663585074,7.976261482123623,0.0
2024-07-16 23:30:00,0.0,1.6688604663585074,8.328422955751352,0.0
2024-07-16 23:35:00,0.0,1.6688604663585074,8.696951011368563,0.0
2024-07-16 23:40:00,0.0,1.6688604663585074,9.07725698695451,0.0
2024-07-16 23:45:00,0.0,1.6688604663585074,9.46463218232943,0.0
2024-07-16 23:50:00,0.0,1.6688604663585074,9.854300642119886,0.0
2024-07-16 23:55:00,0.0,1.6688604663585074,10.241472245608461,0.0
2024-07-17 00:00:00,0.0,1.6688604663585074,10.621395626925445,0.0
2024-07-17 00:05:00,0.0,1.6688604663585074,10.98941046059225,0.0
2024-07-17 00:10:00,0.0,1.6688604663585074,11.340998649936335,0.0
2024-07-17 00:15:00,0.0,1.6688604663585074,11.671833959049119,0.0
2024-07-17 00:20:00,0.0,1.6688604663585074,11.977829643962751,0.0
2024-07-17 00:25:00,0.0,1.6688604663585074,12.255183649080898,0.0
2024-07-17 00:30:00,0.0,1.6688604663585074,12.500420957071594,0.0
2024-07-17 00:35:00,0.0,1.6688604663585074,12.710432701680404,0.0
2024-07-17 00:40:00,0.0,1.6688604663585074,12.882511668601214,0.0
2024-07-17 00:45:00,0.0,1.6688604663585074,13.014383856306946,0.0
2024-07-17 00:50:00,0.0,1.6688604663585074,13.10423578037469,0.0
2024-07-17 00:55:00,0.0,1.6688604663585074,13.15073724901763,0.0
2024-07-17 01:00:00,0.0,1.6688604663585074,13.153059372890135,0.0
2024-07-17 01:05:00,0.0,1.6688604663585074,13.110887606278855,0.0
2024-07-17 01:10:00,0.0,1.6688604663585074,13.024429662069208,0.0
2024-07-17 01:15:00,0.0,1.6688604663585074,12.894418177808495,0.0
2024-07-17 01:20:00,0.0,1.6688604663585074,12.722108068229636,0.0
2024-07-17 01:25:00,0.0,1.6688604663585074,12.509268513040208,0.0
2024-07-17 01:30:00,0.0,1.6688604663585074,12.258169618001034,0.0
2024-07-17 01:35:00,0.0,1.6688604663585074,11.97156378473269,0.0
2024-07-17 01:40:00,0.0,1.6688604663585074,11.652661905707493,0.0
2024-07-17 01:45:00,0.0,1.6688604663585074,11.305104524903584,0.0
2024-07-17 01:50:00,0.0,1.6688604663585074,10.932928156040187,0.0
2024-07-17 01:55:00,0.0,1.6688604663585074,10.540526988130283,0.0
2024-07-17 02:00:00,0.0,1.6688604663585074,10.132610254463197,0.0
2024-07-17 02:05:00,0.0,1.6688604663585074,9.714155574249437,0.0
2024-07-17 02:10:00,0.0,1.6688604663585074,9.2903586127843,0.0
2024-07-17 02:15:00,0.0,1.6688604663585074,8.86657944862351,0.0
2024-07-17 02:20:00,0.0,1.6688604663585074,8.448286052790332,0.0
2024-07-17 02:25:00,0.0,1.6688604663585074,8.040995329290855,0.0
2024-07-17 02:30:00,0.0,1.6688604663585074,7.650212181057609,0.0
2024-07-17 02:35:00,0.0,1.6688604663585074,7.281367088444954,0.0
2024-07-17 02:40:00,0.0,1.6688604663585074,6.939752709694764,0.0
2024-07-17 02:45:00,0.0,1.6688604663585074,6.63046002041968,0.0
2024-07-17 02:50:00,0.0,1.6688604663585074,6.358314529329447,0.0
2024-07-17 02:55:00,0.0,1.6688604663585074,6.127813098500184,0.0
2024-07-17 03:00:00,0.0,1.6688604663585074,5.943061911861541,0.0
2024-07-17 03:05:00,0.0,1.6688604663585074,5.807716130942726,0.0
2024-07-17 03:10:00,0.0,1.6688604663585074,5.724921756469705,0.0
2024-07-17 03:15:00,0.0,1.6688604663585074,5.697260231045485,0.0
2024-07-17 03:20:00,0.0,1.6688604663585074,5.726696267479448,0.0
2024-07-17 03:25:00,0.0,1.6688604663585074,5.814529406361226,0.0
2024-07-17 03:30:00,0.0,1.6688604663585074,5.961349749926924,0.0
2024-07-17 03:35:00,0.0,1.6688604663585074,6.166998314696966,0.0
2024-07-17 03:40:00,0.0,1.6688604663585074,6.430532404267838,0.0
2024-07-17 03:45:00,0.0,1.6688604663585074,6.7501963746015985,0.0
2024-07-17 03:50:00,0.0,1.6688604663585074,7.1233981234255985,0.0
2024-07-17 03:55:00,0.0,1.6688604663585074,7.54669159714846,0.0
2024-07-17 04:00:00,0.0,1.6688604663585074,8.015765569821868,0.0
2024-07-17 04:05:00,0.0,1.6688604663585074,8.525438887770443,0.0
2024-07-17 04:10:00,0.0,1.6688604663585074,9.069662360427722,0.0
2024-07-17 04:15:00,0.0,1.6688604663585074,9.641527381822723,0.0
2024-07-17 04:20:00,0.0,1.6688604663585074,10.233281360110205,0.0
2024-07-17 04:25:00,0.0,1.6688604663585074,10.83634995869846,0.0
2024-07-17 04:30:00,0.0,1.6688604663585074,11.44136610798639,0.0
2024-07-17 04:35:00,0.0,1.6688604663585074,12.038205687269171,0.0
2024-07-17 04:40:00,0.0,1.6688604663585074,12.61602974156509,0.0
2024-07-17 04:45:00,0.0,1.6688604663585074,13.163333029115977,0.0
2024-07-17 04:50:00,0.0,1.6688604663585074,13.667998656170964,0.0
2024-07-17 04:55:00,0.0,1.6688604663585074,14.117358506866411,0.0
2024-07-17 05:00:00,0.0,1.6688604663585074,14.498259118672522,0.0
2024-07-17 05:05:00,0.0,1.6688604663585074,14.797132632373058,0.0
2024-07-17 05:10:00,0.0,1.6688604663585074,15.000072372199165,0.0
2024-07-17 05:15:00,0.0,1.6688604663585074,15.092912602860734,0.0
2024-07-17 05:20:00,0.0,1.6688604663585074,15.061311952987555,0.0
2024-07-17 05:25:00,0.0,1.6688604663585074,14.89083997238975,0.0
2024-07-17 05:30:00,0.0,1.6688604663585074,14.56706625781708,0.0
2024-07-17 05:35:00,0.0,1.6688604663585074,14.075651558594304,0.0
2024-07-17 05:40:00,0.0,1.6688604663585074,13.402440252530225,1.0302500004166666
2024-07-17 05:45:00,0.0,1.6688604663585074,12.533553558604584,1.0302500004166666
2024-07-17 05:50:00,0.0,1.6688604663585074,11.455482864721986,33.646686892001014
2024-07-17 05:55:00,0.0,1.6688604663585074,10.155182502894492,60.70485786552451
2024-07-17 06:00:00,0.0,1.6688604663585074,8.620161339171853,107.28501710897442
2024-07-17 06:05:00,0.0,1.6688604663585074,6.838572520097829,107.17679489370774
2024-07-17 06:10:00,0.0,1.6688604663585074,4.799300751451518,107.17679489370774
2024-07-17 06:15:00,0.0,1.6688604663585074,2.4920464613909243,107.17679489370774
2024-07-17 06:20:00,0.0,1.6688604663585074,-0.09259374826913196,107.17679489370774
2024-07-17 06:25:00,0.0,1.6688604663585074,-2.963050967960757,149.0919947549247
2024-07-17 06:30:00,0.0,1.6688604663585074,-6.126712712138841,149.0919947549247
2024-07-17 06:35:00,64.19999695,1.6688604663585074,-9.589857071857102,149.0919947549247
2024-07-17 06:40:00,73.0,1.6688604663585074,-13.357592771712564,152.58410971839615
2024-07-17 06:45:00,69.23332977,1.6688604663585074,-17.433805620230476,153.79505419997395
2024-07-17 06:50:00,72.3666687,1.6688604663585074,-21.821111756599947,153.79505419997395
2024-07-17 06:55:00,67.53333282,1.6688604663585074,-26.520818079610653,153.79505419997395
2024-07-17 07:00:00,66.05000305,1.6688604663585074,-31.53289020943768,450.6342050969755
2024-07-17 07:05:00,50.26666641,1.6688604663585074,-36.85592821557179,450.6342050969755
2024-07-17 07:10:00,61.09999847,1.6688604663585074,-42.48715039543637,450.6342050969755
2024-07-17 07:15:00,59.95000076,1.6688604663585074,-48.42238527619772,451.1380383421977
2024-07-17 07:20:00,59.06666565,1.6688604663585074,-54.65607187028522,451.1380383421977
2024-07-17 07:25:00,56.23333359,1.6688604663585074,-61.18126837746201,451.1380383421977
2024-07-17 07:30:00,56.66666794,1.6688604663585074,-67.98966924403304,432.75893448703425
2024-07-17 07:35:00,66.69999695,1.6688604663585074,-75.07163056847709,429.5647988078375
2024-07-17 07:40:00,63.06666565,1.6688604663585074,-82.41620369116798,424.86260974739463
2024-07-17 07:45:00,64.59999847,1.6688604663585074,-90.01117686808294,484.7885159213948
2024-07-17 07:50:00,105.8000031,1.6688604663585074,-97.84312474409757,471.1678698251245
2024-07-17 07:55:00,157.1999969,1.6688604663585074,-105.89746535458559,464.8534086287265
2024-07-17 08:00:00,172.3000031,1.6688604663585074,-114.15852438204159,884.3186766328907
2024-07-17 08:05:00,162.9333344,1.6688604663585074,-122.60960611008785,892.8504841812688
2024-07-17 08:10:00,163.6333466,1.6688604663585074,-131.2330708853709,892.8504841812688
2024-07-17 08:15:00,188.8000031,1.6688604663585074,-140.01041837296466,947.7961705739491
2024-07-17 08:20:00,251.1999969,1.6688604663585074,-148.922376228022,947.7961705739491
2024-07-17 08:25:00,291.3999939,1.6688604663585074,-157.94899356043533,1049.1090533411134
2024-07-17 08:30:00,350.3999939,1.6688604663585074,-167.0697386172097,1049.1090533411134
2024-07-17 08:35:00,448.3999939,1.6688604663585074,-176.26359999954605,1043.3303765710466
2024-07-17 08:40:00,454.6499634,1.6688604663585074,-185.5091908360381,1043.3303765710466
2024-07-17 08:45:00,456.7333069,1.6688604663585074,-194.78485523376654,1043.3303765710466
2024-07-17 08:50:00,514.5,1.6688604663585074,-204.068776158677,1036.2821164186814
2024-07-17 08:55:00,800.5,1.6688604663585074,-213.33908428046203,1040.6524474973844
2024-07-17 09:00:00,808.4499512,1.6688604663585074,-222.57396687754266,1307.630988521717
2024-07-17 09:05:00,811.1000366,1.6688604663585074,-231.75177619316617,1306.1887108261615
2024-07-17 09:10:00,815.1000366,1.6688604663585074,-240.85113644162587,1321.047107302415
2024-07-17 09:15:00,774.9666138,1.6688604663585074,-249.8510488539842,1340.7769418989594
2024-07-17 09:20:00,740.2333374,1.6688604663585074,-258.73099402192724,1435.2056266882428
2024-07-17 09:25:00,685.4666138,1.6688604663585074,-267.4710308503653,1424.7928460475123
2024-07-17 09:30:00,656.5333862,1.6688604663585074,-276.0518915717985,1453.6281755845523
2024-07-17 09:35:00,600.4333496,1.6688604663585074,-284.4550719983419,1468.1799716879525
2024-07-17 09:40:00,561.1333618,1.6688604663585074,-292.662916699165,1566.897516520254
2024-07-17 09:45:00,684.4000244,1.6688604663585074,-300.6586982966964,1577.9174875304207
2024-07-17 09:50:00,857.5999756,1.6688604663585074,-308.426690548273,1619.746336011561
2024-07-17 09:55:00,759.0,1.6688604663585074,-315.95223465303883,1621.0130586675612
2024-07-17 10:00:00,809.1000366,1.6688604663585074,-323.22179842456154,1887.190353889116
2024-07-17 10:05:00,780.5,1.6688604663585074,-330.2230278956939,1885.6686877617826
2024-07-17 10:10:00,806.6333008,1.6688604663585074,-336.9447911160626,1885.7886840067183
2024-07-17 10:15:00,892.7999878,1.6688604663585074,-343.3772138813687,1885.7886840067183
2024-07-17 10:20:00,847.166687,1.6688604663585074,-349.5117070870701,1887.5162342938881
2024-07-17 10:25:00,1116.400024,1.6688604663585074,-355.34098573829664,1887.5162342938881
2024-07-17 10:30:00,2056.699951,1.6688604663585074,-360.85907940532405,1879.4777733335923
2024-07-17 10:35:00,1924.150146,1.6688604663585074,-366.0613341779639,1853.551161122468
2024-07-17 10:40:00,1879.966675,1.6688604663585074,-370.94440610607415,1853.551161122468
2024-07-17 10:45:00,1693.599976,1.6688604663585074,-375.5062462966858,1837.8078700301346
2024-07-17 10:50:00,2054.199951,1.6688604663585074,-379.7460777810295,1837.1621340026109
2024-07-17 10:55:00,2055.799805,1.6688604663585074,-383.6643643924529,1837.1621340026109
2024-07-17 11:00:00,2056.133057,1.6688604663585074,-387.262771956711,2057.9208248423456
2024-07-17 11:05:00,2057.400146,1.6688604663585074,-390.54412206311343,2057.3429898789154
2024-07-17 11:10:00,1966.366577,1.6688604663585074,-393.51233890266775,2057.0681567055817
2024-07-17 11:15:00,1921.150024,1.6688604663585074,-396.17238951746947,2056.9822238528363
2024-07-17 11:20:00,1475.633423,1.6688604663585074,-398.5302180063149,2058.0688202789156
2024-07-17 11:25:00,1321.300049,1.6688604663585074,-400.5926741821884,2057.979721460789
2024-07-17 11:30:00,1202.899902,1.6688604663585074,-402.3674372557474,2057.9754548594556
2024-07-17 11:35:00,1234.900024,1.6688604663585074,-403.86293514537164,2057.9800106577886
2024-07-17 11:40:00,1103.166626,1.6688604663585074,-405.08826003375015,2057.9800106577886
2024-07-17 11:45:00,1148.400024,1.6688604663585074,-406.05308084340726,2057.961055644535
2024-07-17 11:50:00,1105.150024,1.6688604663585074,-406.76755327977526,2057.9548816188203
2024-07-17 11:55:00,931.5,1.6688604663585074,-407.24222815861464,2057.9506229921535
2024-07-17 12:00:00,848.3500366,1.6688604663585074,-407.48795869955336,2057.9679822971525
2024-07-17 12:05:00,665.6500244,1.6688604663585074,-407.5158074961432,2057.9679822971525
2024-07-17 12:10:00,420.8000488,1.6688604663585074,-407.3369538708742,2057.9911959370734
2024-07-17 12:15:00,313.3500061,1.6688604663585074,-406.9626023067239,2057.87908684651
2024-07-17 12:20:00,266.25,1.6688604663585074,-406.403892647975,2057.9277465960627
2024-07-17 12:25:00,210.0666656,1.6688604663585074,-405.6718127430604,2057.920967086849
2024-07-17 12:30:00,192.0333252,1.6688604663585074,-404.77711416493764,2058.1547893095003
2024-07-17 12:35:00,187.2000122,1.6688604663585074,-403.7302316727207,2057.428183923294
2024-07-17 12:40:00,172.3999939,1.6688604663585074,-402.5412069462662,2056.997952478849
2024-07-17 12:45:00,247.8000031,1.6688604663585074,-401.2196172173779,2057.4308481202934
2024-07-17 12:50:00,242.8000031,1.6688604663585074,-399.77450926879294,2056.997952478849
2024-07-17 12:55:00,242.0999908,1.6688604663585074,-398.21433930078376,2051.1368861345704
2024-07-17 13:00:00,236.0,1.6688604663585074,-396.5469190883954,2033.073472292237
2024-07-17 13:05:00,230.7666779,1.6688604663585074,-394.7793687998951,1993.178737213654
2024-07-17 13:10:00,229.7333374,1.6688604663585074,-392.9180768300012,2036.19148956257
2024-07-17 13:15:00,224.9333496,1.6688604663585074,-390.9686668636778,2050.8430985175705
2024-07-17 13:20:00,224.4333496,1.6688604663585074,-388.9359724670758,2051.1957824347296
2024-07-17 13:25:00,305.5,1.6688604663585074,-386.82401926484766,2051.8993219493964
2024-07-17 13:30:00,299.1499634,1.6688604663585074,-384.63601487852196,2050.537175097873
2024-07-17 13:35:00,300.3000183,1.6688604663585074,-382.37434660791536,2035.3252787474783
2024-07-17 13:40:00,550.4000244,1.6688604663585074,-380.04058685375486,1913.8456221030194
2024-07-17 13:45:00,541.5,1.6688604663585074,-377.6355061939742,1850.0770219173298
2024-07-17 13:50:00,595.5999756,1.6688604663585074,-375.15909394830214,2043.9883483409606
2024-07-17 13:55:00,805.9000244,1.6688604663585074,-372.61058604687884,1994.7259506617331
2024-07-17 14:00:00,1264.800049,1.6688604663585074,-369.98849990623637,1913.0059265428154
2024-07-17 14:05:00,1663.199951,1.6688604663585074,-367.2906760621921,1949.0711751847377
2024-07-17 14:10:00,1464.0,1.6688604663585074,-364.5143260902644,1918.1373535648245
2024-07-17 14:15:00,1483.333374,1.6688604663585074,-361.65608649041013,1940.1163876487008
2024-07-17 14:20:00,1393.400024,1.6688604663585074,-358.71207799817313,1917.6544751942242
2024-07-17 14:25:00,1116.900024,1.6688604663585074,-355.67796985394193,1857.3197936349882
2024-07-17 14:30:00,843.9000854,1.6688604663585074,-352.54904846748616,1850.135262235036
2024-07-17 14:35:00,719.8499756,1.6688604663585074,-349.32028988480147,1854.4243601654462
2024-07-17 14:40:00,586.3000488,1.6688604663585074,-345.98643548733156,1845.7528388547241
2024-07-17 14:45:00,566.7000122,1.6688604663585074,-342.54207020442976,1839.2937149352801
2024-07-17 14:50:00,880.0,1.6688604663585074,-338.9817026958571,1830.1242797085422
2024-07-17 14:55:00,853.5499268,1.6688604663585074,-335.2998467154387,1757.5033127541108
2024-07-17 15:00:00,845.3999634,1.6688604663585074,-331.4911030503626,1783.7521388460607
2024-07-17 15:05:00,811.0666504,1.6688604663585074,-327.5502413226496,1574.3959377538135
2024-07-17 15:10:00,794.833313,1.6688604663585074,-323.4722809518242,1681.7899214790143
2024-07-17 15:15:00,727.2999878,1.6688604663585074,-319.25257064989137,1767.4612680319344
2024-07-17 15:20:00,702.4500122,1.6688604663585074,-314.88686570457264,1801.6594567449977
2024-07-17 15:25:00,571.0333862,1.6688604663585074,-310.37140247520153,1853.6707445509203
2024-07-17 15:30:00,542.7333374,1.6688604663585074,-305.70296938333763,1793.3185345487138
2024-07-17 15:35:00,661.4000244,1.6688604663585074,-300.87897392460167,1769.9573035628623
2024-07-17 15:40:00,601.5,1.6688604663585074,-295.8975049820007,1691.636705767065
2024-07-17 15:45:00,621.666687,1.6688604663585074,-290.75738999176485,1652.2059340273404
2024-07-17 15:50:00,587.5666504,1.6688604663585074,-285.4582464747316,1627.0888505042199
2024-07-17 15:55:00,566.2666626,1.6688604663585074,-280.0005274211823,1555.1094995239923
2024-07-17 16:00:00,526.8999634,1.6688604663585074,-274.3855601789639,1321.3698739413885
2024-07-17 16:05:00,493.7999573,1.6688604663585074,-268.6155784428985,1321.3698739413885
2024-07-17 16:10:00,443.7666931,1.6688604663585074,-262.6937471339412,1321.3698739413885
2024-07-17 16:15:00,423.6499939,1.6688604663585074,-256.62417976301174,1321.3698739413885
2024-07-17 16:20:00,468.2000122,1.6688604663585074,-250.41194831591116,1319.188262308055
2024-07-17 16:25:00,542.9000244,1.6688604663585074,-244.06308531344928,1321.5016670279836
2024-07-17 16:30:00,512.4333496,1.6688604663585074,-237.58457812445317,1384.1745888806836
2024-07-17 16:35:00,541.4333496,1.6688604663585074,-230.9843554782574,1366.6027014333422
2024-07-17 16:40:00,527.3999634,1.6688604663585074,-224.27126621463123,1359.6450481668094
2024-07-17 16:45:00,528.0,1.6688604663585074,-217.45505045611517,1377.4883511370178
2024-07-17 16:50:00,454.1499939,1.6688604663585074,-210.54630329216278,1375.6276848363511
2024-07-17 16:55:00,376.3499756,1.6688604663585074,-203.55643128897256,1375.5424625665178
2024-07-17 17:00:00,310.7999878,1.6688604663585074,-196.49760202974213,662.8284393961012
2024-07-17 17:05:00,248.2000122,1.6688604663585074,-189.38268719325814,725.2134967963415
2024-07-17 17:10:00,234.4333496,1.6688604663585074,-182.22519937090914,722.7091512623082
2024-07-17 17:15:00,230.4666748,1.6688604663585074,-175.03922319876716,738.5170019474722
2024-07-17 17:20:00,218.8666534,1.6688604663585074,-167.83934130943894,728.9643764792457
2024-07-17 17:25:00,210.7499847,1.6688604663585074,-160.640555557114,722.1538220578284
2024-07-17 17:30:00,161.75,1.6688604663585074,-153.45820416353584,723.8719885921618
2024-07-17 17:35:00,107.7000122,1.6688604663585074,-146.3078753709973,741.3538139160667
2024-07-17 17:40:00,74.3500061,1.6688604663585074,-139.20531822110894,741.3538139160667
2024-07-17 17:45:00,55.76666641,1.6688604663585074,-132.16635116632324,726.9546039397015
2024-07-17 17:50:00,50.46666336,1.6688604663585074,-125.20676915221829,726.9546039397015
2024-07-17 17:55:00,46.8666687,1.6688604663585074,-118.34224989984547,721.2201226028126
2024-07-17 18:00:00,42.93333435,1.6688604663585074,-111.58826004834626,213.17170414007265
2024-07-17 18:05:00,41.40000153,1.6688604663585074,-104.95996191194578,218.3443558446591
2024-07-17 18:10:00,34.83333206,1.6688604663585074,-98.47212150307791,218.64048598570352
2024-07-17 18:15:00,33.33333206,1.6688604663585074,-92.13901859026579,215.35127622656364
2024-07-17 18:20:00,33.89999771,1.6688604663585074,-85.97435938035709,208.93052765278728
2024-07-17 18:25:00,32.70000076,1.6688604663585074,-79.99119256365071,215.94121770913742
2024-07-17 18:30:00,32.66666794,1.6688604663585074,-74.20182928430907,217.34319520696042
2024-07-17 18:35:00,31.8666687,1.6688604663585074,-68.61776777380196,217.34166739518264
2024-07-17 18:40:00,32.59999847,1.6688604663585074,-63.249623058839866,216.92088962073822
2024-07-17 18:45:00,32.36666489,1.6688604663585074,-58.10706238757758,216.86703408880484
2024-07-17 18:50:00,33.76666641,1.6688604663585074,-53.19874686961214,216.86703408880484
2024-07-17 18:55:00,34.29999924,1.6688604663585074,-48.53227971666239,219.8615165244227
2024-07-17 19:00:00,34.26666641,1.6688604663585074,-44.114161535021,110.00126898132801
2024-07-17 19:05:00,33.13333511,1.6688604663585074,-39.949752997685266,108.77915655201657
2024-07-17 19:10:00,32.34999847,1.6688604663585074,-36.04324517300374,108.64498971323373
2024-07-17 19:15:00,28.29999924,1.6688604663585074,-32.39763777369438,109.4726174529915
2024-07-17 19:20:00,21.79999924,1.6688604663585074,-29.014725461421136,76.42555765744405
2024-07-17 19:25:00,16.69999886,1.6688604663585074,-25.89509234966307,53.529073303885546
2024-07-17 19:30:00,15.0666666,1.6688604663585074,-23.038114713770714,50.95115862969998
2024-07-17 19:35:00,13.83333302,1.6688604663585074,-20.44197193927328,49.128074849619495
2024-07-17 19:40:00,13.06666565,1.6688604663585074,-18.103665583241074,48.89585262737505
2024-07-17 19:45:00,13.69999981,1.6688604663585074,-16.01904645805236,48.89585262737505
2024-07-17 19:50:00,13.09999943,1.6688604663585074,-14.182849487973497,48.61940820815838
2024-07-17 19:55:00,0.0,1.6688604663585074,-12.588736112797857,48.74977328559331
2024-07-17 20:00:00,0.0,1.6688604663585074,-11.22934389160365,2.274988723905556
2024-07-17 20:05:00,0.0,1.6688604663585074,-10.09634297210859,0.9489666501944447
2024-07-17 20:10:00,0.0,1.6688604663585074,-9.180498949547513,0.6990296333777779
2024-07-17 20:15:00,0.0,1.6688604663585074,-8.47174167135527,0.6990296333777779
2024-07-17 20:20:00,0.0,1.6688604663585074,-7.959239469207423,0.6990296333777779
2024-07-17 20:25:00,0.0,1.6688604663585074,-7.631478222532864,0.6990296333777779
2024-07-17 20:30:00,0.0,1.6688604663585074,-7.47634470034718,0.6990296333777779
2024-07-17 20:35:00,0.0,1.6688604663585074,-7.48121349795401,0.6990296333777779
2024-07-17 20:40:00,0.0,1.6688604663585074,-7.6330369570281515,0.6990296333777779
2024-07-17 20:45:00,0.0,1.6688604663585074,-7.918437342702622,0.5885111142666668
2024-07-17 20:50:00,0.0,1.6688604663585074,-8.323800608671242,0.5885111142666668
2024-07-17 20:55:00,0.0,1.6688604663585074,-8.835371021472932,0.5885111142666668
2024-07-17 21:00:00,0.0,1.6688604663585074,-9.439345932188354,0.0
2024-07-17 21:05:00,0.0,1.6688604663585074,-10.121969973972599,0.0
2024-07-17 21:10:00,0.0,1.6688604663585074,-10.86962797244444,0.0
2024-07-17 21:15:00,0.0,1.6688604663585074,-11.668935871068202,0.0
2024-07-17 21:20:00,0.0,1.6688604663585074,-12.506828965697094,0.0
2024-07-17 21:25:00,0.0,1.6688604663585074,-13.370646815283207,0.0
2024-07-17 21:30:00,0.0,1.6688604663585074,-14.24821415714578,0.0
2024-07-17 21:35:00,0.0,1.6688604663585074,-15.1279172367301,0.0
2024-07-17 21:40:00,0.0,1.6688604663585074,-15.998774983425452,0.0
2024-07-17 21:45:00,0.0,1.6688604663585074,-16.850504497525304,0.0
2024-07-17 21:50:00,0.0,1.6688604663585074,-17.673580363349583,0.0
2024-07-17 21:55:00,0.0,1.6688604663585074,-18.459287361713887,0.0
2024-07-17 22:00:00,0.0,1.6688604663585074,-19.199766195070247,0.0
2024-07-17 22:05:00,0.0,1.6688604663585074,-19.88805189969873,0.0
2024-07-17 22:10:00,0.0,1.6688604663585074,-20.518104682611483,0.0
2024-07-17 22:15:00,0.0,1.6688604663585074,-21.08483296847515,0.0
2024-07-17 22:20:00,0.0,1.6688604663585074,-21.584108522284236,0.0
2024-07-17 22:25:00,0.0,1.6688604663585074,-22.012773559220605,0.0
2024-07-17 22:30:00,0.0,1.6688604663585074,-22.368639831832674,0.0
2024-07-17 22:35:00,0.0,1.6688604663585074,-22.650479738605746,0.0
2024-07-17 22:40:00,0.0,1.6688604663585074,-22.858009569571205,0.0
2024-07-17 22:45:00,0.0,1.6688604663585074,-22.991865064347632,0.0
2024-07-17 22:50:00,0.0,1.6688604663585074,-23.05356951979985,0.0
2024-07-17 22:55:00,0.0,1.6688604663585074,-23.045494749050075,0.0
2024-07-17 23:00:00,0.0,1.6688604663585074,-22.970815245781075,0.0
2024-07-17 23:05:00,0.0,1.6688604663585074,-22.83345596929563,0.0
2024-07-17 23:10:00,0.0,1.6688604663585074,-22.638034211539402,0.0
2024-07-17 23:15:00,0.0,1.6688604663585074,-22.389796061199778,0.0
2024-07-17 23:20:00,0.0,1.6688604663585074,-22.094548022412393,0.0
2024-07-17 23:25:00,0.0,1.6688604663585074,-21.758584384987703,0.0
2024-07-17 23:30:00,0.0,1.6688604663585074,-21.38861098002067,0.0
2024-07-17 23:35:00,0.0,1.6688604663585074,-20.991665984170467,0.0
2024-07-17 23:40:00,0.0,1.6688604663585074,-20.57503846217521,0.0
2024-07-17 23:45:00,0.0,1.6688604663585074,-20.146185356537494,0.0
2024-07-17 23:50:00,0.0,1.6688604663585074,-19.712647641906894,0.0
2024-07-17 23:55:00,0.0,1.6688604663585074,-19.281966389394775,0.0
2024-07-18 00:00:00,0.0,1.6688604663585074,-18.86159945459444,0.0
2024-07-18 00:05:00,0.0,1.6688604663585074,-18.458839535378253,0.0
2024-07-18 00:10:00,0.0,1.6688604663585074,-18.08073431244887,0.0
2024-07-18 00:15:00,0.0,1.6688604663585074,-17.734009380420808,0.0
2024-07-18 00:20:00,0.0,1.6688604663585074,-17.42499465317282,0.0
2024-07-18 00:25:00,0.0,1.6688604663585074,-17.159554902131912,0.0
2024-07-18 00:30:00,0.0,1.6688604663585074,-16.943025054109686,0.0
2024-07-18 00:35:00,0.0,1.6688604663585074,-16.780150829313698,0.0
2024-07-18 00:40:00,0.0,1.6688604663585074,-16.675035290559475,0.0
2024-07-18 00:45:00,0.0,1.6688604663585074,-16.631091760077116,0.0
2024-07-18 00:50:00,0.0,1.6688604663585074,-16.65100360556216,0.0
2024-07-18 00:55:00,0.0,1.6688604663585074,-16.73669124507578,0.0
2024-07-18 01:00:00,0.0,1.6688604663585074,-16.88928673190891,0.0
2024-07-18 01:05:00,0.0,1.6688604663585074,-17.109116185724844,0.0
2024-07-18 01:10:00,0.0,1.6688604663585074,-17.395690280076952,0.0
2024-07-18 01:15:00,0.0,1.6688604663585074,-17.747702937043933,0.0
2024-07-18 01:20:00,0.0,1.6688604663585074,-18.163038292950784,0.0
2024-07-18 01:25:00,0.0,1.6688604663585074,-18.63878596465834,0.0
2024-07-18 01:30:00,0.0,1.6688604663585074,-19.171264530629124,0.0
2024-07-18 01:35:00,0.0,1.6688604663585074,-19.756053130241337,0.0
2024-07-18 01:40:00,0.0,1.6688604663585074,-20.388030943505683,0.0
2024-07-18 01:45:00,0.0,1.6688604663585074,-21.061424331633834,0.0
2024-07-18 01:50:00,0.0,1.6688604663585074,-21.769861268581607,0.0
2024-07-18 01:55:00,0.0,1.6688604663585074,-22.506432697365984,0.0
2024-07-18 02:00:00,0.0,1.6688604663585074,-23.26376035083466,0.0
2024-07-18 02:05:00,0.0,1.6688604663585074,-24.034070512606593,0.0
2024-07-18 02:10:00,0.0,1.6688604663585074,-24.809273177249068,0.0
2024-07-18 02:15:00,0.0,1.6688604663585074,-25.581045976433003,0.0
2024-07-18 02:20:00,0.0,1.6688604663585074,-26.340922223510166,0.0
2024-07-18 02:25:00,0.0,1.6688604663585074,-27.080382365928422,0.0
2024-07-18 02:30:00,0.0,1.6688604663585074,-27.790948127111314,0.0
2024-07-18 02:35:00,0.0,1.6688604663585074,-28.464278558890786,0.0
2024-07-18 02:40:00,0.0,1.6688604663585074,-29.092267227302816,0.0
2024-07-18 02:45:00,0.0,1.6688604663585074,-29.667139727056536,0.0
2024-07-18 02:50:00,0.0,1.6688604663585074,-30.181550698495002,0.0
2024-07-18 02:55:00,0.0,1.6688604663585074,-30.628679543679446,0.0
2024-07-18 03:00:00,0.0,1.6688604663585074,-31.002324006234883,0.0
2024-07-18 03:05:00,0.0,1.6688604663585074,-31.2969908137464,0.0
2024-07-18 03:10:00,0.0,1.6688604663585074,-31.50798258119149,0.0
2024-07-18 03:15:00,0.0,1.6688604663585074,-31.631480199345443,0.0
2024-07-18 03:20:00,0.0,1.6688604663585074,-31.66461996182491,0.0
2024-07-18 03:25:00,0.0,1.6688604663585074,-31.605564704232986,0.0
2024-07-18 03:30:00,0.0,1.6688604663585074,-31.453568294580357,0.0
2024-07-18 03:35:00,0.0,1.6688604663585074,-31.209032821986803,0.0
2024-07-18 03:40:00,0.0,1.6688604663585074,-30.873557913087843,0.0
2024-07-18 03:45:00,0.0,1.6688604663585074,-30.44998164083517,0.0
2024-07-18 03:50:00,0.0,1.6688604663585074,-29.94241255385091,0.0
2024-07-18 03:55:00,0.0,1.6688604663585074,-29.356252425585872,0.0
2024-07-18 04:00:00,0.0,1.6688604663585074,-28.698209373144714,0.0
2024-07-18 04:05:00,0.0,1.6688604663585074,-27.976301081885236,0.0
2024-07-18 04:10:00,0.0,1.6688604663585074,-27.19984793602481,0.0
2024-07-18 04:15:00,0.0,1.6688604663585074,-26.37945592770858,0.0
2024-07-18 04:20:00,0.0,1.6688604663585074,-25.526989308455676,0.0
2024-07-18 04:25:00,0.0,1.6688604663585074,-24.655532994909606,0.0
2024-07-18 04:30:00,0.0,1.6688604663585074,-23.77934485968257,0.0
2024-07-18 04:35:00,0.0,1.6688604663585074,-22.91379807123742,0.0
2024-07-18 04:40:00,0.0,1.6688604663585074,-22.07531375870573,0.0
2024-07-18 04:45:00,0.0,1.6688604663585074,-21.28128433491612,0.0
2024-07-18 04:50:00,0.0,1.6688604663585074,-20.549987885161293,0.0
2024-07-18 04:55:00,0.0,1.6688604663585074,-19.900494115423275,0.0
2024-07-18 05:00:00,0.0,1.6688604663585074,-19.352562392411663,0.0
2024-07-18 05:05:00,0.0,1.6688604663585074,-18.926532507691554,0.0
2024-07-18 05:10:00,0.0,1.6688604663585074,-18.643208827550612,0.0
2024-07-18 05:15:00,0.0,1.6688604663585074,-18.523738566366823,0.0
2024-07-18 05:20:00,0.0,1.6688604663585074,-18.589484960735106,0.0
2024-07-18 05:25:00,0.0,1.6688604663585074,-18.86189617530229,0.0
2024-07-18 05:30:00,0.0,1.6688604663585074,-19.36237080065191,0.0
2024-07-18 05:35:00,0.0,1.6688604663585074,-20.112120847192056,0.0
2024-07-18 05:40:00,0.0,1.6688604663585074,-21.132033157888646,0.0
2024-07-18 05:45:00,0.0,1.6688604663585074,-22.442530198131283,0.0
2024-07-18 05:50:00,0.0,1.6688604663585074,-24.063431153196206,0.0
2024-07-18 05:55:00,0.0,1.6688604663585074,-26.01381435012219,0.0
2024-07-18 06:00:00,0.0,1.6688604663585074,-28.31188191380084,51.47489155247572
2024-07-18 06:05:00,0.0,1.6688604663585074,-30.974827663001356,51.47489155247572
2024-07-18 06:10:00,0.0,1.6688604663585074,-34.01870916485176,51.47489155247572
2024-07-18 06:15:00,0.0,1.6688604663585074,-37.458324877031835,51.47489155247572
2024-07-18 06:20:00,59.79999924,1.6688604663585074,-41.30709728501181,51.63595821587572
2024-07-18 06:25:00,66.69999695,1.6688604663585074,-45.57696285370001,51.63595821587572
2024-07-18 06:30:00,81.09999847,1.6688604663585074,-50.27826969090017,51.63595821587572
2024-07-18 06:35:00,73.8999939,1.6688604663585074,-55.419683573747875,51.63595821587572
2024-07-18 06:40:00,76.5,1.6688604663585074,-61.00810317994448,51.63595821587572
2024-07-18 06:45:00,70.73332977,1.6688604663585074,-67.04858509755228,51.831735990253506
2024-07-18 06:50:00,85.19999695,1.6688604663585074,-73.54427923015194,59.75758447261414
2024-07-18 06:55:00,85.84999847,1.6688604663585074,-80.49637514955822,60.676040124715385
2024-07-18 07:00:00,211.1999969,1.6688604663585074,-87.90405977501086,344.38859410745766
2024-07-18 07:05:00,245.5,1.6688604663585074,-95.76448684401042,371.41418805193956
2024-07-18 07:10:00,223.5,1.6688604663585074,-104.07275839259634,375.5582814527576
2024-07-18 07:15:00,319.5,1.6688604663585074,-112.82191855161548,366.7368212841067
2024-07-18 07:20:00,311.6499939,1.6688604663585074,-122.0029596082469,364.46868830605155
2024-07-18 07:25:00,304.4666748,1.6688604663585074,-131.60484063284792,364.46868830605155
2024-07-18 07:30:00,509.8999939,1.6688604663585074,-141.61451838284947,361.81266062649604
2024-07-18 07:35:00,622.7000122,1.6688604663585074,-152.01699051558202,361.81266062649604
2024-07-18 07:40:00,561.166687,1.6688604663585074,-162.79535083266052,359.0126161724294
2024-07-18 07:45:00,589.4667358,1.6688604663585074,-173.93085623961784,359.0126161724294
2024-07-18 07:50:00,691.5,1.6688604663585074,-185.40300512305708,359.0126161724294
2024-07-18 07:55:00,768.0,1.6688604663585074,-197.18962652040602,340.9475232584057
2024-07-18 08:00:00,735.5333862,1.6688604663585074,-209.26697980814674,917.4516911334435
2024-07-18 08:05:00,851.5,1.6688604663585074,-221.6098639385252,920.3804687017767
2024-07-18 08:10:00,802.0,1.6688604663585074,-234.19173590716358,920.3804687017767
2024-07-18 08:15:00,826.3666992,1.6688604663585074,-246.98483746018036,920.3804687017767
2024-07-18 08:20:00,762.3000488,1.6688604663585074,-259.96032932135995,945.925841119265
2024-07-18 08:25:00,739.75,1.6688604663585074,-273.08843211782255,941.821600229465
2024-07-18 08:30:00,726.4000244,1.6688604663585074,-286.33857295832325,959.1077161889888
2024-07-18 08:35:00,675.5499878,1.6688604663585074,-299.67953691378045,960.3271419499888
2024-07-18 08:40:00,669.9667358,1.6688604663585074,-313.0796222241663,964.3015820491223
2024-07-18 08:45:00,599.0,1.6688604663585074,-326.506798434154,961.3938480294777
2024-07-18 08:50:00,649.8500366,1.6688604663585074,-339.9288661038854,962.5458154393699
2024-07-18 08:55:00,594.6333618,1.6688604663585074,-353.31361742374736,964.5060595021699
2024-07-18 09:00:00,637.8666992,1.6688604663585074,-366.62899645945333,1627.177689036974
2024-07-18 09:05:00,889.0,1.6688604663585074,-379.84325795336895,1627.177689036974
2024-07-18 09:10:00,825.4000244,1.6688604663585074,-392.9251238033922,1634.4320242068627
2024-07-18 09:15:00,811.3666992,1.6688604663585074,-405.8439360537785,1633.6528576871008
2024-07-18 09:20:00,746.6000366,1.6688604663585074,-418.5698055053208,1633.6528576871008
2024-07-18 09:25:00,727.166687,1.6688604663585074,-431.07375481883935,1633.6528576871008
2024-07-18 09:30:00,810.9000244,1.6688604663585074,-443.3278554650444,1633.6528576871008
2024-07-18 09:35:00,767.4666138,1.6688604663585074,-455.30535724492637,1653.1220311403388
2024-07-18 09:40:00,1328.900024,1.6688604663585074,-466.9808099413845,1653.1220311403388
2024-07-18 09:45:00,1211.049927,1.6688604663585074,-478.33017606549333,1651.307419733672
2024-07-18 09:50:00,1209.5,1.6688604663585074,-489.330934078122,1651.307419733672
2024-07-18 09:55:00,1360.900024,1.6688604663585074,-499.9621714678063,1649.384067477561
2024-07-18 10:00:00,1237.333374,1.6688604663585074,-510.2046670076257,1837.0831126770452
2024-07-18 10:05:00,1300.033325,1.6688604663585074,-520.0409618381319,1837.0831126770452
2024-07-18 10:10:00,1283.933228,1.6688604663585074,-529.4554188434381,1837.0831126770452
2024-07-18 10:15:00,1340.666626,1.6688604663585074,-538.4342701007988,1837.0831126770452
2024-07-18 10:20:00,1300.233276,1.6688604663585074,-546.965651978165,1853.2531934991084
2024-07-18 10:25:00,1299.766724,1.6688604663585074,-555.0396279493497,1855.6099346324418
2024-07-18 10:30:00,1239.833374,1.6688604663585074,-562.6481989103926,1855.6006544972035
2024-07-18 10:35:00,1223.149902,1.6688604663585074,-569.7853010134517,1857.0266791345368
2024-07-18 10:40:00,993.1999512,1.6688604663585074,-576.4467912134369,1856.3362250312036
2024-07-18 10:45:00,800.0666504,1.6688604663585074,-582.6304206478956,1854.0702523139337
2024-07-18 10:50:00,776.0332642,1.6688604663585074,-588.335796159104,1854.0702523139337
2024-07-18 10:55:00,788.0667114,1.6688604663585074,-593.5643303349276,1833.5455153991188
2024-07-18 11:00:00,970.7000122,1.6688604663585074,-598.3191804817096,2052.3008409789595
2024-07-18 11:05:00,904.0667114,1.6688604663585074,-602.6051770939514,2052.2962851806265
2024-07-18 11:10:00,1094.900024,1.6688604663585074,-606.4287423825502,2052.263249641674
2024-07-18 11:15:00,1197.599976,1.6688604663585074,-609.7977995673895,2052.174150823547
2024-07-18 11:20:00,1147.93335,1.6688604663585074,-612.7216736321568,2051.1265729544116
2024-07-18 11:25:00,1186.033325,1.6688604663585074,-615.2109843569739,2052.229006250417
2024-07-18 11:30:00,1377.099976,1.6688604663585074,-617.2775324496648,2052.483407478564
2024-07-18 11:35:00,1309.833252,1.6688604663585074,-618.9341796930878,2052.3413980837227
2024-07-18 11:40:00,1368.933228,1.6688604663585074,-620.1947240173321,2052.815013030643
2024-07-18 11:45:00,1991.099976,1.6688604663585074,-621.073770469294,2049.5715339981325
2024-07-18 11:50:00,1924.550049,1.6688604663585074,-621.5865990695472,2049.470431984085
2024-07-18 11:55:00,1902.233398,1.6688604663585074,-621.7490305490064,2043.075970503469
2024-07-18 12:00:00,2061.600098,1.6688604663585074,-621.5772910139091,2040.211553268825
2024-07-18 12:05:00,1970.933472,1.6688604663585074,-621.0878765215987,2037.8311522231581
2024-07-18 12:10:00,2039.200073,1.6688604663585074,-620.2974186127258,2041.4422885321706
2024-07-18 12:15:00,2019.133301,1.6688604663585074,-619.2225517901046,2042.3250300611603
2024-07-18 12:20:00,1997.599976,1.6688604663585074,-617.879783933219,2042.6532889027842
2024-07-18 12:25:00,1917.599976,1.6688604663585074,-616.2853705984318,2050.1704640455714
2024-07-18 12:30:00,2051.600098,1.6688604663585074,-614.4551941421036,2049.5167817373494
2024-07-18 12:35:00,1894.233398,1.6688604663585074,-612.4046485403277,2049.925169999304
2024-07-18 12:40:00,1900.566772,1.6688604663585074,-610.1485307312144,2051.30068013983
2024-07-18 12:45:00,1825.050049,1.6688604663585074,-607.7009392899806,2051.814450097994
2024-07-18 12:50:00,1544.150024,1.6688604663585074,-605.0751811096436,2052.0833090387982
2024-07-18 12:55:00,1070.149902,1.6688604663585074,-602.2836868115565,2051.8633292894783
2024-07-18 13:00:00,857.3999634,1.6688604663585074,-599.3379353910857,2051.55493359586
2024-07-18 13:05:00,873.3999634,1.6688604663585074,-596.2483887006956,2050.3826561629867
2024-07-18 13:10:00,835.2666626,1.6688604663585074,-593.0244361339459,2050.365734679907
2024-07-18 13:15:00,828.0,1.6688604663585074,-589.6743498778801,2052.367417321643
2024-07-18 13:20:00,669.75,1.6688604663585074,-586.2052510738301,2053.3752686841444
2024-07-18 13:25:00,454.6500244,1.6688604663585074,-582.6230869636535,2053.528473236731
2024-07-18 13:30:00,564.7999878,1.6688604663585074,-578.9326191947354,2052.4587916546616
2024-07-18 13:35:00,830.4000244,1.6688604663585074,-575.1374232871295,2052.652029351394
2024-07-18 13:40:00,791.6999512,1.6688604663585074,-571.2398991717872,2053.6201802449086
2024-07-18 13:45:00,770.9333496,1.6688604663585074,-567.2412926331854,2049.6466471627723
2024-07-18 13:50:00,736.0666504,1.6688604663585074,-563.1417274493496,2029.003035499527
2024-07-18 13:55:00,704.2333374,1.6688604663585074,-558.940247840507,2025.5911585891147
2024-07-18 14:00:00,676.166687,1.6688604663585074,-554.6348708824175,2031.5317616795053
2024-07-18 14:05:00,651.3499756,1.6688604663585074,-550.2226483468806,2031.4120397839633
2024-07-18 14:10:00,576.9500732,1.6688604663585074,-545.6997374482856,2011.1626931451326
2024-07-18 14:15:00,545.2000122,1.6688604663585074,-541.061479830614,2016.0861431194721
2024-07-18 14:20:00,552.3000488,1.6688604663585074,-536.3024881381707,1980.4649005291596
2024-07-18 14:25:00,690.9000244,1.6688604663585074,-531.4167394060366,1980.3940888306286
2024-07-18 14:30:00,794.5,1.6688604663585074,-526.3976744508143,1973.534544641935
2024-07-18 14:35:00,752.2000122,1.6688604663585074,-521.2383024686384,1967.4096425690086
2024-07-18 14:40:00,799.0333862,1.6688604663585074,-515.9313098851067,1969.8917859915318
2024-07-18 14:45:00,825.666687,1.6688604663585074,-510.46917254825473,1952.450651173471
2024-07-18 14:50:00,871.166687,1.6688604663585074,-504.84427041094614,1965.1760788873323
2024-07-18 14:55:00,901.5667114,1.6688604663585074,-499.04900359298836,1968.49655610361
2024-07-18 15:00:00,914.9000854,1.6688604663585074,-493.0759089393237,1993.5424519802987
2024-07-18 15:05:00,911.666687,1.6688604663585074,-486.9177761115287,1960.6866088751
2024-07-18 15:10:00,899.8666992,1.6688604663585074,-480.5677621675138,1883.5031094756594
2024-07-18 15:15:00,889.4666138,1.6688604663585074,-474.01950372780124,1737.982900236446
2024-07-18 15:20:00,882.5666504,1.6688604663585074,-467.2672257693149,1737.4039341216803
2024-07-18 15:25:00,875.6333008,1.6688604663585074,-460.30584611206433,1782.9708266779928
2024-07-18 15:30:00,864.666687,1.6688604663585074,-453.1310747629134,1816.7711828342235
2024-07-18 15:35:00,853.5333862,1.6688604663585074,-445.7395072341766,1835.0651899718614
2024-07-18 15:40:00,845.3999634,1.6688604663585074,-438.12871108165683,1839.4940065711787
2024-07-18 15:45:00,843.9666138,1.6688604663585074,-430.29730487698146,1837.0817938359323
2024-07-18 15:50:00,845.2333374,1.6688604663585074,-422.24502898253667,1817.182339592548
2024-07-18 15:55:00,846.5666504,1.6688604663585074,-413.97280749539823,1711.8618279217199
2024-07-18 16:00:00,846.0999146,1.6688604663585074,-405.482800786631,1754.258439167164
2024-07-18 16:05:00,845.3666992,1.6688604663585074,-396.77844824641306,1782.1336733063943
2024-07-18 16:10:00,845.2333374,1.6688604663585074,-387.864500745737,1774.9894406178187
2024-07-18 16:15:00,841.2999878,1.6688604663585074,-378.74704250257565,1771.1083774395966
2024-07-18 16:20:00,828.7666016,1.6688604663585074,-369.43350228512327,1777.7240961391362
2024-07-18 16:25:00,806.5999146,1.6688604663585074,-359.9326535507867,1779.9002547650587
2024-07-18 16:30:00,781.2000122,1.6688604663585074,-350.2546036620851,1774.2620049061002
2024-07-18 16:35:00,757.4332886,1.6688604663585074,-340.41077208793365,1749.0594688021004
2024-07-18 16:40:00,735.7333374,1.6688604663585074,-330.41385781317206,1760.2994203468227
2024-07-18 16:45:00,711.333313,1.6688604663585074,-320.2777960235539,1751.0829932668444
2024-07-18 16:50:00,682.5666504,1.6688604663585074,-310.0177044522883,1749.258231375178
2024-07-18 16:55:00,650.7333374,1.6688604663585074,-299.64981967954884,1631.1795700255932
2024-07-18 17:00:00,619.9333496,1.6688604663585074,-289.19142389427935,1599.941627653028
2024-07-18 17:05:00,590.5,1.6688604663585074,-278.6607625777326,1727.93216121567
2024-07-18 17:10:00,559.8999634,1.6688604663585074,-268.0769537466826,584.7104828756482
2024-07-18 17:15:00,530.5,1.6688604663585074,-257.4598893511263,586.1386495823149
2024-07-18 17:20:00,507.3666687,1.6688604663585074,-246.8301296097252,586.1386495823149
2024-07-18 17:25:00,493.0666504,1.6688604663585074,-236.208791030183,586.1386495823149
2024-07-18 17:30:00,479.7000427,1.6688604663585074,-225.61742890728172,587.30297808383
2024-07-18 17:35:00,460.6000061,1.6688604663585074,-215.07791527311835,586.7715213780522
2024-07-18 17:40:00,438.4666748,1.6688604663585074,-204.612313082001,586.6911050361077
2024-07-18 17:45:00,418.6333008,1.6688604663585074,-194.2427475848284,576.2461481244427
2024-07-18 17:50:00,401.2666931,1.6688604663585074,-183.99127603700651,570.9452119486758
2024-07-18 17:55:00,379.7333069,1.6688604663585074,-173.87975641896819,573.2969601284108
2024-07-18 18:00:00,349.8000183,1.6688604663585074,-163.92971640398588,272.18615153728183
2024-07-18 18:05:00,319.4666443,1.6688604663585074,-154.1622234049495,274.69859213690916
2024-07-18 18:10:00,285.4666443,1.6688604663585074,-144.59775681865193,260.7550394157028
2024-07-18 18:15:00,271.5,1.6688604663585074,-135.25608328323293,309.44873927065225
2024-07-18 18:20:00,227.1499939,1.6688604663585074,-126.15613600061786,211.8160838452426
2024-07-18 18:25:00,185.4333496,1.6688604663585074,-117.31589900561565,230.41065538270263
2024-07-18 18:30:00,190.8000031,1.6688604663585074,-108.75229719715207,203.36598516547838
2024-07-18 18:35:00,181.2666779,1.6688604663585074,-100.48109314880863,209.50994457963805
2024-07-18 18:40:00,179.8333282,1.6688604663585074,-92.51679121231219,201.3292861842483
2024-07-18 18:45:00,166.1666718,1.6688604663585074,-84.87254990208888,199.82149216007525
2024-07-18 18:50:00,150.4333344,1.6688604663585074,-77.56010305369212,197.0942829212372
2024-07-18 18:55:00,134.3000031,1.6688604663585074,-70.58969044252868,184.36385032535648
2024-07-18 19:00:00,120.8000107,1.6688604663585074,-63.969998350009014,25.900950794680675
2024-07-18 19:05:00,111.6000061,1.6688604663585074,-57.70811058718811,24.682496570471155
2024-07-18 19:10:00,100.5666733,1.6688604663585074,-51.80947027816603,20.962363751553003
2024-07-18 19:15:00,96.19999695,1.6688604663585074,-46.27785271286596,20.277674262020405
2024-07-18 19:20:00,78.94999695,1.6688604663585074,-41.11534957230577,19.55127345452478
2024-07-18 19:25:00,61.59999847,1.6688604663585074,-36.322364489378465,20.04424832478707
2024-07-18 19:30:00,44.65000153,1.6688604663585074,-31.897620105396815,20.40325757365255
2024-07-18 19:35:00,29.95000076,1.6688604663585074,-27.838176512101164,20.500378029146994
2024-07-18 19:40:00,19.84999847,1.6688604663585074,-24.139460969822032,22.523166033456036
2024-07-18 19:45:00,14.23333359,1.6688604663585074,-20.795308659323634,23.87865676821493
2024-07-18 19:50:00,13.10000134,1.6688604663585074,-17.798014144808374,24.412950406285564
2024-07-18 19:55:00,12.60000134,1.6688604663585074,-15.138393210556838,24.42424671385001
2024-07-18 20:00:00,0.0,1.6688604663585074,-12.805854515553728,0.3039259275555556
2024-07-18 20:05:00,0.0,1.6688604663585074,-10.788480633377231,0.3453703722222222
2024-07-18 20:10:00,0.0,1.6688604663585074,-9.073117741100937,0.6078518551111112
2024-07-18 20:15:00,0.0,1.6688604663585074,-7.645473373806157,0.6078518551111112
2024-07-18 20:20:00,0.0,1.6688604663585074,-6.490221438575996,0.6078518551111112
2024-07-18 20:25:00,0.0,1.6688604663585074,-5.5911137213006725,0.6078518551111112
2024-07-18 20:30:00,0.0,1.6688604663585074,-4.931097026264163,0.6078518551111112
2024-07-18 20:35:00,0.0,1.6688604663585074,-4.492435058442077,0.6078518551111112
2024-07-18 20:40:00,0.0,1.6688604663585074,-4.256834139020407,0.6078518551111112
2024-07-18 20:45:00,0.0,1.6688604663585074,-4.205571760885201,0.6492962997777779
2024-07-18 20:50:00,0.0,1.6688604663585074,-4.319627063183685,0.6990296333777779
2024-07-18 20:55:00,0.0,1.6688604663585074,-4.579812188400956,0.6990296333777779
2024-07-18 21:00:00,0.0,1.6688604663585074,-4.966903555937545,0.0
2024-07-18 21:05:00,0.0,1.6688604663585074,-5.46177204968552,0.0
2024-07-18 21:10:00,0.0,1.6688604663585074,-6.04551114137511,0.0
2024-07-18 21:15:00,0.0,1.6688604663585074,-6.699561981368852,0.0
2024-07-18 21:20:00,0.0,1.6688604663585074,-7.405834521424499,0.0
2024-07-18 21:25:00,0.0,1.6688604663585074,-8.146823759159659,0.0
2024-07-18 21:30:00,0.0,1.6688604663585074,-8.905720244733477,0.0
2024-07-18 21:35:00,0.0,1.6688604663585074,-9.666514008689747,0.0
2024-07-18 21:40:00,0.0,1.6688604663585074,-10.414091171982703,0.0
2024-07-18 21:45:00,0.0,1.6688604663585074,-11.134322503905919,0.0
2024-07-18 21:50:00,0.0,1.6688604663585074,-11.814143297352974,0.0
2024-07-18 21:55:00,0.0,1.6688604663585074,-12.44162397950402,0.0
2024-07-18 22:00:00,0.0,1.6688604663585074,-13.00603096069999,0.0
2024-07-18 22:05:00,0.0,1.6688604663585074,-13.497877297557812,0.0
2024-07-18 22:10:00,0.0,1.6688604663585074,-13.908962827128603,0.0
2024-07-18 22:15:00,0.0,1.6688604663585074,-14.232403521360085,0.0
2024-07-18 22:20:00,0.0,1.6688604663585074,-14.462649879202681,0.0
2024-07-18 22:25:00,0.0,1.6688604663585074,-14.595494288252695,0.0
2024-07-18 22:30:00,0.0,1.6688604663585074,-14.628067351676243,0.0
2024-07-18 22:35:00,0.0,1.6688604663585074,-14.558823275994976,0.0
2024-07-18 22:40:00,0.0,1.6688604663585074,-14.387514503483409,0.0
2024-07-18 22:45:00,0.0,1.6688604663585074,-14.115155857268627,0.0
2024-07-18 22:50:00,0.0,1.6688604663585074,-13.743978550668276,0.0
2024-07-18 22:55:00,0.0,1.6688604663585074,-13.277374495425821,0.0
2024-07-18 23:00:00,0.0,1.6688604663585074,-12.719831420780892,0.0
2024-07-18 23:05:00,0.0,1.6688604663585074,-12.076859393611473,0.0
2024-07-18 23:10:00,0.0,1.6688604663585074,-11.354909391843263,0.0
2024-07-18 23:15:00,0.0,1.6688604663585074,-10.561284655362913,0.0
2024-07-18 23:20:00,0.0,1.6688604663585074,-9.704045592438812,0.0
2024-07-18 23:25:00,0.0,1.6688604663585074,-8.791909075550459,0.0
2024-07-18 23:30:00,0.0,1.6688604663585074,-7.834143007159878,0.0
2024-07-18 23:35:00,0.0,1.6688604663585074,-6.840457067669861,0.0
2024-07-18 23:40:00,0.0,1.6688604663585074,-5.820890605485144,0.0
2024-07-18 23:45:00,0.0,1.6688604663585074,-4.785698630599494,0.0
2024-07-18 23:50:00,0.0,1.6688604663585074,-3.745236914056888,0.0
2024-07-18 23:55:00,0.0,1.6688604663585074,-2.7098471941314766,0.0
2024-07-19 00:00:00,0.0,1.6688604663585074,-1.6897434630402481,0.0
2024-07-19 00:05:00,0.0,1.6688604663585074,-0.6949003778195182,0.0
2024-07-19 00:10:00,0.0,1.6688604663585074,0.2650552920295475,0.0
2024-07-19 00:15:00,0.0,1.6688604663585074,1.1809491611472378,0.0
2024-07-19 00:20:00,0.0,1.6688604663585074,2.0441587978567144,0.0
2024-07-19 00:25:00,0.0,1.6688604663585074,2.8467074541860753,0.0
2024-07-19 00:30:00,0.0,1.6688604663585074,3.581351128609657,0.0
2024-07-19 00:35:00,0.0,1.6688604663585074,4.24165816971126,0.0
2024-07-19 00:40:00,0.0,1.6688604663585074,4.822080703319458,0.0
2024-07-19 00:45:00,0.0,1.6688604663585074,5.318017219809052,0.0
2024-07-19 00:50:00,0.0,1.6688604663585074,5.725865713915557,0.0
2024-07-19 00:55:00,0.0,1.6688604663585074,6.043066908366254,0.0
2024-07-19 01:00:00,0.0,1.6688604663585074,6.268137064606562,0.0
2024-07-19 01:05:00,0.0,1.6688604663585074,6.40069010049655,0.0
2024-07-19 01:10:00,0.0,1.6688604663585074,6.441448691767901,0.0
2024-07-19 01:15:00,0.0,1.6688604663585074,6.3922442294058195,0.0
2024-07-19 01:20:00,0.0,1.6688604663585074,6.256005536544878,0.0
2024-07-19 01:25:00,0.0,1.6688604663585074,6.0367363557821765,0.0
2024-07-19 01:30:00,0.0,1.6688604663585074,5.7394817219912255,0.0
2024-07-19 01:35:00,0.0,1.6688604663585074,5.3702834152274015,0.0
2024-07-19 01:40:00,0.0,1.6688604663585074,4.936124791262216,0.0
2024-07-19 01:45:00,0.0,1.6688604663585074,4.444865359447046,0.0
2024-07-19 01:50:00,0.0,1.6688604663585074,3.905165600676198,0.0
2024-07-19 01:55:00,0.0,1.6688604663585074,3.3264025483616657,0.0
2024-07-19 02:00:00,0.0,1.6688604663585074,2.7185767953011286,0.0
2024-07-19 02:05:00,0.0,1.6688604663585074,2.0922116219167877,0.0
2024-07-19 02:10:00,0.0,1.6688604663585074,1.4582450270454606,0.0
2024-07-19 02:15:00,0.0,1.6688604663585074,0.8279155095719505,0.0
2024-07-19 02:20:00,0.0,1.6688604663585074,0.21264251190433622,0.0
2024-07-19 02:25:00,0.0,1.6688604663585074,-0.3760975324190605,0.0
2024-07-19 02:30:00,0.0,1.6688604663585074,-0.9268985329568618,0.0
2024-07-19 02:35:00,0.0,1.6688604663585074,-1.4285544295280423,0.0
2024-07-19 02:40:00,0.0,1.6688604663585074,-1.8701901539379049,0.0
2024-07-19 02:45:00,0.0,1.6688604663585074,-2.2413927959265747,0.0
2024-07-19 02:50:00,0.0,1.6688604663585074,-2.532341850024321,0.0
2024-07-19 02:55:00,0.0,1.6688604663585074,-2.7339374601948236,0.0
2024-07-19 03:00:00,0.0,1.6688604663585074,-2.837925547876485,0.0
2024-07-19 03:05:00,0.0,1.6688604663585074,-2.8370187432805674,0.0
2024-07-19 03:10:00,0.0,1.6688604663585074,-2.7250120538062395,0.0
2024-07-19 03:15:00,0.0,1.6688604663585074,-2.4968922360075885,0.0
2024-07-19 03:20:00,0.0,1.6688604663585074,-2.148939872979827,0.0
2024-07-19 03:25:00,0.0,1.6688604663585074,-1.678823212841592,0.0
2024-07-19 03:30:00,0.0,1.6688604663585074,-1.085682868614384,0.0
2024-07-19 03:35:00,0.0,1.6688604663585074,-0.37020655162645927,0.0
2024-07-19 03:40:00,0.0,1.6688604663585074,0.4653069289925921,0.0
2024-07-19 03:45:00,0.0,1.6688604663585074,1.4168950919688585,0.0
2024-07-19 03:50:00,0.0,1.6688604663585074,2.478891231089512,0.0
2024-07-19 03:55:00,0.0,1.6688604663585074,3.6438964223343087,0.0
2024-07-19 04:00:00,0.0,1.6688604663585074,4.902764510132478,0.0
2024-07-19 04:05:00,0.0,1.6688604663585074,6.244600411366412,0.0
2024-07-19 04:10:00,0.0,1.6688604663585074,7.656771980899918,0.0
2024-07-19 04:15:00,0.0,1.6688604663585074,9.12493555739027,0.0
2024-07-19 04:20:00,0.0,1.6688604663585074,10.63307525613565,0.0
2024-07-19 04:25:00,0.0,1.6688604663585074,12.163555898647132,0.0
2024-07-19 04:30:00,0.0,1.6688604663585074,13.697189442796851,0.0
2024-07-19 04:35:00,0.0,1.6688604663585074,15.213314611954177,0.0
2024-07-19 04:40:00,0.0,1.6688604663585074,16.689889362494988,0.0
2024-07-19 04:45:00,0.0,1.6688604663585074,18.10359568630628,0.0
2024-07-19 04:50:00,0.0,1.6688604663585074,19.429956202035545,0.0
2024-07-19 04:55:00,0.0,1.6688604663585074,20.643461842045593,0.0
2024-07-19 05:00:00,0.0,1.6688604663585074,21.717709890318,0.0
2024-07-19 05:05:00,0.0,1.6688604663585074,22.625551519882677,0.0
2024-07-19 05:10:00,0.0,1.6688604663585074,23.339247899776648,0.0
2024-07-19 05:15:00,0.0,1.6688604663585074,23.83063391399433,0.0
2024-07-19 05:20:00,0.0,1.6688604663585074,24.07128837893569,0.0
2024-07-19 05:25:00,0.0,1.6688604663585074,24.03270968727978,0.0
2024-07-19 05:30:00,0.0,1.6688604663585074,23.686495686455924,0.0
2024-07-19 05:35:00,0.0,1.6688604663585074,23.00452658986538,0.0
2024-07-19 05:40:00,0.0,1.6688604663585074,21.959149676908744,0.0
2024-07-19 05:45:00,0.0,1.6688604663585074,20.523364514053142,0.0
2024-07-19 05:50:00,0.0,1.6688604663585074,18.671007414856305,0.0
2024-07-19 05:55:00,0.0,1.6688604663585074,16.376933851538265,0.0
2024-07-19 06:00:00,0.0,1.6688604663585074,13.61719753896773,110.18212277792722
2024-07-19 06:05:00,0.0,1.6688604663585074,10.369224897972163,110.18212277792722
2024-07-19 06:10:00,0.0,1.6688604663585074,6.6119836873747095,107.1234554631477
2024-07-19 06:15:00,0.0,1.6688604663585074,2.326144533325873,107.1234554631477
2024-07-19 06:20:00,0.0,1.6688604663585074,-2.505765752511013,107.1234554631477
2024-07-19 06:25:00,0.0,1.6688604663585074,-7.899220254001773,107.1234554631477
2024-07-19 06:30:00,0.0,1.6688604663585074,-13.867558500791773,107.1234554631477
2024-07-19 06:35:00,77.59999847,1.6688604663585074,-20.421864398082207,107.1234554631477
2024-07-19 06:40:00,105.8000031,1.6688604663585074,-27.57085660174053,107.1234554631477
2024-07-19 06:45:00,103.9499969,1.6688604663585074,-35.32079211135989,106.44551655684769
2024-07-19 06:50:00,103.9000015,1.6688604663585074,-43.675383812265544,106.44551655684769
2024-07-19 06:55:00,142.6000061,1.6688604663585074,-52.635732727368506,105.5809998079477
2024-07-19 07:00:00,164.6000061,1.6688604663585074,-62.20027546832112,299.1695574454181
2024-07-19 07:05:00,383.2000122,1.6688604663585074,-72.36474739191868,299.1695574454181
2024-07-19 07:10:00,581.0999756,1.6688604663585074,-83.12216182878576,296.81554785527044
2024-07-19 07:15:00,563.4499512,1.6688604663585074,-94.46280559124689,296.81554785527044
2024-07-19 07:20:00,561.3666382,1.6688604663585074,-106.37425095481443,296.81554785527044
2024-07-19 07:25:00,549.3999634,1.6688604663585074,-118.84138407513649,296.81554785527044
2024-07-19 07:30:00,533.7666626,1.6688604663585074,-131.8464498327675,296.81554785527044
2024-07-19 07:35:00,522.0499268,1.6688604663585074,-145.36911282628296,296.81554785527044
2024-07-19 07:40:00,439.3500061,1.6688604663585074,-159.3865342262819,296.81554785527044
2024-07-19 07:45:00,736.2000122,1.6688604663585074,-173.8734641048578,297.933347721037
2024-07-19 07:50:00,828.5,1.6688604663585074,-188.80234858698,301.4205242984211
2024-07-19 07:55:00,782.333313,1.6688604663585074,-204.14345130571934,319.99512986386736
2024-07-19 08:00:00,766.6000366,1.6688604663585074,-219.86498846049153,883.9437529142267
2024-07-19 08:05:00,856.4000244,1.6688604663585074,-235.93327633922533,883.9437529142267
2024-07-19 08:10:00,764.0666504,1.6688604663585074,-252.3128907969285,866.1415321176792
2024-07-19 08:15:00,817.9332886,1.6688604663585074,-268.9668374307095,866.1415321176792
2024-07-19 08:20:00,1018.299988,1.6688604663585074,-285.85673132225844,866.1415321176792
2024-07-19 08:25:00,932.1999512,1.6688604663585074,-302.9429853944386,993.5489153415157
2024-07-19 08:30:00,976.8999634,1.6688604663585074,-320.1850060000566,993.5489153415157
2024-07-19 08:35:00,966.2666626,1.6688604663585074,-337.5413945318359,993.5489153415157
2024-07-19 08:40:00,1102.400024,1.6688604663585074,-354.97015378163695,1035.74394825564
2024-07-19 08:45:00,1058.200073,1.6688604663585074,-372.42889760795896,1035.74394825564
2024-07-19 08:50:00,1209.400024,1.6688604663585074,-389.87506264528645,1035.74394825564
2024-07-19 08:55:00,1163.133423,1.6688604663585074,-407.2661205728473,1016.6106465098611
2024-07-19 09:00:00,1214.466675,1.6688604663585074,-424.55978968058344,1275.8182608006498
2024-07-19 09:05:00,1370.5,1.6688604663585074,-441.714244229465,1273.68889933365
2024-07-19 09:10:00,1320.666626,1.6688604663585074,-458.68832028878796,1363.8134572240895
2024-07-19 09:15:00,1510.5,1.6688604663585074,-475.44171676416124,1386.9412231466292
2024-07-19 09:20:00,1453.666626,1.6688604663585074,-491.93519013886583,1490.2579736253597
2024-07-19 09:25:00,1529.900024,1.6688604663585074,-508.13074187196486,1619.8077385265938
2024-07-19 09:30:00,1564.866699,1.6688604663585074,-523.9917971946007,1697.7455044700746
2024-07-19 09:35:00,1625.033325,1.6688604663585074,-539.4833739180983,1703.2457478715985
2024-07-19 09:40:00,1669.666626,1.6688604663585074,-554.5722405737621,1688.0450080716134
2024-07-19 09:45:00,1698.5,1.6688604663585074,-569.2270625675403,1602.9227057318387
2024-07-19 09:50:00,1706.700073,1.6688604663585074,-583.418535612828,1452.9787974203844
2024-07-19 09:55:00,1730.066772,1.6688604663585074,-597.1195054531256,1307.9303356642713
2024-07-19 10:00:00,1765.5,1.6688604663585074,-610.3050733435475,1379.958593332565
2024-07-19 10:05:00,1800.266602,1.6688604663585074,-622.9526865098842,1376.2066305688982
2024-07-19 10:10:00,1820.033203,1.6688604663585074,-635.0422131692735,1379.958593332565
2024-07-19 10:15:00,1838.833374,1.6688604663585074,-646.5560016139783,1379.4161344840488
2024-07-19 10:20:00,1872.966675,1.6688604663585074,-657.4789231523098,1454.1762147698023
2024-07-19 10:25:00,1903.566772,1.6688604663585074,-667.7983986586468,1539.492585759006
2024-07-19 10:30:00,1944.766602,1.6688604663585074,-677.5044087424477,1606.4457760348512
2024-07-19 10:35:00,1982.933228,1.6688604663585074,-686.589487525439,1702.0269284246133
2024-07-19 10:40:00,2022.633301,1.6688604663585074,-695.0487002274032,1761.4451156730972
2024-07-19 10:45:00,2046.0,1.6688604663585074,-702.8796048729579,1781.6334819900605
2024-07-19 10:50:00,2042.66687,1.6688604663585074,-710.0821984371973,1782.2496811053052
2024-07-19 10:55:00,2029.5,1.6688604663585074,-716.65884803854,1782.2496811053052
2024-07-19 11:00:00,1902.566772,1.6688604663585074,-722.6142077573257,1951.4122801050626
2024-07-19 11:05:00,1846.300171,1.6688604663585074,-727.9551217146549,1952.2563910250622
2024-07-19 11:10:00,2062.399902,1.6688604663585074,-732.6905143597608,1952.2563910250622
2024-07-19 11:15:00,1962.650024,1.6688604663585074,-736.8312687689792,1952.2563910250622
2024-07-19 11:20:00,1951.033203,1.6688604663585074,-740.3900939657108,1952.2563910250622
2024-07-19 11:25:00,1842.733398,1.6688604663585074,-743.381382306167,1952.2563910250622
2024-07-19 11:30:00,2061.100098,1.6688604663585074,-745.8210580810746,1952.2518352267289
2024-07-19 11:35:00,1894.900024,1.6688604663585074,-747.7264184876447,1952.2518352267289
2024-07-19 11:40:00,1944.466797,1.6688604663585074,-749.115968214946,1952.2518352267289
2024-07-19 11:45:00,2058.899902,1.6688604663585074,-750.0092489157249,1952.2561018280624
2024-07-19 11:50:00,2001.400024,1.6688604663585074,-750.4266648601762,1952.2561018280624
2024-07-19 11:55:00,2059.033447,1.6688604663585074,-750.3893061019144,1952.2561018280624
2024-07-19 12:00:00,2059.100098,1.6688604663585074,-749.9187704996245,1956.8882620665706
2024-07-19 12:05:00,1807.300049,1.6688604663585074,-749.036985895569,1956.8882620665706
2024-07-19 12:10:00,2066.199951,1.6688604663585074,-747.766033841861,1951.6287204022376
2024-07-19 12:15:00,1985.699951,1.6688604663585074,-746.1279761031707,1937.2414334702617
2024-07-19 12:20:00,1958.866577,1.6688604663585074,-744.1446852988869,1937.7533742347111
2024-07-19 12:25:00,1905.200073,1.6688604663585074,-741.8376808691219,1935.6091151532912
2024-07-19 12:30:00,1714.5,1.6688604663585074,-739.2279715667347,1954.9972883625376
2024-07-19 12:35:00,2058.699951,1.6688604663585074,-736.3359056740503,1940.8309411800374
2024-07-19 12:40:00,2003.75,1.6688604663585074,-733.1810299318591,1941.24601483149
2024-07-19 12:45:00,1985.433228,1.6688604663585074,-729.7819582531462,1940.141222193728
2024-07-19 12:50:00,1948.800049,1.6688604663585074,-726.1562511007281,1927.0076847534037
2024-07-19 12:55:00,1648.199951,1.6688604663585074,-722.320306427303,1869.1269754008265
2024-07-19 13:00:00,1065.699951,1.6688604663585074,-718.2892628302443,1892.765887612074
2024-07-19 13:05:00,699.6333008,1.6688604663585074,-714.076915674038,1909.5332294904017
2024-07-19 13:10:00,834.7000122,1.6688604663585074,-709.695646635601,1905.1142626948465
2024-07-19 13:15:00,2059.699951,1.6688604663585074,-705.1563671548133,1914.7263184869123
2024-07-19 13:20:00,1931.849976,1.6688604663585074,-700.4684761557058,1913.4144092062857
2024-07-19 13:25:00,1889.266602,1.6688604663585074,-695.6398321459804,1913.7553844006347
2024-07-19 13:30:00,1804.050049,1.6688604663585074,-690.6767399322591,1920.9994742449524
2024-07-19 13:35:00,2051.699951,1.6688604663585074,-685.5839518353409,1930.527048842586
2024-07-19 13:40:00,1842.350098,1.6688604663585074,-680.3646833455139,1935.8627850903908
2024-07-19 13:45:00,1842.349976,1.6688604663585074,-675.0206429629513,1932.8367799473472
2024-07-19 13:50:00,1543.900024,1.6688604663585074,-669.5520758645571,1928.0282669947067
2024-07-19 13:55:00,1100.900146,1.6688604663585074,-663.9578210005498,1924.549588502874
2024-07-19 14:00:00,635.9500122,1.6688604663585074,-658.2353809615001,1904.0493114532915
2024-07-19 14:05:00,430.7333679,1.6688604663585074,-652.3810041166657,1722.7293701294238
2024-07-19 14:10:00,379.4333496,1.6688604663585074,-646.3897781105043,1777.3518551432412
2024-07-19 14:15:00,378.2333069,1.6688604663585074,-640.2557340036569,1753.9758216416808
2024-07-19 14:20:00,354.3333435,1.6688604663585074,-633.9719600682317,1784.8330466054513
2024-07-19 14:25:00,346.0,1.6688604663585074,-627.5307243246249,1971.8430252582189
2024-07-19 14:30:00,253.4000092,1.6688604663585074,-620.9236046722389,1972.071318577434
2024-07-19 14:35:00,225.9333344,1.6688604663585074,-614.1416255685374,1882.6355797514618
2024-07-19 14:40:00,264.3999939,1.6688604663585074,-607.1754000775039,1675.8196529501186
2024-07-19 14:45:00,300.1000061,1.6688604663585074,-600.0152760262329,1359.3164752774494
2024-07-19 14:50:00,352.2000122,1.6688604663585074,-592.6514851940502,1051.8626932670627
2024-07-19 14:55:00,412.2999878,1.6688604663585074,-585.0742940471174,964.7594833802787
2024-07-19 15:00:00,507.2999878,1.6688604663585074,-577.2741549795,949.7358499600824
2024-07-19 15:05:00,541.0999756,1.6688604663585074,-569.2418566305265,866.2052796783641
2024-07-19 15:10:00,580.2000122,1.6688604663585074,-560.9686721058558,836.259182736453
2024-07-19 15:15:00,626.5,1.6688604663585074,-552.4465038370062,812.322094584142
2024-07-19 15:20:00,685.7999878,1.6688604663585074,-543.6680238346256,791.3011864237532
2024-07-19 15:25:00,663.0667114,1.6688604663585074,-534.6268082611332,756.0045966459419
2024-07-19 15:30:00,692.0666504,1.6688604663585074,-525.3174649954962,758.1037980177007
2024-07-19 15:35:00,703.8999634,1.6688604663585074,-515.7357534018398,740.915245266771
2024-07-19 15:40:00,725.0667114,1.6688604663585074,-505.87869499067034,740.8630411792656
2024-07-19 15:45:00,936.7999878,1.6688604663585074,-495.7446742348648,773.6008859233457
2024-07-19 15:50:00,825.7999878,1.6688604663585074,-485.3335286067313,774.1663861731236
2024-07-19 15:55:00,849.833313,1.6688604663585074,-474.6466270308078,774.5149880272348
2024-07-19 16:00:00,806.3500366,1.6688604663585074,-463.6869361691166,531.4893319848677
2024-07-19 16:05:00,699.4500122,1.6688604663585074,-452.4590738118743,537.2098910659565
2024-07-19 16:10:00,517.0333252,1.6688604663585074,-440.9693490042095,529.6094969127383
2024-07-19 16:15:00,459.8000183,1.6688604663585074,-429.22578838226264,517.109204837969
2024-07-19 16:20:00,424.7666931,1.6688604663585074,-417.2381487181915,510.19829927392914
2024-07-19 16:25:00,406.5,1.6688604663585074,-405.01791509412226,497.04181994852394
2024-07-19 16:30:00,403.5666504,1.6688604663585074,-392.57828507097804,512.4590168694313
2024-07-19 16:35:00,403.3999939,1.6688604663585074,-379.9341385991876,509.7925866387709
2024-07-19 16:40:00,404.9666748,1.6688604663585074,-367.1019940032536,531.8318581517933
2024-07-19 16:45:00,405.6000061,1.6688604663585074,-354.09995026876516,531.1284328451663
2024-07-19 16:50:00,405.8666687,1.6688604663585074,-340.9476159751369,532.4336689654754
2024-07-19 16:55:00,402.3333435,1.6688604663585074,-327.6660255097955,586.0941718133631
2024-07-19 17:00:00,406.5333252,1.6688604663585074,-314.2775428703271,386.4983907757853
2024-07-19 17:05:00,409.8999939,1.6688604663585074,-300.80575416123224,392.22858765333376
2024-07-19 17:10:00,418.0666504,1.6688604663585074,-287.2753491034179,378.1343382802915
2024-07-19 17:15:00,415.4333496,1.6688604663585074,-273.7119927719125,374.9997438276155
2024-07-19 17:20:00,409.3666992,1.6688604663585074,-260.142188319518,375.2029024405203
2024-07-19 17:25:00,393.8999939,1.6688604663585074,-246.59313174286655,373.830197594597
2024-07-19 17:30:00,377.2666931,1.6688604663585074,-233.09255984087534,361.99571050525725
2024-07-19 17:35:00,366.5,1.6688604663585074,-219.66859235237408,365.77583776257944
2024-07-19 17:40:00,393.0,1.6688604663585074,-206.3495695887998,407.1980052746214
2024-07-19 17:45:00,450.1000061,1.6688604663585074,-193.1638866207668,400.31855687020175
2024-07-19 17:50:00,424.5333252,1.6688604663585074,-180.13982554159895,382.55206908702297
2024-07-19 17:55:00,446.1666565,1.6688604663585074,-167.3053866606206,347.05680118211615
2024-07-19 18:00:00,444.5666504,1.6688604663585074,-154.68812030708435,309.32670554454734
2024-07-19 18:05:00,441.7333069,1.6688604663585074,-142.31496019819866,313.5347909383362
2024-07-19 18:10:00,414.9666748,1.6688604663585074,-130.2120598215742,303.801281688033
2024-07-19 18:15:00,380.6999817,1.6688604663585074,-118.40463297692406,273.82537541293465
2024-07-19 18:20:00,343.0,1.6688604663585074,-106.91679968573818,283.1649750274632
2024-07-19 18:25:00,312.5333557,1.6688604663585074,-95.77143873522323,320.6738848490288
2024-07-19 18:30:00,291.1666565,1.6688604663585074,-84.99004774513126,259.2046333932203
2024-07-19 18:35:00,277.1999817,1.6688604663585074,-74.59261215242475,259.66434766556796
2024-07-19 18:40:00,269.6666565,1.6688604663585074,-64.59748376088363,260.15682917579016
2024-07-19 18:45:00,250.8333282,1.6688604663585074,-55.02127001152658,285.8905710391132
2024-07-19 18:50:00,242.75,1.6688604663585074,-45.87873472696461,282.6100252602224
2024-07-19 18:55:00,201.5499878,1.6688604663585074,-37.182711062218786,282.6100252602224
2024-07-19 19:00:00,162.8500061,1.6688604663585074,-28.944027417002296,40.99029814908679
2024-07-19 19:05:00,127.9499969,1.6688604663585074,-21.171446738805344,47.95501122201332
2024-07-19 19:10:00,103.7000046,1.6688604663585074,-13.871619797377065,49.79812424991333
2024-07-19 19:15:00,94.03333282,1.6688604663585074,-7.0490526646419704,53.72765913358213
2024-07-19 19:20:00,91.0,1.6688604663585074,-0.7060888224554542,53.80544250818323
2024-07-19 19:25:00,74.6000061,1.6688604663585074,5.157094176578141,51.09122459090685
2024-07-19 19:30:00,60.65000153,1.6688604663585074,10.542473340631387,53.69910219637979
2024-07-19 19:35:00,48.0,1.6688604663585074,15.454154249953435,53.78926226365546
2024-07-19 19:40:00,35.70000458,1.6688604663585074,19.898330722635738,52.03546847052334
2024-07-19 19:45:00,25.54999924,1.6688604663585074,23.88323037557211,55.16831907835262
2024-07-19 19:50:00,19.04999924,1.6688604663585074,27.419046544032927,47.20864291076927
2024-07-19 19:55:00,14.63333416,1.6688604663585074,30.51785701846741,49.263173111107015
2024-07-19 20:00:00,0.0,1.6688604663585074,33.193530324402175,0.7666000039555556
2024-07-19 20:05:00,0.0,1.6688604663585074,35.461620122420086,1.2626814951555556
2024-07-19 20:10:00,0.0,1.6688604663585074,37.339248664787114,1.2626814951555556
2024-07-19 20:15:00,0.0,1.6688604663585074,38.84498011286683,1.1018740841244445
2024-07-19 20:20:00,0.0,1.6688604663585074,39.998684713164934,0.8496518575911114
2024-07-19 20:25:00,0.0,1.6688604663585074,40.821394863933335,0.9325407469244448
2024-07-19 20:30:00,0.0,1.6688604663585074,41.33515415351265,0.9325407469244448
2024-07-19 20:35:00,0.0,1.6688604663585074,41.562860539065014,1.1018740841244445
2024-07-19 20:40:00,0.0,1.6688604663585074,41.52810484092226,1.1445037149688888
2024-07-19 20:45:00,0.0,1.6688604663585074,41.25500577746186,0.5457259300355556
2024-07-19 20:50:00,0.0,1.6688604663585074,40.76804280459379,0.5457259300355556
2024-07-19 20:55:00,0.0,1.6688604663585074,40.09188800696275,0.5457259300355556
2024-07-19 21:00:00,0.0,1.6688604663585074,39.251238320773304,0.0
2024-07-19 21:05:00,0.0,1.6688604663585074,38.27064935176369,0.0
2024-07-19 21:10:00,0.0,1.6688604663585074,37.17437203754464,0.0
2024-07-19 21:15:00,0.0,1.6688604663585074,35.98619337922419,0.0
2024-07-19 21:20:00,0.0,1.6688604663585074,34.72928243758658,0.0
2024-07-19 21:25:00,0.0,1.6688604663585074,33.426042736030325,0.0
2024-07-19 21:30:00,0.0,1.6688604663585074,32.09797217512499,0.0
2024-07-19 21:35:00,0.0,1.6688604663585074,30.765531481901068,0.0
2024-07-19 21:40:00,0.0,1.6688604663585074,29.44802218003971,0.0
2024-07-19 21:45:00,0.0,1.6688604663585074,28.163474942871765,0.0
2024-07-19 21:50:00,0.0,1.6688604663585074,26.928549159492924,0.0
2024-07-19 21:55:00,0.0,1.6688604663585074,25.75844441502215,0.0
2024-07-19 22:00:00,0.0,1.6688604663585074,24.666824517911145,0.0
2024-07-19 22:05:00,0.0,1.6688604663585074,23.66575457974718,0.0
2024-07-19 22:10:00,0.0,1.6688604663585074,22.76565157671405,0.0
2024-07-19 22:15:00,0.0,1.6688604663585074,21.975248686754288,0.0
2024-07-19 22:20:00,0.0,1.6688604663585074,21.30157361889871,0.0
2024-07-19 22:25:00,0.0,1.6688604663585074,20.749940998216,0.0
2024-07-19 22:30:00,0.0,1.6688604663585074,20.323958792625696,0.0
2024-07-19 22:35:00,0.0,1.6688604663585074,20.025548642021537,0.0
2024-07-19 22:40:00,0.0,1.6688604663585074,19.854979832742288,0.0
2024-07-19 22:45:00,0.0,1.6688604663585074,19.810916560634105,0.0
2024-07-19 22:50:00,0.0,1.6688604663585074,19.8904780165947,0.0
2024-07-19 22:55:00,0.0,1.6688604663585074,20.089310722748355,0.0
2024-07-19 23:00:00,0.0,1.6688604663585074,20.40167245144115,0.0
2024-07-19 23:05:00,0.0,1.6688604663585074,20.82052697140013,0.0
2024-07-19 23:10:00,0.0,1.6688604663585074,21.337648751785157,0.0
2024-07-19 23:15:00,0.0,1.6688604663585074,21.94373673439433,0.0
2024-07-19 23:20:00,0.0,1.6688604663585074,22.628536117356653,0.0
2024-07-19 23:25:00,0.0,1.6688604663585074,23.380967143936644,0.0
2024-07-19 23:30:00,0.0,1.6688604663585074,24.18925971240541,0.0
2024-07-19 23:35:00,0.0,1.6688604663585074,25.041092678728663,0.0
2024-07-19 23:40:00,0.0,1.6688604663585074,25.92373662001537,0.0
2024-07-19 23:45:00,0.0,1.6688604663585074,26.824198824067505,0.0
2024-07-19 23:50:00,0.0,1.6688604663585074,27.729369243237546,0.0
2024-07-19 23:55:00,0.0,1.6688604663585074,28.626166147868858,0.0
2024-07-20 00:00:00,0.0,1.6688604663585074,29.501680220921354,0.0
2024-07-20 00:05:00,0.0,1.6688604663585074,30.343315802392816,0.0
2024-07-20 00:10:00,0.0,1.6688604663585074,31.13892811944565,0.0
2024-07-20 00:15:00,0.0,1.6688604663585074,31.876955205846052,0.0
2024-07-20 00:20:00,0.0,1.6688604663585074,32.546543454679366,0.0
2024-07-20 00:25:00,0.0,1.6688604663585074,33.137665593534244,0.0
2024-07-20 00:30:00,0.0,1.6688604663585074,33.6412301077686,0.0
2024-07-20 00:35:00,0.0,1.6688604663585074,34.04918109021363,0.0
2024-07-20 00:40:00,0.0,1.6688604663585074,34.35458762364232,0.0
2024-07-20 00:45:00,0.0,1.6688604663585074,34.55172187372995,0.0
2024-07-20 00:50:00,0.0,1.6688604663585074,34.6361251607102,0.0
2024-07-20 00:55:00,0.0,1.6688604663585074,34.60466137882965,0.0
2024-07-20 01:00:00,0.0,1.6688604663585074,34.45555722736952,0.0
2024-07-20 01:05:00,0.0,1.6688604663585074,34.1884288510652,0.0
2024-07-20 01:10:00,0.0,1.6688604663585074,33.80429452872037,0.0
2024-07-20 01:15:00,0.0,1.6688604663585074,33.305573285613825,0.0
2024-07-20 01:20:00,0.0,1.6688604663585074,32.696069278234376,0.0
2024-07-20 01:25:00,0.0,1.6688604663585074,31.980942032085498,0.0
2024-07-20 01:30:00,0.0,1.6688604663585074,31.166662668030245,0.0
2024-07-20 01:35:00,0.0,1.6688604663585074,30.26095639026174,0.0
2024-07-20 01:40:00,0.0,1.6688604663585074,29.272731632509313,0.0
2024-07-20 01:45:00,0.0,1.6688604663585074,28.211996347178143,0.0
2024-07-20 01:50:00,0.0,1.6688604663585074,27.089762058464604,0.0
2024-07-20 01:55:00,0.0,1.6688604663585074,25.91793638530235,0.0
2024-07-20 02:00:00,0.0,1.6688604663585074,24.709204865546553,0.0
2024-07-20 02:05:00,0.0,1.6688604663585074,23.4769029648911,0.0
2024-07-20 02:10:00,0.0,1.6688604663585074,22.23487929862911,0.0
2024-07-20 02:15:00,0.0,1.6688604663585074,20.997351116079415,0.0
2024-07-20 02:20:00,0.0,1.6688604663585074,19.778753216506153,0.0
2024-07-20 02:25:00,0.0,1.6688604663585074,18.593581503630503,0.0
2024-07-20 02:30:00,0.0,1.6688604663585074,17.45623244147168,0.0
2024-07-20 02:35:00,0.0,1.6688604663585074,16.380839739772924,0.0
2024-07-20 02:40:00,0.0,1.6688604663585074,15.381109598781743,0.0
2024-07-20 02:45:00,0.0,1.6688604663585074,14.47015589110632,0.0
2024-07-20 02:50:00,0.0,1.6688604663585074,13.660336680940446,0.0
2024-07-20 02:55:00,0.0,1.6688604663585074,12.963093442035301,0.0
2024-07-20 03:00:00,0.0,1.6688604663585074,12.388794377661386,0.0
2024-07-20 03:05:00,0.0,1.6688604663585074,11.946583192792353,0.0
2024-07-20 03:10:00,0.0,1.6688604663585074,11.644234657068354,0.0
2024-07-20 03:15:00,0.0,1.6688604663585074,11.488018243396713,0.0
2024-07-20 03:20:00,0.0,1.6688604663585074,11.482571090345873,0.0
2024-07-20 03:25:00,0.0,1.6688604663585074,11.630781467456085,0.0
2024-07-20 03:30:00,0.0,1.6688604663585074,11.933683848681854,0.0
2024-07-20 03:35:00,0.0,1.6688604663585074,12.390366639469454,0.0
2024-07-20 03:40:00,0.0,1.6688604663585074,12.997893482852533,0.0
2024-07-20 03:45:00,0.0,1.6688604663585074,13.751239009310426,0.0
2024-07-20 03:50:00,0.0,1.6688604663585074,14.643239766881509,0.0
2024-07-20 03:55:00,0.0,1.6688604663585074,15.664560968064722,0.0
2024-07-20 04:00:00,0.0,1.6688604663585074,16.8036795829723,0.0
2024-07-20 04:05:00,0.0,1.6688604663585074,18.046884161438616,0.0
2024-07-20 04:10:00,0.0,1.6688604663585074,19.37829168337384,0.0
2024-07-20 04:15:00,0.0,1.6688604663585074,20.77988157435887,0.0
2024-07-20 04:20:00,0.0,1.6688604663585074,22.23154691228547,0.0
2024-07-20 04:25:00,0.0,1.6688604663585074,23.711162699745508,0.0
2024-07-20 04:30:00,0.0,1.6688604663585074,25.19467101375986,0.0
2024-07-20 04:35:00,0.0,1.6688604663585074,26.656182588816648,0.0
2024-07-20 04:40:00,0.0,1.6688604663585074,28.06809440770193,0.0
2024-07-20 04:45:00,0.0,1.6688604663585074,29.401222638428003,0.0
2024-07-20 04:50:00,0.0,1.6688604663585074,30.62495019161014,0.0
2024-07-20 04:55:00,0.0,1.6688604663585074,31.707388034592395,0.0
2024-07-20 05:00:00,0.0,1.6688604663585074,32.615549309637316,0.0
2024-07-20 05:05:00,0.0,1.6688604663585074,33.31553515016127,0.0
2024-07-20 05:10:00,0.0,1.6688604663585074,33.77273106686239,0.0
2024-07-20 05:15:00,0.0,1.6688604663585074,33.9520126280332,0.0
2024-07-20 05:20:00,0.0,1.6688604663585074,33.817959072357446,0.0
2024-07-20 05:25:00,0.0,1.6688604663585074,33.33507350419637,0.0
2024-07-20 05:30:00,0.0,1.6688604663585074,32.46800812807251,0.0
2024-07-20 05:35:00,0.0,1.6688604663585074,31.181793071595006,0.0
2024-07-20 05:40:00,0.0,1.6688604663585074,29.442067191279865,0.0
2024-07-20 05:45:00,0.0,1.6688604663585074,27.215309285447344,0.0
2024-07-20 05:50:00,0.0,1.6688604663585074,24.46906813166871,0.0
2024-07-20 05:55:00,0.0,1.6688604663585074,21.172189705397294,0.0
2024-07-20 06:00:00,0.0,1.6688604663585074,17.295040003600235,28.065597825900106
2024-07-20 06:05:00,0.0,1.6688604663585074,12.809721864112415,35.08922024693677
2024-07-20 06:10:00,0.0,1.6688604663585074,7.690284273865647,42.26667409546326
2024-07-20 06:15:00,0.0,1.6688604663585074,1.9129225881360068,56.737127938890794
2024-07-20 06:20:00,0.0,1.6688604663585074,-4.543831742727116,69.16022732724447
2024-07-20 06:25:00,76.80000305,1.6688604663585074,-11.698933355629698,69.75074578384817
2024-07-20 06:30:00,104.1999969,1.6688604663585074,-19.56865843216262,72.27904648112911
2024-07-20 06:35:00,131.3000031,1.6688604663585074,-28.16645452422424,72.27904648112911
2024-07-20 06:40:00,159.1999969,1.6688604663585074,-37.50280611489549,72.22553852298627
2024-07-20 06:45:00,192.3999939,1.6688604663585074,-47.58511672687731,100.04853629146542
2024-07-20 06:50:00,176.5999908,1.6688604663585074,-58.41760868141345,100.04853629146542
2024-07-20 06:55:00,185.4666595,1.6688604663585074,-70.00124122539924,99.44475850339875
2024-07-20 07:00:00,182.4666748,1.6688604663585074,-82.33364774325145,307.3393757605626
2024-07-20 07:05:00,209.8000031,1.6688604663585074,-95.40909265751421,307.3393757605626
2024-07-20 07:10:00,241.3000031,1.6688604663585074,-109.21844829390757,307.3393757605626
2024-07-20 07:15:00,273.7000122,1.6688604663585074,-123.74919229634341,307.3393757605626
2024-07-20 07:20:00,301.0,1.6688604663585074,-138.98542531079408,307.3393757605626
2024-07-20 07:25:00,448.2000122,1.6688604663585074,-154.9079093849542,304.98536617041486
2024-07-20 07:30:00,560.5,1.6688604663585074,-171.49412664321392,304.98536617041486
2024-07-20 07:35:00,643.2999878,1.6688604663585074,-188.7183581386087,304.98536617041486
2024-07-20 07:40:00,601.9000244,1.6688604663585074,-206.5517822766823,304.98536617041486
2024-07-20 07:45:00,593.7999878,1.6688604663585074,-224.9625924799087,282.61271075785737
2024-07-20 07:50:00,569.0500488,1.6688604663585074,-243.9161332355571,269.47121875752697
2024-07-20 07:55:00,456.1333313,1.6688604663585074,-263.375053748439,263.87462837979183
2024-07-20 08:00:00,415.4666748,1.6688604663585074,-283.29947839621934,1063.1658933812687
2024-07-20 08:05:00,507.6000061,1.6688604663585074,-303.6471925353143,1063.1658933812687
2024-07-20 08:10:00,636.7999878,1.6688604663585074,-324.3738430689836,1004.2576699196371
2024-07-20 08:15:00,968.4000244,1.6688604663585074,-345.4331519224822,1006.5061145408372
2024-07-20 08:20:00,1105.300049,1.6688604663585074,-366.7771414858664,1007.6847481932817
2024-07-20 08:25:00,1022.766785,1.6688604663585074,-388.35637033934887,1009.2154149000817
2024-07-20 08:30:00,1483.5,1.6688604663585074,-410.1201778074452,1005.6345383884986
2024-07-20 08:35:00,1340.150146,1.6688604663585074,-432.0169358286946,1005.6345383884986
2024-07-20 08:40:00,1359.599976,1.6688604663585074,-453.99430625461076,1005.6345383884986
2024-07-20 08:45:00,1229.400024,1.6688604663585074,-475.99950236189335,798.7089410054849
2024-07-20 08:50:00,1193.366577,1.6688604663585074,-497.9795522322636,788.4890766914646
2024-07-20 08:55:00,1050.900024,1.6688604663585074,-519.8815629252316,779.2167692453978
2024-07-20 09:00:00,994.5665894,1.6688604663585074,-541.6529832868471,1646.3634107830474
2024-07-20 09:05:00,1143.900024,1.6688604663585074,-563.2418638293028,1646.7467994580472
2024-07-20 09:10:00,1037.566772,1.6688604663585074,-584.5971120478472,1646.7467994580472
2024-07-20 09:15:00,1076.366699,1.6688604663585074,-605.6687412941426,1646.7467994580472
2024-07-20 09:20:00,1359.300049,1.6688604663585074,-626.4081118833186,1645.9026885380474
2024-07-20 09:25:00,1703.699951,1.6688604663585074,-646.7681626271667,1645.9026885380474
2024-07-20 09:30:00,2042.5,1.6688604663585074,-666.7036315560213,1644.5396741039142
2024-07-20 09:35:00,1876.0,1.6688604663585074,-686.1712639712106,1625.651277981078
2024-07-20 09:40:00,1959.333374,1.6688604663585074,-705.1300071506549,1582.6394458686307
2024-07-20 09:45:00,1921.700073,1.6688604663585074,-723.5411898464592,1484.5576208518346
2024-07-20 09:50:00,1926.366577,1.6688604663585074,-741.3686859038885,1432.9182836821315
2024-07-20 09:55:00,1888.199829,1.6688604663585074,-758.579060764759,1393.23304424509
2024-07-20 10:00:00,1837.066772,1.6688604663585074,-775.1417000447603,1513.927090701164
2024-07-20 10:05:00,1841.666626,1.6688604663585074,-791.028919480495,1513.927090701164
2024-07-20 10:10:00,1842.233276,1.6688604663585074,-806.2160554464502,1515.2050907147197
2024-07-20 10:15:00,1868.733398,1.6688604663585074,-820.681535894633,1523.0375575243197
2024-07-20 10:20:00,1844.866699,1.6688604663585074,-834.4069309132086,1564.3343494133478
2024-07-20 10:25:00,1848.166626,1.6688604663585074,-847.3769831799692,1616.7427528267847
2024-07-20 10:30:00,1854.200073,1.6688604663585074,-859.5796179288403,1662.7921554393035
2024-07-20 10:35:00,1875.200073,1.6688604663585074,-871.0059326552469,1736.217305030496
2024-07-20 10:40:00,1904.633301,1.6688604663585074,-881.6501668019193,1763.2677788171452
2024-07-20 10:45:00,1937.133423,1.6688604663585074,-891.5096517059491,1782.6178891599811
2024-07-20 10:50:00,1969.666626,1.6688604663585074,-900.5847414618407,1784.187033018559
2024-07-20 10:55:00,1995.166626,1.6688604663585074,-908.8787252346,1786.301458276866
2024-07-20 11:00:00,2017.400024,1.6688604663585074,-916.397721905978,1863.9844788823277
2024-07-20 11:05:00,2035.0,1.6688604663585074,-923.1505578016997,1862.0153225266308
2024-07-20 11:10:00,2049.43335,1.6688604663585074,-929.1486287178407,1862.0112491766308
2024-07-20 11:15:00,2056.466553,1.6688604663585074,-934.4057472482646,1864.381754416338
2024-07-20 11:20:00,2058.5,1.6688604663585074,-938.9379766367772,1859.2874652390046
2024-07-20 11:25:00,2057.833252,1.6688604663585074,-942.7634525710006,1859.2874652390046
2024-07-20 11:30:00,2056.533203,1.6688604663585074,-945.9021942121784,1873.5409572419233
2024-07-20 11:35:00,2056.033203,1.6688604663585074,-948.375906026448,1873.5409572419233
2024-07-20 11:40:00,2055.666748,1.6688604663585074,-950.2077718644559,1884.7907421768002
2024-07-20 11:45:00,2055.733154,1.6688604663585074,-951.4222429492836,1885.331631661244
2024-07-20 11:50:00,2056.233398,1.6688604663585074,-952.0448213299057,1895.8602623699264
2024-07-20 11:55:00,2057.366455,1.6688604663585074,-952.1018404774759,1930.5047776222866
2024-07-20 12:00:00,2059.56665,1.6688604663585074,-951.6202446579637,1937.2484848609683
2024-07-20 12:05:00,2061.600098,1.6688604663585074,-950.6273687418519,1937.2484848609683
2024-07-20 12:10:00,2063.93335,1.6688604663585074,-949.1507200896109,1973.5886587727246
2024-07-20 12:15:00,2065.766602,1.6688604663585074,-947.2177641153165,1975.8712394497245
2024-07-20 12:20:00,2066.866699,1.6688604663585074,-944.8557151461939,1979.8003916930977
2024-07-20 12:25:00,2067.200195,1.6688604663585074,-942.09133403807,1980.0963674389866
2024-07-20 12:30:00,2062.799805,1.6688604663585074,-938.9507340801945,1965.2925747827505
2024-07-20 12:35:00,2059.200195,1.6688604663585074,-935.4591965730201,1957.1789410911024
2024-07-20 12:40:00,2059.333252,1.6688604663585074,-931.6409973644809,1915.160753371556
2024-07-20 12:45:00,2060.0,1.6688604663585074,-927.5192455927764,1913.5568283970188
2024-07-20 12:50:00,2060.149902,1.6688604663585074,-923.1157357938839,1910.7728620164794
2024-07-20 12:55:00,1805.300049,1.6688604663585074,-918.4508143290929,1919.7036845652258
2024-07-20 13:00:00,1496.900024,1.6688604663585074,-913.5432610887931,1936.2428619370125
2024-07-20 13:05:00,2056.399902,1.6688604663585074,-908.4101872220973,1951.466168834142
2024-07-20 13:10:00,2055.399902,1.6688604663585074,-903.0669495837419,1951.383330047068
2024-07-20 13:15:00,2055.06665,1.6688604663585074,-897.5270823543409,1950.3353657590524
2024-07-20 13:20:00,2054.399902,1.6688604663585074,-891.8022463321416,1978.9119561730422
2024-07-20 13:25:00,1768.5,1.6688604663585074,-885.9021960130682,1977.2746513468358
2024-07-20 13:30:00,1353.200073,1.6688604663585074,-879.8347646682053,1973.2664245422798
2024-07-20 13:35:00,1127.166626,1.6688604663585074,-873.6058673518714,1971.6191997032322
2024-07-20 13:40:00,1120.700073,1.6688604663585074,-867.2195216491629,1927.771246013076
2024-07-20 13:45:00,998.333252,1.6688604663585074,-860.6778859278253,1934.4313347898787
2024-07-20 13:50:00,901.0333862,1.6688604663585074,-853.9813145559633,1928.388687359683
2024-07-20 13:55:00,848.6000366,1.6688604663585074,-847.1284295931089,1920.9337404636774
2024-07-20 14:00:00,808.666687,1.6688604663585074,-840.1162081689597,1901.4599213470585
2024-07-20 14:05:00,795.3500366,1.6688604663585074,-832.9400848756561,1901.3633932684452
2024-07-20 14:10:00,625.6500244,1.6688604663585074,-825.594068055053,1911.0807561068737
2024-07-20 14:15:00,445.2333679,1.6688604663585074,-818.0708690471986,1929.000412783263
2024-07-20 14:20:00,385.2333069,1.6688604663585074,-810.3620432844267,1927.9720852255962
2024-07-20 14:25:00,346.6999817,1.6688604663585074,-802.4581419025936,1977.013037573946
2024-07-20 14:30:00,379.7999878,1.6688604663585074,-794.348872640308,1970.0117243635013
2024-07-20 14:35:00,440.2999878,1.6688604663585074,-786.0232686200324,1991.7435664179704
2024-07-20 14:40:00,416.1999817,1.6688604663585074,-777.4698635495635,1997.0703926226843
2024-07-20 14:45:00,506.0,1.6688604663585074,-768.6768719144316,1980.598865866621
2024-07-20 14:50:00,568.0,1.6688604663585074,-759.6323725794559,1996.137633544351
2024-07-20 14:55:00,538.6000366,1.6688604663585074,-750.3244943089043,1975.1133921723406
2024-07-20 15:00:00,643.0999756,1.6688604663585074,-740.7416015829332,1996.1998562353117
2024-07-20 15:05:00,598.3999634,1.6688604663585074,-730.8724792192027,1997.0536575138944
2024-07-20 15:10:00,618.666626,1.6688604663585074,-720.7065141836885,1975.429746426228
2024-07-20 15:15:00,592.7333374,1.6688604663585074,-710.2338731756925,1884.4066576652426
2024-07-20 15:20:00,564.1333008,1.6688604663585074,-699.4456743667253,1604.9162605444315
2024-07-20 15:25:00,531.0667114,1.6688604663585074,-688.3341519719675,1426.38353632751
2024-07-20 15:30:00,505.8333435,1.6688604663585074,-676.8928121352441,902.4755124682127
2024-07-20 15:35:00,496.5000305,1.6688604663585074,-665.1165790746645,740.2199124443371
2024-07-20 15:40:00,441.9500122,1.6688604663585074,-653.0019299159089,667.0838689790426
2024-07-20 15:45:00,345.1499939,1.6688604663585074,-640.5470173089808,664.7481468971627
2024-07-20 15:50:00,269.6000061,1.6688604663585074,-627.7517787600955,629.2437105459079
2024-07-20 15:55:00,214.1000214,1.6688604663585074,-614.6180316237281,620.7663620271062
2024-07-20 16:00:00,173.5333252,1.6688604663585074,-601.1495530375449,614.1750558138115
2024-07-20 16:05:00,167.8000031,1.6688604663585074,-587.3521440547918,627.2557390880781
2024-07-20 16:10:00,166.3666534,1.6688604663585074,-573.23367735407,628.5233455151592
2024-07-20 16:15:00,166.2333374,1.6688604663585074,-558.8041281618125,492.85553125279876
2024-07-20 16:20:00,181.6999969,1.6688604663585074,-544.0755879686583,493.8479424728433
2024-07-20 16:25:00,173.8999786,1.6688604663585074,-529.0622609324954,522.3406534530466
2024-07-20 16:30:00,178.8666534,1.6688604663585074,-513.7804428546407,768.2058762709908
2024-07-20 16:35:00,174.6333466,1.6688604663585074,-498.2484828316764,930.7838732323962
2024-07-20 16:40:00,166.8666687,1.6688604663585074,-482.4867278755564,994.8283921196153
2024-07-20 16:45:00,153.3000031,1.6688604663585074,-466.5174506901439,993.5283006148428
2024-07-20 16:50:00,142.366684,1.6688604663585074,-450.36476135296573,989.3043421210874
2024-07-20 16:55:00,149.6999969,1.6688604663585074,-434.0545032563641,958.1455094418017
2024-07-20 17:00:00,145.0999908,1.6688604663585074,-417.6141341134043,881.2208289975745
2024-07-20 17:05:00,150.9999847,1.6688604663585074,-401.0725931288847,858.2804492172107
2024-07-20 17:10:00,172.5,1.6688604663585074,-384.4601549010757,970.9944624019028
2024-07-20 17:15:00,183.5,1.6688604663585074,-367.8082713773122,979.6873010110586
2024-07-20 17:20:00,205.8000031,1.6688604663585074,-351.1494030532856,941.8814306714141
2024-07-20 17:25:00,226.6000061,1.6688604663585074,-334.5168405039789,857.5148274863733
2024-07-20 17:30:00,253.3000031,1.6688604663585074,-317.9445176716015,463.75856171331486
2024-07-20 17:35:00,699.5,1.6688604663585074,-301.46681833165724,820.8920617629375
2024-07-20 17:40:00,678.0499268,1.6688604663585074,-285.11837705413234,417.7885005903211
2024-07-20 17:45:00,670.8999634,1.6688604663585074,-268.9338763355076,405.95649485761476
2024-07-20 17:50:00,656.5999756,1.6688604663585074,-252.9478412508558,404.0455126713258
2024-07-20 17:55:00,567.6999512,1.6688604663585074,-237.1944333054356,374.56039567137736
2024-07-20 18:00:00,425.7666931,1.6688604663585074,-221.70724491161144,335.9850874672442
2024-07-20 18:05:00,398.4333496,1.6688604663585074,-206.5190961485771,327.4190971836013
2024-07-20 18:10:00,389.8999939,1.6688604663585074,-191.6618352947839,331.5587274240379
2024-07-20 18:15:00,374.6666565,1.6688604663585074,-177.16614458811986,336.48660460464833
2024-07-20 18:20:00,363.6000366,1.6688604663585074,-163.06135283816988,325.01403113938125
2024-07-20 18:25:00,309.5499878,1.6688604663585074,-149.3752561131548,318.98995822687573
2024-07-20 18:30:00,234.3333282,1.6688604663585074,-136.1339479135505,316.14380626605356
2024-07-20 18:35:00,211.4499969,1.6688604663585074,-123.36166031933715,307.45594822760904
2024-07-20 18:40:00,184.1000061,1.6688604663585074,-111.08061696274349,306.64560738960904
2024-07-20 18:45:00,144.7666779,1.6688604663585074,-99.31089922024051,310.9697363443974
2024-07-20 18:50:00,126.6666641,1.6688604663585074,-88.07032647953663,321.28941932731567
2024-07-20 18:55:00,111.3666611,1.6688604663585074,-77.37435152357784,298.3389553837152
2024-07-20 19:00:00,100.3666687,1.6688604663585074,-67.23597166269583,64.70684520231391
2024-07-20 19:05:00,89.73332977,1.6688604663585074,-57.66565641243652,64.15010836184572
2024-07-20 19:10:00,85.75,1.6688604663585074,-48.671292186151646,62.42484291923213
2024-07-20 19:15:00,66.2666626,1.6688604663585074,-40.25814447786271,59.1183069622019
2024-07-20 19:20:00,55.96666336,1.6688604663585074,-32.42883776454482,59.641433281116505
2024-07-20 19:25:00,52.70000458,1.6688604663585074,-25.18335332155922,65.42116413974455
2024-07-20 19:30:00,43.09999847,1.6688604663585074,-18.519044906060138,65.20852974958926
2024-07-20 19:35:00,33.75,1.6688604663585074,-12.43067223816801,64.02549987885456
2024-07-20 19:40:00,25.64999962,1.6688604663585074,-6.910451995754018,63.180060901487884
2024-07-20 19:45:00,19.64999771,1.6688604663585074,-1.9481259086609062,64.85045686821061
2024-07-20 19:50:00,14.36666584,1.6688604663585074,2.468954508518757,63.5980607703879
2024-07-20 19:55:00,12.73333263,1.6688604663585074,6.3557273158398235,62.23298175428954
2024-07-20 20:00:00,0.0,1.6688604663585074,9.729304331151093,0.028888888888888888
2024-07-20 20:05:00,0.0,1.6688604663585074,12.608840986868664,0.028888888888888888
2024-07-20 20:10:00,0.0,1.6688604663585074,15.015392935586334,0.028888888888888888
2024-07-20 20:15:00,0.0,1.6688604663585074,16.971760433287308,0.028888888888888888
2024-07-20 20:20:00,0.0,1.6688604663585074,18.502321722154687,0.028888888888888888
2024-07-20 20:25:00,0.0,1.6688604663585074,19.63285665370384,0.028888888888888888
2024-07-20 20:30:00,0.0,1.6688604663585074,20.39036192847515,0.028888888888888888
2024-07-20 20:35:00,0.0,1.6688604663585074,20.80285933078497,0.028888888888888888
2024-07-20 20:40:00,0.0,1.6688604663585074,20.89919842722274,0.028888888888888888
2024-07-20 20:45:00,0.0,1.6688604663585074,20.708855218930584,0.028888888888888888
2024-07-20 20:50:00,0.0,1.6688604663585074,20.26172826602113,0.028888888888888888
2024-07-20 20:55:00,0.0,1.6688604663585074,19.587933856786204,0.0
2024-07-20 21:00:00,0.0,1.6688604663585074,18.717601719003763,0.0
2024-07-20 21:05:00,0.0,1.6688604663585074,17.68067284936247,0.0
2024-07-20 21:10:00,0.0,1.6688604663585074,16.50670096304211,0.0
2024-07-20 21:15:00,0.0,1.6688604663585074,15.224659053183291,0.0
2024-07-20 21:20:00,0.0,1.6688604663585074,13.862752507880261,0.0
2024-07-20 21:25:00,0.0,1.6688604663585074,12.448240169807937,0.0
2024-07-20 21:30:00,0.0,1.6688604663585074,11.007264663007541,0.0
2024-07-20 21:35:00,0.0,1.6688604663585074,9.564693239438762,0.0
2024-07-20 21:40:00,0.0,1.6688604663585074,8.14397032329574,0.0
2024-07-20 21:45:00,0.0,1.6688604663585074,6.766982775891424,0.0
2024-07-20 21:50:00,0.0,1.6688604663585074,5.453938913276263,0.0
2024-07-20 21:55:00,0.0,1.6688604663585074,4.223262084241333,0.0
2024-07-20 22:00:00,0.0,1.6688604663585074,3.091499568515601,0.0
2024-07-20 22:05:00,0.0,1.6688604663585074,2.07324741020919,0.0
2024-07-20 22:10:00,0.0,1.6688604663585074,1.1810916755148801,0.0
2024-07-20 22:15:00,0.0,1.6688604663585074,0.4255664898631982,0.0
2024-07-20 22:20:00,0.0,1.6688604663585074,-0.18487091138634237,0.0
2024-07-20 22:25:00,0.0,1.6688604663585074,-0.6438480462322796,0.0
2024-07-20 22:30:00,0.0,1.6688604663585074,-0.947067998587071,0.0
2024-07-20 22:35:00,0.0,1.6688604663585074,-1.0922833711508164,0.0
2024-07-20 22:40:00,0.0,1.6688604663585074,-1.0792536984933145,0.0
2024-07-20 22:45:00,0.0,1.6688604663585074,-0.9096867702133832,0.0
2024-07-20 22:50:00,0.0,1.6688604663585074,-0.5871644479135089,0.0
2024-07-20 22:55:00,0.0,1.6688604663585074,-0.11705367973645883,0.0
2024-07-20 23:00:00,0.0,1.6688604663585074,0.49359646588869516,0.0
2024-07-20 23:05:00,0.0,1.6688604663585074,1.2361708037957033,0.0
2024-07-20 23:10:00,0.0,1.6688604663585074,2.1006160413191006,0.0
2024-07-20 23:15:00,0.0,1.6688604663585074,3.075579648495307,0.0
2024-07-20 23:20:00,0.0,1.6688604663585074,4.148558369777592,0.0
2024-07-20 23:25:00,0.0,1.6688604663585074,5.306055073432741,0.0
2024-07-20 23:30:00,0.0,1.6688604663585074,6.533742553646603,0.0
2024-07-20 23:35:00,0.0,1.6688604663585074,7.816632898426235,0.0
2024-07-20 23:40:00,0.0,1.6688604663585074,9.139250888937628,0.0
2024-07-20 23:45:00,0.0,1.6688604663585074,10.485810002748066,0.0
2024-07-20 23:50:00,0.0,1.6688604663585074,11.840389407154419,0.0
2024-07-20 23:55:00,0.0,1.6688604663585074,13.18711048499614,0.0
2024-07-21 00:00:00,0.0,1.6688604663585074,14.510311306615332,0.0
2024-07-21 00:05:00,0.0,1.6688604663585074,15.79471755732857,0.0
2024-07-21 00:10:00,0.0,1.6688604663585074,17.025608417909726,0.0
2024-07-21 00:15:00,0.0,1.6688604663585074,18.18897594953386,0.0
2024-07-21 00:20:00,0.0,1.6688604663585074,19.271676599175954,0.0
2024-07-21 00:25:00,0.0,1.6688604663585074,20.261573441849944,0.0
2024-07-21 00:30:00,0.0,1.6688604663585074,21.147667980775907,0.0
2024-07-21 00:35:00,0.0,1.6688604663585074,21.920220226735758,0.0
2024-07-21 00:40:00,0.0,1.6688604663585074,22.570856053120224,0.0
2024-07-21 00:45:00,0.0,1.6688604663585074,23.092660802214034,0.0
2024-07-21 00:50:00,0.0,1.6688604663585074,23.48025828185174,0.0
2024-07-21 00:55:00,0.0,1.6688604663585074,23.729874403174293,0.0
2024-07-21 01:00:00,0.0,1.6688604663585074,23.839384826224407,0.0
2024-07-21 01:05:00,0.0,1.6688604663585074,23.80834612126252,0.0
2024-07-21 01:10:00,0.0,1.6688604663585074,23.638010078785936,0.0
2024-07-21 01:15:00,0.0,1.6688604663585074,23.331320949302693,0.0
2024-07-21 01:20:00,0.0,1.6688604663585074,22.892895522298076,0.0
2024-07-21 01:25:00,0.0,1.6688604663585074,22.328986110842674,0.0
2024-07-21 01:30:00,0.0,1.6688604663585074,21.647426641363648,0.0
2024-07-21 01:35:00,0.0,1.6688604663585074,20.857562185646483,0.0
2024-07-21 01:40:00,0.0,1.6688604663585074,19.970162421203966,0.0
2024-07-21 01:45:00,0.0,1.6688604663585074,18.997319639295984,0.0
2024-07-21 01:50:00,0.0,1.6688604663585074,17.952332040583862,0.0
2024-07-21 01:55:00,0.0,1.6688604663585074,16.849573213049993,0.0
2024-07-21 02:00:00,0.0,1.6688604663585074,15.704348759787093,0.0
2024-07-21 02:05:00,0.0,1.6688604663585074,14.53274122053281,0.0
2024-07-21 02:10:00,0.0,1.6688604663585074,13.351444468723543,0.0
2024-07-21 02:15:00,0.0,1.6688604663585074,12.17758891376218,0.0
2024-07-21 02:20:00,0.0,1.6688604663585074,11.028558897505382,0.0
2024-07-21 02:25:00,0.0,1.6688604663585074,9.92180375355645,0.0
2024-07-21 02:30:00,0.0,1.6688604663585074,8.874644072955016,0.0
2024-07-21 02:35:00,0.0,1.6688604663585074,7.904074752522415,0.0
2024-07-21 02:40:00,0.0,1.6688604663585074,7.026566462496453,0.0
2024-07-21 02:45:00,0.0,1.6688604663585074,6.257867179941184,0.0
2024-07-21 02:50:00,0.0,1.6688604663585074,5.6128054806616445,0.0
2024-07-21 02:55:00,0.0,1.6688604663585074,5.105097221743811,0.0
2024-07-21 03:00:00,0.0,1.6688604663585074,4.747157321773094,0.0
2024-07-21 03:05:00,0.0,1.6688604663585074,4.549918241481081,0.0
2024-07-21 03:10:00,0.0,1.6688604663585074,4.522656780661201,0.0
2024-07-21 03:15:00,0.0,1.6688604663585074,4.672830736432003,0.0
2024-07-21 03:20:00,0.0,1.6688604663585074,5.005926913640428,0.0
2024-07-21 03:25:00,0.0,1.6688604663585074,5.52532189430195,0.0
2024-07-21 03:30:00,0.0,1.6688604663585074,6.232156897858684,0.0
2024-07-21 03:35:00,0.0,1.6688604663585074,7.1252279732802295,0.0
2024-07-21 03:40:00,0.0,1.6688604663585074,8.200892605637083,0.0
2024-07-21 03:45:00,0.0,1.6688604663585074,9.45299382317685,0.0
2024-07-21 03:50:00,0.0,1.6688604663585074,10.872802582556956,0.0
2024-07-21 03:55:00,0.0,1.6688604663585074,12.448979295016501,0.0
2024-07-21 04:00:00,0.0,1.6688604663585074,14.16755500433008,0.0
2024-07-21 04:05:00,0.0,1.6688604663585074,16.011932754210388,0.0
2024-07-21 04:10:00,0.0,1.6688604663585074,17.96290942106094,0.0
2024-07-21 04:15:00,0.0,1.6688604663585074,19.998718210414406,0.0
2024-07-21 04:20:00,0.0,1.6688604663585074,22.095091769631058,0.0
2024-07-21 04:25:00,0.0,1.6688604663585074,24.225345837368916,0.0
2024-07-21 04:30:00,0.0,1.6688604663585074,26.360483089422164,0.0
2024-07-21 04:35:00,0.0,1.6688604663585074,28.469316693806913,0.0
2024-07-21 04:40:00,0.0,1.6688604663585074,30.518613051118937,0.0
2024-07-21 04:45:00,0.0,1.6688604663585074,32.47325283234075,0.0
2024-07-21 04:50:00,0.0,1.6688604663585074,34.29640954710731,0.0
2024-07-21 04:55:00,0.0,1.6688604663585074,35.94974446846036,0.0
2024-07-21 05:00:00,0.0,1.6688604663585074,37.39361684531482,0.0
2024-07-21 05:05:00,0.0,1.6688604663585074,38.587308008290776,0.0
2024-07-21 05:10:00,0.0,1.6688604663585074,39.48925803371376,0.0
2024-07-21 05:15:00,0.0,1.6688604663585074,40.057313390546334,0.0
2024-07-21 05:20:00,0.0,1.6688604663585074,40.24898397473469,0.0
2024-07-21 05:25:00,0.0,1.6688604663585074,40.02170783133732,0.0
2024-07-21 05:30:00,0.0,1.6688604663585074,39.33312177661726,0.0
2024-07-21 05:35:00,0.0,1.6688604663585074,38.14133613520894,0.0
2024-07-21 05:40:00,0.0,1.6688604663585074,36.4052116415007,0.0
2024-07-21 05:45:00,0.0,1.6688604663585074,34.08463667695999,0.0
2024-07-21 05:50:00,0.0,1.6688604663585074,31.14080287035832,0.0
2024-07-21 05:55:00,0.0,1.6688604663585074,27.5364771398895,0.0
2024-07-21 06:00:00,0.0,1.6688604663585074,23.236268254562894,55.18992307054742
2024-07-21 06:05:00,0.0,1.6688604663585074,18.206886041399173,61.799774199186324
2024-07-21 06:10:00,0.0,1.6688604663585074,12.417391343598217,54.01459991631867
2024-07-21 06:15:00,0.0,1.6688604663585074,5.839434954254324,42.751099541922805
2024-07-21 06:20:00,65.5,1.6688604663585074,-1.5525162521436626,43.104204381955505
2024-07-21 06:25:00,86.80000305,1.6688604663585074,-9.780967580808385,43.104204381955505
2024-07-21 06:30:00,101.5999985,1.6688604663585074,-18.86520088289895,43.104204381955505
2024-07-21 06:35:00,120.3000031,1.6688604663585074,-28.821096287301664,42.237093282463434
2024-07-21 06:40:00,137.3000031,1.6688604663585074,-39.66097288240864,38.58394328869043
2024-07-21 06:45:00,128.9333344,1.6688604663585074,-51.393449424411344,37.47749884091265
2024-07-21 06:50:00,133.7666626,1.6688604663585074,-64.02332622163034,36.09245686320535
2024-07-21 06:55:00,176.3999939,1.6688604663585074,-77.55148919925058,31.09446297502519
2024-07-21 07:00:00,190.6999969,1.6688604663585074,-91.97483681994821,258.02166129364497
2024-07-21 07:05:00,328.5,1.6688604663585074,-107.28623068648652,258.8840222353116
2024-07-21 07:10:00,300.3000183,1.6688604663585074,-123.47447016697113,258.8840222353116
2024-07-21 07:15:00,296.6666565,1.6688604663585074,-140.5242915504982,260.0965222522561
2024-07-21 07:20:00,416.7000122,1.6688604663585074,-158.4163915624546,302.43629860791435
2024-07-21 07:25:00,415.5499878,1.6688604663585074,-177.12747563789117,302.43629860791435
2024-07-21 07:30:00,463.7000122,1.6688604663585074,-196.6303305318491,302.43629860791435
2024-07-21 07:35:00,441.6999817,1.6688604663585074,-216.8939208501405,302.43629860791435
2024-07-21 07:40:00,458.3999939,1.6688604663585074,-237.8835092129183,303.80722441453656
2024-07-21 07:45:00,437.6333313,1.6688604663585074,-259.5607991792126,312.3595847464828
2024-07-21 07:50:00,603.0999756,1.6688604663585074,-281.8841001454355,312.3595847464828
2024-07-21 07:55:00,654.9000244,1.6688604663585074,-304.80851328775685,402.9706227665484
2024-07-21 08:00:00,703.4000244,1.6688604663585074,-328.286137249879,959.8143318722488
2024-07-21 08:05:00,686.3666992,1.6688604663585074,-352.2662924473167,979.5550347247662
2024-07-21 08:10:00,790.5,1.6688604663585074,-376.6957624433493,915.7834689374571
2024-07-21 08:15:00,845.0999756,1.6688604663585074,-401.51905099885744,937.6900440719311
2024-07-21 08:20:00,826.0,1.6688604663585074,-426.67865299988165,992.8313405926626
2024-07-21 08:25:00,954.0,1.6688604663585074,-452.11533768678805,999.2038081945104
2024-07-21 08:30:00,915.333313,1.6688604663585074,-477.76844208278476,992.5115891008479
2024-07-21 08:35:00,1087.300049,1.6688604663585074,-503.5761730565668,980.1110823975392
2024-07-21 08:40:00,1037.466675,1.6688604663585074,-529.4759157652703,980.2445422833869
2024-07-21 08:45:00,1098.466675,1.6688604663585074,-555.404546778803,979.2664269509054
2024-07-21 08:50:00,1129.0,1.6688604663585074,-581.2987492878187,998.0916937888934
2024-07-21 08:55:00,1178.06665,1.6688604663585074,-607.0953290586494,997.6623602922268
2024-07-21 09:00:00,1223.300049,1.6688604663585074,-632.7315285786916,1590.1607724585087
2024-07-21 09:05:00,1267.43335,1.6688604663585074,-658.1453373827487,1581.7639608457284
2024-07-21 09:10:00,1310.900024,1.6688604663585074,-683.2757967758359,1601.8950435641143
2024-07-21 09:15:00,1352.733276,1.6688604663585074,-708.063296750485,1606.3488461899785
2024-07-21 09:20:00,1393.033203,1.6688604663585074,-732.4498632513786,1555.939712303784
2024-07-21 09:25:00,1433.400024,1.6688604663585074,-756.3794339963355,1543.8799578131006
2024-07-21 09:30:00,1473.299927,1.6688604663585074,-779.7981209186358,1482.1721811800157
2024-07-21 09:35:00,1512.866699,1.6688604663585074,-802.6544577251639,1556.8441076232432
2024-07-21 09:40:00,1550.066772,1.6688604663585074,-824.8996308708008,1649.5100972044556
2024-07-21 09:45:00,1586.666626,1.6688604663585074,-846.4876926151478,1732.379090660467
2024-07-21 09:50:00,1624.533325,1.6688604663585074,-867.3757547552605,1746.4524135942763
2024-07-21 09:55:00,1663.0,1.6688604663585074,-887.5241618416717,1740.0239183896417
2024-07-21 10:00:00,1701.900024,1.6688604663585074,-906.8966429702454,1816.9257252201903
2024-07-21 10:05:00,1739.766602,1.6688604663585074,-925.4604410230155,1816.9257252201903
2024-07-21 10:10:00,1776.5,1.6688604663585074,-943.1864189013978,1816.9257252201903
2024-07-21 10:15:00,1810.066772,1.6688604663585074,-960.0491421228132,1816.9257252201903
2024-07-21 10:20:00,1839.833374,1.6688604663585074,-976.0269371314299,1816.9257252201903
2024-07-21 10:25:00,1868.466797,1.6688604663585074,-991.1019255441174,1816.9257252201903
2024-07-21 10:30:00,1897.133423,1.6688604663585074,-1005.2600339963252,1815.611998578079
2024-07-21 10:35:00,1926.133301,1.6688604663585074,-1018.4909797080068,1815.611998578079
2024-07-21 10:40:00,1955.400024,1.6688604663585074,-1030.7882322492876,1788.2602966294764
2024-07-21 10:45:00,1983.700073,1.6688604663585074,-1042.1489518123344,1790.9156113722277
2024-07-21 10:50:00,2009.733398,1.6688604663585074,-1052.5739046974013,1793.824796755561
2024-07-21 10:55:00,2030.466797,1.6688604663585074,-1062.0673568011312,1805.7244076185407
2024-07-21 11:00:00,2044.866699,1.6688604663585074,-1070.6369460141773,1876.7223657317013
2024-07-21 11:05:00,2054.0,1.6688604663585074,-1078.2935346782153,1874.7532093760046
2024-07-21 11:10:00,2058.199951,1.6688604663585074,-1085.0510432828971,1877.796039381156
2024-07-21 11:15:00,2058.866455,1.6688604663585074,-1090.9262668173515,1921.6832393162383
2024-07-21 11:20:00,2057.033447,1.6688604663585074,-1095.9386752036621,1968.3430536801534
2024-07-21 11:25:00,2055.033447,1.6688604663585074,-1100.1101994264664,1990.8613817704734
2024-07-21 11:30:00,2055.399902,1.6688604663585074,-1103.4650050416012,1997.0108945082986
2024-07-21 11:35:00,2056.199951,1.6688604663585074,-1106.0292548133655,1998.8713956764736
2024-07-21 11:40:00,2057.43335,1.6688604663585074,-1107.8308623135385,1946.6592571318017
2024-07-21 11:45:00,2057.266846,1.6688604663585074,-1108.8992384177348,1983.5326835812523
2024-07-21 11:50:00,2058.599854,1.6688604663585074,-1109.2650325427464,2007.5339434896277
2024-07-21 11:55:00,2058.900146,1.6688604663585074,-1108.9598706716683,2009.5340743185486
2024-07-21 12:00:00,2059.199951,1.6688604663585074,-1108.0160920822798,2016.1074255723254
2024-07-21 12:05:00,2058.366455,1.6688604663585074,-1106.4664867595661,2016.446472823992
2024-07-21 12:10:00,2060.199951,1.6688604663585074,-1104.344035461974,2016.446472823992
2024-07-21 12:15:00,2063.06665,1.6688604663585074,-1101.6816543326577,2015.4358969204602
2024-07-21 12:20:00,2065.93335,1.6688604663585074,-1098.5119459526227,1965.6977383311269
2024-07-21 12:25:00,2066.666748,1.6688604663585074,-1094.866958627727,1946.1461626691698
2024-07-21 12:30:00,2066.06665,1.6688604663585074,-1090.7779556941439,1997.845511305996
2024-07-21 12:35:00,2062.099854,1.6688604663585074,-1086.275196432503,1970.1051351560016
2024-07-21 12:40:00,2056.699951,1.6688604663585074,-1081.3877302283126,1960.7205761089115
2024-07-21 12:45:00,2049.300049,1.6688604663585074,-1076.14320535341,1960.9170649589114
2024-07-21 12:50:00,1960.533203,1.6688604663585074,-1070.5676937471642,1953.1595731453508
2024-07-21 12:55:00,1915.800049,1.6688604663585074,-1064.6855329851478,1937.2826940144994
2024-07-21 13:00:00,1470.649902,1.6688604663585074,-1058.5191864679105,1954.6671510661715
2024-07-21 13:05:00,1104.949951,1.6688604663585074,-1052.089122822623,1934.3554012800896
2024-07-21 13:10:00,2051.0,1.6688604663585074,-1045.4137151918294,1922.254008297039
2024-07-21 13:15:00,1827.650024,1.6688604663585074,-1038.5091610373654,1921.403459819991
2024-07-21 13:20:00,2052.200195,1.6688604663585074,-1031.3894230043059,1917.3436158032223
2024-07-21 13:25:00,1754.799927,1.6688604663585074,-1024.0661909606492,1814.9814033693258
2024-07-21 13:30:00,1830.049805,1.6688604663585074,-1016.5488654604318,1833.9735953101942
2024-07-21 13:35:00,2062.5,1.6688604663585074,-1008.8445624924124,1803.9019980811277
2024-07-21 13:40:00,1721.299927,1.6688604663585074,-1000.9581393933967,1811.5722534321912
2024-07-21 13:45:00,1703.349976,1.6688604663585074,-992.8922414302114,1810.6702408284302
2024-07-21 13:50:00,1332.0,1.6688604663585074,-984.6473685943344,1780.7163228172767
2024-07-21 13:55:00,918.1499634,1.6688604663585074,-976.2219618929805,1752.3125624163006
2024-07-21 14:00:00,480.8000183,1.6688604663585074,-967.6125082252458,1667.5402289449657
2024-07-21 14:05:00,558.0999756,1.6688604663585074,-958.8136630291322,1669.4858336168945
2024-07-21 14:10:00,597.5999756,1.6688604663585074,-949.8183893274248,1657.728598943553
2024-07-21 14:15:00,641.4000244,1.6688604663585074,-940.618112157881,1657.2318115948417
2024-07-21 14:20:00,700.5999756,1.6688604663585074,-931.2028868578598,1662.2693385807677
2024-07-21 14:25:00,835.4000244,1.6688604663585074,-921.561579829538,1663.5293209893869
2024-07-21 14:30:00,2058.300049,1.6688604663585074,-911.6820601473269,1641.8697577613232
2024-07-21 14:35:00,1785.200195,1.6688604663585074,-901.5514004713431,1637.2277272994897
2024-07-21 14:40:00,2059.399902,1.6688604663585074,-891.1560854305064,1639.277412224045
2024-07-21 14:45:00,2055.349854,1.6688604663585074,-880.4822257224914,1641.8297345147116
2024-07-21 14:50:00,2053.699951,1.6688604663585074,-869.5157762995466,1641.2918474185371
2024-07-21 14:55:00,2049.633057,1.6688604663585074,-858.2427565132873,1644.4113830740612
2024-07-21 15:00:00,2051.133545,1.6688604663585074,-846.6494706087755,1654.7833305090014
2024-07-21 15:05:00,2053.599854,1.6688604663585074,-834.7227265621008,1644.0060874045298
2024-07-21 15:10:00,2057.56665,1.6688604663585074,-822.4500515899625,1661.2645225787269
2024-07-21 15:15:00,2059.966553,1.6688604663585074,-809.8199023486846,1365.0385058605852
2024-07-21 15:20:00,2061.049805,1.6688604663585074,-796.8218681936241,954.827513719371
2024-07-21 15:25:00,1729.150024,1.6688604663585074,-783.4468657671167,523.4532453759983
2024-07-21 15:30:00,1099.300049,1.6688604663585074,-769.6873231850649,510.2502663250284
2024-07-21 15:35:00,753.9666138,1.6688604663585074,-755.5373525526835,468.04033324453735
2024-07-21 15:40:00,690.7333374,1.6688604663585074,-740.9929089379648,587.223497604089
2024-07-21 15:45:00,662.7333374,1.6688604663585074,-726.0519348952532,539.2668460119665
2024-07-21 15:50:00,622.0,1.6688604663585074,-710.7144889523282,514.583595529131
2024-07-21 15:55:00,904.0,1.6688604663585074,-694.9828572198369,324.3253473715051
