fecha_hora,Real,ARIMA,Prophet,Random Forest
2024-07-21 16:00:00,1140.900024,947.73632276503,931.5958984644667,728.6403735654809
2024-07-21 16:05:00,1892.5,975.5270862473183,909.6769648520273,734.529618859792
2024-07-21 16:10:00,1783.400146,967.2275000240934,887.3207146051463,741.1056342137254
2024-07-21 16:15:00,1747.033325,954.9007389018553,864.5307688384966,739.5156259200318
2024-07-21 16:20:00,1594.800171,932.7290980174273,841.3143707434932,742.9799521517651
2024-07-21 16:25:00,1555.049927,926.8905249117745,817.6824507058392,741.3058310508318
2024-07-21 16:30:00,1224.800049,924.5570414496727,793.6496599239889,734.854128000208
2024-07-21 16:35:00,962.25,926.4211885934377,769.2343720109169,761.6371113164873
2024-07-21 16:40:00,744.8499756,928.5514231975903,744.458652957431,779.7331276555648
2024-07-21 16:45:00,872.0,930.5747672389308,719.348199234502,814.1948627578288
2024-07-21 16:50:00,798.75,931.2054824731522,693.9322450476699,811.3365044711074
2024-07-21 16:55:00,763.2333374,931.302024756978,668.2434391633841,813.2018103157698
2024-07-21 17:00:00,680.9666138,931.0149186923952,642.3176923920311,893.5345701992691
2024-07-21 17:05:00,624.833313,930.7382942212141,616.1939972657544,839.4017913308433
2024-07-21 17:10:00,580.8666992,930.5427882843525,589.9142207166454,687.9238160006485
2024-07-21 17:15:00,539.6333008,930.4859096867289,563.5228721038118,701.6240066172286
2024-07-21 17:20:00,500.6000061,930.4938910589615,537.0668479203198,556.2509209473266
2024-07-21 17:25:00,452.3000183,930.5329590150197,510.5951554793945,551.2014528533622
2024-07-21 17:30:00,427.7000427,930.5656099445557,484.158617683487,548.4821338684789
2024-07-21 17:35:00,349.3666687,930.5844090745675,457.80956112235583,547.395640089516
2024-07-21 17:40:00,310.2666931,930.5885278570314,431.6014902214025,548.2222497295455
2024-07-21 17:45:00,303.8666687,930.585720129752,405.58874950602325,566.1413863971923
2024-07-21 17:50:00,307.2999878,930.5807534056319,379.8261773217825,547.628295065863
2024-07-21 17:55:00,309.5333252,930.5771149737911,354.3687529930562,527.1730543258493
2024-07-21 18:00:00,303.1999817,930.5753813351153,329.27124069112386,320.70680043686355
2024-07-21 18:05:00,295.6666565,930.5752096733381,304.58783248980853,328.4124220678652
2024-07-21 18:10:00,291.5,930.5757104562829,280.37179366137235,279.503864821505
2024-07-21 18:15:00,294.1666565,930.5763109162101,256.675112639729,277.73867910652405
2024-07-21 18:20:00,294.9333191,930.5766972312456,233.54815860615477,247.25346542724938
2024-07-21 18:25:00,295.2333374,930.5768453924863,211.0393492754944,240.64602657528908
2024-07-21 18:30:00,278.3000183,930.5768310529188,189.1948312813629,240.39085195414626
2024-07-21 18:35:00,271.2000122,930.5767576113119,168.05817608425406,216.14645031747997
2024-07-21 18:40:00,209.3666534,930.576688090655,147.67009304709973,222.4957254369548
2024-07-21 18:45:00,183.8666534,930.576649034313,128.0681625398341,223.27898624317797
2024-07-21 18:50:00,182.4000092,930.5766379996525,109.28659064191,221.76022189692367
2024-07-21 18:55:00,167.9333344,930.5766432507709,91.35598754929748,202.85407725149292
2024-07-21 19:00:00,165.5500031,930.576652988951,74.30317128627352,70.26502616072244
2024-07-21 19:05:00,137.3500061,930.5766607181696,58.15099814110966,47.67707848433732
2024-07-21 19:10:00,111.0999985,930.5766644483189,42.918221282971146,52.65031604228601
2024-07-21 19:15:00,89.3999939,930.5766650362194,28.619378254107442,67.93654919574755
2024-07-21 19:20:00,74.25,930.5766640731015,15.264708614400755,50.25747622410172
2024-07-21 19:25:00,61.05000305,930.5766628648125,2.8601018613520566,37.51776075598906
2024-07-21 19:30:00,43.65000153,930.5766620398033,-8.592923728074531,52.514933818991935
2024-07-21 19:35:00,27.59999847,930.5766617094957,-19.097211344192658,45.141914307844104
2024-07-21 19:40:00,20.35000038,930.5766617163357,-28.659925145082635,51.86739320421966
2024-07-21 19:45:00,17.5,930.5766618606668,-37.292479273428405,55.71713818108504
2024-07-21 19:50:00,14.0666666,930.5766620031158,-45.010437160789685,59.94951412742068
2024-07-21 19:55:00,12.93333435,930.5766620873814,-51.83338183441529,55.717784926245685
2024-07-21 20:00:00,0.0,930.5766621133441,-57.784758411971474,0.13476507807619048
2024-07-21 20:05:00,0.0,930.5766621047408,-62.891689861992845,0.06792063760952381
2024-07-21 20:10:00,0.0,930.5766620852706,-67.1847678328739,0.21883915358730158
2024-07-21 20:15:00,0.0,930.576662069202,-70.69781990225349,0.21854284907619045
2024-07-21 20:20:00,0.0,930.5766620610298,-73.46765532857096,0.17665396357619048
2024-07-21 20:25:00,0.0,930.5766620594394,-75.53379121775212,0.06792063760952381
2024-07-21 20:30:00,0.0,930.5766620612129,-76.93816129982623,0.06792063760952381
2024-07-21 20:35:00,0.0,930.5766620636635,-77.72480962014765,0.04322222393333333
2024-07-21 20:40:00,0.0,930.5766620654017,-77.9395715187771,0.04322222393333333
2024-07-21 20:45:00,0.0,930.5766620661425,-77.62974445812414,0.04322222393333333
2024-07-21 20:50:00,0.0,930.5766620661703,-76.84375116831264,0.04322222393333333
2024-07-21 20:55:00,0.0,930.576662065892,-75.63079790015563,0.04322222393333333
2024-07-21 21:00:00,0.0,930.5766620655995,-74.04053020468696,0.0
2024-07-21 21:05:00,0.0,930.5766620654196,-72.12268917930062,0.0
2024-07-21 21:10:00,0.0,930.576662065359,-69.92677055175912,0.0
2024-07-21 21:15:00,0.0,930.5766620653723,-67.50168947744392,0.0
2024-07-21 21:20:00,0.0,930.5766620654108,-64.89545343094532,0.0
2024-07-21 21:25:00,0.0,930.5766620654442,-62.15484578804762,0.0
2024-07-21 21:30:00,0.0,930.576662065462,-59.32512245515708,0.0
2024-07-21 21:35:00,0.0,930.576662065466,-56.449723872514085,0.0
2024-07-21 21:40:00,0.0,930.5766620654629,-53.57000451727591,0.0
2024-07-21 21:45:00,0.0,930.576662065458,-50.724981922245895,0.0
2024-07-21 21:50:00,0.0,930.5766620654543,-47.951107129083134,0.0
2024-07-21 21:55:00,0.0,930.5766620654528,-45.282058117098686,0.0
2024-07-21 22:00:00,0.0,930.5766620654526,-42.74855785637742,0.0
2024-07-21 22:05:00,0.0,930.5766620654532,-40.37821810770073,0.0
2024-07-21 22:10:00,0.0,930.5766620654538,-38.19541018600166,0.0
2024-07-21 22:15:00,0.0,930.5766620654541,-36.22116341554337,0.0
2024-07-21 22:20:00,0.0,930.5766620654542,-34.47309199816938,0.0
2024-07-21 22:25:00,0.0,930.5766620654542,-32.9653506203933,0.0
2024-07-21 22:30:00,0.0,930.5766620654541,-31.708618998500256,0.0
2024-07-21 22:35:00,0.0,930.576662065454,-30.71011527009182,0.0
2024-07-21 22:40:00,0.0,930.576662065454,-29.973637925933254,0.0
2024-07-21 22:45:00,0.0,930.576662065454,-29.499635738172145,0.0
2024-07-21 22:50:00,0.0,930.576662065454,-29.28530492726427,0.0
2024-07-21 22:55:00,0.0,930.576662065454,-29.32471254526883,0.0
2024-07-21 23:00:00,0.0,930.576662065454,-29.608944926228197,0.0
2024-07-21 23:05:00,0.0,930.576662065454,-30.126279740358672,0.0
2024-07-21 23:10:00,0.0,930.576662065454,-30.862380096489407,0.0
2024-07-21 23:15:00,0.0,930.576662065454,-31.800508894786397,0.0
2024-07-21 23:20:00,0.0,930.576662065454,-32.92176149902927,0.0
2024-07-21 23:25:00,0.0,930.576662065454,-34.20531463331488,0.0
2024-07-21 23:30:00,0.0,930.576662065454,-35.628689282586976,0.0
2024-07-21 23:35:00,0.0,930.576662065454,-37.16802528397975,0.0
2024-07-21 23:40:00,0.0,930.576662065454,-38.79836510177635,0.0
2024-07-21 23:45:00,0.0,930.576662065454,-40.49394442922459,0.0
2024-07-21 23:50:00,0.0,930.576662065454,-42.228486872558,0.0
2024-07-21 23:55:00,0.0,930.576662065454,-43.975500272907894,0.0
2024-07-22 00:00:00,0.0,930.576662065454,-45.70857197952171,0.0
2024-07-22 00:05:00,0.0,930.576662065454,-47.40166049703279,0.0
2024-07-22 00:10:00,0.0,930.576662065454,-49.02938093292904,0.0
2024-07-22 00:15:00,0.0,930.576662065454,-50.56728172117069,0.0
2024-07-22 00:20:00,0.0,930.576662065454,-51.99211017594296,0.0
2024-07-22 00:25:00,0.0,930.576662065454,-53.28206450569826,0.0
2024-07-22 00:30:00,0.0,930.576662065454,-54.4170300660711,0.0
2024-07-22 00:35:00,0.0,930.576662065454,-55.37879766246785,0.0
2024-07-22 00:40:00,0.0,930.576662065454,-56.151262016404786,0.0
2024-07-22 00:45:00,0.0,930.576662065454,-56.72059850991611,0.0
2024-07-22 00:50:00,0.0,930.576662065454,-57.07541661209295,0.0
2024-07-22 00:55:00,0.0,930.576662065454,-57.20688852101955,0.0
2024-07-22 01:00:00,0.0,930.576662065454,-57.108851795100605,0.0
2024-07-22 01:05:00,0.0,930.576662065454,-56.777884943177824,0.0
2024-07-22 01:10:00,0.0,930.576662065454,-56.21335516176029,0.0
2024-07-22 01:15:00,0.0,930.576662065454,-55.41743768444765,0.0
2024-07-22 01:20:00,0.0,930.576662065454,-54.3951063335232,0.0
2024-07-22 01:25:00,0.0,930.576662065454,-53.1540952778414,0.0
2024-07-22 01:30:00,0.0,930.576662065454,-51.70483206239694,0.0
2024-07-22 01:35:00,0.0,930.576662065454,-50.060342340276655,0.0
2024-07-22 01:40:00,0.0,930.576662065454,-48.23612691544331,0.0
2024-07-22 01:45:00,0.0,930.576662065454,-46.25001198859617,0.0
2024-07-22 01:50:00,0.0,930.576662065454,-44.12197366321125,0.0
2024-07-22 01:55:00,0.0,930.576662065454,-41.873938055901434,0.0
2024-07-22 02:00:00,0.0,930.576662065454,-39.529558523587,0.0
2024-07-22 02:05:00,0.0,930.576662065454,-37.113971749871624,0.0
2024-07-22 02:10:00,0.0,930.576662065454,-34.6535346211345,0.0
2024-07-22 02:15:00,0.0,930.576662065454,-32.17554392521595,0.0
2024-07-22 02:20:00,0.0,930.576662065454,-29.707941221318343,0.0
2024-07-22 02:25:00,0.0,930.576662065454,-27.279005188771997,0.0
2024-07-22 02:30:00,0.0,930.576662065454,-24.917034019861894,0.0
2024-07-22 02:35:00,0.0,930.576662065454,-22.650020460576002,0.0
2024-07-22 02:40:00,0.0,930.576662065454,-20.50532220340903,0.0
2024-07-22 02:45:00,0.0,930.576662065454,-18.509330411678402,0.0
2024-07-22 02:50:00,0.0,930.576662065454,-16.687139169574404,0.0
2024-07-22 02:55:00,0.0,930.576662065454,-15.062218691369665,0.0
2024-07-22 03:00:00,0.0,930.576662065454,-13.656095125103569,0.0
2024-07-22 03:05:00,0.0,930.576662065454,-12.488039716249832,0.0
2024-07-22 03:10:00,0.0,930.576662065454,-11.574770147925635,0.0
2024-07-22 03:15:00,0.0,930.576662065454,-10.930166652740548,0.0
2024-07-22 03:20:00,0.0,930.576662065454,-10.565005580699225,0.0
2024-07-22 03:25:00,0.0,930.576662065454,-10.486712828799686,0.0
2024-07-22 03:30:00,0.0,930.576662065454,-10.699139529251388,0.0
2024-07-22 03:35:00,0.0,930.576662065454,-11.20236216035629,0.0
2024-07-22 03:40:00,0.0,930.576662065454,-11.992509130839556,0.0
2024-07-22 03:45:00,0.0,930.576662065454,-13.061615679904929,0.0
2024-07-22 03:50:00,0.0,930.576662065454,-14.397508684349472,0.0
2024-07-22 03:55:00,0.0,930.576662065454,-15.983722911974759,0.0
2024-07-22 04:00:00,0.0,930.576662065454,-17.799449731226865,0.0
2024-07-22 04:05:00,0.0,930.576662065454,-19.81951946320748,0.0
2024-07-22 04:10:00,0.0,930.576662065454,-22.014417844218908,0.0
2024-07-22 04:15:00,0.0,930.576662065454,-24.350337262196017,0.0
2024-07-22 04:20:00,0.0,930.576662065454,-26.789262803073875,0.0
2024-07-22 04:25:00,0.0,930.576662065454,-29.28909310774864,0.0
2024-07-22 04:30:00,0.0,930.576662065454,-31.80379569359061,0.0
2024-07-22 04:35:00,0.0,930.576662065454,-34.28359611700244,0.0
2024-07-22 04:40:00,0.0,930.576662065454,-36.67520011890011,0.0
2024-07-22 04:45:00,0.0,930.576662065454,-38.92204761810987,0.0
2024-07-22 04:50:00,0.0,930.576662065454,-40.96459722558919,0.0
2024-07-22 04:55:00,0.0,930.576662065454,-42.74063953426662,0.0
2024-07-22 05:00:00,0.0,930.576662065454,-44.1856375353044,0.0
2024-07-22 05:05:00,0.0,930.576662065454,-45.233091861249115,0.0
2024-07-22 05:10:00,0.0,930.576662065454,-45.81492876179641,0.0
2024-07-22 05:15:00,0.0,930.576662065454,-45.86190824558567,0.0
2024-07-22 05:20:00,0.0,930.576662065454,-45.30404977961023,0.0
2024-07-22 05:25:00,0.0,930.576662065454,-44.07107273801235,0.0
2024-07-22 05:30:00,0.0,930.576662065454,-42.09284868299972,0.0
2024-07-22 05:35:00,0.0,930.576662065454,-39.299862424295014,0.0
2024-07-22 05:40:00,0.0,930.576662065454,-35.623678696601715,0.0
2024-07-22 05:45:00,0.0,930.576662065454,-30.997411303964203,0.0
2024-07-22 05:50:00,0.0,930.576662065454,-25.356191400563933,0.0
2024-07-22 05:55:00,0.0,930.576662065454,-18.63763169315894,0.0
2024-07-22 06:00:00,0.0,930.576662065454,-10.782283239128232,81.22415541880015
2024-07-22 06:05:00,0.0,930.576662065454,-1.734081609890563,82.51387763166125
2024-07-22 06:10:00,0.0,930.576662065454,8.559220785681886,82.51387763166125
2024-07-22 06:15:00,0.0,930.576662065454,20.145639397653053,72.2803027312109
2024-07-22 06:20:00,0.0,930.576662065454,33.06856218586748,72.2803027312109
2024-07-22 06:25:00,0.0,930.576662065454,47.36637726536361,72.82283607673756
2024-07-22 06:30:00,0.0,930.576662065454,63.07212634326381,31.307833056090374
2024-07-22 06:35:00,63.0,930.576662065454,80.21318632403957,32.602337039924905
2024-07-22 06:40:00,70.80000305,930.576662065454,98.81098189430821,33.6443497568068
2024-07-22 06:45:00,85.80000305,930.576662065454,118.88073104321037,19.42653839462346
2024-07-22 06:50:00,100.5999985,930.576662065454,140.4312257331766,25.222736765022514
2024-07-22 06:55:00,120.6999969,930.576662065454,163.4646492976705,22.0435415219341
2024-07-22 07:00:00,144.6000061,930.576662065454,187.97643238669667,460.27235009738644
2024-07-22 07:05:00,172.1999969,930.576662065454,213.95514855660903,461.69653519330313
2024-07-22 07:10:00,202.5,930.576662065454,241.3824505642626,474.08678347031423
2024-07-22 07:15:00,242.6000061,930.576662065454,270.23304834095734,474.3943946438698
2024-07-22 07:20:00,284.2000122,930.576662065454,300.4747284970461,478.10196892286507
2024-07-22 07:25:00,322.7999878,930.576662065454,332.0684164684008,478.10196892286507
2024-07-22 07:30:00,369.8999939,930.576662065454,364.96828025255127,467.2125976642127
2024-07-22 07:35:00,414.2999878,930.576662065454,399.12187602189,467.2125976642127
2024-07-22 07:40:00,465.7000122,930.576662065454,434.4703345306425,475.55064898481595
2024-07-22 07:45:00,512.0,930.576662065454,470.9485876245116,491.5576893648676
2024-07-22 07:50:00,564.0,930.576662065454,508.48563320407925,490.9198559603677
2024-07-22 07:55:00,606.9000244,930.576662065454,547.0048375606858,489.2328057898835
2024-07-22 08:00:00,666.0999756,930.576662065454,586.4242732671357,1091.2042530197511
2024-07-22 08:05:00,709.2999878,930.576662065454,626.6570898949464,1098.721821768261
2024-07-22 08:10:00,762.2999878,930.576662065454,667.611916454382,1098.3172811725942
2024-07-22 08:15:00,811.2999878,930.576662065454,709.1932920387618,1100.9083373313563
2024-07-22 08:20:00,794.7666626,930.576662065454,751.3021227297361,1105.5354095388564
2024-07-22 08:25:00,827.2000122,930.576662065454,793.8361612086645,1127.3635980502413
2024-07-22 08:30:00,860.2000122,930.576662065454,836.6905067247638,1134.8339467063302
2024-07-22 08:35:00,910.666687,930.576662065454,879.7581217846964,1137.5702104425523
2024-07-22 08:40:00,1093.400024,930.576662065454,922.9303623828324,1135.5690297351875
2024-07-22 08:45:00,1047.533325,930.576662065454,966.0975187211559,1146.0834107524254
2024-07-22 08:50:00,1109.166626,930.576662065454,1009.149362017208,1141.273837051314
2024-07-22 08:55:00,1143.866699,930.576662065454,1051.9756952791097,1120.7652703499411
2024-07-22 09:00:00,1194.766724,930.576662065454,1094.4669031244437,1365.4865310236673
2024-07-22 09:05:00,1240.533325,930.576662065454,1136.5144981806768,1370.9692080974878
2024-07-22 09:10:00,1282.366699,930.576662065454,1178.0116598128998,1474.952492517016
2024-07-22 09:15:00,1323.266724,930.576662065454,1218.8537623210045,1507.1094891380426
2024-07-22 09:20:00,1360.533325,930.576662065454,1258.9388885601134,1503.6742008959284
2024-07-22 09:25:00,1398.733398,930.576662065454,1298.1683263336731,1512.251801044706
2024-07-22 09:30:00,1440.533325,930.576662065454,1336.447044246318,1478.5267721388893
2024-07-22 09:35:00,1484.533325,930.576662065454,1373.684143371794,1447.4753912181598
2024-07-22 09:40:00,1527.0,930.576662065454,1409.7932829379758,1421.0890403206888
2024-07-22 09:45:00,1561.633423,930.576662065454,1444.6930765199509,1392.1869099909115
2024-07-22 09:50:00,1598.700073,930.576662065454,1478.3074567569117,1562.5887204947685
2024-07-22 09:55:00,1639.400024,930.576662065454,1510.5660059132947,1597.1624922447054
2024-07-22 10:00:00,1686.5,930.576662065454,1541.4042508252282,1780.4408492213308
2024-07-22 10:05:00,1729.933228,930.576662065454,1570.763920002517,1773.3202371946668
2024-07-22 10:10:00,1763.333374,930.576662065454,1598.5931616531434,1802.536685395809
2024-07-22 10:15:00,1791.466675,930.576662065454,1624.8467214621926,1817.7465535309173
2024-07-22 10:20:00,1817.700073,930.576662065454,1649.4860787371128,1824.834068409807
2024-07-22 10:25:00,1848.866699,930.576662065454,1672.479541037946,1837.8834664268607
2024-07-22 10:30:00,1877.866699,930.576662065454,1693.802296165887,1884.2458984170187
2024-07-22 10:35:00,1906.933228,930.576662065454,1713.4364219871106,1893.6556193274023
2024-07-22 10:40:00,1939.700073,930.576662065454,1731.3708540415225,1905.6325752441849
2024-07-22 10:45:00,1972.666626,930.576662065454,1747.6013115421367,1890.4679263668197
2024-07-22 10:50:00,2007.533325,930.576662065454,1762.1301826268534,1875.2390046471792
2024-07-22 10:55:00,2033.166626,930.576662065454,1774.9663697561866,1871.2738541868182
2024-07-22 11:00:00,2051.56665,930.576662065454,1786.1250969555954,1877.323183837757
2024-07-22 11:05:00,2057.400146,930.576662065454,1795.627680076452,1877.323183837757
2024-07-22 11:10:00,2057.766846,930.576662065454,1803.5012623756386,1884.1877396811847
2024-07-22 11:15:00,2056.166748,930.576662065454,1809.7785172241256,1924.060343116897
2024-07-22 11:20:00,2056.166748,930.576662065454,1814.4973203956938,1924.060343116897
2024-07-22 11:25:00,2055.700195,930.576662065454,1817.7003943873722,1924.060343116897
2024-07-22 11:30:00,2059.900146,930.576662065454,1819.434927547301,1924.060343116897
2024-07-22 11:35:00,2059.500244,930.576662065454,1819.7521708131746,1924.060343116897
2024-07-22 11:40:00,2058.633301,930.576662065454,1818.707015097842,1903.1181206194528
2024-07-22 11:45:00,2056.800049,930.576662065454,1816.3575524336075,1907.0588659216387
2024-07-22 11:50:00,2058.333252,930.576662065454,1812.7646241088746,1907.0588659216387
2024-07-22 11:55:00,2060.333252,930.576662065454,1807.9913590598267,1907.0588659216387
2024-07-22 12:00:00,2061.766602,930.576662065454,1802.102705911564,1957.0600057844642
2024-07-22 12:05:00,2045.299927,930.576662065454,1795.164961961602,1961.388384376091
2024-07-22 12:10:00,2020.033325,930.576662065454,1787.2453025214136,1954.860418980765
2024-07-22 12:15:00,2019.366699,930.576662065454,1778.411313934094,1948.7126968402579
2024-07-22 12:20:00,1932.733398,930.576662065454,1768.7305335166106,1937.4391187936494
2024-07-22 12:25:00,1944.933228,930.576662065454,1758.2699997586956,1900.4482594880815
2024-07-22 12:30:00,1932.533203,930.576662065454,1747.0958156802483,1879.1027257260432
2024-07-22 12:35:00,2022.433228,930.576662065454,1735.2727286250658,1876.8213626257102
2024-07-22 12:40:00,2021.800049,930.576662065454,1722.8637290715883,1833.1049660715844
2024-07-22 12:45:00,1731.100098,930.576662065454,1709.9296713345943,1820.85578369109
2024-07-22 12:50:00,2055.0,930.576662065454,1696.5289186187185,1744.0904039224424
2024-07-22 12:55:00,1901.900146,930.576662065454,1682.7170146845428,1692.4622484330562
2024-07-22 13:00:00,1953.300171,930.576662065454,1668.54638438874,1456.9239832569754
2024-07-22 13:05:00,1851.600098,930.576662065454,1654.066064766749,1562.9874345235667
2024-07-22 13:10:00,1952.766602,930.576662065454,1639.3214684667835,1568.6815767510648
2024-07-22 13:15:00,1952.0,930.576662065454,1624.3541807463193,1551.5084019882927
2024-07-22 13:20:00,2053.300049,930.576662065454,1609.2017914216,1515.1783376011888
2024-07-22 13:25:00,1942.366699,930.576662065454,1593.8977622749558,1630.959567046825
2024-07-22 13:30:00,1886.650024,930.576662065454,1578.4713308030193,1530.2166029195607
2024-07-22 13:35:00,1386.149902,930.576662065454,1562.9474504155842,1524.2263285167658
2024-07-22 13:40:00,2057.5,930.576662065454,1547.3467672126949,1568.4497524766837
2024-07-22 13:45:00,2056.650146,930.576662065454,1531.685633064802,1571.3372585014934
2024-07-22 13:50:00,2056.0,930.576662065454,1515.9761544181927,1643.4906133678523
2024-07-22 13:55:00,2054.56665,930.576662065454,1500.226276219073,1609.3887232051536
2024-07-22 14:00:00,2055.333252,930.576662065454,1484.4398995689191,1608.9368434457172
2024-07-22 14:05:00,2058.033203,930.576662065454,1468.6170322719722,1927.3337527272981
2024-07-22 14:10:00,2061.233398,930.576662065454,1452.7539702946826,1938.294341275155
2024-07-22 14:15:00,2062.799805,930.576662065454,1436.8435086302159,1950.2292774187645
2024-07-22 14:20:00,1765.250122,930.576662065454,1420.8751795465857,1903.914821758375
2024-07-22 14:25:00,1130.449951,930.576662065454,1404.835515938551,1888.9592798308195
2024-07-22 14:30:00,684.0500488,930.576662065454,1388.708337630834,1878.5162579353355
2024-07-22 14:35:00,525.7666626,930.576662065454,1372.475057885365,1836.7095095448476
2024-07-22 14:40:00,494.8666687,930.576662065454,1356.1150076421802,1818.5187367027163
2024-07-22 14:45:00,472.6333313,930.576662065454,1339.6057745279488,1774.0931197719838
2024-07-22 14:50:00,452.4333496,930.576662065454,1322.9235540913096,1791.1202221287829
2024-07-22 14:55:00,425.3333435,930.576662065454,1306.0435098999264,1764.8485549269546
2024-07-22 15:00:00,403.8333435,930.576662065454,1288.9401397518359,1471.2396115890015
2024-07-22 15:05:00,427.5,930.576662065454,1271.5876449961745,1440.636806228508
2024-07-22 15:10:00,397.0666504,930.576662065454,1253.9602997731834,1716.7706842012533
2024-07-22 15:15:00,396.6333313,930.576662065454,1236.032817239876,1706.3275823024387
2024-07-22 15:20:00,371.9333496,930.576662065454,1217.7807097802524,1767.8694162305678
2024-07-22 15:25:00,359.8666687,930.576662065454,1199.180640393224,1755.8755907043733
2024-07-22 15:30:00,337.6333313,930.576662065454,1180.210762109864,1759.7226255433222
2024-07-22 15:35:00,329.75,930.576662065454,1160.8510432181513,1748.350996209251
2024-07-22 15:40:00,279.5499878,930.576662065454,1141.083575167379,1745.7622284207112
2024-07-22 15:45:00,202.2666626,930.576662065454,1120.8928610553694,1746.483956576378
2024-07-22 15:50:00,178.4333344,930.576662065454,1100.266082286901,1737.9456513191988
2024-07-22 15:55:00,192.8999939,930.576662065454,1079.1933412507924,1733.4419440929114
2024-07-22 16:00:00,216.3999939,930.576662065454,1057.6678782606307,1472.3297755608924
2024-07-22 16:05:00,207.2666626,930.576662065454,1035.6862609145644,1497.6251128712856
2024-07-22 16:10:00,255.8000031,930.576662065454,1013.2485444233057,1487.374370294663
2024-07-22 16:15:00,303.1000061,930.576662065454,990.3584016628831,1420.8962185515186
2024-07-22 16:20:00,362.7000122,930.576662065454,967.0232221860014,1373.561107199088
2024-07-22 16:25:00,338.4666748,930.576662065454,943.2541790145328,1405.8560786413796
2024-07-22 16:30:00,433.8999939,930.576662065454,919.0662630116481,1355.618909322502
2024-07-22 16:35:00,483.7000122,930.576662065454,894.4782846578146,1363.1475702246237
2024-07-22 16:40:00,597.7000122,930.576662065454,869.5128429931377,1263.8524678539766
2024-07-22 16:45:00,652.4000244,930.576662065454,844.1962622216187,1187.8989761693347
2024-07-22 16:50:00,623.9000244,930.576662065454,818.5584964493003,1173.5862102634467
2024-07-22 16:55:00,638.333313,930.576662065454,792.6330032490156,1174.1142657506691
2024-07-22 17:00:00,632.6000366,930.576662065454,766.456587308288,807.8543924625919
2024-07-22 17:05:00,642.7000122,930.576662065454,740.0692151523014,731.6350616455308
2024-07-22 17:10:00,642.1333618,930.576662065454,713.513802661718,723.7519147999751
2024-07-22 17:15:00,634.2000122,930.576662065454,686.8359768708199,801.9398193805132
2024-07-22 17:20:00,611.7999878,930.576662065454,660.083814128642,726.2175668017187
2024-07-22 17:25:00,598.0500488,930.576662065454,633.3075565118212,678.2176737809568
2024-07-22 17:30:00,498.3333435,930.576662065454,606.5593090028553,718.2550415570996
2024-07-22 17:35:00,439.1999817,930.576662065454,579.8927194829054,671.4858743709235
2024-07-22 17:40:00,404.3999939,930.576662065454,553.3626443488519,674.130386458187
2024-07-22 17:45:00,373.2333069,930.576662065454,527.0248020526528,551.9582104643821
2024-07-22 17:50:00,341.1666565,930.576662065454,500.9354178532883,509.1979968931485
2024-07-22 17:55:00,310.9333191,930.576662065454,475.1508618305182,522.7279268403315
2024-07-22 18:00:00,282.8000183,930.576662065454,449.7272834475895,299.29638638923626
2024-07-22 18:05:00,255.6000214,930.576662065454,424.72024553083696,299.29638638923626
2024-07-22 18:10:00,231.3333282,930.576662065454,400.1843602188394,299.29638638923626
2024-07-22 18:15:00,210.0999908,930.576662065454,376.17292995529056,330.51147077123943
2024-07-22 18:20:00,192.1333466,930.576662065454,352.7375962227748,331.0398032426061
2024-07-22 18:25:00,176.7666626,930.576662065454,329.9279986687734,329.9375448033506
2024-07-22 18:30:00,165.3333435,930.576662065454,307.7914474098989,321.99522815025364
2024-07-22 18:35:00,155.5000153,930.576662065454,286.3726108628585,324.66502810238705
2024-07-22 18:40:00,146.5333405,930.576662065454,265.71322165194255,324.3126894165616
2024-07-22 18:45:00,138.2666626,930.576662065454,245.85180267465984,362.97742215568024
2024-07-22 18:50:00,133.1333466,930.576662065454,226.8234155802002,358.6434986224248
2024-07-22 18:55:00,131.9666595,930.576662065454,208.65943341456972,368.3669670129692
2024-07-22 19:00:00,130.7333221,930.576662065454,191.38733936344562,87.29077462809582
2024-07-22 19:05:00,126.9666672,930.576662065454,175.0305528405908,84.40294179908916
2024-07-22 19:10:00,119.7999954,930.576662065454,159.60828443679054,77.18462439623886
2024-07-22 19:15:00,109.2999954,930.576662065454,145.1354205888218,76.18202085170412
2024-07-22 19:20:00,104.2499924,930.576662065454,131.6224391562239,75.34447900429116
2024-07-22 19:25:00,87.94999695,930.576662065454,119.07535601872729,67.62802799477831
2024-07-22 19:30:00,72.1000061,930.576662065454,107.49570342680774,77.55868430046212
2024-07-22 19:35:00,58.0,930.576662065454,96.88054007522828,73.47778736853229
2024-07-22 19:40:00,44.15000153,930.576662065454,87.2224927121849,75.14634051581059
2024-07-22 19:45:00,31.40000343,930.576662065454,78.50982896764678,70.02417363998241
2024-07-22 19:50:00,21.20000076,930.576662065454,70.72656074312718,68.18419546332359
2024-07-22 19:55:00,14.06666565,930.576662065454,63.85257726875525,67.9497083702802
2024-07-22 20:00:00,12.53333282,930.576662065454,57.86380679533514,6.512660145903334
2024-07-22 20:05:00,0.0,930.576662065454,52.732405561474756,6.965326809903336
2024-07-22 20:10:00,0.0,930.576662065454,48.42697247327637,7.187882367736669
2024-07-22 20:15:00,0.0,930.576662065454,44.912787906562194,7.245215703603335
2024-07-22 20:20:00,0.0,930.576662065454,42.15207452133283,0.3453703722222222
2024-07-22 20:25:00,0.0,930.576662065454,40.10427827478075,0.3453703722222222
2024-07-22 20:30:00,0.0,930.576662065454,38.726367138918484,0.3453703722222222
2024-07-22 20:35:00,0.0,930.576662065454,37.97314539960521,0.3453703722222222
2024-07-22 20:40:00,0.0,930.576662065454,37.7975809171236,0.3453703722222222
2024-07-22 20:45:00,0.0,930.576662065454,38.15114284037481,0.3453703722222222
2024-07-22 20:50:00,0.0,930.576662065454,38.98414715426162,0.3453703722222222
2024-07-22 20:55:00,0.0,930.576662065454,40.24610731524945,0.3453703722222222
2024-07-22 21:00:00,0.0,930.576662065454,41.886087323113216,0.0
2024-07-22 21:05:00,0.0,930.576662065454,43.853054384049024,0.0
2024-07-22 21:10:00,0.0,930.576662065454,46.09622862799629,0.0
2024-07-22 21:15:00,0.0,930.576662065454,48.56542694500432,0.0
2024-07-22 21:20:00,0.0,930.576662065454,51.21139857176361,0.0
2024-07-22 21:25:00,0.0,930.576662065454,53.98614963217038,0.0
2024-07-22 21:30:00,0.0,930.576662065454,56.84325433453859,0.0
2024-07-22 21:35:00,0.0,930.576662065454,59.738150393605494,0.0
2024-07-22 21:40:00,0.0,930.576662065454,62.62841648083279,0.0
2024-07-22 21:45:00,0.0,930.576662065454,65.474029644855,0.0
2024-07-22 21:50:00,0.0,930.576662065454,68.23760079058582,0.0
2024-07-22 21:55:00,0.0,930.576662065454,70.88458650501306,0.0
2024-07-22 22:00:00,0.0,930.576662065454,73.38347571002163,0.0
2024-07-22 22:05:00,0.0,930.576662065454,75.70594982161946,0.0
2024-07-22 22:10:00,0.0,930.576662065454,77.82701529967157,0.0
2024-07-22 22:15:00,0.0,930.576662065454,79.72510777968445,0.0
2024-07-22 22:20:00,0.0,930.576662065454,81.38216703938029,0.0
2024-07-22 22:25:00,0.0,930.576662065454,82.78368250281339,0.0
2024-07-22 22:30:00,0.0,930.576662065454,83.91870905192671,0.0
2024-07-22 22:35:00,0.0,930.576662065454,84.77985325093167,0.0
2024-07-22 22:40:00,0.0,930.576662065454,85.36323028856083,0.0
2024-07-22 22:45:00,0.0,930.576662065454,85.6683922084207,0.0
2024-07-22 22:50:00,0.0,930.576662065454,85.69822820478572,0.0
2024-07-22 22:55:00,0.0,930.576662065454,85.45883800838936,0.0
2024-07-22 23:00:00,0.0,930.576662065454,84.95937958224116,0.0
2024-07-22 23:05:00,0.0,930.576662065454,84.21189259668623,0.0
2024-07-22 23:10:00,0.0,930.576662065454,83.23109929091956,0.0
2024-07-22 23:15:00,0.0,930.576662065454,82.03418456594817,0.0
2024-07-22 23:20:00,0.0,930.576662065454,80.64055729059822,0.0
2024-07-22 23:25:00,0.0,930.576662065454,79.07159496625592,0.0
2024-07-22 23:30:00,0.0,930.576662065454,77.35037402725138,0.0
2024-07-22 23:35:00,0.0,930.576662065454,75.50138817602948,0.0
2024-07-22 23:40:00,0.0,930.576662065454,73.55025724568956,0.0
2024-07-22 23:45:00,0.0,930.576662065454,71.52342913593289,0.0
2024-07-22 23:50:00,0.0,930.576662065454,69.447877515829,0.0
2024-07-22 23:55:00,0.0,930.576662065454,67.35079786528405,0.0
2024-07-23 00:00:00,0.0,930.576662065454,65.25930459795062,0.0
2024-07-23 00:05:00,0.0,930.576662065454,63.20013190450002,0.0
2024-07-23 00:10:00,0.0,930.576662065454,61.199340962602186,0.0
2024-07-23 00:15:00,0.0,930.576662065454,59.28203609421227,0.0
2024-07-23 00:20:00,0.0,930.576662065454,57.47209238860654,0.0
2024-07-23 00:25:00,0.0,930.576662065454,55.79189721440614,0.0
2024-07-23 00:30:00,0.0,930.576662065454,54.26210789756637,0.0
2024-07-23 00:35:00,0.0,930.576662065454,52.901427843987335,0.0
2024-07-23 00:40:00,0.0,930.576662065454,51.72640294042843,0.0
2024-07-23 00:45:00,0.0,930.576662065454,50.75124032927098,0.0
2024-07-23 00:50:00,0.0,930.576662065454,49.987651041526725,0.0
2024-07-23 00:55:00,0.0,930.576662065454,49.444718071861885,0.0
2024-07-23 01:00:00,0.0,930.576662065454,49.12879113937812,0.0
2024-07-23 01:05:00,0.0,930.576662065454,49.04340917883362,0.0
2024-07-23 01:10:00,0.0,930.576662065454,49.189251401564846,0.0
2024-07-23 01:15:00,0.0,930.576662065454,49.564117486424884,0.0
2024-07-23 01:20:00,0.0,930.576662065454,50.16293730284134,0.0
2024-07-23 01:25:00,0.0,930.576662065454,50.97781013734662,0.0
2024-07-23 01:30:00,0.0,930.576662065454,51.998073463046275,0.0
2024-07-23 01:35:00,0.0,930.576662065454,53.210400637377155,0.0
2024-07-23 01:40:00,0.0,930.576662065454,54.59892706907403,0.0
2024-07-23 01:45:00,0.0,930.576662065454,56.14540384594819,0.0
2024-07-23 01:50:00,0.0,930.576662065454,57.82937775599634,0.0
2024-07-23 01:55:00,0.0,930.576662065454,59.62839633340946,0.0
2024-07-23 02:00:00,0.0,930.576662065454,61.51823638248878,0.0
2024-07-23 02:05:00,0.0,930.576662065454,63.47315415254481,0.0
2024-07-23 02:10:00,0.0,930.576662065454,65.46615526354634,0.0
2024-07-23 02:15:00,0.0,930.576662065454,67.46928218933593,0.0
2024-07-23 02:20:00,0.0,930.576662065454,69.45391698662266,0.0
2024-07-23 02:25:00,0.0,930.576662065454,71.39109685266428,0.0
2024-07-23 02:30:00,0.0,930.576662065454,73.25183987840802,0.0
2024-07-23 02:35:00,0.0,930.576662065454,75.00747835807348,0.0
2024-07-23 02:40:00,0.0,930.576662065454,76.62999683516017,0.0
2024-07-23 02:45:00,0.0,930.576662065454,78.09237209272679,0.0
2024-07-23 02:50:00,0.0,930.576662065454,79.36891215924345,0.0
2024-07-23 02:55:00,0.0,930.576662065454,80.43559147234737,0.0
2024-07-23 03:00:00,0.0,930.576662065454,81.27037927381156,0.0
2024-07-23 03:05:00,0.0,930.576662065454,81.85355838956292,0.0
2024-07-23 03:10:00,0.0,930.576662065454,82.16803152116105,0.0
2024-07-23 03:15:00,0.0,930.576662065454,82.19961239379614,0.0
2024-07-23 03:20:00,0.0,930.576662065454,81.93729896554764,0.0
2024-07-23 03:25:00,0.0,930.576662065454,81.37352631653094,0.0
2024-07-23 03:30:00,0.0,930.576662065454,80.50439663611897,0.0
2024-07-23 03:35:00,0.0,930.576662065454,79.32988421776851,0.0
2024-07-23 03:40:00,0.0,930.576662065454,77.85401325633974,0.0
2024-07-23 03:45:00,0.0,930.576662065454,76.08500664226479,0.0
2024-07-23 03:50:00,0.0,930.576662065454,74.0354040216189,0.0
2024-07-23 03:55:00,0.0,930.576662065454,71.72214768718227,0.0
2024-07-23 04:00:00,0.0,930.576662065454,69.16663507203634,0.0
2024-07-23 04:05:00,0.0,930.576662065454,66.39473684249984,0.0
2024-07-23 04:10:00,0.0,930.576662065454,63.43677994714961,0.0
2024-07-23 04:15:00,0.0,930.576662065454,60.32749498755863,0.0
2024-07-23 04:20:00,0.0,930.576662065454,57.10592795578069,0.0
2024-07-23 04:25:00,0.0,930.576662065454,53.81531619514446,0.0
2024-07-23 04:30:00,0.0,930.576662065454,50.50292906620448,0.0
2024-07-23 04:35:00,0.0,930.576662065454,47.21987387228094,0.0
2024-07-23 04:40:00,0.0,930.576662065454,44.020867997374296,0.0
2024-07-23 04:45:00,0.0,930.576662065454,40.96397833830119,0.0
2024-07-23 04:50:00,0.0,930.576662065454,38.110329498040734,0.0
2024-07-23 04:55:00,0.0,930.576662065454,35.52378237796462,0.0
2024-07-23 05:00:00,0.0,930.576662065454,33.270585070864655,0.0
2024-07-23 05:05:00,0.0,930.576662065454,31.418998191937597,0.0
2024-07-23 05:10:00,0.0,930.576662065454,30.038896953489626,0.0
2024-07-23 05:15:00,0.0,930.576662065454,29.201352561653653,0.0
2024-07-23 05:20:00,0.0,930.576662065454,28.97819559432308,0.0
2024-07-23 05:25:00,0.0,930.576662065454,29.441564262839158,0.0
2024-07-23 05:30:00,0.0,930.576662065454,30.663440551756846,0.0
2024-07-23 05:35:00,0.0,930.576662065454,32.71517736029163,0.0
2024-07-23 05:40:00,0.0,930.576662065454,35.667019863599904,0.0
2024-07-23 05:45:00,0.0,930.576662065454,39.587624415188614,0.0
2024-07-23 05:50:00,0.0,930.576662065454,44.54357824891139,0.0
2024-07-23 05:55:00,0.0,930.576662065454,50.598923451255686,0.0
2024-07-23 06:00:00,0.0,930.576662065454,57.81468849073415,71.7668414945854
2024-07-23 06:05:00,0.0,930.576662065454,66.24843066482741,71.7668414945854
2024-07-23 06:10:00,0.0,930.576662065454,75.95379278409928,95.3869306329772
2024-07-23 06:15:00,0.0,930.576662065454,86.98007722475027,104.01722099941861
2024-07-23 06:20:00,0.0,930.576662065454,99.37184057544461,107.98243652677097
2024-07-23 06:25:00,0.0,930.576662065454,113.16851177733281,106.98909211756006
2024-07-23 06:30:00,0.0,930.576662065454,128.40403675378835,106.98909211756006
2024-07-23 06:35:00,68.59999847,930.576662065454,145.1065519291606,94.00104786572852
2024-07-23 06:40:00,73.5,930.576662065454,163.29808956326593,85.98446558320946
2024-07-23 06:45:00,71.56667328,930.576662065454,182.9943167785706,84.8890989941517
2024-07-23 06:50:00,95.19999695,930.576662065454,204.20431067815966,84.8890989941517
2024-07-23 06:55:00,133.6999969,930.576662065454,226.93037121535897,87.28368357802971
2024-07-23 07:00:00,134.1000061,930.576662065454,251.1678734575889,323.7846379489801
2024-07-23 07:05:00,204.8000031,930.576662065454,276.9051606571586,323.7846379489801
2024-07-23 07:10:00,201.7000122,930.576662065454,304.1234788940389,303.871753332105
2024-07-23 07:15:00,222.3000031,930.576662065454,332.7969546160577,303.871753332105
2024-07-23 07:20:00,238.8000031,930.576662065454,362.8926147302907,299.60346822019466
2024-07-23 07:25:00,328.2000122,930.576662065454,394.37045032483366,299.60346822019466
2024-07-23 07:30:00,318.25,930.576662065454,427.1835232291267,299.60346822019466
2024-07-23 07:35:00,315.1000061,930.576662065454,461.2781153478685,293.0557967355898
2024-07-23 07:40:00,305.3999939,930.576662065454,496.59391999451884,293.0557967355898
2024-07-23 07:45:00,366.7000122,930.576662065454,533.0642740399057,293.0557967355898
2024-07-23 07:50:00,333.7333679,930.576662065454,570.6164299338797,293.0557967355898
2024-07-23 07:55:00,625.0999756,930.576662065454,609.171865700068,293.81311415718505
2024-07-23 08:00:00,677.2000122,930.576662065454,648.6466315226593,1006.7631408880399
2024-07-23 08:05:00,738.7999878,930.576662065454,688.9517300134522,1006.7631408880399
2024-07-23 08:10:00,799.7999878,930.576662065454,729.9935288840774,1006.7631408880399
2024-07-23 08:15:00,777.4333496,930.576662065454,771.6742028197885,1005.3243642298495
2024-07-23 08:20:00,904.7000122,930.576662065454,813.8922017857183,1005.3243642298495
2024-07-23 08:25:00,978.0999756,930.576662065454,856.5427431573112,1005.3243642298495
2024-07-23 08:30:00,928.2666626,930.576662065454,899.5183243648829,1005.3243642298495
2024-07-23 08:35:00,1114.699951,930.576662065454,942.7092528663587,1004.1194801171828
2024-07-23 08:40:00,1049.266602,930.576662065454,986.0041897931837,1004.1194801171828
2024-07-23 08:45:00,1130.733276,930.576662065454,1029.2907045609243,1004.1194801171828
2024-07-23 08:50:00,1151.733276,930.576662065454,1072.4558356426053,1005.4410914281827
2024-07-23 08:55:00,1178.033325,930.576662065454,1115.3866552544316,1005.4410914281827
2024-07-23 09:00:00,1212.033325,930.576662065454,1157.9708333969477,1525.0334995052983
2024-07-23 09:05:00,1249.466675,930.576662065454,1200.0971979689898,1524.5449989222288
2024-07-23 09:10:00,1292.699951,930.576662065454,1241.6562874358383,1541.491777930737
2024-07-23 09:15:00,1337.866699,930.576662065454,1282.540892163312,1549.7894857241909
2024-07-23 09:20:00,1385.400024,930.576662065454,1322.646581356443,1547.6441553070078
2024-07-23 09:25:00,1428.200073,930.576662065454,1361.8722119758681,1559.0440035333033
2024-07-23 09:30:00,1469.133301,930.576662065454,1400.1204166427874,1564.5976997518665
2024-07-23 09:35:00,1501.0,930.576662065454,1437.298066818189,1564.1978938371442
2024-07-23 09:40:00,1532.833374,930.576662065454,1473.316709229645,1564.8592871730334
2024-07-23 09:45:00,1560.299927,930.576662065454,1508.0929722298492,1642.9684247967712
2024-07-23 09:50:00,1595.433228,930.576662065454,1541.5489394907368,1585.5718087167238
2024-07-23 09:55:00,1632.466675,930.576662065454,1573.6124891819786,1585.5718087167238
2024-07-23 10:00:00,1677.233276,930.576662065454,1604.2175962017307,1596.6629473352793
2024-07-23 10:05:00,1720.200073,930.576662065454,1633.3045958005034,1596.6629473352793
2024-07-23 10:10:00,1757.5,930.576662065454,1660.8204071386426,1588.3152286628804
2024-07-23 10:15:00,1788.200073,930.576662065454,1686.7187153284972,1588.344173093436
2024-07-23 10:20:00,1816.533325,930.576662065454,1710.9601112328808,1588.344173093436
2024-07-23 10:25:00,1847.966675,930.576662065454,1733.512188156366,1643.148858226399
2024-07-23 10:30:00,1867.799927,930.576662065454,1754.3495952626147,1679.1559447408674
2024-07-23 10:35:00,2041.699951,930.576662065454,1773.4540474683893,1615.8593513605476
2024-07-23 10:40:00,1951.166626,930.576662065454,1790.8142922064371,1639.400960847111
2024-07-23 10:45:00,2011.200073,930.576662065454,1806.4260333960287,1690.9744628256183
2024-07-23 10:50:00,2003.600098,930.576662065454,1820.2918136941264,1687.2930760827614
2024-07-23 10:55:00,2034.599976,930.576662065454,1832.420855939601,1984.8698449685874
2024-07-23 11:00:00,2024.933472,930.576662065454,1842.8288653529385,1989.257084955675
2024-07-23 11:05:00,2026.799927,930.576662065454,1851.5377938972624,1981.3950283434297
2024-07-23 11:10:00,2025.266602,930.576662065454,1858.5755690458122,1933.7565180659376
2024-07-23 11:15:00,2025.033325,930.576662065454,1863.9757888747724,1913.8957001657016
2024-07-23 11:20:00,2036.099976,930.576662065454,1867.7773859125798,1914.0420960813683
2024-07-23 11:25:00,2047.766602,930.576662065454,1870.0242623859017,1759.7586200068608
2024-07-23 11:30:00,2058.93335,930.576662065454,1870.7648995793663,1674.9618213823514
2024-07-23 11:35:00,2058.233154,930.576662065454,1870.0519442719508,1734.9746191197405
2024-07-23 11:40:00,2055.466553,930.576662065454,1867.9417753119944,1777.0486028494176
2024-07-23 11:45:00,2054.266602,930.576662065454,1864.49405358032,1788.6985210014705
2024-07-23 11:50:00,2053.966797,930.576662065454,1859.7712585606437,1631.7980648547814
2024-07-23 11:55:00,2055.06665,930.576662065454,1853.8382150031753,1711.6710645615676
2024-07-23 12:00:00,2054.033203,930.576662065454,1846.761613004796,1917.5569629562874
2024-07-23 12:05:00,2053.400146,930.576662065454,1838.6095250098465,1917.5569629562874
2024-07-23 12:10:00,2053.133301,930.576662065454,1829.4509231733132,1917.5569629562874
2024-07-23 12:15:00,2053.766846,930.576662065454,1819.3552004575922,1912.0353107965648
2024-07-23 12:20:00,2055.0,930.576662065454,1808.3916989506372,1903.7877414511997
2024-07-23 12:25:00,2055.966797,930.576662065454,1796.6292485571325,1886.4431486144729
2024-07-23 12:30:00,2057.033203,930.576662065454,1784.1357192994974,1882.2117436215042
2024-07-23 12:35:00,2031.0,930.576662065454,1770.9775904140956,1877.939759760615
2024-07-23 12:40:00,2003.900024,930.576662065454,1757.2195390414288,1874.8039924355987
2024-07-23 12:45:00,1977.266602,930.576662065454,1742.9240512121942,1872.1619562207193
2024-07-23 12:50:00,2003.833374,930.576662065454,1728.1510579829305,1870.6510397550505
2024-07-23 12:55:00,2031.133301,930.576662065454,1712.9575987811706,1778.2436425267706
2024-07-23 13:00:00,2058.099854,930.576662065454,1697.3975143161147,1418.0045950888234
2024-07-23 13:05:00,2020.966797,930.576662065454,1681.5211709143346,1497.2588880782712
2024-07-23 13:10:00,1985.266602,930.576662065454,1665.3752179145374,1586.075576287595
2024-07-23 13:15:00,1949.633301,930.576662065454,1649.0023796513756,1622.317331002358
2024-07-23 13:20:00,1987.666626,930.576662065454,1632.441283043898,1659.518115574183
2024-07-23 13:25:00,2024.0,930.576662065454,1615.726321815811,1649.4799162070717
2024-07-23 13:30:00,2059.300049,930.576662065454,1598.8875577077763,1762.0358145450114
2024-07-23 13:35:00,2058.099854,930.576662065454,1581.9506592992138,1757.9114022832912
2024-07-23 13:40:00,2056.93335,930.576662065454,1564.9368781804,1684.9363327596095
2024-07-23 13:45:00,2057.300049,930.576662065454,1547.8630624011423,1626.2555832263215
2024-07-23 13:50:00,2050.06665,930.576662065454,1530.7417066337496,1630.1921649978788
2024-07-23 13:55:00,2027.333374,930.576662065454,1513.5810381710417,1575.6523434170163
2024-07-23 14:00:00,1991.866699,930.576662065454,1496.3851376443854,1024.7516489606364
2024-07-23 14:05:00,1970.050049,930.576662065454,1479.1540934458544,1129.8907892090606
2024-07-23 14:10:00,1662.5,930.576662065454,1461.884187806011,1294.8441544710272
2024-07-23 14:15:00,1062.400024,930.576662065454,1444.5681130140663,1505.558534965414
2024-07-23 14:20:00,2060.199951,930.576662065454,1427.1952157913229,1608.5837893498276
2024-07-23 14:25:00,1733.099976,930.576662065454,1409.7517673402347,1721.2066508305427
2024-07-23 14:30:00,2059.549805,930.576662065454,1392.221256891373,1773.8948766916233
2024-07-23 14:35:00,2058.049805,930.576662065454,1374.584706045536,1763.531128309225
2024-07-23 14:40:00,2058.399902,930.576662065454,1356.8210011942479,1143.6783636864188
2024-07-23 14:45:00,2058.300049,930.576662065454,1338.9072412540352,1278.0672788136303
2024-07-23 14:50:00,2058.06665,930.576662065454,1320.819097662344,1262.4347807378892
2024-07-23 14:55:00,2055.966797,930.576662065454,1302.5311837182032,1231.1214714497785
2024-07-23 15:00:00,2020.633301,930.576662065454,1284.0174300632466,1130.201083201408
2024-07-23 15:05:00,1944.199829,930.576662065454,1265.2514633158685,1059.1803521314864
2024-07-23 15:10:00,1888.266602,930.576662065454,1246.20698469432,929.7960973973699
2024-07-23 15:15:00,1837.433228,930.576662065454,1226.8581454621171,782.550736177843
2024-07-23 15:20:00,1847.200073,930.576662065454,1207.1799163678002,742.0186794436285
2024-07-23 15:25:00,1830.133423,930.576662065454,1187.148447779846,702.3111409300974
2024-07-23 15:30:00,1829.799927,930.576662065454,1166.7414177550231,662.7527118941266
2024-07-23 15:35:00,1791.566772,930.576662065454,1145.9383654614323,666.0425953547712
2024-07-23 15:40:00,1750.366577,930.576662065454,1124.7210068469308,673.4237040972766
2024-07-23 15:45:00,1704.200073,930.576662065454,1103.0735304167583,675.5545491221952
2024-07-23 15:50:00,1671.233276,930.576662065454,1080.9828705400878,669.5716135943977
2024-07-23 15:55:00,1633.266602,930.576662065454,1058.4389563622956,631.4302305003506
2024-07-23 16:00:00,1605.766724,930.576662065454,1035.4349340896867,555.5234405544836
2024-07-23 16:05:00,1571.733398,930.576662065454,1011.9673611329055,491.7875970023301
2024-07-23 16:10:00,1537.799927,930.576662065454,988.0363704122914,509.0917771067811
2024-07-23 16:15:00,1494.5,930.576662065454,963.645803786642,535.9885297202034
2024-07-23 16:20:00,1446.266602,930.576662065454,938.8033133300202,742.963433088138
2024-07-23 16:25:00,1398.166626,930.576662065454,913.5204299114291,789.990738512202
2024-07-23 16:30:00,1352.399902,930.576662065454,887.812598372484,813.0125671044084
2024-07-23 16:35:00,1309.300049,930.576662065454,861.699179226913,835.713649325812
2024-07-23 16:40:00,1269.133423,930.576662065454,835.2034168435912,809.6772065584446
2024-07-23 16:45:00,1225.366699,930.576662065454,808.3523743202949,828.1026451402223
2024-07-23 16:50:00,1179.099976,930.576662065454,781.176835841405,830.8125742674525
2024-07-23 16:55:00,1124.333374,930.576662065454,753.7111770424729,825.6155675828899
2024-07-23 17:00:00,1066.833374,930.576662065454,725.993204441793,837.2951944414466
2024-07-23 17:05:00,1008.733337,930.576662065454,698.0639657243116,858.3602849955356
2024-07-23 17:10:00,955.2333984,930.576662065454,669.9675316341551,890.208179231789
2024-07-23 17:15:00,908.1333618,930.576662065454,641.7507518225791,885.9775912655986
2024-07-23 17:20:00,868.0999146,930.576662065454,613.4629862479514,893.6612193657264
2024-07-23 17:25:00,832.2666016,930.576662065454,585.1558145677182,882.0091173015581
2024-07-23 17:30:00,795.4333496,930.576662065454,556.8827254574445,871.2657372764195
2024-07-23 17:35:00,753.666687,930.576662065454,528.6987885802005,815.1753073737115
2024-07-23 17:40:00,707.9666138,930.576662065454,500.6603117124577,743.72202866052
2024-07-23 17:45:00,658.666687,930.576662065454,472.82448552277924,685.4546641820964
2024-07-23 17:50:00,606.8999634,930.576662065454,445.2490193306713,694.6590520704852
2024-07-23 17:55:00,554.1000366,930.576662065454,417.99176990114063,721.4190673898183
2024-07-23 18:00:00,503.2666931,930.576662065454,391.1103669330129,357.23786074290376
2024-07-23 18:05:00,455.4666748,930.576662065454,364.6618376220957,343.82459823951683
2024-07-23 18:10:00,410.5333252,930.576662065454,338.7022335201559,365.966578361709
2024-07-23 18:15:00,368.6999817,930.576662065454,313.28626238472793,359.7136927551423
2024-07-23 18:20:00,330.1000061,930.576662065454,288.46692813872033,354.7860869683058
2024-07-23 18:25:00,300.1333313,930.576662065454,264.2951814169889,356.90026284197745
2024-07-23 18:30:00,270.0666809,930.576662065454,240.81958345384876,353.97269082582096
2024-07-23 18:35:00,258.2000122,930.576662065454,218.0859862836273,354.9990575757709
2024-07-23 18:40:00,218.5,930.576662065454,196.13723106811634,350.1363832274907
2024-07-23 18:45:00,173.5333252,930.576662065454,175.01286737907546,346.0261608621844
2024-07-23 18:50:00,157.6999969,930.576662065454,154.74889526497878,376.5378756275492
2024-07-23 18:55:00,149.0666656,930.576662065454,135.3775323379464,386.9875067918747
2024-07-23 19:00:00,138.4000092,930.576662065454,116.92700733406214,86.56245759172994
2024-07-23 19:05:00,129.5333252,930.576662065454,99.42138192271555,84.43395841011835
2024-07-23 19:10:00,118.2333298,930.576662065454,82.8804020227483,84.63413859058679
2024-07-23 19:15:00,114.0500031,930.576662065454,67.3193796028558,81.0479868521751
2024-07-23 19:20:00,84.15000916,930.576662065454,52.7491061763086,90.99062812223525
2024-07-23 19:25:00,49.90000153,930.576662065454,39.175798066011744,90.22178364787528
2024-07-23 19:30:00,30.35000229,930.576662065454,26.60107433428227,89.82503064578755
2024-07-23 19:35:00,22.70000076,930.576662065454,15.021967047725207,80.2588595226515
2024-07-23 19:40:00,18.45000076,930.576662065454,4.430964070789609,88.93160455870132
2024-07-23 19:45:00,14.39999866,930.576662065454,-5.183916288294765,65.47232096841938
2024-07-23 19:50:00,12.96666718,930.576662065454,-13.839019210747207,66.97710293103337
2024-07-23 19:55:00,12.36666584,930.576662065454,-21.55491688460811,61.48003518701636
2024-07-23 20:00:00,0.0,930.576662065454,-28.356242771192154,8.273400880697782
2024-07-23 20:05:00,0.0,930.576662065454,-34.27149776820665,6.137063869177778
2024-07-23 20:10:00,0.0,930.576662065454,-39.332830097772835,0.7690814794677777
2024-07-23 20:15:00,0.0,930.576662065454,-43.57579049065895,0.7137428549995237
2024-07-23 20:20:00,0.0,930.576662065454,-47.03906471861526,0.4801095113428571
2024-07-23 20:25:00,0.0,930.576662065454,-49.76418549638762,0.4801095113428571
2024-07-23 20:30:00,0.0,930.576662065454,-51.795226223931955,0.6160036956888889
2024-07-23 20:35:00,0.0,930.576662065454,-53.17847870468187,0.6160036956888889
2024-07-23 20:40:00,0.0,930.576662065454,-53.96211769054959,0.8066370374455555
2024-07-23 20:45:00,0.0,930.576662065454,-54.19585457421295,0.015592592022222223
2024-07-23 20:50:00,0.0,930.576662065454,-53.93058317831192,0.015592592022222223
2024-07-23 20:55:00,0.0,930.576662065454,-53.2180202610077,0.06237036808888889
2024-07-23 21:00:00,0.0,930.576662065454,-52.110343568664014,0.0
2024-07-23 21:05:00,0.0,930.576662065454,-50.659830250034055,0.0
2024-07-23 21:10:00,0.0,930.576662065454,-48.91849840271351,0.0
2024-07-23 21:15:00,0.0,930.576662065454,-46.93775452463877,0.0
2024-07-23 21:20:00,0.0,930.576662065454,-44.76804953070409,0.0
2024-07-23 21:25:00,0.0,930.576662065454,-42.45854606595409,0.0
2024-07-23 21:30:00,0.0,930.576662065454,-40.05679944861423,0.0
2024-07-23 21:35:00,0.0,930.576662065454,-37.60845488467079,0.0
2024-07-23 21:40:00,0.0,930.576662065454,-35.15696303416719,0.0
2024-07-23 21:45:00,0.0,930.576662065454,-32.743316149741304,0.0
2024-07-23 21:50:00,0.0,930.576662065454,-30.40580670232324,0.0
2024-07-23 21:55:00,0.0,930.576662065454,-28.17981025650194,0.0
2024-07-23 22:00:00,0.0,930.576662065454,-26.09759416476281,0.0
2024-07-23 22:05:00,0.0,930.576662065454,-24.188153415869756,0.0
2024-07-23 22:10:00,0.0,930.576662065454,-22.47707477616493,0.0
2024-07-23 22:15:00,0.0,930.576662065454,-20.986430099351313,0.0
2024-07-23 22:20:00,0.0,930.576662065454,-19.734699502887214,0.0
2024-07-23 22:25:00,0.0,930.576662065454,-18.73672476334831,0.0
2024-07-23 22:30:00,0.0,930.576662065454,-18.00369315152789,0.0
2024-07-23 22:35:00,0.0,930.576662065454,-17.54315159555849,0.0
2024-07-23 22:40:00,0.0,930.576662065454,-17.3590508598282,0.0
2024-07-23 22:45:00,0.0,930.576662065454,-17.451819161846338,0.0
2024-07-23 22:50:00,0.0,930.576662065454,-17.818464420767025,0.0
2024-07-23 22:55:00,0.0,930.576662065454,-18.45270409280842,0.0
2024-07-23 23:00:00,0.0,930.576662065454,-19.34512133894126,0.0
2024-07-23 23:05:00,0.0,930.576662065454,-20.483346020342168,0.0
2024-07-23 23:10:00,0.0,930.576662065454,-21.852258873208932,0.0
2024-07-23 23:15:00,0.0,930.576662065454,-23.43421696997701,0.0
2024-07-23 23:20:00,0.0,930.576662065454,-25.209298438006673,0.0
2024-07-23 23:25:00,0.0,930.576662065454,-27.155564235094435,0.0
2024-07-23 23:30:00,0.0,930.576662065454,-29.249334641171856,0.0
2024-07-23 23:35:00,0.0,930.576662065454,-31.46547801879254,0.0
2024-07-23 23:40:00,0.0,930.576662065454,-33.77770927656619,0.0
2024-07-23 23:45:00,0.0,930.576662065454,-36.158895434961565,0.0
2024-07-23 23:50:00,0.0,930.576662065454,-38.58136549989876,0.0
2024-07-23 23:55:00,0.0,930.576662065454,-41.01722210211085,0.0
2024-07-24 00:00:00,0.0,930.576662065454,-43.43865193601377,0.0
2024-07-24 00:05:00,0.0,930.576662065454,-45.818232445614136,0.0
2024-07-24 00:10:00,0.0,930.576662065454,-48.129231956706406,0.0
2024-07-24 00:15:00,0.0,930.576662065454,-50.3459006329537,0.0
2024-07-24 00:20:00,0.0,930.576662065454,-52.443749679618335,0.0
2024-07-24 00:25:00,0.0,930.576662065454,-54.39981630223835,0.0
2024-07-24 00:30:00,0.0,930.576662065454,-56.192912093468294,0.0
2024-07-24 00:35:00,0.0,930.576662065454,-57.80385250670122,0.0
2024-07-24 00:40:00,0.0,930.576662065454,-59.215665547455245,0.0
2024-07-24 00:45:00,0.0,930.576662065454,-60.413777495454056,0.0
2024-07-24 00:50:00,0.0,930.576662065454,-61.38617424292586,0.0
2024-07-24 00:55:00,0.0,930.576662065454,-62.12353644870488,0.0
2024-07-24 01:00:00,0.0,930.576662065454,-62.619347419505466,0.0
2024-07-24 01:05:00,0.0,930.576662065454,-62.869972520641674,0.0
2024-07-24 01:10:00,0.0,930.576662065454,-62.874709319784394,0.0
2024-07-24 01:15:00,0.0,930.576662065454,-62.63580784005035,0.0
2024-07-24 01:20:00,0.0,930.576662065454,-62.15846060789478,0.0
2024-07-24 01:25:00,0.0,930.576662065454,-61.45076235353589,0.0
2024-07-24 01:30:00,0.0,930.576662065454,-60.52363953953652,0.0
2024-07-24 01:35:00,0.0,930.576662065454,-59.390750160415365,0.0
2024-07-24 01:40:00,0.0,930.576662065454,-58.0683543744566,0.0
2024-07-24 01:45:00,0.0,930.576662065454,-56.575157037415245,0.0
2024-07-24 01:50:00,0.0,930.576662065454,-54.93212310520741,0.0
2024-07-24 01:55:00,0.0,930.576662065454,-53.16226745421477,0.0
2024-07-24 02:00:00,0.0,930.576662065454,-51.29042060242976,0.0
2024-07-24 02:05:00,0.0,930.576662065454,-49.342972251839065,0.0
2024-07-24 02:10:00,0.0,930.576662065454,-47.34759458533848,0.0
2024-07-24 02:15:00,0.0,930.576662065454,-45.33294757714279,0.0
2024-07-24 02:20:00,0.0,930.576662065454,-43.328368663093656,0.0
2024-07-24 02:25:00,0.0,930.576662065454,-41.36354928406496,0.0
2024-07-24 02:30:00,0.0,930.576662065454,-39.46820097167967,0.0
2024-07-24 02:35:00,0.0,930.576662065454,-37.671713698677614,0.0
2024-07-24 02:40:00,0.0,930.576662065454,-36.00280936767833,0.0
2024-07-24 02:45:00,0.0,930.576662065454,-34.489193324239,0.0
2024-07-24 02:50:00,0.0,930.576662065454,-33.15720687772411,0.0
2024-07-24 02:55:00,0.0,930.576662065454,-32.031483763422095,0.0
2024-07-24 03:00:00,0.0,930.576662065454,-31.134613545799457,0.0
2024-07-24 03:05:00,0.0,930.576662065454,-30.486814898821617,0.0
2024-07-24 03:10:00,0.0,930.576662065454,-30.105621648190493,0.0
2024-07-24 03:15:00,0.0,930.576662065454,-30.00558440584477,0.0
2024-07-24 03:20:00,0.0,930.576662065454,-30.197990518031887,0.0
2024-07-24 03:25:00,0.0,930.576662065454,-30.690604921687576,0.0
2024-07-24 03:30:00,0.0,930.576662065454,-31.48743441329943,0.0
2024-07-24 03:35:00,0.0,930.576662065454,-32.588517590849705,0.0
2024-07-24 03:40:00,0.0,930.576662065454,-33.989742629361,0.0
2024-07-24 03:45:00,0.0,930.576662065454,-35.682694826424424,0.0
2024-07-24 03:50:00,0.0,930.576662065454,-37.65453562574913,0.0
2024-07-24 03:55:00,0.0,930.576662065454,-39.88791463360298,0.0
2024-07-24 04:00:00,0.0,930.576662065454,-42.3609158497147,0.0
2024-07-24 04:05:00,0.0,930.576662065454,-45.047039160718846,0.0
2024-07-24 04:10:00,0.0,930.576662065454,-47.915217802043436,0.0
2024-07-24 04:15:00,0.0,930.576662065454,-50.92987228598354,0.0
2024-07-24 04:20:00,0.0,930.576662065454,-54.051000969490815,0.0
2024-07-24 04:25:00,0.0,930.576662065454,-57.23430720742302,0.0
2024-07-24 04:30:00,0.0,930.576662065454,-60.43136273361066,0.0
2024-07-24 04:35:00,0.0,930.576662065454,-63.589806588200105,0.0
2024-07-24 04:40:00,0.0,930.576662065454,-66.65357874638693,0.0
2024-07-24 04:45:00,0.0,930.576662065454,-69.56318721187922,0.0
2024-07-24 04:50:00,0.0,930.576662065454,-72.25600714674478,0.0
2024-07-24 04:55:00,0.0,930.576662065454,-74.66661034267528,0.0
2024-07-24 05:00:00,0.0,930.576662065454,-76.7271230648764,0.0
2024-07-24 05:05:00,0.0,930.576662065454,-78.36761009230655,0.0
2024-07-24 05:10:00,0.0,930.576662065454,-79.51648260318782,0.0
2024-07-24 05:15:00,0.0,930.576662065454,-80.10092724554873,0.0
2024-07-24 05:20:00,0.0,930.576662065454,-80.04735365996517,0.0
2024-07-24 05:25:00,0.0,930.576662065454,-79.2818574985369,0.0
2024-07-24 05:30:00,0.0,930.576662065454,-77.7306958635095,0.0
2024-07-24 05:35:00,0.0,930.576662065454,-75.32077195546867,0.0
2024-07-24 05:40:00,0.0,930.576662065454,-71.98012564618864,0.0
2024-07-24 05:45:00,0.0,930.576662065454,-67.63842657507547,0.0
2024-07-24 05:50:00,0.0,930.576662065454,-62.22746637866815,0.0
2024-07-24 05:55:00,0.0,930.576662065454,-55.681646610323035,0.0
2024-07-24 06:00:00,0.0,930.576662065454,-47.93845881111153,66.11362798730943
2024-07-24 06:05:00,0.0,930.576662065454,-38.93895348134909,99.94120735677838
2024-07-24 06:10:00,0.0,930.576662065454,-28.628194407221343,98.25721268298265
2024-07-24 06:15:00,0.0,930.576662065454,-16.95569515631591,89.34759215468685
2024-07-24 06:20:00,65.09999847,930.576662065454,-3.875834517728255,84.73797235049953
2024-07-24 06:25:00,78.59999847,930.576662065454,10.651752222923209,81.74063917112343
2024-07-24 06:30:00,87.40000153,930.576662065454,26.661809014156894,111.80073948392564
2024-07-24 06:35:00,97.09999847,930.576662065454,44.183124622044076,99.36213759939417
2024-07-24 06:40:00,173.8000031,930.576662065454,63.238230539383714,96.86737501240488
2024-07-24 06:45:00,215.6000061,930.576662065454,83.84313368729934,46.94322550102612
2024-07-24 06:50:00,202.5666656,930.576662065454,106.00708595922445,47.119209904556946
2024-07-24 06:55:00,217.3333282,930.576662065454,129.73239248254743,39.491604671745336
2024-07-24 07:00:00,257.8999939,930.576662065454,155.01426037344916,473.1213595157375
2024-07-24 07:05:00,286.1000061,930.576662065454,181.84068905018725,462.53921003897983
2024-07-24 07:10:00,274.5,930.576662065454,210.19240349289558,470.4145048680612
2024-07-24 07:15:00,337.3999939,930.576662065454,240.04283122396396,470.4145048680612
2024-07-24 07:20:00,366.0,930.576662065454,271.3581230042763,432.2360833331326
2024-07-24 07:25:00,399.2999878,930.576662065454,304.0972181769595,417.61071850457466
2024-07-24 07:30:00,452.6000061,930.576662065454,338.2119540750776,351.55332932942446
2024-07-24 07:35:00,428.7000427,930.576662065454,373.64721903493546,357.10127408903554
2024-07-24 07:40:00,438.2666931,930.576662065454,410.3411485534562,370.8867226695682
2024-07-24 07:45:00,496.5,930.576662065454,448.22536344010115,370.8867226695682
2024-07-24 07:50:00,572.9000244,930.576662065454,487.22524851531927,370.8867226695682
2024-07-24 07:55:00,634.0,930.576662065454,527.2602705953956,370.8867226695682
2024-07-24 08:00:00,720.2999878,930.576662065454,568.2443334491286,1090.6908184907254
2024-07-24 08:05:00,773.9000244,930.576662065454,610.0861679808594,1090.6908184907254
2024-07-24 08:10:00,951.7000122,930.576662065454,652.6897549501748,1090.7319292607253
2024-07-24 08:15:00,862.8000488,930.576662065454,695.9547779406917,1090.7319292607253
2024-07-24 08:20:00,1155.199951,930.576662065454,739.777103465215,1090.7319292607253
2024-07-24 08:25:00,1172.199951,930.576662065454,784.0492853052025,1082.9289735585921
2024-07-24 08:30:00,1177.866577,930.576662065454,828.6610900621491,1082.9289735585921
2024-07-24 08:35:00,1189.199951,930.576662065454,873.5000400826199,1078.9137216543795
2024-07-24 08:40:00,1045.550049,930.576662065454,918.4519709673028,1078.9137216543795
2024-07-24 08:45:00,741.1499634,930.576662065454,963.4015997966186,1070.0935403425515
2024-07-24 08:50:00,571.7333374,930.576662065454,1008.233099944586,1069.2553676788182
2024-07-24 08:55:00,643.0,930.576662065454,1052.8306797932034,1069.4155161041515
2024-07-24 09:00:00,706.2999878,930.576662065454,1097.0791607775009,1218.8227223235067
2024-07-24 09:05:00,828.4000244,930.576662065454,1140.86455156986,1092.8893384619748
2024-07-24 09:10:00,760.7000122,930.576662065454,1184.0746141977177,769.5744197972616
2024-07-24 09:15:00,781.2666626,930.576662065454,1226.5994190765862,711.082236512463
2024-07-24 09:20:00,709.4333496,930.576662065454,1268.3318849099908,824.7675616998034
2024-07-24 09:25:00,1164.400024,930.576662065454,1309.1683003407338,998.4820776705354
2024-07-24 09:30:00,1078.150146,930.576662065454,1349.00882368278,1151.053223276229
2024-07-24 09:35:00,1049.366699,930.576662065454,1387.757957947427,1152.403870499192
2024-07-24 09:40:00,997.666687,930.576662065454,1425.3249977964995,1069.247105929789
2024-07-24 09:45:00,1606.5,930.576662065454,1461.6244459906113,1048.7847080100835
2024-07-24 09:50:00,1945.0,930.576662065454,1496.5763964404484,1059.2354349762722
2024-07-24 09:55:00,1775.733398,930.576662065454,1530.1068816332927,1078.7478259714244
2024-07-24 10:00:00,1782.866699,930.576662065454,1562.148182431191,1524.1912298508294
2024-07-24 10:05:00,1701.800171,930.576662065454,1592.63909806367,1524.0910188077182
2024-07-24 10:10:00,1668.200073,930.576662065454,1621.525175167981,1524.0910188077182
2024-07-24 10:15:00,1537.049927,930.576662065454,1648.7588944789543,1524.0910188077182
2024-07-24 10:20:00,1878.800049,930.576662065454,1674.2998137635511,1500.4101061686472
2024-07-24 10:25:00,1901.949951,930.576662065454,1698.1146670500837,1500.4101061686472
2024-07-24 10:30:00,1923.166626,930.576662065454,1720.1774191961135,1500.4101061686472
2024-07-24 10:35:00,1966.566772,930.576662065454,1740.4692760464534,1500.4101061686472
2024-07-24 10:40:00,2008.599976,930.576662065454,1758.9786501632182,1503.2674006225582
2024-07-24 10:45:00,2038.400024,930.576662065454,1775.7010829772905,1503.2674006225582
2024-07-24 10:50:00,2022.800171,930.576662065454,1790.639123979857,1503.2674006225582
2024-07-24 10:55:00,1978.833374,930.576662065454,1803.8021681781674,1503.2674006225582
2024-07-24 11:00:00,1978.900024,930.576662065454,1815.2062533270216,1499.2022431332384
2024-07-24 11:05:00,1990.433228,930.576662065454,1824.8738183620073,1489.1101398825695
2024-07-24 11:10:00,2030.133301,930.576662065454,1832.8334254216336,1427.6453600511488
2024-07-24 11:15:00,2025.233398,930.576662065454,1839.1194472536108,1335.125412060438
2024-07-24 11:20:00,2045.133301,930.576662065454,1843.7717227264536,1324.2791740022635
2024-07-24 11:25:00,2051.533447,930.576662065454,1846.8351829542596,1240.5526498929464
2024-07-24 11:30:00,2056.400146,930.576662065454,1848.3594509288955,1166.6456856298987
2024-07-24 11:35:00,2018.866699,930.576662065454,1848.3984176491745,1209.3916881655157
2024-07-24 11:40:00,1962.433228,930.576662065454,1847.00979792742,1165.7027525632689
2024-07-24 11:45:00,1916.099976,930.576662065454,1844.2546691403948,874.574431616847
2024-07-24 11:50:00,1695.550049,930.576662065454,1840.1969962948888,523.9522485226788
2024-07-24 11:55:00,1262.066772,930.576662065454,1834.903146948373,418.78551181152824
2024-07-24 12:00:00,1273.800049,930.576662065454,1828.4413993344303,405.3552594245935
2024-07-24 12:05:00,1991.5,930.576662065454,1820.88144741729,405.0125351267143
2024-07-24 12:10:00,1983.349976,930.576662065454,1812.2939062620571,425.92891409844594
2024-07-24 12:15:00,1968.966675,930.576662065454,1802.749821294926,762.4205832650648
2024-07-24 12:20:00,1959.933228,930.576662065454,1792.3201848881781,962.637015132606
2024-07-24 12:25:00,1926.700073,930.576662065454,1781.0754636652755,1072.2659812570325
2024-07-24 12:30:00,1894.599976,930.576662065454,1769.0851396928524,1072.586697618777
2024-07-24 12:35:00,1817.733398,930.576662065454,1756.4172689760787,1108.2443431286183
2024-07-24 12:40:00,1788.849976,930.576662065454,1743.13805988482,1108.2731080775256
2024-07-24 12:45:00,1518.300049,930.576662065454,1729.3114746407925,1081.2450248271928
2024-07-24 12:50:00,1088.0,930.576662065454,1714.998856409683,1055.6485073613592
2024-07-24 12:55:00,1020.5,930.576662065454,1700.2585843292854,1075.4585947472387
2024-07-24 13:00:00,1592.900024,930.576662065454,1685.1457589211989,1112.7465836166828
2024-07-24 13:05:00,1604.299805,930.576662065454,1669.7119195366633,1166.4109724757775
2024-07-24 13:10:00,1589.466797,930.576662065454,1654.004795937401,1178.5263688086268
2024-07-24 13:15:00,1742.0,930.576662065454,1638.0680949991859,1160.847608324571
2024-07-24 13:20:00,1598.466675,930.576662065454,1621.9413242600226,1143.5227005559807
2024-07-24 13:25:00,1584.0,930.576662065454,1605.6596526772255,1130.7491147320295
2024-07-24 13:30:00,1505.0,930.576662065454,1589.2538095661,1129.989538671183
2024-07-24 13:35:00,1288.300049,930.576662065454,1572.7500218506373,1135.3183988423275
2024-07-24 13:40:00,980.166687,930.576662065454,1556.169989789943,1217.9668193328632
2024-07-24 13:45:00,944.2000122,930.576662065454,1539.5309008043823,1325.6137840652432
2024-07-24 13:50:00,1105.099976,930.576662065454,1522.8454808650677,1375.1250037640762
2024-07-24 13:55:00,1047.033325,930.576662065454,1506.1220827414538,1393.025362844846
2024-07-24 14:00:00,1380.300049,930.576662065454,1489.3648097290463,1231.0862500475046
2024-07-24 14:05:00,1246.200073,930.576662065454,1472.573673954512,1210.4716623202644
2024-07-24 14:10:00,1274.333374,930.576662065454,1455.7447870528827,1190.5408816194506
2024-07-24 14:15:00,1221.350098,930.576662065454,1438.8705818979995,1225.8278359681246
2024-07-24 14:20:00,960.25,930.576662065454,1421.9400629374027,1215.0599805699703
2024-07-24 14:25:00,548.9500122,930.576662065454,1404.9390830372595,1113.1195884294652
2024-07-24 14:30:00,245.8500061,930.576662065454,1387.8506443078977,1001.02338248554
2024-07-24 14:35:00,217.8000031,930.576662065454,1370.655220208268,935.2860729433175
2024-07-24 14:40:00,282.7999878,930.576662065454,1353.3310963350825,934.7047208452063
2024-07-24 14:45:00,332.8999939,930.576662065454,1335.8547266159512,915.6032748874126
2024-07-24 14:50:00,405.5,930.576662065454,1318.2011023972218,939.1701110746066
2024-07-24 14:55:00,369.2000427,930.576662065454,1300.3441308057616,910.0521353398525
2024-07-24 15:00:00,394.8999939,930.576662065454,1282.257019588529,903.2593054111288
2024-07-24 15:05:00,673.5999756,930.576662065454,1263.9126651125032,883.3974104689859
2024-07-24 15:10:00,771.4000244,930.576662065454,1245.284040294487,824.2160493824765
2024-07-24 15:15:00,869.2000122,930.576662065454,1226.3445794558947,769.5558358607351
2024-07-24 15:20:00,820.3000488,930.576662065454,1207.068556746061,697.8979294717557
2024-07-24 15:25:00,814.666687,930.576662065454,1187.431455266202,626.0065641155769
2024-07-24 15:30:00,787.4000244,930.576662065454,1167.4103236819935,599.3712374418413
2024-07-24 15:35:00,639.8499756,930.576662065454,1146.984117908198,598.6234597318414
2024-07-24 15:40:00,440.9999695,930.576662065454,1126.1340244992757,577.0530529119605
2024-07-24 15:45:00,565.7000122,930.576662065454,1104.843763776164,565.5758605772589
2024-07-24 15:50:00,505.8000183,930.576662065454,1083.0998698693193,564.9945084791478
2024-07-24 15:55:00,481.5,930.576662065454,1060.8919456802878,560.7721157474209
2024-07-24 16:00:00,439.3999939,930.576662065454,1038.2128907013098,572.4464927186659
2024-07-24 16:05:00,363.0999756,930.576662065454,1015.0590998311674,552.8652022541128
2024-07-24 16:10:00,289.9666443,930.576662065454,991.4306318909593,552.8662769879123
2024-07-24 16:15:00,288.2999878,930.576662065454,967.3313460482183,543.4899483724183
2024-07-24 16:20:00,272.2000122,930.576662065454,942.7690058295293,540.6673761697073
2024-07-24 16:25:00,316.5,930.576662065454,917.7553491706309,552.7593708204292
2024-07-24 16:30:00,289.2333069,930.576662065454,892.3061245100563,552.5509450789665
2024-07-24 16:35:00,309.6999817,930.576662065454,866.4410924949037,528.7401195607184
2024-07-24 16:40:00,508.6000061,930.576662065454,840.1839932657572,517.1872625257174
2024-07-24 16:45:00,825.7000122,930.576662065454,813.5624798514576,516.2872431731233
2024-07-24 16:50:00,1201.300049,930.576662065454,786.608017923349,515.4462429765678
2024-07-24 16:55:00,1560.0,930.576662065454,759.3557530045787,484.29080678715223
2024-07-24 17:00:00,1541.349976,930.576662065454,731.8443459261973,221.53866778683363
2024-07-24 17:05:00,1535.133301,930.576662065454,704.1157783629017,227.03936228364284
2024-07-24 17:10:00,1522.700073,930.576662065454,676.2151293086986,212.782493094446
2024-07-24 17:15:00,1337.25,930.576662065454,648.1903249379958,209.04756506810156
2024-07-24 17:20:00,958.25,930.576662065454,620.0918633717782,196.7826337486254
2024-07-24 17:25:00,712.9332886,930.576662065454,591.9725167945642,227.00499539236185
2024-07-24 17:30:00,687.0499878,930.576662065454,563.8870131914067,160.90495318721187
2024-07-24 17:35:00,552.833313,930.576662065454,535.8917001301419,151.40025659869838
2024-07-24 17:40:00,515.9666748,930.576662065454,508.04419353229486,142.0956176088585
2024-07-24 17:45:00,517.2666626,930.576662065454,480.40301363074695,138.82301145104884
2024-07-24 17:50:00,500.1999817,930.576662065454,453.0272117347525,142.03944320528709
2024-07-24 17:55:00,470.8666687,930.576662065454,425.9759899809635,154.47127477623806
2024-07-24 18:00:00,453.5499878,930.576662065454,399.30831745331284,86.28009251144962
2024-07-24 18:05:00,375.7000427,930.576662065454,373.08254564090777,192.86356827092746
2024-07-24 18:10:00,338.1000061,930.576662065454,347.3560259793685,82.83960193117295
2024-07-24 18:15:00,327.7666931,930.576662065454,322.1847328474751,125.6202620516407
2024-07-24 18:20:00,331.8999939,930.576662065454,297.6228944969136,64.2298973833738
2024-07-24 18:25:00,323.6666565,930.576662065454,273.72263510757557,64.27211480695222
2024-07-24 18:30:00,320.2999878,930.576662065454,250.53363041704446,64.600104681011
2024-07-24 18:35:00,271.6499939,930.576662065454,228.10278006879923,64.19702124013722
2024-07-24 18:40:00,225.5000153,930.576662065454,206.473898572312,64.19702124013722
2024-07-24 18:45:00,172.7999878,930.576662065454,185.68742763563822,64.19702124013722
2024-07-24 18:50:00,158.9666748,930.576662065454,165.7801720738523,64.98622487762887
2024-07-24 18:55:00,155.3333282,930.576662065454,146.7850610653282,65.09500268891497
2024-07-24 19:00:00,157.6333466,930.576662065454,128.7309367505118,45.33078369837494
2024-07-24 19:05:00,144.3666687,930.576662065454,111.64237165973117,46.44922527872002
2024-07-24 19:10:00,140.8000031,930.576662065454,95.5395164803862,45.64285462035113
2024-07-24 19:15:00,109.5,930.576662065454,80.43797896243584,43.409888545884776
2024-07-24 19:20:00,79.80000305,930.576662065454,66.34873533198076,45.01541637435641
2024-07-24 19:25:00,58.59999847,930.576662065454,53.27807431393012,45.6606244950076
2024-07-24 19:30:00,42.59999847,930.576662065454,41.22757449089018,42.647908731041646
2024-07-24 19:35:00,31.10000038,930.576662065454,30.194114964561074,34.363260423748606
2024-07-24 19:40:00,29.14999962,930.576662065454,20.169919170539597,33.28492830511519
2024-07-24 19:45:00,24.70000076,930.576662065454,11.142631484645406,32.531214290167256
2024-07-24 19:50:00,17.0,930.576662065454,3.095425936333359,28.305758452119566
2024-07-24 19:55:00,12.53333378,930.576662065454,-3.9928539514016723,36.175752165536444
2024-07-24 20:00:00,0.0,930.576662065454,-10.14752522991629,2.740330995233334
2024-07-24 20:05:00,0.0,930.576662065454,-15.397866930840527,3.0459606325177786
2024-07-24 20:10:00,0.0,930.576662065454,-19.776894466851534,2.740330995233334
2024-07-24 20:15:00,0.0,930.576662065454,-23.321108779019298,2.7691458111888894
2024-07-24 20:20:00,0.0,930.576662065454,-26.070222208999994,2.740330995233334
2024-07-24 20:25:00,0.0,930.576662065454,-28.066863351766624,2.740330995233334
2024-07-24 20:30:00,0.0,930.576662065454,-29.356263154730716,2.740330995233334
2024-07-24 20:35:00,0.0,930.576662065454,-29.985924769359997,2.740330995233334
2024-07-24 20:40:00,0.0,930.576662065454,-30.00527975266401,2.740330995233334
2024-07-24 20:45:00,0.0,930.576662065454,-29.46533326961492,2.740330995233334
2024-07-24 20:50:00,0.0,930.576662065454,-28.418301153422387,2.740330995233334
2024-07-24 20:55:00,0.0,930.576662065454,-26.917241550531465,2.740330995233334
2024-07-24 21:00:00,0.0,930.576662065454,-25.01568408202848,2.0567442780500005
2024-07-24 21:05:00,0.0,930.576662065454,-22.76725936367151,2.0567442780500005
2024-07-24 21:10:00,0.0,930.576662065454,-20.22533174249564,2.0567442780500005
2024-07-24 21:15:00,0.0,930.576662065454,-17.442638086032723,2.0567442780500005
2024-07-24 21:20:00,0.0,930.576662065454,-14.470935378441084,2.0567442780500005
2024-07-24 21:25:00,0.0,930.576662065454,-11.360659825976567,2.0567442780500005
2024-07-24 21:30:00,0.0,930.576662065454,-8.160600017211578,2.0567442780500005
2024-07-24 21:35:00,0.0,930.576662065454,-4.917586701009649,2.0567442780500005
2024-07-24 21:40:00,0.0,930.576662065454,-1.676201388185081,2.0567442780500005
2024-07-24 21:45:00,0.0,930.576662065454,1.521493971404139,2.0567442780500005
2024-07-24 21:50:00,0.0,930.576662065454,4.636204258862999,2.0567442780500005
2024-07-24 21:55:00,0.0,930.576662065454,7.631623617502543,2.0567442780500005
2024-07-24 22:00:00,0.0,930.576662065454,10.474631430975371,2.0567442780500005
2024-07-24 22:05:00,0.0,930.576662065454,13.135460468735378,2.0567442780500005
2024-07-24 22:10:00,0.0,930.576662065454,15.587836056373327,0.0
2024-07-24 22:15:00,0.0,930.576662065454,17.809085340701476,0.0
2024-07-24 22:20:00,0.0,930.576662065454,19.780215980226764,0.0
2024-07-24 22:25:00,0.0,930.576662065454,21.485963846003727,0.0
2024-07-24 22:30:00,0.0,930.576662065454,22.914809561248045,0.0
2024-07-24 22:35:00,0.0,930.576662065454,24.058963952390993,0.0
2024-07-24 22:40:00,0.0,930.576662065454,24.914322755444545,0.0
2024-07-24 22:45:00,0.0,930.576662065454,25.480391163673872,0.0
2024-07-24 22:50:00,0.0,930.576662065454,25.760179037885667,0.0
2024-07-24 22:55:00,0.0,930.576662065454,25.760067859120348,0.0
2024-07-24 23:00:00,0.0,930.576662065454,25.48965070449832,0.0
2024-07-24 23:05:00,0.0,930.576662065454,24.961546796258375,0.0
2024-07-24 23:10:00,0.0,930.576662065454,24.191192276351316,0.0
2024-07-24 23:15:00,0.0,930.576662065454,23.196609220585273,0.0
2024-07-24 23:20:00,0.0,930.576662065454,21.99815489053846,0.0
2024-07-24 23:25:00,0.0,930.576662065454,20.618253529446275,0.0
2024-07-24 23:30:00,0.0,930.576662065454,19.08111307998768,0.0
2024-07-24 23:35:00,0.0,930.576662065454,17.4124293379278,0.0
2024-07-24 23:40:00,0.0,930.576662065454,15.639080163335814,0.0
2024-07-24 23:45:00,0.0,930.576662065454,13.7888124488603,0.0
2024-07-24 23:50:00,0.0,930.576662065454,11.889924605532261,0.0
2024-07-24 23:55:00,0.0,930.576662065454,9.970947333738833,0.0
2024-07-25 00:00:00,0.0,930.576662065454,8.06032558751641,0.0
2024-07-25 00:05:00,0.0,930.576662065454,6.186104334808741,0.0
2024-07-25 00:10:00,0.0,930.576662065454,4.375621164018437,0.0
2024-07-25 00:15:00,0.0,930.576662065454,2.6552081387786015,0.0
2024-07-25 00:20:00,0.0,930.576662065454,1.0499058340009126,0.0
2024-07-25 00:25:00,0.0,930.576662065454,-0.41680812387122934,0.0
2024-07-25 00:30:00,0.0,930.576662065454,-1.723273466523173,0.0
2024-07-25 00:35:00,0.0,930.576662065454,-2.8498824112104986,0.0
2024-07-25 00:40:00,0.0,930.576662065454,-3.7792933541896816,0.0
2024-07-25 00:45:00,0.0,930.576662065454,-4.496621186013982,0.0
2024-07-25 00:50:00,0.0,930.576662065454,-4.989602496196278,0.0
2024-07-25 00:55:00,0.0,930.576662065454,-5.248734005689319,0.0
2024-07-25 01:00:00,0.0,930.576662065454,-5.267383102853963,0.0
2024-07-25 01:05:00,0.0,930.576662065454,-5.041869089997934,0.0
2024-07-25 01:10:00,0.0,930.576662065454,-4.571514589507996,0.0
2024-07-25 01:15:00,0.0,930.576662065454,-3.8586662149852353,0.0
2024-07-25 01:20:00,0.0,930.576662065454,-2.9086843513045815,0.0
2024-07-25 01:25:00,0.0,930.576662065454,-1.729901842076937,0.0
2024-07-25 01:30:00,0.0,930.576662065454,-0.33355176551839383,0.0
2024-07-25 01:35:00,0.0,930.576662065454,1.2663352735355364,0.0
2024-07-25 01:40:00,0.0,930.576662065454,3.0530636624900165,0.0
2024-07-25 01:45:00,0.0,930.576662065454,5.007434168614718,0.0
2024-07-25 01:50:00,0.0,930.576662065454,7.107933054938852,0.0
2024-07-25 01:55:00,0.0,930.576662065454,9.33094741363427,0.0
2024-07-25 02:00:00,0.0,930.576662065454,11.651005216794807,0.0
2024-07-25 02:05:00,0.0,930.576662065454,14.04103804512491,0.0
2024-07-25 02:10:00,0.0,930.576662065454,16.47266457365467,0.0
2024-07-25 02:15:00,0.0,930.576662065454,18.916492475281114,0.0
2024-07-25 02:20:00,0.0,930.576662065454,21.34243635126566,0.0
2024-07-25 02:25:00,0.0,930.576662065454,23.720049080372917,0.0
2024-07-25 02:30:00,0.0,930.576662065454,26.018863911193936,0.0
2024-07-25 02:35:00,0.0,930.576662065454,28.20874444660781,0.0
2024-07-25 02:40:00,0.0,930.576662065454,30.26023962403852,0.0
2024-07-25 02:45:00,0.0,930.576662065454,32.14494069352292,0.0
2024-07-25 02:50:00,0.0,930.576662065454,33.83583718649397,0.0
2024-07-25 02:55:00,0.0,930.576662065454,35.307668815873356,0.0
2024-07-25 03:00:00,0.0,930.576662065454,36.53727027837466,0.0
2024-07-25 03:05:00,0.0,930.576662065454,37.503905931004354,0.0
2024-07-25 03:10:00,0.0,930.576662065454,38.18959138531501,0.0
2024-07-25 03:15:00,0.0,930.576662065454,38.579399129341354,0.0
2024-07-25 03:20:00,0.0,930.576662065454,38.661745386434895,0.0
2024-07-25 03:25:00,0.0,930.576662065454,38.42865553888192,0.0
2024-07-25 03:30:00,0.0,930.576662065454,37.87600559588179,0.0
2024-07-25 03:35:00,0.0,930.576662065454,37.003737322348954,0.0
2024-07-25 03:40:00,0.0,930.576662065454,35.81604487228505,0.0
2024-07-25 03:45:00,0.0,930.576662065454,34.321530925297104,0.0
2024-07-25 03:50:00,0.0,930.576662065454,32.53333055926135,0.0
2024-07-25 03:55:00,0.0,930.576662065454,30.46920135606012,0.0
2024-07-25 04:00:00,0.0,930.576662065454,28.151578415932953,0.0
2024-07-25 04:05:00,0.0,930.576662065454,25.607593280666666,0.0
2024-07-25 04:10:00,0.0,930.576662065454,22.86905600154599,0.0
2024-07-25 04:15:00,0.0,930.576662065454,19.972399828214034,0.0
2024-07-25 04:20:00,0.0,930.576662065454,16.958588439066627,0.0
2024-07-25 04:25:00,0.0,930.576662065454,13.872985579258412,0.0
2024-07-25 04:30:00,0.0,930.576662065454,10.765187712920087,0.0
2024-07-25 04:35:00,0.0,930.576662065454,7.68882016731427,0.0
2024-07-25 04:40:00,0.0,930.576662065454,4.701297792986968,0.0
2024-07-25 04:45:00,0.0,930.576662065454,1.863551307905456,0.0
2024-07-25 04:50:00,0.0,930.576662065454,-0.7602791366525268,0.0
2024-07-25 04:55:00,0.0,930.576662065454,-3.103181485257516,19.059355007223335
2024-07-25 05:00:00,0.0,930.576662065454,-5.095638393540857,19.059355007223335
2024-07-25 05:05:00,0.0,930.576662065454,-6.66602060415512,19.059355007223335
2024-07-25 05:10:00,0.0,930.576662065454,-7.7410048396913576,19.059355007223335
2024-07-25 05:15:00,0.0,930.576662065454,-8.246013278713216,19.059355007223335
2024-07-25 05:20:00,0.0,930.576662065454,-8.105672040514204,19.059355007223335
2024-07-25 05:25:00,0.0,930.576662065454,-7.244285455548236,19.059355007223335
2024-07-25 05:30:00,0.0,930.576662065454,-5.58632309093021,19.059355007223335
2024-07-25 05:35:00,0.0,930.576662065454,-3.0569161970183996,19.059355007223335
2024-07-25 05:40:00,0.0,930.576662065454,0.41763978802661716,19.059355007223335
2024-07-25 05:45:00,0.0,930.576662065454,4.909380153271405,19.059355007223335
2024-07-25 05:50:00,0.0,930.576662065454,10.488166704564367,19.059355007223335
2024-07-25 05:55:00,0.0,930.576662065454,17.221188037682378,19.059355007223335
2024-07-25 06:00:00,0.0,930.576662065454,25.17246775201415,62.88056791364836
2024-07-25 06:05:00,0.0,930.576662065454,34.40238413844532,65.03030950979281
2024-07-25 06:10:00,0.0,930.576662065454,44.967204834990255,62.425567913648365
2024-07-25 06:15:00,0.0,930.576662065454,56.91863972325712,62.425567913648365
2024-07-25 06:20:00,0.0,930.576662065454,70.30341549152493,53.08687876017501
2024-07-25 06:25:00,0.0,930.576662065454,85.1628747841362,53.08687876017501
2024-07-25 06:30:00,0.0,930.576662065454,101.53260326632517,53.08687876017501
2024-07-25 06:35:00,0.0,930.576662065454,119.44208698663692,53.08687876017501
2024-07-25 06:40:00,0.0,930.576662065454,138.91440310952262,53.08687876017501
2024-07-25 06:45:00,0.0,930.576662065454,159.96594612161778,496.28472432521414
2024-07-25 06:50:00,0.0,930.576662065454,182.60619189549575,496.28472432521414
2024-07-25 06:55:00,0.0,930.576662065454,206.8375012989159,496.28472432521414
2024-07-25 07:00:00,0.0,930.576662065454,232.65496533494522,621.8545712134297
2024-07-25 07:05:00,54.59999847,930.576662065454,260.0462929287258,621.8545712134297
2024-07-25 07:10:00,69.5,930.576662065454,288.99174260132105,621.8545712134297
2024-07-25 07:15:00,85.09999847,930.576662065454,319.46409894751685,621.7677933543187
2024-07-25 07:20:00,77.93333435,930.576662065454,351.4286939124268,621.7677933543187
2024-07-25 07:25:00,114.9000015,930.576662065454,384.8434738937082,621.7677933543187
2024-07-25 07:30:00,150.1000061,930.576662065454,419.65911167392295,621.7677933543187
2024-07-25 07:35:00,210.1000061,930.576662065454,455.8191634088894,651.6391548398229
2024-07-25 07:40:00,200.9499969,930.576662065454,493.2602695637294,651.6391548398229
2024-07-25 07:45:00,197.9000092,930.576662065454,531.9123988542219,651.6391548398229
2024-07-25 07:50:00,179.0333252,930.576662065454,571.699133955469,651.6391548398229
2024-07-25 07:55:00,162.9333344,930.576662065454,612.5379969720067,650.6581177931674
2024-07-25 08:00:00,140.6999969,930.576662065454,654.34081344997,695.7574883502294
2024-07-25 08:05:00,126.6333389,930.576662065454,697.014111710651,695.7574883502294
2024-07-25 08:10:00,170.5,930.576662065454,740.4595561783133,695.7574883502294
2024-07-25 08:15:00,181.8999939,930.576662065454,784.5744112527525,681.7470443814436
2024-07-25 08:20:00,233.6999969,930.576662065454,829.2520331101176,681.9284254240882
2024-07-25 08:25:00,351.2999878,930.576662065454,874.3823864785727,682.0156299442074
2024-07-25 08:30:00,354.3500061,930.576662065454,919.8525826589862,682.2188448719829
2024-07-25 08:35:00,355.3333435,930.576662065454,965.547435994014,682.4125591517925
2024-07-25 08:40:00,340.5333252,930.576662065454,1011.3500347170628,684.5719929952978
2024-07-25 08:45:00,341.6666565,930.576662065454,1057.1423230667065,689.2781412737312
2024-07-25 08:50:00,391.7000122,930.576662065454,1102.8056899995672,689.2781412737312
2024-07-25 08:55:00,448.2000122,930.576662065454,1148.2215620793133,651.4323965356016
2024-07-25 09:00:00,419.5,930.576662065454,1193.2719953847738,759.8175483425144
2024-07-25 09:05:00,429.5333557,930.576662065454,1237.840263614947,758.3904742490886
2024-07-25 09:10:00,415.2333069,930.576662065454,1281.8114380815605,758.3904742490886
2024-07-25 09:15:00,402.5333252,930.576662065454,1325.072956026528,781.4272976208048
2024-07-25 09:20:00,385.3000183,930.576662065454,1367.5151737701963,789.710924324435
2024-07-25 09:25:00,351.9333496,930.576662065454,1409.0319006547797,784.3377405541271
2024-07-25 09:30:00,315.9000244,930.576662065454,1449.5209112970056,790.5849373125963
2024-07-25 09:35:00,276.6999817,930.576662065454,1488.8844316541938,788.4920858098628
2024-07-25 09:40:00,248.7333374,930.576662065454,1527.0295970828322,790.1440186790755
2024-07-25 09:45:00,228.0999908,930.576662065454,1563.868878685705,791.4703096070281
2024-07-25 09:50:00,208.1333466,930.576662065454,1599.3204755989232,800.4766591946185
2024-07-25 09:55:00,197.8333282,930.576662065454,1633.3086708959618,808.4253349355549
2024-07-25 10:00:00,258.7999878,930.576662065454,1665.764148593759,1092.234193434483
2024-07-25 10:05:00,283.0,930.576662065454,1696.624270358542,1100.115489940205
2024-07-25 10:10:00,269.0666504,930.576662065454,1725.833309908608,1092.7506933734828
2024-07-25 10:15:00,272.3999939,930.576662065454,1753.3426441758254,1084.345123807443
2024-07-25 10:20:00,249.3999786,930.576662065454,1779.1108996353823,1080.920361332532
2024-07-25 10:25:00,242.5,930.576662065454,1803.1040538391399,1071.1761206426434
2024-07-25 10:30:00,347.5,930.576662065454,1825.2954913138205,1074.1337544420585
2024-07-25 10:35:00,420.8999939,930.576662065454,1845.666013727493,1074.930958959651
2024-07-25 10:40:00,448.7999878,930.576662065454,1864.2038048709728,1070.1651887711175
2024-07-25 10:45:00,432.8999939,930.576662065454,1880.9043507559602,1067.7416715259199
2024-07-25 10:50:00,441.7333069,930.576662065454,1895.7703158645902,1063.995236658396
2024-07-25 10:55:00,609.5,930.576662065454,1908.8113765277562,1064.423770756644
2024-07-25 11:00:00,676.7999878,930.576662065454,1920.0440132183455,1068.8136580070027
2024-07-25 11:05:00,644.2999878,930.576662065454,1929.4912630581186,1068.8136580070027
2024-07-25 11:10:00,666.1999512,930.576662065454,1937.182435025459,1068.8136580070027
2024-07-25 11:15:00,748.5,930.576662065454,1943.152789744686,1068.9978615661137
2024-07-25 11:20:00,707.5999146,930.576662065454,1947.4431866023933,1068.9978615661137
2024-07-25 11:25:00,716.2333374,930.576662065454,1950.0997007482845,1068.9978615661137
2024-07-25 11:30:00,666.5,930.576662065454,1951.173212982255,1068.985353558812
2024-07-25 11:35:00,650.1999512,930.576662065454,1950.7189755870604,1069.4267758271233
2024-07-25 11:40:00,546.3499756,930.576662065454,1948.7961573381094,1068.6020664916452
2024-07-25 11:45:00,429.4500122,930.576662065454,1945.4673710289412,1068.6020664916452
2024-07-25 11:50:00,286.7999878,930.576662065454,1940.798187057994,1068.6020664916452
2024-07-25 11:55:00,181.1666718,930.576662065454,1934.8566365250433,1069.5943831878787
2024-07-25 12:00:00,184.5,930.576662065454,1927.7127074627178,1079.048929136557
2024-07-25 12:05:00,213.8999939,930.576662065454,1919.4378379148018,1079.048929136557
2024-07-25 12:10:00,239.3000031,930.576662065454,1910.1044092631748,478.85790224468997
2024-07-25 12:15:00,287.7999878,930.576662065454,1899.7852436914357,497.66134130362906
2024-07-25 12:20:00,335.5,930.576662065454,1888.5531089816684,501.03958152382927
2024-07-25 12:25:00,310.8999939,930.576662065454,1876.4802344646628,518.1208104185102
2024-07-25 12:30:00,323.4666748,930.576662065454,1863.637841077012,382.2914871067509
2024-07-25 12:35:00,321.8333435,930.576662065454,1850.095689199936,376.34781742860645
2024-07-25 12:40:00,326.7333069,930.576662065454,1835.9216469153553,369.8881462692561
2024-07-25 12:45:00,324.3000183,930.576662065454,1821.1812818711767,359.7916869418251
2024-07-25 12:50:00,321.1500244,930.576662065454,1805.9374793577756,360.85259437210914
2024-07-25 12:55:00,283.7333069,930.576662065454,1790.2500890355682,372.3861027351812
2024-07-25 13:00:00,334.2999878,930.576662065454,1774.1756027836313,505.66465386144523
2024-07-25 13:05:00,311.3333435,930.576662065454,1757.766865343385,386.0704052955773
2024-07-25 13:10:00,325.7000122,930.576662065454,1741.072819919165,387.1049704455217
2024-07-25 13:15:00,320.9333496,930.576662065454,1724.1382897529072,383.9508454607734
2024-07-25 13:20:00,305.0666809,930.576662065454,1707.0037974668196,517.4076699016506
2024-07-25 13:25:00,302.8333435,930.576662065454,1689.705422498115,487.34806446200247
2024-07-25 13:30:00,484.7000122,930.576662065454,1672.274697575747,506.807229737458
2024-07-25 13:35:00,555.7999878,930.576662065454,1654.7385446060985,493.03043012316124
2024-07-25 13:40:00,646.5,930.576662065454,1637.119249762675,510.43374367050575
2024-07-25 13:45:00,590.2666626,930.576662065454,1619.4344777034107,520.0301155395755
2024-07-25 13:50:00,616.6000366,930.576662065454,1601.6973242831584,523.4738767805342
2024-07-25 13:55:00,595.2000122,930.576662065454,1583.9164068827304,538.8938338753319
2024-07-25 14:00:00,601.8666382,930.576662065454,1566.0959913042445,561.8545439384999
2024-07-25 14:05:00,586.5667114,930.576662065454,1548.236153754137,561.4745437893888
2024-07-25 14:10:00,580.7666626,930.576662065454,1530.332976338394,564.6519564815259
2024-07-25 14:15:00,570.333313,930.576662065454,1512.378774044947,558.3367603968226
2024-07-25 14:20:00,541.1333618,930.576662065454,1494.3623512224544,556.9999692066892
2024-07-25 14:25:00,503.5,930.576662065454,1476.2692850728797,552.4294678939535
2024-07-25 14:30:00,460.6333313,930.576662065454,1458.0822338240062,539.3860165565276
2024-07-25 14:35:00,440.3000183,930.576662065454,1439.7812666241032,568.7515751355228
2024-07-25 14:40:00,360.0,930.576662065454,1421.344212516247,595.29777673656
2024-07-25 14:45:00,362.7999878,930.576662065454,1402.74702527766,578.4923196687116
2024-07-25 14:50:00,416.7999878,930.576662065454,1383.9641614209247,578.8344993242598
2024-07-25 14:55:00,395.5,930.576662065454,1364.968967695721,580.5602858694059
2024-07-25 15:00:00,419.3666687,930.576662065454,1345.7340751638978,595.5865425157721
2024-07-25 15:05:00,498.0,930.576662065454,1326.2317966196272,564.5281256069583
2024-07-25 15:10:00,459.4666748,930.576662065454,1306.4345238673172,579.0028492850314
2024-07-25 15:15:00,463.5,930.576662065454,1286.3151217886132,611.3291620501141
2024-07-25 15:20:00,446.2500305,930.576662065454,1265.8473159371854,641.3926763183109
2024-07-25 15:25:00,396.6499939,930.576662065454,1245.0060704656441,924.4045102937157
2024-07-25 15:30:00,398.5,930.576662065454,1223.7679534739923,1222.2293114766223
2024-07-25 15:35:00,473.2999878,930.576662065454,1202.1114866797195,1288.2089404090398
2024-07-25 15:40:00,505.3999939,930.576662065454,1180.0174768030422,1294.1219892039767
2024-07-25 15:45:00,490.5333252,930.576662065454,1157.4693258098257,1293.0626081260875
2024-07-25 15:50:00,496.9666748,930.576662065454,1134.4533177388594,1314.7877116977647
2024-07-25 15:55:00,490.3000183,930.576662065454,1110.9588797727795,1310.346599910209
2024-07-25 16:00:00,487.7666931,930.576662065454,1086.9788154343019,1122.2028838012827
2024-07-25 16:05:00,485.6333008,930.576662065454,1062.5095082976006,1105.49268473969
2024-07-25 16:10:00,483.1333313,930.576662065454,1037.5510943736215,1116.4825108266236
2024-07-25 16:15:00,478.6999817,930.576662065454,1012.1076018678707,1127.5981145074004
2024-07-25 16:20:00,473.3666992,930.576662065454,986.187057591538,1114.9239344899681
2024-07-25 16:25:00,456.2333069,930.576662065454,959.8015587366107,1098.8995749032294
2024-07-25 16:30:00,448.3499756,930.576662065454,932.967309656277,1085.8777206715358
2024-07-25 16:35:00,362.5,930.576662065454,905.7046236993398,1085.7395908905155
2024-07-25 16:40:00,254.0,930.576662065454,878.0378896357697,1102.698316604163
2024-07-25 16:45:00,265.5,930.576662065454,849.9955033251323,1084.596957370536
2024-07-25 16:50:00,303.2999878,930.576662065454,821.6097650954489,1100.4288163457184
2024-07-25 16:55:00,343.6000061,930.576662065454,792.9167436065482,1083.0475031238695
2024-07-25 17:00:00,370.0,930.576662065454,763.9561074933616,496.05943907171195
2024-07-25 17:05:00,353.1999817,930.576662065454,734.7709259171093,496.88939500795806
2024-07-25 17:10:00,355.6999817,930.576662065454,705.4074399036783,498.55922965839454
2024-07-25 17:15:00,342.0666504,930.576662065454,675.9148059101001,493.83466056068494
2024-07-25 17:20:00,337.2333374,930.576662065454,646.3448140837985,497.8131530466404
2024-07-25 17:25:00,330.2999878,930.576662065454,616.7515831198216,487.1610556434809
2024-07-25 17:30:00,295.5,930.576662065454,587.1912342658939,502.9459705826611
2024-07-25 17:35:00,217.7333374,930.576662065454,557.7215471546139,495.42384572843577
2024-07-25 17:40:00,198.6333466,930.576662065454,528.4015999275708,491.2929622009118
2024-07-25 17:45:00,228.6999969,930.576662065454,499.29139649985694,491.2929622009118
2024-07-25 17:50:00,211.6999969,930.576662065454,470.4514843410807,491.2929622009118
2024-07-25 17:55:00,209.3666534,930.576662065454,441.94256503182083,490.66744372418964
2024-07-25 18:00:00,194.0,930.576662065454,413.82510121096425,126.97756817472958
2024-07-25 18:05:00,187.6666718,930.576662065454,386.1589226490235,125.9789490417931
2024-07-25 18:10:00,181.8000031,930.576662065454,359.0028348089656,125.9789490417931
2024-07-25 18:15:00,177.0666504,930.576662065454,332.4142325911944,125.90280090272643
2024-07-25 18:20:00,165.8000031,930.576662065454,306.44872250347834,125.9789490417931
2024-07-25 18:25:00,156.8999939,930.576662065454,281.1597560300668,125.90280090272643
2024-07-25 18:30:00,141.3999939,930.576662065454,256.5982771774804,124.84268011357831
2024-07-25 18:35:00,136.3999939,930.576662065454,232.8123867414139,124.84268011357831
2024-07-25 18:40:00,109.0000076,930.576662065454,209.84702602650196,124.84268011357831
2024-07-25 18:45:00,84.6499939,930.576662065454,187.74368226625754,124.84268011357831
2024-07-25 18:50:00,61.80000305,930.576662065454,166.5401181470927,124.84268011357831
2024-07-25 18:55:00,43.1333313,930.576662065454,146.27012742488196,124.82073933333832
2024-07-25 19:00:00,37.96666718,930.576662065454,126.96331840655078,43.457076148990694
2024-07-25 19:05:00,37.20000458,930.576662065454,108.6449271545811,43.29298726253292
2024-07-25 19:10:00,31.30000114,930.576662065454,91.33566149096269,43.27894281590625
2024-07-25 19:15:00,25.06666565,930.576662065454,75.0515771233967,30.024933668184367
2024-07-25 19:20:00,22.43333435,930.576662065454,59.80398693366702,26.238542102982684
2024-07-25 19:25:00,20.36666679,930.576662065454,45.599403707738425,30.473487283852766
2024-07-25 19:30:00,18.26666832,930.576662065454,32.43951699555071,33.900009785422775
2024-07-25 19:35:00,16.53333282,930.576662065454,20.321204028078043,37.41349320548333
2024-07-25 19:40:00,14.9333334,930.576662065454,9.236574696500906,40.89997744133728
2024-07-25 19:45:00,13.5,930.576662065454,-0.8269500148854614,41.542238620918944
2024-07-25 19:50:00,12.80000019,930.576662065454,-9.886526671780752,40.1569839052495
2024-07-25 19:55:00,0.0,930.576662065454,-17.96374613988648,38.91589976683426
2024-07-25 20:00:00,0.0,930.576662065454,-25.084459519113715,0.0
2024-07-25 20:05:00,0.0,930.576662065454,-31.27857478817827,0.0
2024-07-25 20:10:00,0.0,930.576662065454,-36.57982576028416,0.0
2024-07-25 20:15:00,0.0,930.576662065454,-41.025515137543515,0.0
2024-07-25 20:20:00,0.0,930.576662065454,-44.65623383102987,0.0
2024-07-25 20:25:00,0.0,930.576662065454,-47.51555868037855,0.0
2024-07-25 20:30:00,0.0,930.576662065454,-49.6497310235267,0.0
2024-07-25 20:35:00,0.0,930.576662065454,-51.107318591226345,0.0
2024-07-25 20:40:00,0.0,930.576662065454,-51.93886345790894,0.0
2024-07-25 20:45:00,0.0,930.576662065454,-52.196518737068715,0.0
2024-07-25 20:50:00,0.0,930.576662065454,-51.93367691373357,0.0
2024-07-25 20:55:00,0.0,930.576662065454,-51.20459266550514,0.0
2024-07-25 21:00:00,0.0,930.576662065454,-50.0640031313691,0.0
2024-07-25 21:05:00,0.0,930.576662065454,-48.566748553458226,0.0
2024-07-25 21:10:00,0.0,930.576662065454,-46.76739621970609,0.0
2024-07-25 21:15:00,0.0,930.576662065454,-44.71987060403551,0.0
2024-07-25 21:20:00,0.0,930.576662065454,-42.47709253517456,0.0
2024-07-25 21:25:00,0.0,930.576662065454,-40.09063014730345,0.0
2024-07-25 21:30:00,0.0,930.576662065454,-37.6103642311328,0.0
2024-07-25 21:35:00,0.0,930.576662065454,-35.08417062037967,0.0
2024-07-25 21:40:00,0.0,930.576662065454,-32.557621795575415,0.0
2024-07-25 21:45:00,0.0,930.576662065454,-30.073710168236705,0.0
2024-07-25 21:50:00,0.0,930.576662065454,-27.672594889131975,0.0
2024-07-25 21:55:00,0.0,930.576662065454,-25.39137413369396,0.0
2024-07-25 22:00:00,0.0,930.576662065454,-23.263884466297014,0.0
2024-07-25 22:05:00,0.0,930.576662065454,-21.320528708223822,0.0
2024-07-25 22:10:00,0.0,930.576662065454,-19.5881334807274,0.0
2024-07-25 22:15:00,0.0,930.576662065454,-18.089837352086946,0.0
2024-07-25 22:20:00,0.0,930.576662065454,-16.845010326872533,0.0
2024-07-25 22:25:00,0.0,930.576662065454,-15.869205022097146,0.0
2024-07-25 22:30:00,0.0,930.576662065454,-15.174139798897716,0.0
2024-07-25 22:35:00,0.0,930.576662065454,-14.767713687202695,0.0
2024-07-25 22:40:00,0.0,930.576662065454,-14.654052815632603,0.0
2024-07-25 22:45:00,0.0,930.576662065454,-14.833587712380304,0.0
2024-07-25 22:50:00,0.0,930.576662065454,-15.3031606414652,0.0
2024-07-25 22:55:00,0.0,930.576662065454,-16.056161876290602,0.0
2024-07-25 23:00:00,0.0,930.576662065454,-17.082693588978646,0.0
2024-07-25 23:05:00,0.0,930.576662065454,-18.369759787737962,0.0
2024-07-25 23:10:00,0.0,930.576662065454,-19.9014805683591,0.0
2024-07-25 23:15:00,0.0,930.576662065454,-21.65932866056767,0.0
2024-07-25 23:20:00,0.0,930.576662065454,-23.62238622439221,0.0
2024-07-25 23:25:00,0.0,930.576662065454,-25.76761946230273,0.0
2024-07-25 23:30:00,0.0,930.576662065454,-28.070168741639588,0.0
2024-07-25 23:35:00,0.0,930.576662065454,-30.503651509480267,0.0
2024-07-25 23:40:00,0.0,930.576662065454,-33.04047542044257,0.0
2024-07-25 23:45:00,0.0,930.576662065454,-35.652158877737165,0.0
2024-07-25 23:50:00,0.0,930.576662065454,-38.30965614449997,0.0
2024-07-25 23:55:00,0.0,930.576662065454,-40.98368419857486,0.0
2024-07-26 00:00:00,0.0,930.576662065454,-43.6450484221554,0.0
2024-07-26 00:05:00,0.0,930.576662065454,-46.26496430788068,0.0
2024-07-26 00:10:00,0.0,930.576662065454,-48.81537222769444,0.0
2024-07-26 00:15:00,0.0,930.576662065454,-51.269242694054,0.0
2024-07-26 00:20:00,0.0,930.576662065454,-53.600869132735106,0.0
2024-07-26 00:25:00,0.0,930.576662065454,-55.7861458664679,0.0
2024-07-26 00:30:00,0.0,930.576662065454,-57.802828548789215,0.0
2024-07-26 00:35:00,0.0,930.576662065454,-59.63077491231276,0.0
2024-07-26 00:40:00,0.0,930.576662065454,-61.25216355165505,0.0
2024-07-26 00:45:00,0.0,930.576662065454,-62.65168876965873,0.0
2024-07-26 00:50:00,0.0,930.576662065454,-63.816729685828776,0.0
2024-07-26 00:55:00,0.0,930.576662065454,-64.73749200932781,0.0
2024-07-26 01:00:00,0.0,930.576662065454,-65.4071211139133,0.0
2024-07-26 01:05:00,0.0,930.576662065454,-65.82178527899617,0.0
2024-07-26 01:10:00,0.0,930.576662065454,-65.98072824771909,0.0
2024-07-26 01:15:00,0.0,930.576662065454,-65.8862903842353,7.140055632284445
2024-07-26 01:20:00,0.0,930.576662065454,-65.54389819321614,7.140055632284445
2024-07-26 01:25:00,0.0,930.576662065454,-64.9620219841842,9.530772338528887
2024-07-26 01:30:00,0.0,930.576662065454,-64.15210190826053,9.530772338528887
2024-07-26 01:35:00,0.0,930.576662065454,-63.128442776335696,475.87062458987776
2024-07-26 01:40:00,0.0,930.576662065454,-61.90807835158644,482.083503201711
2024-07-26 01:45:00,0.0,930.576662065454,-60.510606090799435,482.083503201711
2024-07-26 01:50:00,0.0,930.576662065454,-58.957993516872115,482.3380586623776
2024-07-26 01:55:00,0.0,930.576662065454,-57.274357693722884,482.3380586623776
2024-07-26 02:00:00,0.0,930.576662065454,-55.485719478827605,504.1202659428754
2024-07-26 02:05:00,0.0,930.576662065454,-53.619734483039444,504.2390069906532
2024-07-26 02:10:00,0.0,930.576662065454,-51.70540282453317,513.9355443387365
2024-07-26 02:15:00,0.0,930.576662065454,-49.77276002312217,513.893269829981
2024-07-26 02:20:00,0.0,930.576662065454,-47.85255148621843,502.9673179341419
2024-07-26 02:25:00,0.0,930.576662065454,-45.975893247169346,510.6491283404757
2024-07-26 02:30:00,0.0,930.576662065454,-44.173921729840146,496.8168446248822
2024-07-26 02:35:00,0.0,930.576662065454,-42.47743541786776,473.66549183524205
2024-07-26 02:40:00,0.0,930.576662065454,-40.91653143717315,462.42084733677734
2024-07-26 02:45:00,0.0,930.576662065454,-39.520240059801644,455.4278778759823
2024-07-26 02:50:00,0.0,930.576662065454,-38.31616028884661,440.80827939990326
2024-07-26 02:55:00,0.0,930.576662065454,-37.33009957676545,437.95707395031536
2024-07-26 03:00:00,0.0,930.576662065454,-36.58572083675349,446.37945998573696
2024-07-26 03:05:00,0.0,930.576662065454,-36.104199815101666,449.1016547727518
2024-07-26 03:10:00,0.0,930.576662065454,-35.903895867315356,461.07757828610306
2024-07-26 03:15:00,0.0,930.576662065454,-36.00003908449578,464.28613293193797
2024-07-26 03:20:00,0.0,930.576662065454,-36.4044366389842,473.3547448084215
2024-07-26 03:25:00,0.0,930.576662065454,-37.12520107067591,474.8643184612178
2024-07-26 03:30:00,0.0,930.576662065454,-38.16650313092547,506.1601078193725
2024-07-26 03:35:00,0.0,930.576662065454,-39.52835152708781,622.6070570975996
2024-07-26 03:40:00,0.0,930.576662065454,-41.20640195005331,702.7153990536644
2024-07-26 03:45:00,0.0,930.576662065454,-43.191797213186625,35.95651984334444
2024-07-26 03:50:00,0.0,930.576662065454,-45.471040505744,8.679000330044444
2024-07-26 03:55:00,0.0,930.576662065454,-48.025903188881514,0.0
2024-07-26 04:00:00,0.0,930.576662065454,-50.83336851348227,0.0
2024-07-26 04:05:00,0.0,930.576662065454,-53.865612310530075,0.0
2024-07-26 04:10:00,0.0,930.576662065454,-57.090021381679186,0.0
2024-07-26 04:15:00,0.0,930.576662065454,-60.46925019164022,0.0
2024-07-26 04:20:00,0.0,930.576662065454,-63.96131588431196,0.0
2024-07-26 04:25:00,0.0,930.576662065454,-67.5197318144642,0.0
2024-07-26 04:30:00,0.0,930.576662065454,-71.09367887986544,0.0
2024-07-26 04:35:00,0.0,930.576662065454,-74.62821434048296,0.0
2024-07-26 04:40:00,0.0,930.576662065454,-78.06451683257495,0.0
2024-07-26 04:45:00,0.0,930.576662065454,-81.34016659918437,0.0
2024-07-26 04:50:00,0.0,930.576662065454,-84.38945925957907,0.0
2024-07-26 04:55:00,0.0,930.576662065454,-87.14375138695425,0.0
2024-07-26 05:00:00,0.0,930.576662065454,-89.53183587495381,0.0
2024-07-26 05:05:00,0.0,930.576662065454,-91.4803447161476,0.0
2024-07-26 05:10:00,0.0,930.576662065454,-92.91417680664124,0.0
2024-07-26 05:15:00,0.0,930.576662065454,-93.75694794199906,0.0
2024-07-26 05:20:00,0.0,930.576662065454,-93.93146019975781,0.0
2024-07-26 05:25:00,0.0,930.576662065454,-93.3601874638036,0.0
2024-07-26 05:30:00,0.0,930.576662065454,-91.96577409266564,0.0
2024-07-26 05:35:00,0.0,930.576662065454,-89.67154310133833,0.0
2024-07-26 05:40:00,0.0,930.576662065454,-86.4020106503895,0.0
2024-07-26 05:45:00,0.0,930.576662065454,-82.08340310613683,0.0
2024-07-26 05:50:00,0.0,930.576662065454,-76.64417321460243,0.0
2024-07-26 05:55:00,0.0,930.576662065454,-70.015511696637,0.0
2024-07-26 06:00:00,0.0,930.576662065454,-62.131850685399236,120.16385275088273
2024-07-26 06:05:00,0.0,930.576662065454,-52.931355415797064,120.16385275088273
2024-07-26 06:10:00,0.0,930.576662065454,-42.3564005828078,120.16385275088273
2024-07-26 06:15:00,0.0,930.576662065454,-30.354028044549782,120.16385275088273
2024-07-26 06:20:00,0.0,930.576662065454,-16.876382329068225,120.16385275088273
2024-07-26 06:25:00,0.0,930.576662065454,-1.8811209220913283,120.16385275088273
2024-07-26 06:30:00,0.0,930.576662065454,14.668203971259913,120.16385275088273
2024-07-26 06:35:00,0.0,930.576662065454,32.801794707163516,120.16385275088273
2024-07-26 06:40:00,0.0,930.576662065454,52.543291640952425,120.16385275088273
2024-07-26 06:45:00,0.0,930.576662065454,73.90949296207951,120.16385275088273
2024-07-26 06:50:00,79.5,930.576662065454,96.91011308121718,120.16385275088273
2024-07-26 06:55:00,101.0,930.576662065454,121.5475817893734,120.16385275088273
2024-07-26 07:00:00,126.0999985,930.576662065454,147.8168857038796,277.90951582217514
2024-07-26 07:05:00,152.1999969,930.576662065454,175.70545348050445,277.90951582217514
2024-07-26 07:10:00,137.0333252,930.576662065454,205.19308600711668,277.90951582217514
2024-07-26 07:15:00,140.3333282,930.576662065454,236.25193219608136,277.90951582217514
2024-07-26 07:20:00,174.0,930.576662065454,268.846511134531,277.90951582217514
2024-07-26 07:25:00,203.3999939,930.576662065454,302.93378053219703,277.90951582217514
2024-07-26 07:30:00,188.5666656,930.576662065454,338.46325161982867,277.90951582217514
2024-07-26 07:35:00,227.8000031,930.576662065454,375.37714979325125,277.90951582217514
2024-07-26 07:40:00,211.5666656,930.576662065454,413.61062050879997,277.90951582217514
2024-07-26 07:45:00,283.7999878,930.576662065454,453.0919789452153,277.90951582217514
2024-07-26 07:50:00,275.8499756,930.576662065454,493.7430025643484,325.0287554139297
2024-07-26 07:55:00,276.6333313,930.576662065454,535.4792644540402,325.0287554139297
2024-07-26 08:00:00,323.2000122,930.576662065454,578.2105059638589,456.2506028863195
2024-07-26 08:05:00,301.6000061,930.576662065454,621.8410455650381,472.1226957933926
2024-07-26 08:10:00,315.2999878,930.576662065454,666.2702224744388,442.15072856181774
2024-07-26 08:15:00,399.1000061,930.576662065454,711.3928716919675,437.09835301210666
2024-07-26 08:20:00,427.2999878,930.576662065454,757.0998273463725,443.2760699514908
2024-07-26 08:25:00,413.8000183,930.576662065454,803.2784517508106,448.0115980077892
2024-07-26 08:30:00,531.2000122,930.576662065454,849.8131863656654,445.01048487744634
2024-07-26 08:35:00,589.9000244,930.576662065454,896.5861213203727,395.6479531455828
2024-07-26 08:40:00,864.4000244,930.576662065454,943.4775800037448,452.8568254446845
2024-07-26 08:45:00,864.5499878,930.576662065454,990.3667146282723,496.55476584494824
2024-07-26 08:50:00,845.8000488,930.576662065454,1037.132109386801,967.8720665651086
2024-07-26 08:55:00,804.9333496,930.576662065454,1083.6523869036778,841.8562962965681
2024-07-26 09:00:00,743.4333496,930.576662065454,1129.8068145180362,957.6750985321529
2024-07-26 09:05:00,711.0,930.576662065454,1175.4759061490327,884.1533157184099
2024-07-26 09:10:00,627.4333496,930.576662065454,1220.5420160128801,857.614069078332
2024-07-26 09:15:00,599.4000244,930.576662065454,1264.8899205342075,842.6799019515752
2024-07-26 09:20:00,619.2333374,930.576662065454,1308.4073842593327,845.4677104590861
2024-07-26 09:25:00,605.333313,930.576662065454,1350.9857067218845,851.6633953894751
2024-07-26 09:30:00,723.7999878,930.576662065454,1392.5202466305016,847.1293276118213
2024-07-26 09:35:00,663.666687,930.576662065454,1432.9109194517657,851.9259713551842
2024-07-26 09:40:00,688.0333862,930.576662065454,1472.0626662038087,857.8469217561112
2024-07-26 09:45:00,788.7999878,930.576662065454,1509.8858899905829,849.5308931102445
2024-07-26 09:50:00,855.0,930.576662065454,1546.2968573655721,833.1130411717484
2024-07-26 09:55:00,812.7999878,930.576662065454,1581.21806261628,836.4800149988816
2024-07-26 10:00:00,799.8999634,930.576662065454,1614.5785523334546,1170.9166421294715
2024-07-26 10:05:00,745.166687,930.576662065454,1646.3142084815486,1172.9239014474715
2024-07-26 10:10:00,698.5666504,930.576662065454,1676.3679884106436,1172.9239014474715
2024-07-26 10:15:00,660.2333374,930.576662065454,1704.690120252455,1168.9193744718048
2024-07-26 10:20:00,637.0332642,930.576662065454,1731.2382529143224,1164.2795295648843
2024-07-26 10:25:00,683.2999878,930.576662065454,1755.9775597522255,1167.4035143442259
2024-07-26 10:30:00,659.1000366,930.576662065454,1778.8807957509537,1159.4975150788925
2024-07-26 10:35:00,684.8666992,930.576662065454,1799.9283079369668,1151.6709232557814
2024-07-26 10:40:00,694.3666992,930.576662065454,1819.107999381152,1146.7548006577815
2024-07-26 10:45:00,770.7999878,930.576662065454,1836.4152474171678,1146.7548006577815
2024-07-26 10:50:00,746.7999878,930.576662065454,1851.8527767726969,1146.7548006577815
2024-07-26 10:55:00,921.9000244,930.576662065454,1865.4304890611008,1139.595671665448
2024-07-26 11:00:00,841.833313,930.576662065454,1877.165250030527,1137.5516485175897
2024-07-26 11:05:00,886.5666504,930.576662065454,1887.080636186683,1137.5516485175897
2024-07-26 11:10:00,1084.0,930.576662065454,1895.2066431770252,1135.5443891995897
2024-07-26 11:15:00,1341.300049,930.576662065454,1901.5793579848626,1135.5443891995897
2024-07-26 11:20:00,1227.766724,930.576662065454,1906.2405976383639,1144.4101233940276
2024-07-26 11:25:00,1299.733398,930.576662065454,1909.2375170794035,1144.4101233940276
2024-07-26 11:30:00,1272.799927,930.576662065454,1910.6221893713816,1143.3329345308944
2024-07-26 11:35:00,1287.233276,930.576662065454,1910.4511611664946,1148.2490571288943
2024-07-26 11:40:00,1603.300049,930.576662065454,1908.7849869730783,1156.0756489520052
2024-07-26 11:45:00,1447.300171,930.576662065454,1905.6877454673129,1161.0606666362273
2024-07-26 11:50:00,1515.266602,930.576662065454,1901.226541543139,1169.705038518815
2024-07-26 11:55:00,1398.866699,930.576662065454,1895.4709976668707,1175.0471065609258
2024-07-26 12:00:00,1379.649902,930.576662065454,1888.4927382032558,1241.2922645138767
2024-07-26 12:05:00,1090.349976,930.576662065454,1880.3648704501609,1248.2480421354692
2024-07-26 12:10:00,935.0500488,930.576662065454,1871.1614660715782,1260.8605518588502
2024-07-26 12:15:00,1963.300049,930.576662065454,1860.95704659632,1259.4189150450277
2024-07-26 12:20:00,1939.899902,930.576662065454,1849.8260766034136,1246.1572309435755
2024-07-26 12:25:00,1945.633301,930.576662065454,1837.8424682125747,1213.5099238065814
2024-07-26 12:30:00,1954.0,930.576662065454,1825.079100048519,1191.4010141087663
2024-07-26 12:35:00,1969.233398,930.576662065454,1811.6073544331298,1210.3038748578301
2024-07-26 12:40:00,1973.900024,930.576662065454,1797.4966754662867,1215.2210622936805
2024-07-26 12:45:00,1968.733276,930.576662065454,1782.8141512907664,1203.2465600708333
2024-07-26 12:50:00,1996.533325,930.576662065454,1767.6241231254319,1228.2695676850728
2024-07-26 12:55:00,2020.099976,930.576662065454,1751.987823805522,1188.5567363373448
2024-07-26 13:00:00,2039.533203,930.576662065454,1735.9630479210032,1218.1387877599095
2024-07-26 13:05:00,2036.500122,930.576662065454,1719.6038557848415,1239.793460021079
2024-07-26 13:10:00,1767.950073,930.576662065454,1702.9603129817788,1244.8858123882442
2024-07-26 13:15:00,1457.25,930.576662065454,1686.078266909158,1228.283862453117
2024-07-26 13:20:00,1235.43335,930.576662065454,1668.999161856284,1194.8064464584832
2024-07-26 13:25:00,1148.25,930.576662065454,1651.759893084506,1170.2292136503183
2024-07-26 13:30:00,949.1000366,930.576662065454,1634.3927010321327,1139.076777043642
2024-07-26 13:35:00,1034.199951,930.576662065454,1616.9251056062103,1100.7881742449977
2024-07-26 13:40:00,1175.400024,930.576662065454,1599.379880809912,1112.6547503090062
2024-07-26 13:45:00,2065.800049,930.576662065454,1581.7750692793472,1105.0553392473832
2024-07-26 13:50:00,1843.200195,930.576662065454,1564.1240363532027,1095.5517633067502
2024-07-26 13:55:00,1843.199951,930.576662065454,1546.4355625771534,1092.4787546055281
2024-07-26 14:00:00,1499.5,930.576662065454,1528.7139735376527,1091.5129670725835
2024-07-26 14:05:00,1118.150146,930.576662065454,1510.9593058580554,1093.4872447724167
2024-07-26 14:10:00,1220.300049,930.576662065454,1493.167507217817,1093.2543242397498
2024-07-26 14:15:00,1579.599976,930.576662065454,1475.3306688009582,1113.3852782527629
2024-07-26 14:20:00,1700.800049,930.576662065454,1457.4372877815608,1255.642695221049
2024-07-26 14:25:00,1606.366577,930.576662065454,1439.472557658638,1317.5909572986463
2024-07-26 14:30:00,1585.900024,930.576662065454,1421.4186835971861,1317.7073847755905
2024-07-26 14:35:00,1528.450073,930.576662065454,1403.255220190359,1291.5979110087922
2024-07-26 14:40:00,2062.199951,930.576662065454,1384.9594286670203,1258.3499389777141
2024-07-26 14:45:00,1793.099976,930.576662065454,1366.5066503571456,1275.203108067324
2024-07-26 14:50:00,1703.400024,930.576662065454,1347.8706936159135,1200.3854707929845
2024-07-26 14:55:00,1523.999878,930.576662065454,1329.0242304206463,1215.2548754071759
2024-07-26 15:00:00,1481.400024,930.576662065454,1309.9391998565713,763.0177387500314
2024-07-26 15:05:00,1260.300049,930.576662065454,1290.587214783142,727.6131367942612
2024-07-26 15:10:00,1324.5,930.576662065454,1270.939968545699,705.7728003718953
2024-07-26 15:15:00,1267.350098,930.576662065454,1250.9696382621353,707.7041404203396
2024-07-26 15:20:00,1466.5,930.576662065454,1230.649281600627,711.3734740157287
2024-07-26 15:25:00,1350.199951,930.576662065454,1209.953223615621,694.7853186801781
2024-07-26 15:30:00,1400.533203,930.576662065454,1188.8574305548825,695.9505268090671
2024-07-26 15:35:00,2054.600098,930.576662065454,1167.3398679259224,730.8971913854857
2024-07-26 15:40:00,1924.900024,930.576662065454,1145.380839543208,732.3489412634857
2024-07-26 15:45:00,1843.233398,930.576662065454,1122.9633050895907,707.8354920252586
2024-07-26 15:50:00,1737.550049,930.576662065454,1100.0731736455084,707.1862590538585
2024-07-26 15:55:00,1443.25,930.576662065454,1076.6995709267312,704.6326146649918
2024-07-26 16:00:00,1297.0,930.576662065454,1052.8350779480686,606.6333121038806
2024-07-26 16:05:00,1256.866699,930.576662065454,1028.4759394247076,610.1220117904805
2024-07-26 16:10:00,1699.900024,930.576662065454,1003.6222402387295,600.7240612107789
2024-07-26 16:15:00,1599.25,930.576662065454,978.2780484395482,601.9045070660678
2024-07-26 16:20:00,1599.25,930.576662065454,952.4515241579622,604.4690182573901
2024-07-26 16:25:00,1335.050049,930.576662065454,926.1549929101893,604.21705695379
2024-07-26 16:30:00,880.4500122,930.576662065454,899.4049834123823,576.8273356625295
2024-07-26 16:35:00,564.833313,930.576662065454,872.2222292679864,576.883780106974
2024-07-26 16:40:00,543.5,930.576662065454,844.6316345915473,575.9423652845962
2024-07-26 16:45:00,524.7999878,930.576662065454,816.6622041240822,568.9186354252216
2024-07-26 16:50:00,633.0,930.576662065454,788.3469379934082,568.3204100119079
2024-07-26 16:55:00,804.2999878,930.576662065454,759.7226926034699,581.3314432551269
2024-07-26 17:00:00,705.7000122,930.576662065454,730.8300079908506,259.15537585478074
2024-07-26 17:05:00,748.666687,930.576662065454,701.7129039559759,251.19284316284592
2024-07-26 17:10:00,687.8666992,930.576662065454,672.4186457548301,260.47841143897693
2024-07-26 17:15:00,663.4333496,930.576662065454,642.9974817904638,257.8956385448505
2024-07-26 17:20:00,595.3666992,930.576662065454,613.5023550759214,264.62680658821625
2024-07-26 17:25:00,572.0666504,930.576662065454,583.9885910345372,259.00495335217767
2024-07-26 17:30:00,544.4332886,930.576662065454,554.5135638378433,292.8503885162977
2024-07-26 17:35:00,516.9333496,930.576662065454,525.1363440007063,287.19956652858656
2024-07-26 17:40:00,474.2333069,930.576662065454,495.9173301804092,288.43927825559666
2024-07-26 17:45:00,427.8999939,930.576662065454,466.9178676075556,281.0171454591335
2024-07-26 17:50:00,393.3333435,930.576662065454,438.1998569441157,277.7724309785565
2024-07-26 17:55:00,378.9666443,930.576662065454,409.8253556066168,260.96274238189335
2024-07-26 18:00:00,382.2333069,930.576662065454,381.8561755874055,147.4644834919675
2024-07-26 18:05:00,393.8666687,930.576662065454,354.35348028592614,216.02664740895534
2024-07-26 18:10:00,397.3000183,930.576662065454,327.3773838065542,221.49595200940743
2024-07-26 18:15:00,389.3333435,930.576662065454,300.9865557341153,251.56200229822178
2024-07-26 18:20:00,364.6666565,930.576662065454,275.23783435945427,251.56200229822178
2024-07-26 18:25:00,338.2666931,930.576662065454,250.18585165874714,216.8770240542167
2024-07-26 18:30:00,313.6999817,930.576662065454,225.88267233163882,167.45425035512932
2024-07-26 18:35:00,297.0999756,930.576662065454,202.3774504789801,140.7324405774027
2024-07-26 18:40:00,281.0666809,930.576662065454,179.71610575040123,135.67863361115113
2024-07-26 18:45:00,261.7666931,930.576662065454,157.94102197234608,132.14103224468542
2024-07-26 18:50:00,238.2666626,930.576662065454,137.09077036569926,140.21922064703168
2024-07-26 18:55:00,214.0,930.576662065454,117.19985939916613,122.00062694548612
2024-07-26 19:00:00,192.5,930.576662065454,98.29851338390772,29.524183723621295
2024-07-26 19:05:00,175.0666656,930.576662065454,80.41248118537548,25.036823583708443
2024-07-26 19:10:00,162.4000092,930.576662065454,63.56287671649033,27.311955760764068
2024-07-26 19:15:00,148.0999908,930.576662065454,47.76605216907709,23.47515503641331
2024-07-26 19:20:00,142.25,930.576662065454,33.03350524779154,23.008337607597692
2024-07-26 19:25:00,118.4999924,930.576662065454,19.37182056646214,22.81595930401039
2024-07-26 19:30:00,92.15000153,930.576662065454,6.782646070706628,19.479671082160188
2024-07-26 19:35:00,69.65000153,930.576662065454,-4.737295739828876,19.466207616302416
2024-07-26 19:40:00,54.74999619,930.576662065454,-15.196161773385132,18.634043071145584
2024-07-26 19:45:00,40.70000076,930.576662065454,-24.606907977286678,17.22991147356847
2024-07-26 19:50:00,25.15000153,930.576662065454,-32.98717536349068,15.568428666507247
2024-07-26 19:55:00,14.46666622,930.576662065454,-40.35914327564463,22.15282398606877
2024-07-26 20:00:00,0.0,930.576662065454,-46.749351290727304,0.0
2024-07-26 20:05:00,0.0,930.576662065454,-52.188490983984934,0.0
2024-07-26 20:10:00,0.0,930.576662065454,-56.71116943805145,0.06684444046666667
2024-07-26 20:15:00,0.0,930.576662065454,-60.355646261138,0.15322963380444443
2024-07-26 20:20:00,0.0,930.576662065454,-63.163546264999376,0.10873332596666667
2024-07-26 20:25:00,0.0,930.576662065454,-65.17955008841172,0.0
2024-07-26 20:30:00,0.0,930.576662065454,-66.45106517205564,0.046777776066666665
2024-07-26 20:35:00,0.0,930.576662065454,-67.0278797359599,0.11362221653333333
2024-07-26 20:40:00,0.0,930.576662065454,-66.96180244004844,0.10440740797777778
2024-07-26 20:45:00,0.0,930.576662065454,-66.30629054365077,0.046777776066666665
2024-07-26 20:50:00,0.0,930.576662065454,-65.11606954363266,0.046777776066666665
2024-07-26 20:55:00,0.0,930.576662065454,-63.44674709409432,0.046777776066666665
2024-07-26 21:00:00,0.0,930.576662065454,-61.35442442055587,0.0
2024-07-26 21:05:00,0.0,930.576662065454,-58.895308044129514,0.0
2024-07-26 21:10:00,0.0,930.576662065454,-56.12532492415572,0.0
2024-07-26 21:15:00,0.0,930.576662065454,-53.099743935877136,0.0
2024-07-26 21:20:00,0.0,930.576662065454,-49.87280659011947,0.0
2024-07-26 21:25:00,0.0,930.576662065454,-46.49736982644482,0.0
2024-07-26 21:30:00,0.0,930.576662065454,-43.02456353505815,0.0
2024-07-26 21:35:00,0.0,930.576662065454,-39.50346551976952,0.0
2024-07-26 21:40:00,0.0,930.576662065454,-35.98079614111381,0.0
2024-07-26 21:45:00,0.0,930.576662065454,-32.50063514223858,0.0
2024-07-26 21:50:00,0.0,930.576662065454,-29.104162534601898,0.0
2024-07-26 21:55:00,0.0,930.576662065454,-25.829425596479712,0.0
2024-07-26 22:00:00,0.0,930.576662065454,-22.711133564977423,0.0
2024-07-26 22:05:00,0.0,930.576662065454,-19.780481494362295,0.0
2024-07-26 22:10:00,0.0,930.576662065454,-17.065004499796,0.0
2024-07-26 22:15:00,0.0,930.576662065454,-14.588463314998588,0.0
2024-07-26 22:20:00,0.0,930.576662065454,-12.370761920931326,0.0
2024-07-26 22:25:00,0.0,930.576662065454,-10.427897623756412,0.0
2024-07-26 22:30:00,0.0,930.576662065454,-8.771943799121397,0.0
2024-07-26 22:35:00,0.0,930.576662065454,-7.411065220332496,0.0
2024-07-26 22:40:00,0.0,930.576662065454,-6.349565580299751,0.0
2024-07-26 22:45:00,0.0,930.576662065454,-5.587966642711165,0.0
2024-07-26 22:50:00,0.0,930.576662065454,-5.123118100334894,0.0
2024-07-26 22:55:00,0.0,930.576662065454,-4.948337075630275,0.0
2024-07-26 23:00:00,0.0,930.576662065454,-5.053575848431804,0.0
2024-07-26 23:05:00,0.0,930.576662065454,-5.425616266628081,0.0
2024-07-26 23:10:00,0.0,930.576662065454,-6.048289009823925,0.0
2024-07-26 23:15:00,0.0,930.576662065454,-6.902715706703848,0.0
2024-07-26 23:20:00,0.0,930.576662065454,-7.967571711275481,0.0
2024-07-26 23:25:00,0.0,930.576662065454,-9.21936717809837,0.0
2024-07-26 23:30:00,0.0,930.576662065454,-10.632743955259803,0.0
2024-07-26 23:35:00,0.0,930.576662065454,-12.180785563211344,0.0
2024-07-26 23:40:00,0.0,930.576662065454,-13.835337692196495,0.0
2024-07-26 23:45:00,0.0,930.576662065454,-15.567336176158936,0.0
2024-07-26 23:50:00,0.0,930.576662065454,-17.34713972662464,0.0
2024-07-26 23:55:00,0.0,930.576662065454,-19.144864405631022,0.0
2024-07-27 00:00:00,0.0,930.576662065454,-20.930716917570358,0.0
2024-07-27 00:05:00,0.0,930.576662065454,-22.67532378927377,0.0
2024-07-27 00:10:00,0.0,930.576662065454,-24.35005352882319,0.0
2024-07-27 00:15:00,0.0,930.576662065454,-25.927328923109272,0.0
2024-07-27 00:20:00,0.0,930.576662065454,-27.38092669659591,0.0
2024-07-27 00:25:00,0.0,930.576662065454,-28.68626190827406,0.0
2024-07-27 00:30:00,0.0,930.576662065454,-29.820654459184603,0.0
2024-07-27 00:35:00,0.0,930.576662065454,-30.763575432160202,0.0
2024-07-27 00:40:00,0.0,930.576662065454,-31.496870948121586,0.0
2024-07-27 00:45:00,0.0,930.576662065454,-32.004961528503735,0.0
2024-07-27 00:50:00,0.0,930.576662065454,-32.27501511563638,0.0
2024-07-27 00:55:00,0.0,930.576662065454,-32.29709211686887,0.0
2024-07-27 01:00:00,0.0,930.576662065454,-32.06426108709363,441.43848412841123
2024-07-27 01:05:00,0.0,930.576662065454,-31.572683878251233,441.43848412841123
2024-07-27 01:10:00,0.0,930.576662065454,-30.821669362116243,441.43848412841123
2024-07-27 01:15:00,0.0,930.576662065454,-29.81369509105467,0.0
2024-07-27 01:20:00,0.0,930.576662065454,-28.554396492221606,0.0
2024-07-27 01:25:00,0.0,930.576662065454,-27.052523533795455,0.0
2024-07-27 01:30:00,0.0,930.576662065454,-25.319864986674265,0.0
2024-07-27 01:35:00,0.0,930.576662065454,-23.37114077016332,0.0
2024-07-27 01:40:00,0.0,930.576662065454,-21.2238630430367,0.0
2024-07-27 01:45:00,0.0,930.576662065454,-18.898167056616508,0.0
2024-07-27 01:50:00,0.0,930.576662065454,-16.416612990565277,0.0
2024-07-27 01:55:00,0.0,930.576662065454,-13.80396025329889,0.0
2024-07-27 02:00:00,0.0,930.576662065454,-11.086915989892601,0.0
2024-07-27 02:05:00,0.0,930.576662065454,-8.293859748386447,2.1222555593066668
2024-07-27 02:10:00,0.0,930.576662065454,-5.4545464515636235,3.37745000724
2024-07-27 02:15:00,0.0,930.576662065454,-2.5997900680107615,3.5025166627200006
2024-07-27 02:20:00,0.0,930.576662065454,0.238869496294834,423.56645307717577
2024-07-27 02:25:00,0.0,930.576662065454,3.0295135698710207,423.6532309362869
2024-07-27 02:30:00,0.0,930.576662065454,5.740203128541204,428.3907848001469
2024-07-27 02:35:00,0.0,930.576662065454,8.339345456049621,432.36433306561185
2024-07-27 02:40:00,0.0,930.576662065454,10.796066044283394,407.12949433756256
2024-07-27 02:45:00,0.0,930.576662065454,13.080582588484068,377.2050198125015
2024-07-27 02:50:00,0.0,930.576662065454,15.164577886145544,366.4581167585629
2024-07-27 02:55:00,0.0,930.576662065454,17.02156848929315,399.8240692342725
2024-07-27 03:00:00,0.0,930.576662065454,18.627265912294764,368.38761269742514
2024-07-27 03:05:00,0.0,930.576662065454,19.959927203919364,390.59281389023374
2024-07-27 03:10:00,0.0,930.576662065454,21.00069182662631,417.5622995951622
2024-07-27 03:15:00,0.0,930.576662065454,21.733901783475925,531.3987262323122
2024-07-27 03:20:00,0.0,930.576662065454,22.1474020867986,588.3397114848851
2024-07-27 03:25:00,0.0,930.576662065454,22.23281875979919,8.679000330044444
2024-07-27 03:30:00,0.0,930.576662065454,21.985811729400154,0.0
2024-07-27 03:35:00,0.0,930.576662065454,21.406300151710894,0.0
2024-07-27 03:40:00,0.0,930.576662065454,20.49865781248291,0.0
2024-07-27 03:45:00,0.0,930.576662065454,19.271876670727664,0.0
2024-07-27 03:50:00,0.0,930.576662065454,17.739696491716025,0.0
2024-07-27 03:55:00,0.0,930.576662065454,15.920699205200334,0.0
2024-07-27 04:00:00,0.0,930.576662065454,13.838366404662477,0.0
2024-07-27 04:05:00,0.0,930.576662065454,11.521099113588692,0.0
2024-07-27 04:10:00,0.0,930.576662065454,9.002198896556976,0.0
2024-07-27 04:15:00,0.0,930.576662065454,6.3198098352365575,0.0
2024-07-27 04:20:00,0.0,930.576662065454,3.5168212265479992,0.0
2024-07-27 04:25:00,0.0,930.576662065454,0.6407309796447913,0.0
2024-07-27 04:30:00,0.0,930.576662065454,-2.256529818803648,0.0
2024-07-27 04:35:00,0.0,930.576662065454,-5.1188105389348655,0.0
2024-07-27 04:40:00,0.0,930.576662065454,-7.88599177486884,0.0
2024-07-27 04:45:00,0.0,930.576662065454,-10.494272142933996,0.0
2024-07-27 04:50:00,0.0,930.576662065454,-12.876489304536818,0.0
2024-07-27 04:55:00,0.0,930.576662065454,-14.962473664525257,0.0
2024-07-27 05:00:00,0.0,930.576662065454,-16.679432419828853,0.0
2024-07-27 05:05:00,0.0,930.576662065454,-17.95236175641962,0.0
2024-07-27 05:10:00,0.0,930.576662065454,-18.704484570347656,0.0
2024-07-27 05:15:00,0.0,930.576662065454,-18.857710951319216,0.0
2024-07-27 05:20:00,0.0,930.576662065454,-18.33311842920611,0.0
2024-07-27 05:25:00,0.0,930.576662065454,-17.051448834527182,0.0
2024-07-27 05:30:00,0.0,930.576662065454,-14.933618472639168,0.0
2024-07-27 05:35:00,0.0,930.576662065454,-11.901238144351032,0.0
2024-07-27 05:40:00,0.0,930.576662065454,-7.87713955891292,0.0
2024-07-27 05:45:00,0.0,930.576662065454,-2.7859043455743,0.0
2024-07-27 05:50:00,0.0,930.576662065454,3.44560777406313,0.0
2024-07-27 05:55:00,0.0,930.576662065454,10.887735566961327,0.0
2024-07-27 06:00:00,0.0,930.576662065454,19.607501188256734,159.59353354670554
2024-07-27 06:05:00,0.0,930.576662065454,29.66810715158971,159.59353354670554
2024-07-27 06:10:00,0.0,930.576662065454,41.12844889138309,159.6029780593722
2024-07-27 06:15:00,0.0,930.576662065454,54.04264656350551,159.6029780593722
2024-07-27 06:20:00,0.0,930.576662065454,68.45959943051503,159.6029780593722
2024-07-27 06:25:00,0.0,930.576662065454,84.42256613893193,159.6029780593722
2024-07-27 06:30:00,0.0,930.576662065454,101.96877414558318,157.37955758186666
2024-07-27 06:35:00,63.40000153,930.576662065454,121.12906091623972,157.37955758186666
2024-07-27 06:40:00,72.19999695,930.576662065454,141.9275501525722,155.80113170394998
2024-07-27 06:45:00,96.0,930.576662065454,164.38136506349295,155.80113170394998
2024-07-27 06:50:00,94.40000153,930.576662065454,188.5003813517016,146.6758724168777
2024-07-27 06:55:00,105.3000031,930.576662065454,214.28702170367916,146.6758724168777
2024-07-27 07:00:00,126.0999985,930.576662065454,241.73609371800015,533.9470717055248
2024-07-27 07:05:00,149.8999939,930.576662065454,270.8346724441222,533.9470717055248
2024-07-27 07:10:00,173.3999939,930.576662065454,301.562029002663,533.9470717055248
2024-07-27 07:15:00,192.3999939,930.576662065454,333.88960610150605,533.9470717055248
2024-07-27 07:20:00,184.1666718,930.576662065454,367.78104048218705,533.9470717055248
2024-07-27 07:25:00,190.6999969,930.576662065454,403.192233263085,533.9470717055248
2024-07-27 07:30:00,191.5333252,930.576662065454,440.0714674432241,533.9470717055248
2024-07-27 07:35:00,218.3000031,930.576662065454,478.3595724934515,533.9470717055248
2024-07-27 07:40:00,260.0,930.576662065454,517.990134835165,533.9470717055248
2024-07-27 07:45:00,298.7999878,930.576662065454,558.8897536138212,533.9470717055248
2024-07-27 07:50:00,358.3999939,930.576662065454,600.978339976938,533.9470717055248
2024-07-27 07:55:00,430.6000061,930.576662065454,644.1694582278858,533.9470717055248
2024-07-27 08:00:00,765.0999756,930.576662065454,688.3707071504554,896.680245870665
2024-07-27 08:05:00,866.7000122,930.576662065454,733.4841383876313,884.4390175160809
2024-07-27 08:10:00,921.4000244,930.576662065454,779.4067105002166,885.4620067320142
2024-07-27 08:15:00,898.4333496,930.576662065454,826.0307747913581,885.4620067320142
2024-07-27 08:20:00,921.7333984,930.576662065454,873.2445906400947,873.8800623580697
2024-07-27 08:25:00,936.3666992,930.576662065454,920.932866660477,849.8814934398102
2024-07-27 08:30:00,1083.5,930.576662065454,968.9773246203266,832.5294969037466
2024-07-27 08:35:00,1036.599976,930.576662065454,1017.2572820106293,829.1941221639688
2024-07-27 08:40:00,1082.633301,930.576662065454,1065.650250157885,833.3488442192132
2024-07-27 08:45:00,1098.933228,930.576662065454,1114.0325439194962,829.0280264625769
2024-07-27 08:50:00,1136.700073,930.576662065454,1162.279898375168,853.898207370266
2024-07-27 08:55:00,1173.400024,930.576662065454,1210.268089624458,858.9228195958216
2024-07-27 09:00:00,1215.066772,930.576662065454,1257.8735549858786,1381.4574594201279
2024-07-27 09:05:00,1257.199951,930.576662065454,1304.974008865935,1327.3341049392925
2024-07-27 09:10:00,1301.566772,930.576662065454,1351.4490500976299,1327.3341049392925
2024-07-27 09:15:00,1346.133301,930.576662065454,1397.1807572766986,1368.495159020709
2024-07-27 09:20:00,1390.766602,930.576662065454,1442.054267909344,1367.7038660424869
2024-07-27 09:25:00,1432.833374,930.576662065454,1485.958337768059,1367.2566070291537
2024-07-27 09:30:00,1474.333374,930.576662065454,1528.7858772282116,1367.2566070291537
2024-07-27 09:35:00,1515.0,930.576662065454,1570.4344602502783,1380.8820136813758
2024-07-27 09:40:00,1556.966675,930.576662065454,1610.8068041533202,1380.8820136813758
2024-07-27 09:45:00,1596.833374,930.576662065454,1649.8112159164518,1408.4315204004095
2024-07-27 09:50:00,1636.099976,930.576662065454,1687.362003018122,1404.221971956165
2024-07-27 09:55:00,1674.066772,930.576662065454,1723.3798460019293,1460.5844163401664
2024-07-27 10:00:00,1710.5,930.576662065454,1757.7921304513716,1949.7077221348118
2024-07-27 10:05:00,1738.599976,930.576662065454,1790.5332366908115,1955.9857851687796
2024-07-27 10:10:00,1758.266602,930.576662065454,1821.5447850223766,1860.5723717917924
2024-07-27 10:15:00,1777.5,930.576662065454,1850.775835906373,1860.5723717917924
2024-07-27 10:20:00,1807.599976,930.576662065454,1878.1830430384646,1856.6549889556816
2024-07-27 10:25:00,1848.966675,930.576662065454,1903.7307595812326,1856.6549889556816
2024-07-27 10:30:00,1889.733398,930.576662065454,1927.3910964751221,1856.6549889556816
2024-07-27 10:35:00,1920.933228,930.576662065454,1949.1439331115662,1855.126378054015
2024-07-27 10:40:00,1945.700073,930.576662065454,1968.9768803532338,1855.126378054015
2024-07-27 10:45:00,1968.566772,930.576662065454,1986.885196807541,1855.126378054015
2024-07-27 10:50:00,1995.333374,930.576662065454,2002.8716590196782,1855.126378054015
2024-07-27 10:55:00,2018.299927,930.576662065454,2016.9463869154606,1805.3766356090705
2024-07-27 11:00:00,2038.466797,930.576662065454,2029.126626078347,2050.6129999465393
2024-07-27 11:05:00,2050.300049,930.576662065454,2039.436488456481,2050.6025331325714
2024-07-27 11:10:00,2057.0,930.576662065454,2047.9066539765174,2050.6025331325714
2024-07-27 11:15:00,2058.166748,930.576662065454,2054.574035081243,2050.6025331325714
2024-07-27 11:20:00,2057.06665,930.576662065454,2059.4814070406082,2046.4797071471198
2024-07-27 11:25:00,2056.100098,930.576662065454,2062.677006766412,2046.4379887594941
2024-07-27 11:30:00,2055.166748,930.576662065454,2064.214103218188,2046.4379887594941
2024-07-27 11:35:00,2054.866943,930.576662065454,2064.150542620575,2046.4379887594941
2024-07-27 11:40:00,2054.300049,930.576662065454,2062.5482719110273,2046.4379887594941
2024-07-27 11:45:00,2055.633057,930.576662065454,2059.4728438530615,2046.4379887594941
2024-07-27 11:50:00,2057.533447,930.576662065454,2054.9929075909295,2046.4379887594941
2024-07-27 11:55:00,2059.233398,930.576662065454,2049.1796882144413,2046.4294695501612
2024-07-27 12:00:00,2058.199951,930.576662065454,2042.1064591792367,2045.411230014127
2024-07-27 12:05:00,2056.266846,930.576662065454,2033.8480113567455,2045.4228776919051
2024-07-27 12:10:00,2053.866455,930.576662065454,2024.4801224610808,2045.253098247778
2024-07-27 12:15:00,2054.300049,930.576662065454,2014.0790307199818,2052.6430766062713
2024-07-27 12:20:00,2055.366455,930.576662065454,2002.7209163526443,2047.0319165808087
2024-07-27 12:25:00,2057.033203,930.576662065454,1990.4813945915876,2049.018606481297
2024-07-27 12:30:00,2056.633545,930.576662065454,1977.4350236323962,2053.510359211448
2024-07-27 12:35:00,2052.06665,930.576662065454,1963.6548311176452,2012.5801282355876
2024-07-27 12:40:00,2034.633301,930.576662065454,1949.2118620265703,1982.2086636168444
2024-07-27 12:45:00,2018.933228,930.576662065454,1934.174751374879,1965.5836350659495
2024-07-27 12:50:00,2012.133301,930.576662065454,1918.609324261239,1777.1020503130628
2024-07-27 12:55:00,2032.466675,930.576662065454,1902.5782260438668,1817.234034345102
2024-07-27 13:00:00,2050.699951,930.576662065454,1886.1405849627217,1418.6392720411977
2024-07-27 13:05:00,2063.5,930.576662065454,1869.351709256401,1557.9729781631659
2024-07-27 13:10:00,2059.333252,930.576662065454,1852.2628208175277,1906.7020197910388
2024-07-27 13:15:00,2057.300049,930.576662065454,1834.9208265721627,1818.9538431686808
2024-07-27 13:20:00,2054.599854,930.576662065454,1817.3681293377047,1809.2683361738395
2024-07-27 13:25:00,2058.133301,930.576662065454,1799.6424786324096,1736.8574947442414
2024-07-27 13:30:00,2058.56665,930.576662065454,1781.7768624077337,1605.3526638607655
2024-07-27 13:35:00,2060.733398,930.576662065454,1763.7994399344868,1802.3625253666366
2024-07-27 13:40:00,2058.733398,930.576662065454,1745.7335158113644,1907.121195874336
2024-07-27 13:45:00,2058.699951,930.576662065454,1727.5975550093533,1744.2563941021172
2024-07-27 13:50:00,2057.633545,930.576662065454,1709.4052381008585,1762.9739781454175
2024-07-27 13:55:00,2057.56665,930.576662065454,1691.1655560044135,1590.5241316879167
2024-07-27 14:00:00,2058.5,930.576662065454,1672.8829428251206,837.7514275030809
2024-07-27 14:05:00,2058.833252,930.576662065454,1654.557445738628,740.8144021241301
2024-07-27 14:10:00,2058.900146,930.576662065454,1636.1849296356222,643.1722400399889
2024-07-27 14:15:00,2057.333496,930.576662065454,1617.7573149229231,1317.8382568755749
2024-07-27 14:20:00,2058.333252,930.576662065454,1599.2628461949862,1356.8750289636014
2024-07-27 14:25:00,1984.16687,930.576662065454,1580.6863891648213,1446.2990908755125
2024-07-27 14:30:00,1984.833374,930.576662065454,1562.0097533667745,1342.0837104486134
2024-07-27 14:35:00,1982.533325,930.576662065454,1543.212037656033,1330.0994463628738
2024-07-27 14:40:00,2056.533447,930.576662065454,1524.2699957357643,1275.6724314394446
2024-07-27 14:45:00,2054.633301,930.576662065454,1505.1584181836226,1292.7746532758986
2024-07-27 14:50:00,2054.833252,930.576662065454,1485.8505282968017,1367.3105419516255
2024-07-27 14:55:00,2053.099854,930.576662065454,1466.3183878809223,1377.872372979003
2024-07-27 15:00:00,2054.699951,930.576662065454,1446.5333099372958,1072.925403015511
2024-07-27 15:05:00,2057.166504,930.576662065454,1426.4662747763784,1144.3024256840488
2024-07-27 15:10:00,2060.899902,930.576662065454,1406.0883459805602,1159.4417019822663
2024-07-27 15:15:00,1937.366699,930.576662065454,1385.3710831153269,1135.6472151968044
2024-07-27 15:20:00,1875.100098,930.576662065454,1364.2869474878412,1369.3744773185222
2024-07-27 15:25:00,1423.0,930.576662065454,1342.8096979342242,1268.050830773157
2024-07-27 15:30:00,1086.5,930.576662065454,1320.9147731903984,1243.7597083297514
2024-07-27 15:35:00,1053.300049,930.576662065454,1298.579658197986,1254.322861438899
2024-07-27 15:40:00,1070.93335,930.576662065454,1275.7842308966738,1220.4056140038722
2024-07-27 15:45:00,1090.200073,930.576662065454,1252.5110870301567,1211.0062601889053
2024-07-27 15:50:00,1090.93335,930.576662065454,1228.7458405381485,1301.2357487787551
2024-07-27 15:55:00,1054.700073,930.576662065454,1204.4773967207384,1320.972806801282
2024-07-27 16:00:00,1428.5,930.576662065454,1179.6981964970537,430.31063830044235
2024-07-27 16:05:00,1376.299927,930.576662065454,1154.4044294904745,434.2591300335885
2024-07-27 16:10:00,1358.900024,930.576662065454,1128.5962144906043,424.70140759443666
2024-07-27 16:15:00,1324.099976,930.576662065454,1102.2777458494008,400.24234928490756
2024-07-27 16:20:00,1112.700073,930.576662065454,1075.4574046269904,1082.7685027400948
2024-07-27 16:25:00,1384.900024,930.576662065454,1048.147833774846,1086.4307366399173
2024-07-27 16:30:00,1249.049927,930.576662065454,1020.3659766279349,1098.7156958662467
2024-07-27 16:35:00,1223.0,930.576662065454,992.1330786317825,1235.9472759462562
2024-07-27 16:40:00,1068.43335,930.576662065454,963.474652108068,1250.1202942467708
2024-07-27 16:45:00,988.5667114,930.576662065454,934.4204047785727,1375.2384486953467
2024-07-27 16:50:00,1105.699951,930.576662065454,905.0041320752201,1431.7952996531246
2024-07-27 16:55:00,1121.399902,930.576662065454,875.2635747302737,1430.0219151247434
2024-07-27 17:00:00,1126.633301,930.576662065454,845.240242147187,941.778179926099
2024-07-27 17:05:00,1112.200073,930.576662065454,814.9792038543471,937.5256914552251
2024-07-27 17:10:00,1043.56665,930.576662065454,784.5288497715688,935.8348381676377
2024-07-27 17:15:00,974.9333496,930.576662065454,753.9406217587233,917.5087978026131
2024-07-27 17:20:00,902.6000366,930.576662065454,723.2687186114454,903.5097400106243
2024-07-27 17:25:00,832.9333496,930.576662065454,692.5697765011425,885.697340047004
2024-07-27 17:30:00,801.0,930.576662065454,661.9025276742105,880.6637074612864
2024-07-27 17:35:00,756.2333984,930.576662065454,631.3274400063312,869.3292176368553
2024-07-27 17:40:00,764.833313,930.576662065454,600.9063401716949,866.7825237115616
2024-07-27 17:45:00,694.5333862,930.576662065454,570.702023563255,836.6207098106593
2024-07-27 17:50:00,698.4333496,930.576662065454,540.7778538539258,831.5973028970911
2024-07-27 17:55:00,668.7000122,930.576662065454,511.19735545780446,672.8604397771804
2024-07-27 18:00:00,685.6000366,930.576662065454,482.02380191084046,233.55350287587177
2024-07-27 18:05:00,667.0,930.576662065454,453.3198035672268,234.83536761311393
2024-07-27 18:10:00,594.9000244,930.576662065454,425.1468976142885,225.56078275373073
2024-07-27 18:15:00,445.0499573,930.576662065454,397.5651438846388,227.81936777599753
2024-07-27 18:20:00,342.6333313,930.576662065454,370.6327292234184,228.37191558781973
2024-07-27 18:25:00,336.2999878,930.576662065454,344.40558378155293,236.7461046226992
2024-07-27 18:30:00,261.3999939,930.576662065454,318.93701187522555,230.56174680408654
2024-07-27 18:35:00,205.9333344,930.576662065454,294.27734079116783,217.69837237124187
2024-07-27 18:40:00,188.3000031,930.576662065454,270.47358954792367,221.10147472849803
2024-07-27 18:45:00,179.5500031,930.576662065454,247.56916057803892,242.25303375596087
2024-07-27 18:50:00,155.4500122,930.576662065454,225.60355671056587,244.41033937598866
2024-07-27 18:55:00,122.7000046,930.576662065454,204.61212531561463,249.49226166424492
2024-07-27 19:00:00,108.5333328,930.576662065454,184.62583178694592,91.55564436248837
2024-07-27 19:05:00,103.2500076,930.576662065454,165.67106397692035,80.27187304949729
2024-07-27 19:10:00,87.3999939,930.576662065454,147.76946899078237,79.6087316434046
2024-07-27 19:15:00,72.30000305,930.576662065454,130.93782369157557,75.20657159111045
2024-07-27 19:20:00,60.59999847,930.576662065454,115.18793966364217,72.66232760609326
2024-07-27 19:25:00,51.29999924,930.576662065454,100.52660348201397,73.52757758443215
2024-07-27 19:30:00,41.84999847,930.576662065454,86.95555251102118,71.6963035295227
2024-07-27 19:35:00,32.15000153,930.576662065454,74.47148647762768,65.50148180871896
2024-07-27 19:40:00,23.95000076,930.576662065454,63.06611460297985,64.49946515237596
2024-07-27 19:45:00,17.75,930.576662065454,52.726237809714135,60.390969916382076
2024-07-27 19:50:00,13.83333302,930.576662065454,43.43386542525473,58.40801846858541
2024-07-27 19:55:00,0.0,930.576662065454,35.166365233350916,63.932495871886154
2024-07-27 20:00:00,0.0,930.576662065454,27.8966457292999,1.303712154373016
2024-07-27 20:05:00,0.0,930.576662065454,21.593369124129982,0.85404444449
2024-07-27 20:10:00,0.0,930.576662065454,16.221193339668357,0.5580407327444444
2024-07-27 20:15:00,0.0,930.576662065454,11.741040965792122,1.080181209414286
2024-07-27 20:20:00,0.0,930.576662065454,8.110393242162791,0.8900814752566667
2024-07-27 20:25:00,0.0,930.576662065454,5.283606525017226,0.5150407308444445
2024-07-27 20:30:00,0.0,930.576662065454,3.212248852377389,3.3091703298341266
2024-07-27 20:35:00,0.0,930.576662065454,1.845453916627629,0.0
2024-07-27 20:40:00,0.0,930.576662065454,1.130289659657909,0.0
2024-07-27 20:45:00,0.0,930.576662065454,1.0121386229928884,2.8070221774785717
2024-07-27 20:50:00,0.0,930.576662065454,1.435087054193014,0.0
2024-07-27 20:55:00,0.0,930.576662065454,2.342319793572275,0.0
2024-07-27 21:00:00,0.0,930.576662065454,3.6765177394096167,0.0
2024-07-27 21:05:00,0.0,930.576662065454,5.38025506089643,0.0
2024-07-27 21:10:00,0.0,930.576662065454,7.396392772026874,0.0
2024-07-27 21:15:00,0.0,930.576662065454,9.66846598030291,0.0
2024-07-27 21:20:00,0.0,930.576662065454,12.141061539458462,0.0
2024-07-27 21:25:00,0.0,930.576662065454,14.760183442946794,0.0
2024-07-27 21:30:00,0.0,930.576662065454,17.473603082961883,0.0
2024-07-27 21:35:00,0.0,930.576662065454,20.231191743224453,0.0
2024-07-27 21:40:00,0.0,930.576662065454,22.985232853553892,0.0
2024-07-27 21:45:00,0.0,930.576662065454,25.690711659979087,0.0
2024-07-27 21:50:00,0.0,930.576662065454,28.305580205813342,0.0
2024-07-27 21:55:00,0.0,930.576662065454,30.790995609145437,0.0
2024-07-27 22:00:00,0.0,930.576662065454,33.11153007516599,0.0
2024-07-27 22:05:00,0.0,930.576662065454,35.235350973021035,0.0
2024-07-27 22:10:00,0.0,930.576662065454,37.13436993243041,0.0
2024-07-27 22:15:00,0.0,930.576662065454,38.78435981710957,0.0
2024-07-27 22:20:00,0.0,930.576662065454,40.16503896996681,0.0
2024-07-27 22:25:00,0.0,930.576662065454,41.26012221925656,0.0
2024-07-27 22:30:00,0.0,930.576662065454,42.05733848429626,0.0
2024-07-27 22:35:00,0.0,930.576662065454,42.54841506692863,0.0
2024-07-27 22:40:00,0.0,930.576662065454,42.72902898884816,0.0
2024-07-27 22:45:00,0.0,930.576662065454,42.59872600374086,0.0
2024-07-27 22:50:00,0.0,930.576662065454,42.160808178427615,0.0
2024-07-27 22:55:00,0.0,930.576662065454,41.422191175601235,0.0
2024-07-27 23:00:00,0.0,930.576662065454,40.393232652317295,0.0
2024-07-27 23:05:00,0.0,930.576662065454,39.08753337870634,0.0
2024-07-27 23:10:00,0.0,930.576662065454,37.52171293139301,0.0
2024-07-27 23:15:00,0.0,930.576662065454,35.71516201839228,0.0
2024-07-27 23:20:00,0.0,930.576662065454,33.68977366994616,0.0
2024-07-27 23:25:00,0.0,930.576662065454,31.46965572067914,0.0
2024-07-27 23:30:00,0.0,930.576662065454,29.08082713402318,0.0
2024-07-27 23:35:00,0.0,930.576662065454,26.55090087990716,0.0
2024-07-27 23:40:00,0.0,930.576662065454,23.90875616976666,0.0
2024-07-27 23:45:00,0.0,930.576662065454,21.18420291353981,0.0
2024-07-27 23:50:00,0.0,930.576662065454,18.40764143335311,0.0
2024-07-27 23:55:00,0.0,930.576662065454,15.60972032301751,0.0
2024-07-28 00:00:00,0.0,930.576662065454,12.82099555149463,0.0
2024-07-28 00:05:00,0.0,930.576662065454,10.071593769507695,0.0
2024-07-28 00:10:00,0.0,930.576662065454,7.390882798855804,0.0
2024-07-28 00:15:00,0.0,930.576662065454,4.807152214149279,0.0
2024-07-28 00:20:00,0.0,930.576662065454,2.3473068484651503,0.0
2024-07-28 00:25:00,0.0,930.576662065454,0.03657594603721554,0.0
2024-07-28 00:30:00,0.0,930.576662065454,-2.1017594722101087,0.0
2024-07-28 00:35:00,0.0,930.576662065454,-4.046618494918671,0.0
2024-07-28 00:40:00,0.0,930.576662065454,-5.779349296337285,0.0
2024-07-28 00:45:00,0.0,930.576662065454,-7.283933022249433,0.0
2024-07-28 00:50:00,0.0,930.576662065454,-8.547160737210252,0.0
2024-07-28 00:55:00,0.0,930.576662065454,-9.558781760463829,0.0
2024-07-28 01:00:00,0.0,930.576662065454,-10.31162196058083,0.0
2024-07-28 01:05:00,0.0,930.576662065454,-10.801670827202967,0.0
2024-07-28 01:10:00,0.0,930.576662065454,-11.028136402842312,0.0
2024-07-28 01:15:00,0.0,930.576662065454,-10.99346739425411,0.0
2024-07-28 01:20:00,0.0,930.576662065454,-10.703342142877931,0.0
2024-07-28 01:25:00,0.0,930.576662065454,-10.166624233560645,0.0
2024-07-28 01:30:00,0.0,930.576662065454,-9.395285047605663,0.0
2024-07-28 01:35:00,0.0,930.576662065454,-8.404293615275646,0.0
2024-07-28 01:40:00,0.0,930.576662065454,-7.211474535791404,0.0
2024-07-28 01:45:00,0.0,930.576662065454,-5.837334958225656,0.0
2024-07-28 01:50:00,0.0,930.576662065454,-4.304861883196646,0.0
2024-07-28 01:55:00,0.0,930.576662065454,-2.639291328367369,0.0
2024-07-28 02:00:00,0.0,930.576662065454,-0.8678510750111946,0.0
2024-07-28 02:05:00,0.0,930.576662065454,0.9805209191314948,0.0
2024-07-28 02:10:00,0.0,930.576662065454,2.875480339953702,0.0
2024-07-28 02:15:00,0.0,930.576662065454,4.785600026801863,0.0
2024-07-28 02:20:00,0.0,930.576662065454,6.678710683770534,0.0
2024-07-28 02:25:00,0.0,930.576662065454,8.522255937605715,0.0
2024-07-28 02:30:00,0.0,930.576662065454,10.283658901635366,0.0
2024-07-28 02:35:00,0.0,930.576662065454,11.930697181493173,0.0
2024-07-28 02:40:00,0.0,930.576662065454,13.43188321766582,0.0
2024-07-28 02:45:00,0.0,930.576662065454,14.756846771844211,0.0
2024-07-28 02:50:00,0.0,930.576662065454,15.876716297204895,0.0
2024-07-28 02:55:00,0.0,930.576662065454,16.76449595452111,0.0
2024-07-28 03:00:00,0.0,930.576662065454,17.395435008177657,0.0
2024-07-28 03:05:00,0.0,930.576662065454,17.74738633348007,0.0
2024-07-28 03:10:00,0.0,930.576662065454,17.80115095567494,0.0
2024-07-28 03:15:00,0.0,930.576662065454,17.540805380555923,0.0
2024-07-28 03:20:00,0.0,930.576662065454,16.954008897668785,0.0
2024-07-28 03:25:00,0.0,930.576662065454,16.03228783987574,0.0
2024-07-28 03:30:00,0.0,930.576662065454,14.77129418489676,0.0
2024-07-28 03:35:00,0.0,930.576662065454,13.17103595991627,0.0
2024-07-28 03:40:00,0.0,930.576662065454,11.236077060542742,0.0
2024-07-28 03:45:00,0.0,930.576662065454,8.975704415769078,0.0
2024-07-28 03:50:00,0.0,930.576662065454,6.40406056393925,0.0
2024-07-28 03:55:00,0.0,930.576662065454,3.540240085633642,0.0
2024-07-28 04:00:00,0.0,930.576662065454,0.4083483415083936,0.0
2024-07-28 04:05:00,0.0,930.576662065454,-2.9624783142890525,0.0
2024-07-28 04:10:00,0.0,930.576662065454,-6.53809197543531,0.0
2024-07-28 04:15:00,0.0,930.576662065454,-10.279392504499416,0.0
2024-07-28 04:20:00,0.0,930.576662065454,-14.142427141770828,0.0
2024-07-28 04:25:00,0.0,930.576662065454,-18.078530257668458,0.0
2024-07-28 04:30:00,0.0,930.576662065454,-22.034502802911028,0.0
2024-07-28 04:35:00,0.0,930.576662065454,-25.95283083829403,0.0
2024-07-28 04:40:00,0.0,930.576662065454,-29.771942084302143,0.0
2024-07-28 04:45:00,0.0,930.576662065454,-33.42649920742732,0.0
2024-07-28 04:50:00,0.0,930.576662065454,-36.84772823367085,0.0
2024-07-28 04:55:00,0.0,930.576662065454,-39.96378028613426,0.0
2024-07-28 05:00:00,0.0,930.576662065454,-42.70012437971829,0.0
2024-07-28 05:05:00,0.0,930.576662065454,-44.97996901562351,0.0
2024-07-28 05:10:00,0.0,930.576662065454,-46.724709869512594,0.0
2024-07-28 05:15:00,0.0,930.576662065454,-47.85440073958704,0.0
2024-07-28 05:20:00,0.0,930.576662065454,-48.288244713015324,0.0
2024-07-28 05:25:00,0.0,930.576662065454,-47.945102321502404,0.0
2024-07-28 05:30:00,0.0,930.576662065454,-46.74401328859966,0.0
2024-07-28 05:35:00,0.0,930.576662065454,-44.604728378446325,0.0
2024-07-28 05:40:00,0.0,930.576662065454,-41.44824771418121,0.0
2024-07-28 05:45:00,0.0,930.576662065454,-37.19736182554097,0.0
2024-07-28 05:50:00,0.0,930.576662065454,-31.777191773706146,0.0
2024-07-28 05:55:00,0.0,930.576662065454,-25.115724422431565,0.0
2024-07-28 06:00:00,0.0,930.576662065454,-17.144339213917547,99.4665888066049
2024-07-28 06:05:00,0.0,930.576662065454,-7.798322596198121,100.39408880653822
2024-07-28 06:10:00,0.0,930.576662065454,2.9826335437226055,89.96913140814975
2024-07-28 06:15:00,0.0,930.576662065454,15.253953067772905,59.59208406964206
2024-07-28 06:20:00,0.0,930.576662065454,29.065719940777665,54.99884179200988
2024-07-28 06:25:00,0.0,930.576662065454,44.4622489852589,56.33699659367018
2024-07-28 06:30:00,0.0,930.576662065454,61.481686525099484,62.62881438911873
2024-07-28 06:35:00,0.0,930.576662065454,80.15564350999837,65.76541441328095
2024-07-28 06:40:00,54.70000076,930.576662065454,100.50886439450282,70.80026188475456
2024-07-28 06:45:00,74.5,930.576662065454,122.55893404648077,76.30808726431123
2024-07-28 06:50:00,80.40000153,930.576662065454,146.3160251203701,76.7935075336316
2024-07-28 06:55:00,86.59999847,930.576662065454,171.78268804750388,82.69759150546334
2024-07-28 07:00:00,104.3000031,930.576662065454,198.9536851785029,511.9808780818969
2024-07-28 07:05:00,129.0,930.576662065454,227.8158708959325,518.5497632807921
2024-07-28 07:10:00,158.3000031,930.576662065454,258.34811859065616,528.7214457226598
2024-07-28 07:15:00,186.6999969,930.576662065454,290.521295700564,548.9514988926267
2024-07-28 07:20:00,206.1999969,930.576662065454,324.2982867428472,548.9514988926267
2024-07-28 07:25:00,227.1000061,930.576662065454,359.6340652602288,532.2223860406283
2024-07-28 07:30:00,263.1000061,930.576662065454,396.4758141986503,540.7321303706506
2024-07-28 07:35:00,248.0333252,930.576662065454,434.7630940232331,405.59211952956787
2024-07-28 07:40:00,297.2999878,930.576662065454,474.4280582754089,405.59211952956787
2024-07-28 07:45:00,280.3666687,930.576662065454,515.3957150414465,405.59211952956787
2024-07-28 07:50:00,406.7999878,930.576662065454,557.5842331986777,398.2458520650779
2024-07-28 07:55:00,407.6499634,930.576662065454,600.9052911776502,379.19392043770654
2024-07-28 08:00:00,631.0,930.576662065454,645.264467075867,1142.457001598689
2024-07-28 08:05:00,729.2999878,930.576662065454,690.5616665598977,1122.055561870474
2024-07-28 08:10:00,680.166687,930.576662065454,736.691587110854,1112.8378814295727
2024-07-28 08:15:00,1000.0,930.576662065454,783.5442150943628,1096.6295318417178
2024-07-28 08:20:00,941.8499756,930.576662065454,831.0053525827777,1096.6295318417178
2024-07-28 08:25:00,959.4666138,930.576662065454,878.957171035156,1087.9017396406846
2024-07-28 08:30:00,961.0,930.576662065454,927.2787876401146,1072.4012631341036
2024-07-28 08:35:00,1004.43335,930.576662065454,975.8468614272493,1065.132455624751
2024-07-28 08:40:00,1128.800049,930.576662065454,1024.5362047487934,1062.72104754364
2024-07-28 08:45:00,1085.866699,930.576662065454,1073.2204068362116,1062.72104754364
2024-07-28 08:50:00,1140.133423,930.576662065454,1121.7724643856923,1053.0400541412148
2024-07-28 08:55:00,1171.099976,930.576662065454,1170.0654164431796,1055.6339065465481
2024-07-28 09:00:00,1221.5,930.576662065454,1217.9729787054096,1557.5479175589721
2024-07-28 09:05:00,1266.333374,930.576662065454,1265.370173026576,1460.8003180058038
2024-07-28 09:10:00,1310.266724,930.576662065454,1312.1339487988996,1461.2810223502481
2024-07-28 09:15:00,1350.133301,930.576662065454,1358.143791516805,1461.2810223502481
2024-07-28 09:20:00,1387.566772,930.576662065454,1403.282315056606,1500.5614404332334
2024-07-28 09:25:00,1423.700073,930.576662065454,1447.4358337353272,1500.5614404332334
2024-07-28 09:30:00,1464.766602,930.576662065454,1490.494910436069,1533.6156956239345
2024-07-28 09:35:00,1504.400024,930.576662065454,1532.3548774877195,1529.4394252379027
2024-07-28 09:40:00,1542.666626,930.576662065454,1572.9163268063644,1558.0201646584815
2024-07-28 09:45:00,1578.666626,930.576662065454,1612.0855665135502,1558.0201646584815
2024-07-28 09:50:00,1616.633301,930.576662065454,1649.7750408876066,1559.1260647449576
2024-07-28 09:55:00,1656.866699,930.576662065454,1685.9037113651227,1423.0731511141435
2024-07-28 10:00:00,1694.066772,930.576662065454,1720.397395862136,1744.0987369964773
2024-07-28 10:05:00,1728.266602,930.576662065454,1753.1890649509398,1777.6539983963028
2024-07-28 10:10:00,1756.733398,930.576662065454,1784.2190926760825,1877.0742987099716
2024-07-28 10:15:00,1782.366699,930.576662065454,1813.435461102109,1896.1446596811563
2024-07-28 10:20:00,1812.700073,930.576662065454,1840.7939167998215,1899.5714193953938
2024-07-28 10:25:00,1850.966675,930.576662065454,1866.2580793830089,1904.4354949183623
2024-07-28 10:30:00,1902.633423,930.576662065454,1889.7995011474247,1908.8781878379
2024-07-28 10:35:00,1953.866577,930.576662065454,1911.3976777445112,1915.927250684942
2024-07-28 10:40:00,2001.900024,930.576662065454,1931.040010459335,1919.8598986471325
2024-07-28 10:45:00,2032.833374,930.576662065454,1948.7217204335475,1924.4839790349104
2024-07-28 10:50:00,2050.300049,930.576662065454,1964.4457158670014,1930.2078402240159
2024-07-28 10:55:00,2054.699951,930.576662065454,1978.2224134921548,1924.9903518996825
2024-07-28 11:00:00,2057.966553,930.576662065454,1990.0695157640555,2005.5947536281794
2024-07-28 11:05:00,2061.399902,930.576662065454,2000.0117457780295,2005.5947536281794
2024-07-28 11:10:00,2064.166748,930.576662065454,2008.0805419670237,2005.07827554292
2024-07-28 11:15:00,2062.899902,930.576662065454,2014.3137150828813,2011.2917016944914
2024-07-28 11:20:00,2060.199951,930.576662065454,2018.755070072262,2012.7030542589177
2024-07-28 11:25:00,1933.733398,930.576662065454,2021.453995787157,2012.6831654789175
2024-07-28 11:30:00,1871.050049,930.576662065454,2022.4650256484217,2010.749795809705
2024-07-28 11:35:00,2062.0,930.576662065454,2021.8473725531965,2009.0953360090382
2024-07-28 11:40:00,1918.199951,930.576662065454,2019.6644415131907,2006.4853718239744
2024-07-28 11:45:00,1966.5,930.576662065454,2015.98332359912,2007.2648993071195
2024-07-28 11:50:00,1965.533325,930.576662065454,2010.874274932141,2006.717707813303
2024-07-28 11:55:00,2060.43335,930.576662065454,2004.4101845034768,2006.717707813303
2024-07-28 12:00:00,1995.900024,930.576662065454,1996.6660346429705,2012.4932096952716
2024-07-28 12:05:00,1998.0,930.576662065454,1987.7183581014897,2012.4932096952716
2024-07-28 12:10:00,1957.666626,930.576662065454,1977.6446955029453,2012.4932096952716
2024-07-28 12:15:00,2022.733398,930.576662065454,1966.5230570988563,1988.5561531218827
2024-07-28 12:20:00,2022.366577,930.576662065454,1954.4313925868196,1990.2878622576054
2024-07-28 12:25:00,1969.833374,930.576662065454,1941.4470726485595,1985.7712756401133
2024-07-28 12:30:00,1922.399902,930.576662065454,1927.6463858904851,1986.5080164325648
2024-07-28 12:35:00,1512.800171,930.576662065454,1913.1040545662418,1957.0026595063398
2024-07-28 12:40:00,1349.833374,930.576662065454,1897.8927723854988,1915.747286487973
2024-07-28 12:45:00,1327.366577,930.576662065454,1882.0827675103128,1899.8289920125676
2024-07-28 12:50:00,1797.699951,930.576662065454,1865.7413936534872,1789.0207016746351
2024-07-28 12:55:00,1734.199829,930.576662065454,1848.9327519459086,1743.4723833777668
2024-07-28 13:00:00,1676.733398,930.576662065454,1831.717345918334,1300.6900110739905
2024-07-28 13:05:00,1545.233398,930.576662065454,1814.151771949554,1286.9914564131236
2024-07-28 13:10:00,1530.033325,930.576662065454,1796.2884468302798,1290.9996014065027
2024-07-28 13:15:00,1992.099976,930.576662065454,1778.1753740621891,1357.306180186735
2024-07-28 13:20:00,1808.599976,930.576662065454,1759.8559505345904,1347.4187805252996
2024-07-28 13:25:00,1900.350098,930.576662065454,1741.3688139498086,1356.1491128002049
2024-07-28 13:30:00,1608.550049,930.576662065454,1722.7477321714268,1359.0409693458514
2024-07-28 13:35:00,1029.900024,930.576662065454,1704.0215346549394,1460.076964442739
2024-07-28 13:40:00,534.4000244,930.576662065454,1685.2140859326198,1391.5520957050262
2024-07-28 13:45:00,342.1499939,930.576662065454,1666.3443009656557,1237.0310769312905
2024-07-28 13:50:00,205.0499878,930.576662065454,1647.4262017217761,1175.446795039937
2024-07-28 13:55:00,0.0,930.576662065454,1628.4690140123216,943.1519166931789
2024-07-28 14:00:00,0.0,930.576662065454,1609.4773035060903,696.4687235471531
2024-07-28 14:05:00,0.0,930.576662065454,1590.4511492916763,739.701553975403
2024-07-28 14:10:00,0.0,930.576662065454,1571.3863532909372,665.063483061631
2024-07-28 14:15:00,0.0,930.576662065454,1552.2746834372242,654.8119330969222
2024-07-28 14:20:00,0.0,930.576662065454,1533.1041483496651,618.2306883354225
2024-07-28 14:25:00,0.0,930.576662065454,1513.8593010548464,602.5227220914393
2024-07-28 14:30:00,0.0,930.576662065454,1494.5215688843657,613.090009369582
2024-07-28 14:35:00,0.0,930.576662065454,1475.069606908141,984.6085766604774
2024-07-28 14:40:00,0.0,930.576662065454,1455.4796715749471,956.5763009912233
2024-07-28 14:45:00,0.0,930.576662065454,1435.726011411311,978.3131694284664
2024-07-28 14:50:00,0.0,930.576662065454,1415.7812717805984,1000.8482743599417
2024-07-28 14:55:00,0.0,930.576662065454,1395.6169097931177,1084.4876189065142
2024-07-28 15:00:00,0.0,930.576662065454,1375.203616316994,1243.420270140475
2024-07-28 15:05:00,0.0,930.576662065454,1354.5117413616147,1365.8788980635397
2024-07-28 15:10:00,0.0,930.576662065454,1333.5117195443127,1444.2083724377887
2024-07-28 15:15:00,0.0,930.576662065454,1312.1744919477003,1484.3933610480726
2024-07-28 15:20:00,0.0,930.576662065454,1290.471921049425,1538.6957055825178
2024-07-28 15:25:00,0.0,930.576662065454,1268.377195341743,1493.1791347606586
2024-07-28 15:30:00,0.0,930.576662065454,1245.8652204208493,1319.1660252551133
2024-07-28 15:35:00,0.0,930.576662065454,1222.9129933187953,1209.6801531790163
2024-07-28 15:40:00,0.0,930.576662065454,1199.4999572037107,1227.2662384119442
2024-07-28 15:45:00,0.0,930.576662065454,1175.6083334726518,1201.7452843384478
2024-07-28 15:50:00,0.0,930.576662065454,1151.2234287461563,1195.3927897357623
2024-07-28 15:55:00,725.2000122,930.576662065454,1126.333914283688,1172.8921645256498
2024-07-28 16:00:00,704.7000122,930.576662065454,1100.9320755527633,1032.6168745554116
2024-07-28 16:05:00,697.8666992,930.576662065454,1075.014030193828,990.7098875083309
2024-07-28 16:10:00,684.2000732,930.576662065454,1048.5799125217336,1046.9242473833817
2024-07-28 16:15:00,609.9500122,930.576662065454,1021.6340229645217,1050.714814723703
2024-07-28 16:20:00,472.7666931,930.576662065454,994.1849419502763,1081.952338729964
2024-07-28 16:25:00,424.9333496,930.576662065454,966.2456065331986,1088.0976301064707
2024-07-28 16:30:00,402.3000183,930.576662065454,937.8333498182774,1088.1079091492938
2024-07-28 16:35:00,390.0333252,930.576662065454,908.9699025768444,1084.0003487567224
2024-07-28 16:40:00,388.6000061,930.576662065454,879.6813573887214,1076.5154939121219
2024-07-28 16:45:00,381.1999817,930.576662065454,849.9980952845243,1008.5444180316271
2024-07-28 16:50:00,369.3333435,930.576662065454,819.9546757728376,973.426265574715
2024-07-28 16:55:00,355.6000061,930.576662065454,789.5896910966197,968.2782099513818
2024-07-28 17:00:00,347.2333069,930.576662065454,758.9455856654141,758.1881623898748
2024-07-28 17:05:00,333.2333374,930.576662065454,728.0684427869752,744.1084831933566
2024-07-28 17:10:00,308.3999939,930.576662065454,697.0077394303817,738.9420616574176
2024-07-28 17:15:00,281.0,930.576662065454,665.8160719160711,713.8882389362622
2024-07-28 17:20:00,249.1333466,930.576662065454,634.5488540703607,719.5380326152781
2024-07-28 17:25:00,227.9666748,930.576662065454,603.2639905887872,774.6864191459421
2024-07-28 17:30:00,210.9666748,930.576662065454,572.0215279581215,703.8838165827968
2024-07-28 17:35:00,202.5666656,930.576662065454,540.883286005241,729.7571625066088
2024-07-28 17:40:00,193.8000031,930.576662065454,509.9124726190226,704.3338265510345
2024-07-28 17:45:00,175.1333466,930.576662065454,479.1732847105485,711.4497557964685
2024-07-28 17:50:00,166.6999969,930.576662065454,448.7304990631877,715.002729482983
2024-07-28 17:55:00,130.1999969,930.576662065454,418.64905543114475,749.7612875130206
2024-07-28 18:00:00,98.20000458,930.576662065454,388.9936358069709,373.38309907298407
2024-07-28 18:05:00,90.7333374,930.576662065454,359.8282427607524,372.20843070361576
2024-07-28 18:10:00,87.40000153,930.576662065454,331.2157804604684,371.23654166588244
2024-07-28 18:15:00,85.7666626,930.576662065454,303.21764124042284,341.3133761351375
2024-07-28 18:20:00,85.03333282,930.576662065454,275.89330120917583,323.8829871549597
2024-07-28 18:25:00,84.8666687,930.576662065454,249.29992793961088,323.8829871549597
2024-07-28 18:30:00,91.19999695,930.576662065454,223.49200307590533,347.4909644762153
2024-07-28 18:35:00,88.86666107,930.576662065454,198.52096330636476,347.9064827329931
2024-07-28 18:40:00,92.1333313,930.576662065454,174.43486164715674,350.7234457585486
2024-07-28 18:45:00,93.33333588,930.576662065454,151.2780524105481,340.06220552477083
2024-07-28 18:50:00,93.1000061,930.576662065454,129.090901712722,344.2729646321597
2024-07-28 18:55:00,89.0,930.576662065454,107.90952600410783,347.6803162148264
2024-07-28 19:00:00,81.5,930.576662065454,87.7655605111505,143.38112728366863
2024-07-28 19:05:00,74.0,930.576662065454,68.68595926243084,212.85297049861472
2024-07-28 19:10:00,66.0,930.576662065454,50.692828417225606,318.3749891774451
2024-07-28 19:15:00,62.85000229,930.576662065454,33.803293716987525,280.5954985751448
2024-07-28 19:20:00,49.1333313,930.576662065454,18.02940354070943,276.7822989732781
2024-07-28 19:25:00,44.65000153,930.576662065454,3.3780677797384,276.2504103843892
2024-07-28 19:30:00,39.05000305,930.576662065454,-10.1489668391413,108.14364963964312
2024-07-28 19:35:00,31.5,930.576662065454,-22.555104873359188,65.95335852830304
2024-07-28 19:40:00,24.84999657,930.576662065454,-33.84885392242316,65.95335852830304
2024-07-28 19:45:00,19.54999924,930.576662065454,-44.043740520431314,53.754774770278075
2024-07-28 19:50:00,14.5666666,930.576662065454,-53.15819082317126,52.60728261326285
2024-07-28 19:55:00,12.86666584,930.576662065454,-61.21537711271603,47.99977410183529
2024-07-28 20:00:00,0.0,930.576662065454,-68.24303145417046,0.04322222393333333
2024-07-28 20:05:00,0.0,930.576662065454,-74.27322782779464,0.04322222393333333
2024-07-28 20:10:00,0.0,930.576662065454,-79.34213475152622,0.04322222393333333
2024-07-28 20:15:00,0.0,930.576662065454,-83.48974021521929,0.04322222393333333
2024-07-28 20:20:00,0.0,930.576662065454,-86.75955108617723,0.04322222393333333
2024-07-28 20:25:00,0.0,930.576662065454,-89.1982695830095,0.1296666718
2024-07-28 20:30:00,0.0,930.576662065454,-90.85544907269663,0.04144444466666667
2024-07-28 20:35:00,0.0,930.576662065454,-91.78313222418109,0.04144444466666667
2024-07-28 20:40:00,0.0,930.576662065454,-92.03547409321978,0.04144444466666667
2024-07-28 20:45:00,0.0,930.576662065454,-91.66835327840332,0.04144444466666667
2024-07-28 20:50:00,0.0,930.576662065454,-90.73897406465665,0.04144444466666667
2024-07-28 20:55:00,0.0,930.576662065454,-89.30546273674014,0.06614285834285714
2024-07-28 21:00:00,0.0,930.576662065454,-87.42646114403776,0.0
2024-07-28 21:05:00,0.0,930.576662065454,-85.16072068646318,0.0
2024-07-28 21:10:00,0.0,930.576662065454,-82.56669985051005,0.0
2024-07-28 21:15:00,0.0,930.576662065454,-79.70216836190306,0.0
2024-07-28 21:20:00,0.0,930.576662065454,-76.6238210864022,0.0
2024-07-28 21:25:00,0.0,930.576662065454,-73.386904435126,0.0
2024-07-28 21:30:00,0.0,930.576662065454,-70.0448583285401,0.0
2024-07-28 21:35:00,0.0,930.576662065454,-66.64897626839851,0.0
2024-07-28 21:40:00,0.0,930.576662065454,-63.248086114316735,0.0
2024-07-28 21:45:00,0.0,930.576662065454,-59.888253964287664,0.020722222333333335
2024-07-28 21:50:00,0.0,930.576662065454,-56.61251328609564,0.020722222333333335
2024-07-28 21:55:00,0.0,930.576662065454,-53.460621298506645,0.020722222333333335
2024-07-28 22:00:00,0.0,930.576662065454,-50.46884434338732,6.626509202888889
2024-07-28 22:05:00,0.0,930.576662065454,-47.669773759386864,59.302164957820644
2024-07-28 22:10:00,0.0,930.576662065454,-45.092173528908106,57.973360992720636
2024-07-28 22:15:00,0.0,930.576662065454,-42.76086068452172,235.44003817834795
2024-07-28 22:20:00,0.0,930.576662065454,-40.696619236112944,240.85490322544317
2024-07-28 22:25:00,0.0,930.576662065454,-38.91614804223797,244.48470255724314
2024-07-28 22:30:00,0.0,930.576662065454,-37.43204284550468,296.5602822075937
2024-07-28 22:35:00,0.0,930.576662065454,-36.25281236417489,194.701179773551
2024-07-28 22:40:00,0.0,930.576662065454,-35.38292806691362,416.2482757033862
2024-07-28 22:45:00,0.0,930.576662065454,-34.82290700422052,431.1685887211816
2024-07-28 22:50:00,0.0,930.576662065454,-34.5694267648883,444.68129063154413
2024-07-28 22:55:00,0.0,930.576662065454,-34.6154714005516,421.9137945161108
2024-07-28 23:00:00,0.0,930.576662065454,-34.95050689409065,416.5880918038441
2024-07-28 23:05:00,0.0,930.576662065454,-35.56068449849346,432.2474887961996
2024-07-28 23:10:00,0.0,930.576662065454,-36.42907007293798,446.2713883963646
2024-07-28 23:15:00,0.0,930.576662065454,-37.53589730878592,448.8026490019204
2024-07-28 23:20:00,0.0,930.576662065454,-38.85884255283897,455.4761559574759
2024-07-28 23:25:00,0.0,930.576662065454,-40.37331876053378,451.98321365260074
2024-07-28 23:30:00,0.0,930.576662065454,-42.05278595739899,460.0918936452065
2024-07-28 23:35:00,0.0,930.576662065454,-43.8690754490983,462.8101262012065
2024-07-28 23:40:00,0.0,930.576662065454,-45.79272490673347,522.282712856787
2024-07-28 23:45:00,0.0,930.576662065454,-47.79332139771309,503.4441796755172
2024-07-28 23:50:00,0.0,930.576662065454,-49.83984926779281,475.4762400961774
2024-07-28 23:55:00,0.0,930.576662065454,-51.901039906613406,450.40074289991946
2024-07-29 00:00:00,0.0,930.576662065454,-53.94572024882242,0.0
2024-07-29 00:05:00,0.0,930.576662065454,-55.943156965698996,0.0
2024-07-29 00:10:00,0.0,930.576662065454,-57.863393313266386,0.0
2024-07-29 00:15:00,0.0,930.576662065454,-59.67757565916285,0.0
2024-07-29 00:20:00,0.0,930.576662065454,-61.35826679786283,0.0
2024-07-29 00:25:00,0.0,930.576662065454,-62.87974326827132,0.0
2024-07-29 00:30:00,0.0,930.576662065454,-64.21827401199961,0.0
2024-07-29 00:35:00,0.0,930.576662065454,-65.35237792110587,0.0
2024-07-29 00:40:00,0.0,930.576662065454,-66.26305780186193,0.0
2024-07-29 00:45:00,0.0,930.576662065454,-66.93400886342481,0.0
2024-07-29 00:50:00,0.0,930.576662065454,-67.35179951909144,0.0
2024-07-29 00:55:00,0.0,930.576662065454,-67.50602302234684,0.0
2024-07-29 01:00:00,0.0,930.576662065454,-67.3894183638511,0.0
2024-07-29 01:05:00,0.0,930.576662065454,-66.99795924417776,0.0
2024-07-29 01:10:00,0.0,930.576662065454,-66.330910204038,0.0
2024-07-29 01:15:00,0.0,930.576662065454,-65.39084918450715,0.0
2024-07-29 01:20:00,0.0,930.576662065454,-64.18365623344225,0.0
2024-07-29 01:25:00,0.0,930.576662065454,-62.718468062217084,0.0
2024-07-29 01:30:00,0.0,930.576662065454,-61.00759889063346,0.0
2024-07-29 01:35:00,0.0,930.576662065454,-59.06642774940882,0.0
2024-07-29 01:40:00,0.0,930.576662065454,-56.91325326209992,0.0
2024-07-29 01:45:00,0.0,930.576662065454,-54.5691167079239,0.0
2024-07-29 01:50:00,0.0,930.576662065454,-52.057594799194234,0.0
2024-07-29 01:55:00,0.0,930.576662065454,-49.40456367081161,0.0
2024-07-29 02:00:00,0.0,930.576662065454,-46.63793587769981,0.0
2024-07-29 02:05:00,0.0,930.576662065454,-43.78737251555334,0.0
2024-07-29 02:10:00,0.0,930.576662065454,-40.88397263115581,0.0
2024-07-29 02:15:00,0.0,930.576662065454,-37.959942470694244,0.0
2024-07-29 02:20:00,0.0,930.576662065454,-35.04824719079123,0.0
2024-07-29 02:25:00,0.0,930.576662065454,-32.18224788384572,0.0
2024-07-29 02:30:00,0.0,930.576662065454,-29.39532684029148,0.0
2024-07-29 02:35:00,0.0,930.576662065454,-26.7205042048551,0.0
2024-07-29 02:40:00,0.0,930.576662065454,-24.190049157845777,0.0
2024-07-29 02:45:00,0.0,930.576662065454,-21.835088933152683,0.0
2024-07-29 02:50:00,0.0,930.576662065454,-19.685218957621586,0.0
2024-07-29 02:55:00,0.0,930.576662065454,-17.76811746322092,0.0
2024-07-29 03:00:00,0.0,930.576662065454,-16.10916789014139,0.0
2024-07-29 03:05:00,0.0,930.576662065454,-14.731092400428352,0.0
2024-07-29 03:10:00,0.0,930.576662065454,-13.653599718024045,0.0
2024-07-29 03:15:00,0.0,930.576662065454,-12.893050521826028,0.0
2024-07-29 03:20:00,0.0,930.576662065454,-12.462143337421628,0.0
2024-07-29 03:25:00,0.0,930.576662065454,-12.369623996052814,0.0
2024-07-29 03:30:00,0.0,930.576662065454,-12.62002127376191,0.0
2024-07-29 03:35:00,0.0,930.576662065454,-13.213411436306897,0.0
2024-07-29 03:40:00,0.0,930.576662065454,-14.145213983343986,0.0
2024-07-29 03:45:00,0.0,930.576662065454,-15.4060208179759,0.0
2024-07-29 03:50:00,0.0,930.576662065454,-16.98146072763586,0.0
2024-07-29 03:55:00,0.0,930.576662065454,-18.85210089659431,0.0
2024-07-29 04:00:00,0.0,930.576662065454,-20.993386822839568,0.0
2024-07-29 04:05:00,0.0,930.576662065454,-23.37562177554696,0.0
2024-07-29 04:10:00,0.0,930.576662065454,-25.963986634788533,0.0
2024-07-29 04:15:00,0.0,930.576662065454,-28.718600590942014,0.0
2024-07-29 04:20:00,0.0,930.576662065454,-31.59462302430261,0.0
2024-07-29 04:25:00,0.0,930.576662065454,-34.542396348485816,0.0
2024-07-29 04:30:00,0.0,930.576662065454,-37.50762951668985,0.0
2024-07-29 04:35:00,0.0,930.576662065454,-40.431621418252355,0.0
2024-07-29 04:40:00,0.0,930.576662065454,-43.25152315205913,0.0
2024-07-29 04:45:00,0.0,930.576662065454,-45.90063786464264,0.0
2024-07-29 04:50:00,0.0,930.576662065454,-48.30875647188809,0.0
2024-07-29 04:55:00,0.0,930.576662065454,-50.402527426038695,0.0
2024-07-29 05:00:00,0.0,930.576662065454,-52.10585828487004,0.0
2024-07-29 05:05:00,0.0,930.576662065454,-53.340346659122766,0.0
2024-07-29 05:10:00,0.0,930.576662065454,-54.02573784606116,0.0
2024-07-29 05:15:00,0.0,930.576662065454,-54.080406246145756,0.0
2024-07-29 05:20:00,0.0,930.576662065454,-53.42185742011795,0.0
2024-07-29 05:25:00,0.0,930.576662065454,-51.96724752336487,0.0
2024-07-29 05:30:00,0.0,930.576662065454,-49.63391662807454,0.0
2024-07-29 05:35:00,0.0,930.576662065454,-46.33993235895353,0.0
2024-07-29 05:40:00,0.0,930.576662065454,-42.004640131133876,0.0
2024-07-29 05:45:00,0.0,930.576662065454,-36.54921619852954,0.0
2024-07-29 05:50:00,0.0,930.576662065454,-29.897219705590206,0.0
2024-07-29 05:55:00,0.0,930.576662065454,-21.975139838974197,0.0
2024-07-29 06:00:00,0.0,930.576662065454,-12.71293422065049,106.21247880884836
2024-07-29 06:05:00,0.0,930.576662065454,-2.0445547216950386,106.21247880884836
2024-07-29 06:10:00,0.0,930.576662065454,10.09154309178856,92.90091138104638
2024-07-29 06:15:00,0.0,930.576662065454,23.751910614179295,72.20228194362326
2024-07-29 06:20:00,0.0,930.576662065454,38.98764042613862,68.1712513942427
2024-07-29 06:25:00,71.90000153,930.576662065454,55.843927661649005,69.79143398005804
2024-07-29 06:30:00,91.5,930.576662065454,74.35966182561086,69.79143398005804
2024-07-29 06:35:00,116.0999985,930.576662065454,94.56705184796864,69.8182654487811
2024-07-29 06:40:00,146.6999969,930.576662065454,116.49128767497687,68.5463765632811
2024-07-29 06:45:00,175.6999969,930.576662065454,140.15024081234958,65.8721829676122
2024-07-29 06:50:00,206.8999939,930.576662065454,165.55420609434344,66.71599329153499
2024-07-29 06:55:00,191.2666626,930.576662065454,192.7056870846273,66.43052662689054
2024-07-29 07:00:00,201.0333252,930.576662065454,221.59922670273846,512.9455667142529
2024-07-29 07:05:00,255.3999939,930.576662065454,252.22128466598687,505.4468333734418
2024-07-29 07:10:00,279.8999939,930.576662065454,284.5501630471399,503.1546619313545
2024-07-29 07:15:00,352.5,930.576662065454,318.55598061143064,503.1546619313545
2024-07-29 07:20:00,524.5999756,930.576662065454,354.2006967150902,503.1546619313545
2024-07-29 07:25:00,481.5499878,930.576662065454,391.43818472080744,501.5766937480211
2024-07-29 07:30:00,598.0,930.576662065454,430.2143551411468,500.61848480644977
2024-07-29 07:35:00,588.3499756,930.576662065454,470.4673276309196,506.5403836534488
2024-07-29 07:40:00,588.0999756,930.576662065454,512.1276513297878,507.97190045885753
2024-07-29 07:45:00,585.1333618,930.576662065454,555.1185722922118,507.4598947023083
2024-07-29 07:50:00,591.333313,930.576662065454,599.3563463419658,504.70042683322157
2024-07-29 07:55:00,664.0999756,930.576662065454,644.7505958809111,500.69949591773667
2024-07-29 08:00:00,715.7999878,930.576662065454,691.2047085932867,848.2046510931754
2024-07-29 08:05:00,697.5999146,930.576662065454,738.6162748437429,871.7108726217798
2024-07-29 08:10:00,813.0999756,930.576662065454,786.8775623315162,887.4327786885573
2024-07-29 08:15:00,869.2000122,930.576662065454,835.8760241068336,899.41532204677
2024-07-29 08:20:00,849.4333496,930.576662065454,885.4948373111051,885.5014328922588
2024-07-29 08:25:00,884.3999634,930.576662065454,935.6134688254728,880.7693145709322
2024-07-29 08:30:00,917.5666504,930.576662065454,986.1082646742514,874.2502206401322
2024-07-29 08:35:00,1104.099976,930.576662065454,1036.8530592473696,860.277680967364
2024-07-29 08:40:00,1055.766724,930.576662065454,1087.71980045531,921.8105782347291
2024-07-29 08:45:00,1115.800049,930.576662065454,1138.5791867867847,922.8502393264117
2024-07-29 08:50:00,1146.633301,930.576662065454,1189.3013123142184,1028.8066577443774
2024-07-29 08:55:00,1196.099976,930.576662065454,1239.7563152896985,961.9845262221245
2024-07-29 09:00:00,1244.700073,930.576662065454,1289.8150265156123,1306.5582585884397
2024-07-29 09:05:00,1293.733276,930.576662065454,1339.3496129688406,1539.1540347789035
2024-07-29 09:10:00,1342.066528,930.576662065454,1388.2342126964938,1542.4815555525545
2024-07-29 09:15:00,1388.200073,930.576662065454,1436.3455570421918,1542.4815555525545
2024-07-29 09:20:00,1431.366577,930.576662065454,1483.5635758188084,1541.7961471164433
2024-07-29 09:25:00,1472.233398,930.576662065454,1529.7719819644524,1541.7961471164433
2024-07-29 09:30:00,1509.799927,930.576662065454,1574.8588320868062,1555.2463215671312
2024-07-29 09:35:00,1544.933228,930.576662065454,1618.7170583770342,1555.2463215671312
2024-07-29 09:40:00,1580.266602,930.576662065454,1661.2449698987275,1555.2463215671312
2024-07-29 09:45:00,1615.366699,930.576662065454,1702.346719077871,1555.1317590385754
2024-07-29 09:50:00,1649.599976,930.576662065454,1741.9327310613126,1601.8407513638133
2024-07-29 09:55:00,1680.266602,930.576662065454,1779.9200928156808,1599.4266542628293
2024-07-29 10:00:00,1708.099976,930.576662065454,1816.2329001814621,1727.0274070800122
2024-07-29 10:05:00,1735.099976,930.576662065454,1850.8025603862177,1739.3926547205833
2024-07-29 10:10:00,1761.299927,930.576662065454,1883.5680483996646,1739.3926547205833
2024-07-29 10:15:00,1787.966675,930.576662065454,1914.4761159269203,1739.3926547205833
2024-07-29 10:20:00,1816.033325,930.576662065454,1943.4814512829814,1765.6352521926735
2024-07-29 10:25:00,1847.700073,930.576662065454,1970.5467903612819,1765.6352521926735
2024-07-29 10:30:00,1880.099976,930.576662065454,1995.6429773446375,1769.1330019300703
2024-07-29 10:35:00,1909.766602,930.576662065454,2018.7489757380147,1769.1330019300703
2024-07-29 10:40:00,1933.700073,930.576662065454,2039.8518296507236,1769.7670501244033
2024-07-29 10:45:00,1955.133301,930.576662065454,2058.9465761387314,1769.7670501244033
2024-07-29 10:50:00,1974.799927,930.576662065454,2076.0361093433394,1802.1653667598641
2024-07-29 10:55:00,1996.166626,930.576662065454,2091.1309979653815,1802.1653667598641
2024-07-29 11:00:00,2017.0,930.576662065454,2104.2492575911238,1836.9377518252097
2024-07-29 11:05:00,2036.933228,930.576662065454,2115.4160795582557,1849.3914550346544
2024-07-29 11:10:00,2050.133545,930.576662065454,2124.663518967722,1854.3208548823213
2024-07-29 11:15:00,2056.266846,930.576662065454,2132.030143997364,1881.2599571060043
2024-07-29 11:20:00,2057.06665,930.576662065454,2137.560649411678,1880.7099082876323
2024-07-29 11:25:00,2057.666504,930.576662065454,2141.3054371525727,1887.0265151719418
2024-07-29 11:30:00,2058.466553,930.576662065454,2143.3201672840514,1883.5290025181087
2024-07-29 11:35:00,2059.033447,930.576662065454,2143.665282602108,1865.5989470410848
2024-07-29 11:40:00,2057.633545,930.576662065454,2142.405510489574,1858.8328546205298
2024-07-29 11:45:00,2056.199951,930.576662065454,2139.6093456532335,1861.1240896915929
2024-07-29 11:50:00,2055.366699,930.576662065454,2135.348517641116,1861.4750056837356
2024-07-29 11:55:00,2055.966553,930.576662065454,2129.6974468414996,1886.2763783810587
2024-07-29 12:00:00,0.0,930.576662065454,2122.732693109424,1962.3323300269215
2024-07-29 12:05:00,0.0,930.576662065454,2114.5324008089583,2044.7549852834816
2024-07-29 12:10:00,2054.800049,930.576662065454,2105.1757443249376,2044.7549852834816
2024-07-29 12:15:00,2055.200195,930.576662065454,2094.7423779489804,2031.8962317883593
2024-07-29 12:20:00,2055.366943,930.576662065454,2083.3118939693895,2032.8351079791823
2024-07-29 12:25:00,2056.533203,930.576662065454,2070.963292887792,2043.4088087094851
2024-07-29 12:30:00,2058.199951,930.576662065454,2057.774469142017,2031.627117887164
2024-07-29 12:35:00,2059.833496,930.576662065454,2043.821716317919,2027.290859440993
2024-07-29 12:40:00,2059.93335,930.576662065454,2029.1792546600793,1959.6106988917143
2024-07-29 12:45:00,2058.56665,930.576662065454,2013.9187845736512,1950.7351007244768
2024-07-29 12:50:00,2057.833252,930.576662065454,1998.1090686316986,1871.123076687864
2024-07-29 12:55:00,2058.599854,930.576662065454,1981.8155452220512,1724.1014161338726
2024-07-29 13:00:00,2056.099854,930.576662065454,1965.0999759649603,1468.589269917893
2024-07-29 13:05:00,2053.033203,930.576662065454,1948.0201293094415,1155.3520169480364
2024-07-29 13:10:00,2048.266846,930.576662065454,1930.6295021876701,1162.1481175421695
2024-07-29 13:15:00,2051.199951,930.576662065454,1912.9770812040285,982.4423196891755
2024-07-29 13:20:00,2053.866455,930.576662065454,1895.1071450771099,976.3056921608865
2024-07-29 13:25:00,2058.333252,930.576662065454,1877.0591087404778,934.8513068712598
2024-07-29 13:30:00,2059.600098,930.576662065454,1858.8674103849623,929.2303837584469
2024-07-29 13:35:00,2061.366699,930.576662065454,1840.5614413014011,921.1834317402237
2024-07-29 13:40:00,2062.56665,930.576662065454,1822.1655189289993,988.3034601178284
2024-07-29 13:45:00,2061.833252,930.576662065454,1803.6989025434202,1674.9904555528435
2024-07-29 13:50:00,2060.099854,930.576662065454,1785.175851110928,1646.8767629198649
2024-07-29 13:55:00,2054.800049,930.576662065454,1766.6057224145582,1707.9041963020002
2024-07-29 14:00:00,1977.833374,930.576662065454,1747.993111930623,881.9798083644487
2024-07-29 14:05:00,1938.099976,930.576662065454,1729.338030437257,1355.9585579844877
2024-07-29 14:10:00,1665.650024,930.576662065454,1710.6361179619882,1491.736319690628
2024-07-29 14:15:00,1193.25,930.576662065454,1691.878892388973,1554.2017180649352
2024-07-29 14:20:00,829.166687,930.576662065454,1673.0540302447428,1587.4932131711384
2024-07-29 14:25:00,791.0,930.576662065454,1654.1456770563625,1489.910494743943
2024-07-29 14:30:00,785.5,930.576662065454,1635.1347846852004,1605.0410327970737
2024-07-29 14:35:00,788.166687,930.576662065454,1615.9994724298858,1513.3777015501848
2024-07-29 14:40:00,1622.199951,930.576662065454,1596.7154089881508,1385.6822891237973
2024-07-29 14:45:00,1537.349854,930.576662065454,1577.256211758433,1132.329430910069
2024-07-29 14:50:00,1509.099976,930.576662065454,1557.593860538492,989.6629211507848
2024-07-29 14:55:00,1452.550049,930.576662065454,1537.6991215305325,412.5114935142459
2024-07-29 15:00:00,1222.400024,930.576662065454,1517.5419787104142,411.587880692782
2024-07-29 15:05:00,815.500061,930.576662065454,1497.09206858065,425.0421448786645
2024-07-29 15:10:00,582.1999512,930.576662065454,1476.319114942771,398.6265583521941
2024-07-29 15:15:00,553.9000244,930.576662065454,1455.1933600808316,401.68817022710095
2024-07-29 15:20:00,456.1333008,930.576662065454,1433.6859887504881,372.542101331145
2024-07-29 15:25:00,399.5333252,930.576662065454,1411.7695418526164,364.5991078618888
2024-07-29 15:30:00,367.2666321,930.576662065454,1389.4183158707322,358.18747681986764
2024-07-29 15:35:00,339.8999939,930.576662065454,1366.608745667536,388.13365309219097
2024-07-29 15:40:00,313.3666687,930.576662065454,1343.3197667953154,398.39428398193803
2024-07-29 15:45:00,289.9666748,930.576662065454,1319.5331549484379,408.7739835647802
2024-07-29 15:50:00,272.1666565,930.576662065454,1295.2338396856258,422.63114224644056
2024-07-29 15:55:00,259.1333313,930.576662065454,1270.4101898890826,486.39273849425166
2024-07-29 16:00:00,248.6999969,930.576662065454,1245.0542689410647,509.4648977529464
2024-07-29 16:05:00,237.1666718,930.576662065454,1219.162057325547,650.0318549404567
2024-07-29 16:10:00,224.3999786,930.576662065454,1192.7336411800604,739.4928659747953
2024-07-29 16:15:00,210.7666626,930.576662065454,1165.7733650270104,850.393023021962
2024-07-29 16:20:00,198.6999969,930.576662065454,1138.2899481188833,914.2897951035153
2024-07-29 16:25:00,188.9000092,930.576662065454,1110.2965626576145,940.7234788278878
2024-07-29 16:30:00,181.7333374,930.576662065454,1081.810874133954,956.8557039074244
2024-07-29 16:35:00,177.1999969,930.576662065454,1052.8550429525637,978.5465569083553
2024-07-29 16:40:00,175.133316,930.576662065454,1023.4556876616209,985.1843135576286
2024-07-29 16:45:00,175.6666718,930.576662065454,993.6438100442743,976.0407987093602
2024-07-29 16:50:00,178.4666748,930.576662065454,963.454682606207,986.9972308541808
2024-07-29 16:55:00,183.3666534,930.576662065454,932.9276997127461,987.1642548423422
2024-07-29 17:00:00,190.1666718,930.576662065454,902.1061929558789,996.8807294149715
2024-07-29 17:05:00,198.6333466,930.576662065454,871.0372131705826,1033.1263419239872
2024-07-29 17:10:00,235.6999969,930.576662065454,839.77127987195,1044.7882198422767
2024-07-29 17:15:00,254.0,930.576662065454,808.3621007803001,1052.1346955751405
2024-07-29 17:20:00,272.2999878,930.576662065454,776.8662634268842,1102.3221467938286
2024-07-29 17:25:00,265.7333069,930.576662065454,745.3429012124384,1148.5751623202088
2024-07-29 17:30:00,275.8666687,930.576662065454,713.853336851107,1118.732064328481
2024-07-29 17:35:00,282.0666504,930.576662065454,682.4607056205772,1160.4703825134445
2024-07-29 17:40:00,288.3999939,930.576662065454,651.229561719806,1136.4692311006602
2024-07-29 17:45:00,289.1999817,930.576662065454,620.225470446479,860.97914720702
2024-07-29 17:50:00,286.6333313,930.576662065454,589.5145900804907,865.1993568137976
2024-07-29 17:55:00,283.3000183,930.576662065454,559.1632458245916,878.5703970686125
2024-07-29 18:00:00,278.3999939,930.576662065454,529.2374997819599,525.2839924963571
2024-07-29 18:05:00,271.0333252,930.576662065454,499.8027202313219,516.6426355715067
2024-07-29 18:10:00,260.2666931,930.576662065454,470.92315327664176,521.0764080868577
2024-07-29 18:15:00,246.8666534,930.576662065454,442.6615004785005,508.24550759921755
2024-07-29 18:20:00,231.3666534,930.576662065454,415.07850551754586,492.03660425215077
2024-07-29 18:25:00,214.4333344,930.576662065454,388.23255341296743,504.1990166629286
2024-07-29 18:30:00,196.7333374,930.576662065454,362.17928480545925,478.5273122208622
2024-07-29 18:35:00,179.4000092,930.576662065454,336.97122908610163,478.9174811102289
2024-07-29 18:40:00,163.0000153,930.576662065454,312.6574583510796,460.58901570329726
2024-07-29 18:45:00,148.8000031,930.576662065454,289.28326539233757,473.19297059131253
2024-07-29 18:50:00,136.4333344,930.576662065454,266.88986798380347,450.3485932371481
2024-07-29 18:55:00,125.3666687,930.576662065454,245.51414163328027,456.0277495803484
2024-07-29 19:00:00,116.0666733,930.576662065454,225.1883830697491,136.702592824775
2024-07-29 19:05:00,104.6000061,930.576662065454,205.94010592025506,130.783411386163
2024-07-29 19:10:00,99.69999695,930.576662065454,187.7918703625523,134.63780505165357
2024-07-29 19:15:00,81.34999847,930.576662065454,170.76114775854515,342.9372969217852
2024-07-29 19:20:00,62.90000153,930.576662065454,154.8602216468225,115.62502991243608
2024-07-29 19:25:00,47.20000076,930.576662065454,140.09612528663388,117.94325781736606
2024-07-29 19:30:00,34.15000153,930.576662065454,126.47061648445214,98.21515390642642
2024-07-29 19:35:00,23.95000076,930.576662065454,113.98018984833821,99.95957825994466
2024-07-29 19:40:00,17.5,930.576662065454,102.61612602449749,71.69806435444045
2024-07-29 19:45:00,13.96666718,930.576662065454,92.36457778565615,74.27857249912039
2024-07-29 19:50:00,13.0666666,930.576662065454,83.20669193170116,70.43481700288095
2024-07-29 19:55:00,0.0,930.576662065454,75.11876622028373,24.370638560495173
2024-07-29 20:00:00,0.0,930.576662065454,68.07243985636875,0.0878227517936508
2024-07-29 20:05:00,0.0,930.576662065454,62.034916098379654,0.0878227517936508
2024-07-29 20:10:00,0.0,930.576662065454,56.969215148620435,0.0878227517936508
2024-07-29 20:15:00,0.0,930.576662065454,52.8344552709795,0.14308201134920634
2024-07-29 20:20:00,0.0,930.576662065454,49.5861599467026,0.14308201134920634
2024-07-29 20:25:00,0.0,930.576662065454,47.17658857520474,0.14308201134920634
2024-07-29 20:30:00,0.0,930.576662065454,45.55508819924889,0.14308201134920634
2024-07-29 20:35:00,0.0,930.576662065454,44.66846328920452,0.14308201134920634
2024-07-29 20:40:00,0.0,930.576662065454,44.46136096540826,0.0
2024-07-29 20:45:00,0.0,930.576662065454,44.876668322505175,0.0
2024-07-29 20:50:00,0.0,930.576662065454,45.855919028678244,0.0
2024-07-29 20:55:00,0.0,930.576662065454,47.339705850479184,0.0
2024-07-29 21:00:00,0.0,930.576662065454,49.26809598372585,0.0
2024-07-29 21:05:00,0.0,930.576662065454,51.58104595585244,0.0
2024-07-29 21:10:00,0.0,930.576662065454,54.21881289413704,0.0
2024-07-29 21:15:00,0.0,930.576662065454,57.1223590053691,0.0
2024-07-29 21:20:00,0.0,930.576662065454,60.23374615902305,0.0
2024-07-29 21:25:00,0.0,930.576662065454,63.496517597989374,0.0
2024-07-29 21:30:00,0.0,930.576662065454,66.85606380350153,0.0
2024-07-29 21:35:00,0.0,930.576662065454,70.25996985134474,0.0
2024-07-29 21:40:00,0.0,930.576662065454,73.65834157726833,0.0
2024-07-29 21:45:00,0.0,930.576662065454,77.00410816267119,0.0
2024-07-29 21:50:00,0.0,930.576662065454,80.25329889340368,0.0
2024-07-29 21:55:00,0.0,930.576662065454,83.36529207825006,0.0
2024-07-29 22:00:00,0.0,930.576662065454,86.30303434532996,0.0
2024-07-29 22:05:00,0.0,930.576662065454,89.03322875103456,0.0
2024-07-29 22:10:00,0.0,930.576662065454,91.52649043657094,0.0
2024-07-29 22:15:00,0.0,930.576662065454,93.75746881091561,0.0
2024-07-29 22:20:00,0.0,930.576662065454,95.70493545730665,0.0
2024-07-29 22:25:00,0.0,930.576662065454,97.35183737249851,0.0
2024-07-29 22:30:00,0.0,930.576662065454,98.68531529136105,0.0
2024-07-29 22:35:00,0.0,930.576662065454,99.69668720512192,0.0
2024-07-29 22:40:00,0.0,930.576662065454,100.381397464197,0.0
2024-07-29 22:45:00,0.0,930.576662065454,100.73893210847123,0.0
2024-07-29 22:50:00,0.0,930.576662065454,100.77270136250456,0.0
2024-07-29 22:55:00,0.0,930.576662065454,100.48989049365683,0.0
2024-07-29 23:00:00,0.0,930.576662065454,99.90128048491636,0.0
2024-07-29 23:05:00,0.0,930.576662065454,99.02104021375467,0.0
2024-07-29 23:10:00,0.0,930.576662065454,97.86649209539046,0.0
2024-07-29 23:15:00,0.0,930.576662065454,96.45785329560972,0.0
2024-07-29 23:20:00,0.0,930.576662065454,94.8179548854732,0.0
2024-07-29 23:25:00,0.0,930.576662065454,92.97194144978718,0.0
2024-07-29 23:30:00,0.0,930.576662065454,90.94695382911455,0.0
2024-07-29 23:35:00,0.0,930.576662065454,88.77179781927059,0.0
2024-07-29 23:40:00,0.0,930.576662065454,86.47660175428221,0.0
2024-07-29 23:45:00,0.0,930.576662065454,84.0924659996793,0.0
2024-07-29 23:50:00,0.0,930.576662065454,81.65110742294415,0.0
2024-07-29 23:55:00,0.0,930.576662065454,79.18450205995076,0.0
2024-07-30 00:00:00,0.0,930.576662065454,76.72452893682267,0.0
2024-07-30 00:05:00,0.0,930.576662065454,74.30261842158552,0.0
2024-07-30 00:10:00,0.0,930.576662065454,71.94940800844896,0.0
2024-07-30 00:15:00,0.0,930.576662065454,69.69440867765498,0.0
2024-07-30 00:20:00,0.0,930.576662065454,67.56568475582952,0.0
2024-07-30 00:25:00,0.0,930.576662065454,65.58955012435113,0.0
2024-07-30 00:30:00,0.0,930.576662065454,63.79028349417437,0.0
2024-07-30 00:35:00,0.0,930.576662065454,62.18986526394066,0.0
2024-07-30 00:40:00,0.0,930.576662065454,60.80773846521082,0.0
2024-07-30 00:45:00,0.0,930.576662065454,59.66059574328448,0.0
2024-07-30 00:50:00,0.0,930.576662065454,58.7621946641863,0.0
2024-07-30 00:55:00,0.0,930.576662065454,58.12320273563236,0.0
2024-07-30 01:00:00,0.0,930.576662065454,57.751073960361566,0.0
2024-07-30 01:05:00,0.0,930.576662065454,57.649957906399564,0.0
2024-07-30 01:10:00,0.0,930.576662065454,57.8206423968104,0.0
2024-07-30 01:15:00,0.0,930.576662065454,58.26053046699545,0.0
2024-07-30 01:20:00,0.0,930.576662065454,58.96365196079213,0.0
2024-07-30 01:25:00,0.0,930.576662065454,59.92070992776001,0.0
2024-07-30 01:30:00,0.0,930.576662065454,61.11916159938665,0.0
2024-07-30 01:35:00,0.0,930.576662065454,62.543333502424034,0.0
2024-07-30 01:40:00,0.0,930.576662065454,64.17456989041999,0.0
2024-07-30 01:45:00,0.0,930.576662065454,65.9914135666871,0.0
2024-07-30 01:50:00,0.0,930.576662065454,67.96981759925322,0.0
2024-07-30 01:55:00,0.0,930.576662065454,70.08338653311056,0.0
2024-07-30 02:00:00,0.0,930.576662065454,72.30364509212961,0.0
2024-07-30 02:05:00,0.0,930.576662065454,74.600332377257,0.0
2024-07-30 02:10:00,0.0,930.576662065454,76.94171920091216,0.0
2024-07-30 02:15:00,0.0,930.576662065454,79.29494605827489,0.0
2024-07-30 02:20:00,0.0,930.576662065454,81.62637899573012,0.0
2024-07-30 02:25:00,0.0,930.576662065454,83.90198050031412,0.0
2024-07-30 02:30:00,0.0,930.576662065454,86.08769237994535,0.0
2024-07-30 02:35:00,0.0,930.576662065454,88.14982745324018,0.0
2024-07-30 02:40:00,0.0,930.576662065454,90.05546680988571,0.0
2024-07-30 02:45:00,0.0,930.576662065454,91.7728593097364,0.0
2024-07-30 02:50:00,0.0,930.576662065454,93.27181989001186,0.0
2024-07-30 02:55:00,0.0,930.576662065454,94.52412333665265,0.0
2024-07-30 03:00:00,0.0,930.576662065454,95.50389006656512,0.0
2024-07-30 03:05:00,0.0,930.576662065454,96.18796056865837,0.0
2024-07-30 03:10:00,0.0,930.576662065454,96.55625518108893,0.0
2024-07-30 03:15:00,0.0,930.576662065454,96.59211597695628,0.0
2024-07-30 03:20:00,0.0,930.576662065454,96.28262763127815,0.0
2024-07-30 03:25:00,0.0,930.576662065454,95.61891428595014,0.0
2024-07-30 03:30:00,0.0,930.576662065454,94.59640958830754,0.0
2024-07-30 03:35:00,0.0,930.576662065454,93.21509724664854,0.0
2024-07-30 03:40:00,0.0,930.576662065454,91.4797196685812,0.0
2024-07-30 03:45:00,0.0,930.576662065454,89.39995248387456,0.0
2024-07-30 03:50:00,0.0,930.576662065454,86.99054294335009,0.0
2024-07-30 03:55:00,0.0,930.576662065454,84.27141051609544,0.0
2024-07-30 04:00:00,0.0,930.576662065454,81.26770821483603,0.0
2024-07-30 04:05:00,0.0,930.576662065454,78.0098435558325,0.0
2024-07-30 04:10:00,0.0,930.576662065454,74.5334582414852,0.0
2024-07-30 04:15:00,0.0,930.576662065454,70.87936606304075,0.0
2024-07-30 04:20:00,0.0,930.576662065454,67.09344880740466,0.0
2024-07-30 04:25:00,0.0,930.576662065454,63.22651022747623,0.0
2024-07-30 04:30:00,0.0,930.576662065454,59.33408852358846,0.0
2024-07-30 04:35:00,0.0,930.576662065454,55.47622803162349,0.0
2024-07-30 04:40:00,0.0,930.576662065454,51.71721123318641,0.0
2024-07-30 04:45:00,0.0,930.576662065454,48.12525236230592,0.0
2024-07-30 04:50:00,0.0,930.576662065454,44.772154337202544,0.0
2024-07-30 04:55:00,0.0,930.576662065454,41.732930946191765,0.0
2024-07-30 05:00:00,0.0,930.576662065454,39.085396523539806,0.0
2024-07-30 05:05:00,0.0,930.576662065454,36.909725598291445,0.0
2024-07-30 05:10:00,0.0,930.576662065454,35.28798533835098,0.0
2024-07-30 05:15:00,0.0,930.576662065454,34.30364363030387,0.0
2024-07-30 05:20:00,0.0,930.576662065454,34.041056113242774,0.0
2024-07-30 05:25:00,0.0,930.576662065454,34.58493546054767,0.0
2024-07-30 05:30:00,0.0,930.576662065454,36.01980646996983,0.0
2024-07-30 05:35:00,0.0,930.576662065454,38.4294506269198,0.0
2024-07-30 05:40:00,0.0,930.576662065454,41.89634391994537,0.0
2024-07-30 05:45:00,0.0,930.576662065454,46.50109181367284,0.0
2024-07-30 05:50:00,0.0,930.576662065454,52.321865184899224,0.0
2024-07-30 05:55:00,0.0,930.576662065454,59.43384137398893,0.0
2024-07-30 06:00:00,0.0,930.576662065454,67.90865406317819,39.94085042123364
2024-07-30 06:05:00,0.0,930.576662065454,77.81385614691621,35.72864635945721
2024-07-30 06:10:00,0.0,930.576662065454,89.2123992070374,20.26572340674278
2024-07-30 06:15:00,0.0,930.576662065454,102.16213358564352,18.041001154909445
2024-07-30 06:20:00,0.0,930.576662065454,116.71533258408819,12.470397099247068
2024-07-30 06:25:00,0.0,930.576662065454,132.9182443259804,10.364703906857805
2024-07-30 06:30:00,0.0,930.576662065454,150.81067476468442,10.84959280590225
2024-07-30 06:35:00,62.5,930.576662065454,170.42560464769844,15.837434131848966
2024-07-30 06:40:00,73.90000153,930.576662065454,191.78884388511796,17.76126925834841
2024-07-30 06:45:00,87.09999847,930.576662065454,214.9187255075062,17.94945022047643
2024-07-30 06:50:00,107.8000031,930.576662065454,239.82584203139683,18.103302064409764
2024-07-30 06:55:00,130.0,930.576662065454,266.51282619872666,80.66988420548157
2024-07-30 07:00:00,157.1000061,930.576662065454,294.9741779703768,238.30251093731854
2024-07-30 07:05:00,184.1999969,930.576662065454,325.19613948338565,224.28007115289975
2024-07-30 07:10:00,221.1999969,930.576662065454,357.1566188204806,235.17141051295408
2024-07-30 07:15:00,267.1000061,930.576662065454,390.8251641689792,235.17141051295408
2024-07-30 07:20:00,309.5,930.576662065454,426.1629879645676,235.17141051295408
2024-07-30 07:25:00,353.7000122,930.576662065454,463.1230422253769,241.9975405925965
2024-07-30 07:30:00,398.0,930.576662065454,501.6501442613536,265.6231486468889
2024-07-30 07:35:00,449.3999939,930.576662065454,541.6811525078629,279.63987002328713
2024-07-30 07:40:00,499.7999878,930.576662065454,583.145191773186,511.0692760376242
2024-07-30 07:45:00,545.4000244,930.576662065454,625.9639262786168,509.93716486551307
2024-07-30 07:50:00,602.4000244,930.576662065454,670.0518796233441,509.93716486551307
2024-07-30 07:55:00,651.5,930.576662065454,715.3167991882492,509.31331293684644
2024-07-30 08:00:00,701.9000244,930.576662065454,761.6600635886113,1059.2637655701897
2024-07-30 08:05:00,754.9000244,930.576662065454,808.9771295416942,1056.601971186745
2024-07-30 08:10:00,803.0999756,930.576662065454,857.1580169671905,1062.7666853073235
2024-07-30 08:15:00,864.5,930.576662065454,906.0878278700136,1089.000325718753
2024-07-30 08:20:00,921.2999878,930.576662065454,955.6472967987432,1024.4079254059309
2024-07-30 08:25:00,901.0667114,930.576662065454,1005.7133688747114,979.6369184069531
2024-07-30 08:30:00,935.4332886,930.576662065454,1056.1598018941193,964.9117468654578
2024-07-30 08:35:00,1093.400024,930.576662065454,1106.8577888702064,964.9117468654578
2024-07-30 08:40:00,1048.900024,930.576662065454,1157.676596416295,963.2990646801563
2024-07-30 08:45:00,1107.43335,930.576662065454,1208.484216088202,954.1743389223639
2024-07-30 08:50:00,1139.833374,930.576662065454,1259.1480228305916,956.2922926725054
2024-07-30 08:55:00,1189.366577,930.576662065454,1309.535437994619,958.5652380131942
2024-07-30 09:00:00,1235.133301,930.576662065454,1359.514591546695,1552.00676186873
2024-07-30 09:05:00,1279.599976,930.576662065454,1408.9549796083684,1536.184714219947
2024-07-30 09:10:00,1323.133301,930.576662065454,1457.728113231971,1536.5441296152565
2024-07-30 09:15:00,1364.299927,930.576662065454,1505.7081537453435,1533.4812460235216
2024-07-30 09:20:00,1405.133301,930.576662065454,1552.7725312716414,1525.9886626484108
2024-07-30 09:25:00,1446.233398,930.576662065454,1598.802541904327,1525.9886626484108
2024-07-30 09:30:00,1487.200073,930.576662065454,1643.683920285652,1525.105634957744
2024-07-30 09:35:00,1526.099976,930.576662065454,1687.3073830450146,1486.8233311431843
2024-07-30 09:40:00,1562.533325,930.576662065454,1729.569140818195,1365.4829517466226
2024-07-30 09:45:00,1599.466675,930.576662065454,1770.3713749246133,1363.038159383178
2024-07-30 09:50:00,1636.0,930.576662065454,1809.6226756610652,1401.2200597632855
2024-07-30 09:55:00,1672.900024,930.576662065454,1847.2384400466074,1397.9654375640155
2024-07-30 10:00:00,1706.700073,930.576662065454,1883.1412261435657,1879.8220810858572
2024-07-30 10:05:00,1739.966675,930.576662065454,1917.2610621730416,1879.8220810858572
2024-07-30 10:10:00,1773.099976,930.576662065454,1949.535708196441,1879.8220810858572
2024-07-30 10:15:00,1805.466675,930.576662065454,1979.9108696496605,1879.5315543045751
2024-07-30 10:20:00,1833.633301,930.576662065454,2008.340360602763,1879.5315543045751
2024-07-30 10:25:00,1856.966675,930.576662065454,2034.786216972003,1879.5315543045751
2024-07-30 10:30:00,1879.400024,930.576662065454,2059.2187585873467,1881.7867220148926
2024-07-30 10:35:00,1906.599976,930.576662065454,2081.6166002975283,1881.7867220148926
2024-07-30 10:40:00,1935.933228,930.576662065454,2101.966612429913,1881.7867220148926
2024-07-30 10:45:00,1965.899902,930.576662065454,2120.263831025172,1876.8300357025598
2024-07-30 10:50:00,1991.900024,930.576662065454,2136.511319110667,1881.3450326426703
2024-07-30 10:55:00,2016.200073,930.576662065454,2150.7199800930116,1881.3450326426703
2024-07-30 11:00:00,2035.366577,930.576662065454,2162.9083250926483,1927.1575475288205
2024-07-30 11:05:00,2048.06665,930.576662065454,2173.1021959217655,1927.1575475288205
2024-07-30 11:10:00,2054.43335,930.576662065454,2181.3344462422815,1927.1575475288205
2024-07-30 11:15:00,2057.400146,930.576662065454,2187.6445833113007,1928.2140460226701
2024-07-30 11:20:00,2059.333496,930.576662065454,2192.078373006084,1928.2140460226701
2024-07-30 11:25:00,2060.100098,930.576662065454,2194.687411364954,1889.0483280619412
2024-07-30 11:30:00,2059.900146,930.576662065454,2195.5286657560973,1889.0483280619412
2024-07-30 11:35:00,2058.599854,930.576662065454,2194.6639891787536,1879.3815824344763
2024-07-30 11:40:00,2058.033203,930.576662065454,2192.1596113220676,1879.3815824344763
2024-07-30 11:45:00,2057.666748,930.576662065454,2188.085610087201,1866.6516138238005
2024-07-30 11:50:00,2059.133301,930.576662065454,2182.5153675901824,1866.6516138238005
2024-07-30 11:55:00,2059.733398,930.576662065454,2175.525014364659,1862.5688791589748
2024-07-30 12:00:00,2059.099854,930.576662065454,2167.192866101158,1931.522309289975
2024-07-30 12:05:00,2057.733398,930.576662065454,2157.59885662974,1931.4703093705311
2024-07-30 12:10:00,2055.800049,930.576662065454,2146.8239714980145,1927.5804364803644
2024-07-30 12:15:00,2057.133545,930.576662065454,2134.949685947717,1924.2595947619993
2024-07-30 12:20:00,2058.033203,930.576662065454,2122.0574113349217,1917.2832057048458
2024-07-30 12:25:00,2060.633301,930.576662065454,2108.2279538657795,1915.2637720358407
2024-07-30 12:30:00,2060.43335,930.576662065454,2093.5409892535663,1924.3805254141264
2024-07-30 12:35:00,2059.199951,930.576662065454,2078.074557238349,1926.6782933307936
2024-07-30 12:40:00,2056.733398,930.576662065454,2061.9045789700845,1918.8406418186742
2024-07-30 12:45:00,2054.699951,930.576662065454,2045.1044007868104,1906.7710543387743
2024-07-30 12:50:00,2054.333252,930.576662065454,2027.7443673359257,1904.0897596057796
2024-07-30 12:55:00,2054.966553,930.576662065454,2009.8914268514272,1716.4676471983732
2024-07-30 13:00:00,2055.700195,930.576662065454,1991.608770954907,1648.2737981664163
2024-07-30 13:05:00,2057.700195,930.576662065454,1972.9555115484454,1791.9038176833815
2024-07-30 13:10:00,1860.900024,930.576662065454,1953.9863963559194,1724.1593853686447
2024-07-30 13:15:00,1927.966675,930.576662065454,1934.7515651704887,1699.5198049142255
2024-07-30 13:20:00,1923.5,930.576662065454,1915.2963478616587,1666.8467756358712
2024-07-30 13:25:00,2052.599854,930.576662065454,1895.6611053497413,1570.019482639434
2024-07-30 13:30:00,2048.333252,930.576662065454,1875.881114079287,1513.8066090253599
2024-07-30 13:35:00,2053.866699,930.576662065454,1855.9864944995322,1379.1726167480685
2024-07-30 13:40:00,2058.233398,930.576662065454,1836.0021834617846,1398.1669996113433
2024-07-30 13:45:00,2061.633545,930.576662065454,1815.9479503590057,1283.3117755456472
2024-07-30 13:50:00,2059.866455,930.576662065454,1795.8384562682038,1127.4161568037798
2024-07-30 13:55:00,2058.366455,930.576662065454,1775.6833551535988,1142.952677963478
2024-07-30 14:00:00,2058.733398,930.576662065454,1755.4874358486952,851.0857093268306
2024-07-30 14:05:00,2060.600098,930.576662065454,1735.2508034842049,969.4814275015112
2024-07-30 14:10:00,2061.233398,930.576662065454,1714.9690980975618,1103.795705881885
2024-07-30 14:15:00,2060.833252,930.576662065454,1694.6337485597255,1216.3890957635494
2024-07-30 14:20:00,2059.166504,930.576662065454,1674.2322595075068,1134.5439149062486
2024-07-30 14:25:00,2057.800049,930.576662065454,1653.7485283979286,1131.5345043588998
2024-07-30 14:30:00,2057.733398,930.576662065454,1633.163190066926,1301.1018316349662
2024-07-30 14:35:00,2058.43335,930.576662065454,1612.4539856867445,1259.623988100876
2024-07-30 14:40:00,2060.666748,930.576662065454,1591.5961528812595,1012.2523841163448
2024-07-30 14:45:00,2061.633301,930.576662065454,1570.56283378732,622.0223732699126
2024-07-30 14:50:00,2062.666748,930.576662065454,1549.3254974613221,367.1457175965037
2024-07-30 14:55:00,2033.533325,930.576662065454,1527.8543732188582,337.1283785626101
2024-07-30 15:00:00,2003.033325,930.576662065454,1506.1188911399893,380.48443368737543
2024-07-30 15:05:00,1968.700073,930.576662065454,1484.0881262411958,387.98006980905285
2024-07-30 15:10:00,1988.5,930.576662065454,1461.7312426022004,429.05793034893316
2024-07-30 15:15:00,2011.5,930.576662065454,1439.0179337394238,418.14781446673317
2024-07-30 15:20:00,2041.299927,930.576662065454,1415.9188558667113,373.0380649499827
2024-07-30 15:25:00,2049.400146,930.576662065454,1392.4060502759105,322.6147874744154
2024-07-30 15:30:00,2021.866699,930.576662065454,1368.4533514494533,309.8801868939213
2024-07-30 15:35:00,1991.733398,930.576662065454,1344.0367780440765,309.26852334846893
2024-07-30 15:40:00,1950.300171,930.576662065454,1319.1349029827766,324.3358100158104
2024-07-30 15:45:00,1967.199829,930.576662065454,1293.7292001178198,408.693908279304
2024-07-30 15:50:00,1978.466675,930.576662065454,1267.8043647472186,448.12242197638466
2024-07-30 15:55:00,1968.366699,930.576662065454,1241.348605180255,500.67115128019225
2024-07-30 16:00:00,1923.833374,930.576662065454,1214.3539032871881,609.2430760652313
2024-07-30 16:05:00,1851.033325,930.576662065454,1186.8162419275889,804.8371185868074
2024-07-30 16:10:00,1794.366699,930.576662065454,1158.735797417019,890.6968627775531
2024-07-30 16:15:00,1733.366699,930.576662065454,1130.1170956887647,932.3950132627407
2024-07-30 16:20:00,1671.233398,930.576662065454,1100.9691308415752,952.8505976717265
2024-07-30 16:25:00,1599.833374,930.576662065454,1071.3054452559131,988.1098214659871
2024-07-30 16:30:00,1521.400024,930.576662065454,1041.1441705670527,981.5294053724823
2024-07-30 16:35:00,1461.599976,930.576662065454,1010.5080293697775,917.5818224284399
2024-07-30 16:40:00,1400.5,930.576662065454,979.4242976156091,912.0464642379613
2024-07-30 16:45:00,1346.0,930.576662065454,947.9247279549838,891.5152026748676
2024-07-30 16:50:00,1292.733398,930.576662065454,916.0454349580107,876.630868762666
2024-07-30 16:55:00,1259.000122,930.576662065454,883.8267428242018,887.7268134580944
2024-07-30 17:00:00,1236.200073,930.576662065454,851.3129968262747,936.1851991540308
2024-07-30 17:05:00,1223.300049,930.576662065454,818.5523406207079,877.1754459606175
2024-07-30 17:10:00,1204.566772,930.576662065454,785.5964602056811,905.3761698092537
2024-07-30 17:15:00,1176.766602,930.576662065454,752.500297485377,897.573436523791
2024-07-30 17:20:00,1130.466675,930.576662065454,719.3217350441786,854.5692533334641
2024-07-30 17:25:00,1063.133301,930.576662065454,686.1212552623751,423.06182400537483
2024-07-30 17:30:00,985.9332886,930.576662065454,652.9615758490069,375.4887481355132
2024-07-30 17:35:00,885.8999634,930.576662065454,619.9072651081572,333.1273642537564
2024-07-30 17:40:00,786.2000122,930.576662065454,587.0243396953341,340.6928543400469
2024-07-30 17:45:00,724.8499756,930.576662065454,554.3798482668824,343.8949115396707
2024-07-30 17:50:00,581.666687,930.576662065454,522.0414440503895,360.14819173331966
2024-07-30 17:55:00,533.0,930.576662065454,490.07694987434087,357.68195232041177
2024-07-30 18:00:00,560.9000244,930.576662065454,458.5539188705485,302.04277924580225
2024-07-30 18:05:00,715.2000122,930.576662065454,427.5391943883052,296.0411342405546
2024-07-30 18:10:00,642.5333862,930.576662065454,397.09847257768536,298.2269314924388
2024-07-30 18:15:00,679.0333252,930.576662065454,367.2958708192114,295.0264752035626
2024-07-30 18:20:00,646.7666626,930.576662065454,338.19350573470064,289.6573724423752
2024-07-30 18:25:00,625.7333374,930.576662065454,309.85108361906504,291.4412994096339
2024-07-30 18:30:00,570.7999878,930.576662065454,282.3255065541874,230.5262362465054
2024-07-30 18:35:00,547.0,930.576662065454,255.6704976692846,236.64912192826756
2024-07-30 18:40:00,435.2499695,930.576662065454,229.93624769140723,226.37756591239187
2024-07-30 18:45:00,296.2999878,930.576662065454,205.16908606717234,216.09468303182956
2024-07-30 18:50:00,185.8999939,930.576662065454,181.41117885199384,202.6053496341844
2024-07-30 18:55:00,121.7499924,930.576662065454,158.70025590924843,197.8869227997185
2024-07-30 19:00:00,89.1000061,930.576662065454,137.0693692176329,53.27649231966677
2024-07-30 19:05:00,71.65000153,930.576662065454,116.54668425848661,41.76425515965757
2024-07-30 19:10:00,58.15000153,930.576662065454,97.15530599986127,39.615350853963506
2024-07-30 19:15:00,46.04999924,930.576662065454,78.91314076902248,54.607075997709224
2024-07-30 19:20:00,36.34999847,930.576662065454,61.83279505130104,25.089815798358977
2024-07-30 19:25:00,29.70000267,930.576662065454,45.92151173286243,24.461754214495684
2024-07-30 19:30:00,28.35000038,930.576662065454,31.181144533100014,35.78045419257724
2024-07-30 19:35:00,24.89999962,930.576662065454,17.608170422284477,38.425871081659785
2024-07-30 19:40:00,19.29999924,930.576662065454,5.1937400572838115,30.7301821780427
2024-07-30 19:45:00,14.19999981,930.576662065454,-6.076234337323426,35.48485122203062
2024-07-30 19:50:00,12.59999943,930.576662065454,-16.2209543556028,30.202804761564195
2024-07-30 19:55:00,0.0,930.576662065454,-25.264575080497636,22.235734011005764
2024-07-30 20:00:00,0.0,930.576662065454,-33.23601055918652,5.128952788070316
2024-07-30 20:05:00,0.0,930.576662065454,-40.16870629019124,0.0
2024-07-30 20:10:00,0.0,930.576662065454,-46.100380963328135,4.204644892329523
2024-07-30 20:15:00,0.0,930.576662065454,-51.07273925497826,0.0
2024-07-30 20:20:00,0.0,930.576662065454,-55.13115809428411,0.0
2024-07-30 20:25:00,0.0,930.576662065454,-58.32434881087638,0.0
2024-07-30 20:30:00,0.0,930.576662065454,-60.703997923979294,0.0
2024-07-30 20:35:00,0.0,930.576662065454,-62.324389340177504,0.0
2024-07-30 20:40:00,0.0,930.576662065454,-63.242010955217964,0.0
2024-07-30 20:45:00,0.0,930.576662065454,-63.51514872899729,0.0
2024-07-30 20:50:00,0.0,930.576662065454,-63.20347142891571,0.0
2024-07-30 20:55:00,0.0,930.576662065454,-62.36760924841476,0.0
2024-07-30 21:00:00,0.0,930.576662065454,-61.0687295776042,0.0
2024-07-30 21:05:00,0.0,930.576662065454,-59.36811323034073,0.0
2024-07-30 21:10:00,0.0,930.576662065454,-57.32673437369,0.0
2024-07-30 21:15:00,0.0,930.576662065454,-55.004847399173194,0.0
2024-07-30 21:20:00,0.0,930.576662065454,-52.461583900109986,0.0
2024-07-30 21:25:00,0.0,930.576662065454,-49.754562835319966,0.0
2024-07-30 21:30:00,0.0,930.576662065454,-46.93951679602838,0.0
2024-07-30 21:35:00,0.0,930.576662065454,-44.06993729504917,0.0
2024-07-30 21:40:00,0.0,930.576662065454,-41.196741611805194,0.0
2024-07-30 21:45:00,0.0,930.576662065454,-38.36796376989069,0.0
2024-07-30 21:50:00,0.0,930.576662065454,-35.62847187890482,0.0
2024-07-30 21:55:00,0.0,930.576662065454,-33.01971392570165,0.0
2024-07-30 22:00:00,0.0,930.576662065454,-30.57949381925989,0.0
2024-07-30 22:05:00,0.0,930.576662065454,-28.341779284553404,0.0
2024-07-30 22:10:00,0.0,930.576662065454,-26.336542914117715,0.0
2024-07-30 22:15:00,0.0,930.576662065454,-24.589637415953074,0.0
2024-07-30 22:20:00,0.0,930.576662065454,-23.122705843195003,0.0
2024-07-30 22:25:00,0.0,930.576662065454,-21.95312726955039,0.0
2024-07-30 22:30:00,0.0,930.576662065454,-21.093998106645298,0.0
2024-07-30 22:35:00,0.0,930.576662065454,-20.554148968393484,0.0
2024-07-30 22:40:00,0.0,930.576662065454,-20.338196695944912,0.0
2024-07-30 22:45:00,0.0,930.576662065454,-20.44663087253819,0.0
2024-07-30 22:50:00,0.0,930.576662065454,-20.8759338729192,0.0
2024-07-30 22:55:00,0.0,930.576662065454,-21.618733227853088,0.0
2024-07-30 23:00:00,0.0,930.576662065454,-22.663984814201346,0.0
2024-07-30 23:05:00,0.0,930.576662065454,-23.997185149003382,0.0
2024-07-30 23:10:00,0.0,930.576662065454,-25.600610771211574,0.0
2024-07-30 23:15:00,0.0,930.576662065454,-27.453582608179705,0.0
2024-07-30 23:20:00,0.0,930.576662065454,-29.5327528226584,0.0
2024-07-30 23:25:00,0.0,930.576662065454,-31.81241165232776,0.0
2024-07-30 23:30:00,0.0,930.576662065454,-34.264811462945104,0.0
2024-07-30 23:35:00,0.0,930.576662065454,-36.86050514297338,0.0
2024-07-30 23:40:00,0.0,930.576662065454,-39.56869584566503,0.0
2024-07-30 23:45:00,0.0,930.576662065454,-42.35759500001641,0.0
2024-07-30 23:50:00,0.0,930.576662065454,-45.19478541286053,0.0
2024-07-30 23:55:00,0.0,930.576662065454,-48.04758629046882,0.0
2024-07-31 00:00:00,0.0,930.576662065454,-50.88341697672801,0.0
2024-07-31 00:05:00,0.0,930.576662065454,-53.67015610816159,0.0
2024-07-31 00:10:00,0.0,930.576662065454,-56.376493229803586,0.0
2024-07-31 00:15:00,0.0,930.576662065454,-58.972269468304816,0.0
2024-07-31 00:20:00,0.0,930.576662065454,-61.42880458079016,0.0
2024-07-31 00:25:00,0.0,930.576662065454,-63.71920715515828,0.0
2024-07-31 00:30:00,0.0,930.576662065454,-65.81866543477554,0.0
2024-07-31 00:35:00,0.0,930.576662065454,-67.70471602402834,0.0
2024-07-31 00:40:00,0.0,930.576662065454,-69.3574880900802,0.0
2024-07-31 00:45:00,0.0,930.576662065454,-70.75992082023201,0.0
2024-07-31 00:50:00,0.0,930.576662065454,-71.89795212296016,0.0
2024-07-31 00:55:00,0.0,930.576662065454,-72.76067682673124,0.0
2024-07-31 01:00:00,0.0,930.576662065454,-73.34047274658968,0.0
2024-07-31 01:05:00,0.0,930.576662065454,-73.6330935740736,0.0
2024-07-31 01:10:00,0.0,930.576662065454,-73.6377273078515,0.0
2024-07-31 01:15:00,0.0,930.576662065454,-73.35701984050189,0.0
2024-07-31 01:20:00,0.0,930.576662065454,-72.79706303253339,0.0
2024-07-31 01:25:00,0.0,930.576662065454,-71.96734732011198,0.0
2024-07-31 01:30:00,0.0,930.576662065454,-70.88067898798745,0.0
2024-07-31 01:35:00,0.0,930.576662065454,-69.5530625833743,0.0
2024-07-31 01:40:00,0.0,930.576662065454,-68.003549266519,0.0
2024-07-31 01:45:00,0.0,930.576662065454,-66.2540521570651,0.0
2024-07-31 01:50:00,0.0,930.576662065454,-64.329130039612,0.0
2024-07-31 01:55:00,0.0,930.576662065454,-62.25574101573273,0.0
2024-07-31 02:00:00,0.0,930.576662065454,-60.06296805284488,0.0
2024-07-31 02:05:00,0.0,930.576662065454,-57.78171850234934,0.0
2024-07-31 02:10:00,0.0,930.576662065454,-55.44439998119744,0.0
2024-07-31 02:15:00,0.0,930.576662065454,-53.08457519665644,0.0
2024-07-31 02:20:00,0.0,930.576662065454,-50.73659848601455,0.0
2024-07-31 02:25:00,0.0,930.576662065454,-48.43523701216408,0.0
2024-07-31 02:30:00,0.0,930.576662065454,-46.215279740447265,0.0
2024-07-31 02:35:00,0.0,930.576662065454,-44.11113739082887,0.0
2024-07-31 02:40:00,0.0,930.576662065454,-42.156436724112574,0.0
2024-07-31 02:45:00,0.0,930.576662065454,-40.38361254279323,0.0
2024-07-31 02:50:00,0.0,930.576662065454,-38.82350090790897,0.0
2024-07-31 02:55:00,0.0,930.576662065454,-37.50493699693546,0.0
2024-07-31 03:00:00,0.0,930.576662065454,-36.45436111991149,0.0
2024-07-31 03:05:00,0.0,930.576662065454,-35.695436327332665,0.0
2024-07-31 03:10:00,0.0,930.576662065454,-35.24868099161485,0.0
2024-07-31 03:15:00,0.0,930.576662065454,-35.13111966806957,0.0
2024-07-31 03:20:00,0.0,930.576662065454,-35.355955426200076,0.0
2024-07-31 03:25:00,0.0,930.576662065454,-35.93226669061168,0.0
2024-07-31 03:30:00,0.0,930.576662065454,-36.86473148843089,0.0
2024-07-31 03:35:00,0.0,930.576662065454,-38.15338180962929,0.0
2024-07-31 03:40:00,0.0,930.576662065454,-39.793390553397025,0.0
2024-07-31 03:45:00,0.0,930.576662065454,-41.77489334155834,0.0
2024-07-31 03:50:00,0.0,930.576662065454,-44.0828472001535,0.0
2024-07-31 03:55:00,0.0,930.576662065454,-46.69692787767567,0.0
2024-07-31 04:00:00,0.0,930.576662065454,-49.59146722386134,0.0
2024-07-31 04:05:00,0.0,930.576662065454,-52.735431852637504,0.0
2024-07-31 04:10:00,0.0,930.576662065454,-56.09244391637362,0.0
2024-07-31 04:15:00,0.0,930.576662065454,-59.6208445589715,0.0
2024-07-31 04:20:00,0.0,930.576662065454,-63.27380029152704,0.0
2024-07-31 04:25:00,0.0,930.576662065454,-66.99945210090455,0.0
2024-07-31 04:30:00,0.0,930.576662065454,-70.74110707096025,0.0
2024-07-31 04:35:00,0.0,930.576662065454,-74.43747151252344,0.0
2024-07-31 04:40:00,0.0,930.576662065454,-78.02292473124359,0.0
2024-07-31 04:45:00,0.0,930.576662065454,-81.42783193950386,0.0
2024-07-31 04:50:00,0.0,930.576662065454,-84.57889466359383,0.0
2024-07-31 04:55:00,0.0,930.576662065454,-87.3995365902754,0.0
2024-07-31 05:00:00,0.0,930.576662065454,-89.81032265896383,0.0
2024-07-31 05:05:00,0.0,930.576662065454,-91.72940876498622,0.0
2024-07-31 05:10:00,0.0,930.576662065454,-93.0730192769898,0.0
2024-07-31 05:15:00,0.0,930.576662065454,-93.75594944777565,0.0
2024-07-31 05:20:00,0.0,930.576662065454,-93.69208922967935,0.0
2024-07-31 05:25:00,0.0,930.576662065454,-92.79496532694422,0.0
2024-07-31 05:30:00,0.0,930.576662065454,-90.97829764981978,0.0
2024-07-31 05:35:00,0.0,930.576662065454,-88.15656655436445,0.0
2024-07-31 05:40:00,0.0,930.576662065454,-84.24558695632474,0.0
2024-07-31 05:45:00,0.0,930.576662065454,-79.1630853591825,0.0
2024-07-31 05:50:00,0.0,930.576662065454,-72.8292758416503,0.0
2024-07-31 05:55:00,0.0,930.576662065454,-65.1674309106443,0.0
2024-07-31 06:00:00,0.0,930.576662065454,-56.10444320219639,109.38753111074354
2024-07-31 06:05:00,0.0,930.576662065454,-45.57137406664464,109.38753111074354
2024-07-31 06:10:00,0.0,930.576662065454,-33.50398505253931,107.12531377785291
2024-07-31 06:15:00,0.0,930.576662065454,-19.843248417197735,107.12531377785291
2024-07-31 06:20:00,0.0,930.576662065454,-4.5358330118038745,108.9384581566507
2024-07-31 06:25:00,0.0,930.576662065454,12.465438188381325,116.05570640076634
2024-07-31 06:30:00,0.0,930.576662065454,31.20116216388145,116.31307684142746
2024-07-31 06:35:00,0.0,930.576662065454,51.704964912839884,116.70203986273857
2024-07-31 06:40:00,61.29999924,930.576662065454,74.00314836044497,129.23430689165187
2024-07-31 06:45:00,74.40000153,930.576662065454,98.1143780220866,129.92508469840965
2024-07-31 06:50:00,91.5,930.576662065454,124.04941375962997,131.00361084237653
2024-07-31 06:55:00,110.3000031,930.576662065454,151.81088600903988,131.24667753394988
2024-07-31 07:00:00,134.3000031,930.576662065454,181.39311908952766,506.73850028004324
2024-07-31 07:05:00,164.1999969,930.576662065454,212.78200357692492,506.73850028004324
2024-07-31 07:10:00,192.3999939,930.576662065454,245.95491859858544,506.73850028004324
2024-07-31 07:15:00,229.3999939,930.576662065454,280.8807054664618,501.4277161083354
2024-07-31 07:20:00,277.5,930.576662065454,317.5196924038403,501.4277161083354
2024-07-31 07:25:00,315.8999939,930.576662065454,355.8237715240078,498.8879895481385
2024-07-31 07:30:00,362.7000122,930.576662065454,395.73652738469974,500.6304710680275
2024-07-31 07:35:00,414.1000061,930.576662065454,437.1934164848842,500.6304710680275
2024-07-31 07:40:00,468.5,930.576662065454,480.12199734324327,500.1816405011845
2024-07-31 07:45:00,513.0,930.576662065454,524.4422095569647,501.5137390720051
2024-07-31 07:50:00,567.2999878,930.576662065454,570.0667004271589,501.57202434602505
2024-07-31 07:55:00,610.5,930.576662065454,616.9011973749286,501.57202434602505
2024-07-31 08:00:00,687.2000122,930.576662065454,664.8449237217982,1088.58887548428
2024-07-31 08:05:00,730.2000122,930.576662065454,713.7910555656022,1088.58887548428
2024-07-31 08:10:00,808.4000244,930.576662065454,763.6272167256876,1062.0527657140938
2024-07-31 08:15:00,778.7000122,930.576662065454,814.2360090318408,1062.0285457807604
2024-07-31 08:20:00,820.0,930.576662065454,865.495574326694,1064.5601091582603
2024-07-31 08:25:00,958.9000244,930.576662065454,917.2801847758509,1065.0751565512762
2024-07-31 08:30:00,1028.699951,930.576662065454,969.4608579461935,1062.8048489457651
2024-07-31 08:35:00,1110.199951,930.576662065454,1021.905992199223,1059.2446646689436
2024-07-31 08:40:00,1079.033325,930.576662065454,1074.4820190090543,1058.285946145158
2024-07-31 08:45:00,1121.466675,930.576662065454,1127.0540678924635,1055.2469551199356
2024-07-31 08:50:00,1151.466675,930.576662065454,1179.4866389039514,1055.1068323067927
2024-07-31 08:55:00,1198.700073,930.576662065454,1231.6442796440754,1055.1068323067927
2024-07-31 09:00:00,1241.733398,930.576662065454,1283.3922616488285,1546.9287619900172
2024-07-31 09:05:00,1284.333374,930.576662065454,1334.5972516694935,1540.9875125606522
2024-07-31 09:10:00,1333.533325,930.576662065454,1385.1279741896287,1546.9287619900172
2024-07-31 09:15:00,1384.433228,930.576662065454,1434.8558603829144,1546.9287619900172
2024-07-31 09:20:00,1439.033325,930.576662065454,1483.6556795424367,1546.9287619900172
2024-07-31 09:25:00,1488.166626,930.576662065454,1531.406149072302,1546.9287619900172
2024-07-31 09:30:00,1537.0,930.576662065454,1577.9905188260725,1548.9208911677952
2024-07-31 09:35:00,1584.166626,930.576662065454,1623.29712642908,1548.9208911677952
2024-07-31 09:40:00,1632.633423,930.576662065454,1667.2199198209876,1548.4568562465356
2024-07-31 09:45:00,1676.233398,930.576662065454,1709.6589440057667,1547.8682823670913
2024-07-31 09:50:00,1716.666626,930.576662065454,1750.5207887322365,1547.8682823670913
2024-07-31 09:55:00,1753.966675,930.576662065454,1789.7189944641157,1551.450185196462
2024-07-31 10:00:00,1793.833374,930.576662065454,1827.1744143140293,1824.655265263848
2024-07-31 10:05:00,1831.766602,930.576662065454,1862.8155293884436,1824.655265263848
2024-07-31 10:10:00,1869.099976,930.576662065454,1896.5787162120876,1842.254839686237
2024-07-31 10:15:00,1903.900024,930.576662065454,1928.4084646073288,1842.254839686237
2024-07-31 10:20:00,1938.433228,930.576662065454,1958.2575443544204,1857.4051026106742
2024-07-31 10:25:00,1970.566772,930.576662065454,1986.0871207682344,1852.076959265681
2024-07-31 10:30:00,2000.133423,930.576662065454,2011.8668179858491,1855.4070731149027
2024-07-31 10:35:00,2025.099976,930.576662065454,2035.574730341236,1853.7232952432366
2024-07-31 10:40:00,2043.566772,930.576662065454,2057.197381764637,1856.582892312006
2024-07-31 10:45:00,2053.56665,930.576662065454,2076.729634223112,1851.2188617924012
2024-07-31 10:50:00,2057.666748,930.576662065454,2094.174545915638,1836.8999290629977
2024-07-31 10:55:00,2058.900146,930.576662065454,2109.543180730703,1825.879224658828
2024-07-31 11:00:00,2059.133301,930.576662065454,2122.854370502209,1967.6582725655971
2024-07-31 11:05:00,2059.06665,930.576662065454,2134.134432203394,1985.6396797138414
2024-07-31 11:10:00,2058.166748,930.576662065454,2143.416842233184,1985.6396797138414
2024-07-31 11:15:00,2057.0,930.576662065454,2150.741870559965,2000.6472086441493
2024-07-31 11:20:00,2054.533447,930.576662065454,2156.156177365744,2008.6644307334825
2024-07-31 11:25:00,2053.833252,930.576662065454,2159.712375498119,2017.1289364731495
2024-07-31 11:30:00,2054.833252,930.576662065454,2161.4685618851686,2017.1289364731495
2024-07-31 11:35:00,2058.400146,930.576662065454,2161.4878215486146,2017.2376203648637
2024-07-31 11:40:00,2061.233154,930.576662065454,2159.8377078777253,2017.2376203648637
2024-07-31 11:45:00,2062.199951,930.576662065454,2156.589702972351,2017.250701635086
2024-07-31 11:50:00,2060.666748,930.576662065454,2151.8186620928122,2023.0830948106416
2024-07-31 11:55:00,2057.699951,930.576662065454,2145.6022461729763,2023.0830948106416
2024-07-31 12:00:00,2056.633545,930.576662065454,2138.020346567847,2030.7384443419264
2024-07-31 12:05:00,2057.100098,930.576662065454,2129.154506104562,2030.6880826191573
2024-07-31 12:10:00,2059.266602,930.576662065454,2119.0873407015984,2041.670418157862
2024-07-31 12:15:00,2059.866699,930.576662065454,2107.9019654123967,2041.218313950587
2024-07-31 12:20:00,2059.033447,930.576662065454,2095.68142924538,2041.1334579371844
2024-07-31 12:25:00,2057.233398,930.576662065454,2082.5081623909364,2040.1532336558173
2024-07-31 12:30:00,2056.300049,930.576662065454,2068.4634398886956,2037.4785613616361
2024-07-31 12:35:00,2056.766602,930.576662065454,2053.6268654331393,2039.2185893504852
2024-07-31 12:40:00,2057.166748,930.576662065454,2038.0758785705432,2041.587405596573
2024-07-31 12:45:00,2057.06665,930.576662065454,2021.885288951807,2052.6918817236397
2024-07-31 12:50:00,2057.466797,930.576662065454,2005.1268404206776,2053.91655355745
2024-07-31 12:55:00,2058.299805,930.576662065454,1987.8688079722074,1895.9436790062312
2024-07-31 13:00:00,2059.766602,930.576662065454,1970.1756300158265,1710.2598685501403
2024-07-31 13:05:00,2060.5,930.576662065454,1952.107578481573,1697.1462357417336
2024-07-31 13:10:00,2061.5,930.576662065454,1933.720468433168,1586.8983872931665
2024-07-31 13:15:00,2060.5,930.576662065454,1915.065409111529,1516.3722396463577
2024-07-31 13:20:00,2059.133545,930.576662065454,1896.1885978699033,1505.501872604909
2024-07-31 13:25:00,2058.133545,930.576662065454,1877.131157708878,1406.122881748865
2024-07-31 13:30:00,2060.033447,930.576662065454,1857.9290194399853,1881.81751425285
2024-07-31 13:35:00,2062.099854,930.576662065454,1838.6128486255052,1919.0821081478362
2024-07-31 13:40:00,2063.699951,930.576662065454,1819.2080175611766,1869.001975482757
2024-07-31 13:45:00,2062.833252,930.576662065454,1799.7346217067554,1821.827804513275
2024-07-31 13:50:00,2061.666748,930.576662065454,1780.2075401354782,1714.753386165493
2024-07-31 13:55:00,2059.266602,930.576662065454,1760.6365389626253,1611.8267549096827
2024-07-31 14:00:00,2058.5,930.576662065454,1741.0264163286342,1402.4325177924572
2024-07-31 14:05:00,2057.033447,930.576662065454,1721.3771877253205,1329.4450520148507
2024-07-31 14:10:00,2057.600098,930.576662065454,1701.6843091894775,1057.7524178300887
2024-07-31 14:15:00,2056.600098,930.576662065454,1681.9389367638253,1164.5606038136689
2024-07-31 14:20:00,2057.600098,930.576662065454,1662.1282193774127,1513.5564455656377
2024-07-31 14:25:00,2056.300049,930.576662065454,1642.2356227044502,1831.179917451052
2024-07-31 14:30:00,2056.633301,930.576662065454,1622.2412809533091,1850.6739090278775
2024-07-31 14:35:00,2056.166748,930.576662065454,1602.1223737007983,1870.9159028942588
2024-07-31 14:40:00,2057.06665,930.576662065454,1581.8535242731953,1871.1469870811818
2024-07-31 14:45:00,2056.366455,930.576662065454,1561.4072162936359,1870.0952032881664
2024-07-31 14:50:00,2053.266602,930.576662065454,1540.754225209347,1932.1237261071576
2024-07-31 14:55:00,2045.799927,930.576662065454,1519.864060625864,1928.844003507769
2024-07-31 15:00:00,2031.133301,930.576662065454,1498.7054161965807,1892.765910326656
2024-07-31 15:05:00,2007.166626,930.576662065454,1477.2466230951757,1896.5744313106243
2024-07-31 15:10:00,1978.599976,930.576662065454,1455.4561035752013,1920.8814912507667
2024-07-31 15:15:00,1950.033325,930.576662065454,1433.302820631571,1913.7036213307113
2024-07-31 15:20:00,1923.233398,930.576662065454,1410.756720315494,1850.5291092097511
2024-07-31 15:25:00,1891.566772,930.576662065454,1387.789163066493,1864.6223251622023
2024-07-31 15:30:00,1854.166626,930.576662065454,1364.3733404036734,1860.3492478701473
2024-07-31 15:35:00,1812.900024,930.576662065454,1340.484674166159,1830.7242125926784
2024-07-31 15:40:00,1771.933228,930.576662065454,1316.1011942723753,1789.3118960905724
2024-07-31 15:45:00,1726.800171,930.576662065454,1291.2038928661084,1749.4985897418446
2024-07-31 15:50:00,1683.0,930.576662065454,1265.7770513909381,1736.238373764654
2024-07-31 15:55:00,1640.833374,930.576662065454,1239.8085383563734,1693.527926995861
2024-07-31 16:00:00,1611.033325,930.576662065454,1213.2900753562035,1646.026688795929
2024-07-31 16:05:00,1582.600098,930.576662065454,1186.2174691772093,1637.2006583768373
2024-07-31 16:10:00,1554.266602,930.576662065454,1158.590808481621,1593.068729288858
2024-07-31 16:15:00,1517.866699,930.576662065454,1130.4146229649614,1545.1189296360167
2024-07-31 16:20:00,1476.599976,930.576662065454,1101.6980046689807,1508.1601156848737
2024-07-31 16:25:00,1431.033203,930.576662065454,1072.4546894905302,1470.3863767858102
2024-07-31 16:30:00,1382.433228,930.576662065454,1042.703099196673,1434.3998479880572
2024-07-31 16:35:00,1333.266724,930.576662065454,1012.4663429466142,1428.5857161769304
2024-07-31 16:40:00,1284.666626,930.576662065454,981.7721790355986,1398.104424136052
2024-07-31 16:45:00,1236.933472,930.576662065454,950.6529365687824,1390.3959059700078
2024-07-31 16:50:00,1188.700073,930.576662065454,919.1453981508217,1385.148652867865
2024-07-31 16:55:00,1140.200073,930.576662065454,887.2906444365019,1378.9318058770316
2024-07-31 17:00:00,1089.299927,930.576662065454,855.1338616006786,1112.2415279162674
2024-07-31 17:05:00,1036.566772,930.576662065454,822.7241139019848,1095.9875488875368
2024-07-31 17:10:00,978.2000122,930.576662065454,790.1140822082156,1084.7080714162748
2024-07-31 17:15:00,919.666687,930.576662065454,757.3597716026582,1079.9780450232906
2024-07-31 17:20:00,863.0333862,930.576662065454,724.5201895072603,1074.6425655967196
2024-07-31 17:25:00,812.1333008,930.576662065454,691.656997544799,1080.5273247823777
2024-07-31 17:30:00,763.4333496,930.576662065454,658.8341394484743,1084.1258617692665
2024-07-31 17:35:00,713.333313,930.576662065454,626.1174481592318,1075.8699638263304
2024-07-31 17:40:00,662.2999878,930.576662065454,593.5742353283622,1060.0240721895789
2024-07-31 17:45:00,612.2666626,930.576662065454,561.2728659050601,1056.9305164438645
2024-07-31 17:50:00,566.333313,930.576662065454,529.2823220337273,1056.9305164438645
2024-07-31 17:55:00,520.7333374,930.576662065454,497.6717587305035,1057.5148913799705
2024-07-31 18:00:00,474.3666992,930.576662065454,466.51005544227274,787.1966846024916
2024-07-31 18:05:00,427.0666504,930.576662065454,435.8653667570059,783.2251741115609
2024-07-31 18:10:00,381.5333252,930.576662065454,405.80467568004815,781.862630415872
2024-07-31 18:15:00,338.3666687,930.576662065454,376.39335323360984,782.9529796046022
2024-07-31 18:20:00,303.4333191,930.576662065454,347.6947274252254,782.9529796046022
2024-07-31 18:25:00,270.6999817,930.576662065454,319.7696651815706,782.9529796046022
2024-07-31 18:30:00,257.7999878,930.576662065454,292.67617022177234,782.5708992722133
2024-07-31 18:35:00,222.0000153,930.576662065454,266.4690004755948,752.4331474819213
2024-07-31 18:40:00,190.25,930.576662065454,241.19930718182246,740.734490511626
2024-07-31 18:45:00,157.3500061,930.576662065454,216.91429923029727,687.2720170868881
2024-07-31 18:50:00,121.7333374,930.576662065454,193.65693473222595,254.7032020536218
2024-07-31 18:55:00,108.6999893,930.576662065454,171.46564246717568,243.80785142467502
2024-07-31 19:00:00,96.40000153,930.576662065454,150.3740752121665,79.15996740733648
2024-07-31 19:05:00,91.44999695,930.576662065454,130.41089673908468,73.89027130257203
2024-07-31 19:10:00,68.56666565,930.576662065454,111.59960431698985,74.51144987863395
2024-07-31 19:15:00,61.25,930.576662065454,93.95838755656833,76.74877156891554
2024-07-31 19:20:00,52.0,930.576662065454,77.50002525998637,75.42753852803935
2024-07-31 19:25:00,39.20000458,930.576662065454,62.231820362226834,75.30873853350602
2024-07-31 19:30:00,29.95000076,930.576662065454,48.15557380951778,75.41732320835521
2024-07-31 19:35:00,23.15000153,930.576662065454,35.26759735009731,74.53441593028856
2024-07-31 19:40:00,18.04999924,930.576662065454,23.558765018466065,73.78947157925522
2024-07-31 19:45:00,14.26666641,930.576662065454,13.014602981896786,69.95198176989487
2024-07-31 19:50:00,13.06666565,930.576662065454,3.6154167721520323,67.46604146696811
2024-07-31 19:55:00,0.0,930.576662065454,-4.6635450043208015,64.74554395029382
2024-07-31 20:00:00,0.0,930.576662065454,-11.851891941302302,2.2666380723063497
2024-07-31 20:05:00,0.0,930.576662065454,-17.983859570906713,2.2493047389730165
2024-07-31 20:10:00,0.0,930.576662065454,-23.098045610900282,1.5808973275285718
2024-07-31 20:15:00,0.0,930.576662065454,-27.237116725009518,1.5808973275285718
2024-07-31 20:20:00,0.0,930.576662065454,-30.44748812778897,2.8728751094396827
2024-07-31 20:25:00,0.0,930.576662065454,-32.77897865927419,2.8728751094396827
2024-07-31 20:30:00,0.0,930.576662065454,-34.284443986943565,2.8223195538841273
2024-07-31 20:35:00,0.0,930.576662065454,-35.019390864520744,2.0051899245507943
2024-07-31 20:40:00,0.0,930.576662065454,-35.04157544913323,2.0542121468619055
2024-07-31 20:45:00,0.0,930.576662065454,-34.410588849357715,2.228119549750794
2024-07-31 20:50:00,0.0,930.576662065454,-33.18743314839733,1.8578602859730162
2024-07-31 20:55:00,0.0,930.576662065454,-31.434091166498728,0.8275999970111112
2024-07-31 21:00:00,0.0,930.576662065454,-29.213093335105018,0.36093333034444447
2024-07-31 21:05:00,0.0,930.576662065454,-26.58708502773546,0.0
2024-07-31 21:10:00,0.0,930.576662065454,-23.618397679213874,0.0
2024-07-31 21:15:00,0.0,930.576662065454,-20.368627001880412,2.741655516789683
2024-07-31 21:20:00,0.0,930.576662065454,-16.89822151461809,0.0
2024-07-31 21:25:00,0.0,930.576662065454,-13.26608453857266,0.0
2024-07-31 21:30:00,0.0,930.576662065454,-9.529192659196225,0.0
2024-07-31 21:35:00,0.0,930.576662065454,-5.742233554186185,0.0
2024-07-31 21:40:00,0.0,930.576662065454,-1.9572659272719746,0.0
2024-07-31 21:45:00,0.0,930.576662065454,1.776596035411789,0.0
2024-07-31 21:50:00,0.0,930.576662065454,5.413471172887413,0.0
2024-07-31 21:55:00,0.0,930.576662065454,8.910970893243277,0.0
2024-07-31 22:00:00,0.0,930.576662065454,12.230427790017886,0.0
2024-07-31 22:05:00,0.0,930.576662065454,15.337091748200553,0.0
2024-07-31 22:10:00,0.0,930.576662065454,18.200292204054982,0.0
2024-07-31 22:15:00,0.0,930.576662065454,20.79356547149005,0.0
2024-07-31 22:20:00,0.0,930.576662065454,23.094746380132538,0.0
2024-07-31 22:25:00,0.0,930.576662065454,25.086023698828274,0.0
2024-07-31 22:30:00,0.0,930.576662065454,26.75395919363714,0.0
2024-07-31 22:35:00,0.0,930.576662065454,28.089470376548338,0.0
2024-07-31 22:40:00,0.0,930.576662065454,29.087777369648357,0.10893333814666666
2024-07-31 22:45:00,0.0,930.576662065454,29.74831455104252,0.0
2024-07-31 22:50:00,0.0,930.576662065454,30.07460796971908,0.0
2024-07-31 22:55:00,0.0,930.576662065454,30.074119766909533,0.0
2024-07-31 23:00:00,0.0,930.576662065454,29.75806113392819,0.0
2024-07-31 23:05:00,0.0,930.576662065454,29.141175557741605,0.0
2024-07-31 23:10:00,0.0,930.576662065454,28.24149439589503,0.0
2024-07-31 23:15:00,0.0,930.576662065454,27.080066974958147,0.0
2024-07-31 23:20:00,0.0,930.576662065454,25.680667742510867,0.0
2024-07-31 23:25:00,0.0,930.576662065454,24.069482949672427,0.0
2024-07-31 23:30:00,0.0,930.576662065454,22.274779873000693,0.0
2024-07-31 23:35:00,0.0,930.576662065454,20.32656126928206,0.0
2024-07-31 23:40:00,0.0,930.576662065454,18.25620836158435,0.0
2024-07-31 23:45:00,0.0,930.576662065454,16.096115321551984,0.0
2024-07-31 23:50:00,0.0,930.576662065454,13.87931857064183,0.0
2024-07-31 23:55:00,0.0,930.576662065454,11.63912413142019,0.0
2024-08-01 00:00:00,0.0,930.576662065454,9.408736310218979,0.0
2024-08-01 00:05:00,0.0,930.576662065454,7.220890993536705,0.0
2024-08-01 00:10:00,0.0,930.576662065454,5.107496741083365,0.0
2024-08-01 00:15:00,0.0,930.576662065454,3.0992869839169828,0.0
2024-08-01 00:20:00,0.0,930.576662065454,1.225486148106618,0.0
2024-08-01 00:25:00,0.0,930.576662065454,-0.4865069761042678,0.0
2024-08-01 00:30:00,0.0,930.576662065454,-2.011416177274996,0.0
2024-08-01 00:35:00,0.0,930.576662065454,-3.3263620634478457,0.0
2024-08-01 00:40:00,0.0,930.576662065454,-4.411111372514772,0.0
2024-08-01 00:45:00,0.0,930.576662065454,-5.248298937746861,0.0
2024-08-01 00:50:00,0.0,930.576662065454,-5.823620313677994,0.0
2024-08-01 00:55:00,0.0,930.576662065454,-6.125993224358625,0.0
2024-08-01 01:00:00,0.0,930.576662065454,-6.147686293368033,0.0
2024-08-01 01:05:00,0.0,930.576662065454,-5.8844137628192605,0.0
2024-08-01 01:10:00,0.0,930.576662065454,-5.335395190306668,0.0
2024-08-01 01:15:00,0.0,930.576662065454,-4.503379453798868,0.0
2024-08-01 01:20:00,0.0,930.576662065454,-3.3946325514743307,0.0
2024-08-01 01:25:00,0.0,930.576662065454,-2.0188892071370113,0.0
2024-08-01 01:30:00,0.0,930.576662065454,-0.38926837050703766,0.0
2024-08-01 01:35:00,0.0,930.576662065454,1.477846845853958,0.0
2024-08-01 01:40:00,0.0,930.576662065454,3.5629640064773116,0.0
2024-08-01 01:45:00,0.0,930.576662065454,5.843669896612326,0.0
2024-08-01 01:50:00,0.0,930.576662065454,8.29485134908206,0.0
2024-08-01 01:55:00,0.0,930.576662065454,10.888946744791877,0.0
2024-08-01 02:00:00,0.0,930.576662065454,13.596226235341955,0.0
2024-08-01 02:05:00,0.0,930.576662065454,16.385098497407615,0.0
2024-08-01 02:10:00,0.0,930.576662065454,19.222441632040482,0.0
2024-08-01 02:15:00,0.0,930.576662065454,22.073955564461293,0.0
2024-08-01 02:20:00,0.0,930.576662065454,24.904533084277272,0.0
2024-08-01 02:25:00,0.0,930.576662065454,27.67864656387308,0.0
2024-08-01 02:30:00,0.0,930.576662065454,30.360747149727093,0.0
2024-08-01 02:35:00,0.0,930.576662065454,32.915673148478,0.0
2024-08-01 02:40:00,0.0,930.576662065454,35.30906420909669,0.0
2024-08-01 02:45:00,0.0,930.576662065454,37.5077778125987,0.0
2024-08-01 02:50:00,0.0,930.576662065454,39.48030454699116,0.0
2024-08-01 02:55:00,0.0,930.576662065454,41.19717861154423,0.0
2024-08-01 03:00:00,0.0,930.576662065454,42.63138000554444,0.0
2024-08-01 03:05:00,0.0,930.576662065454,43.75872487814696,0.0
2024-08-01 03:10:00,0.0,930.576662065454,44.55824058460571,0.0
2024-08-01 03:15:00,0.0,930.576662065454,45.012522079728114,0.0
2024-08-01 03:20:00,0.0,930.576662065454,45.10806639536348,0.0
2024-08-01 03:25:00,0.0,930.576662065454,44.835582086198826,0.0
2024-08-01 03:30:00,0.0,930.576662065454,44.19027070675623,0.0
2024-08-01 03:35:00,0.0,930.576662065454,43.1720775158174,0.0
2024-08-01 03:40:00,0.0,930.576662065454,41.78590898229249,0.0
2024-08-01 03:45:00,0.0,930.576662065454,40.041814588445774,0.0
2024-08-01 03:50:00,0.0,930.576662065454,37.95513110932113,0.0
2024-08-01 03:55:00,0.0,930.576662065454,35.546587371753574,0.0
2024-08-01 04:00:00,0.0,930.576662065454,32.84236813930969,0.0
2024-08-01 04:05:00,0.0,930.576662065454,29.874135866933514,0.0
2024-08-01 04:10:00,0.0,930.576662065454,26.679009440921615,0.0
2024-08-01 04:15:00,0.0,930.576662065454,23.299499376217405,0.0
2024-08-01 04:20:00,0.0,930.576662065454,19.783399194605582,0.0
2024-08-01 04:25:00,0.0,930.576662065454,16.183633157111387,0.0
2024-08-01 04:30:00,0.0,930.576662065454,12.558060616302923,0.0
2024-08-01 04:35:00,0.0,930.576662065454,8.969238034555,0.0
2024-08-01 04:40:00,0.0,930.576662065454,5.484139415753024,0.0
2024-08-01 04:45:00,0.0,930.576662065454,2.173836914461179,0.0
2024-08-01 04:50:00,0.0,930.576662065454,-0.8868569209637944,0.0
2024-08-01 04:55:00,0.0,930.576662065454,-3.6197830573327074,0.0
2024-08-01 05:00:00,0.0,930.576662065454,-5.943863815832459,0.0
2024-08-01 05:05:00,0.0,930.576662065454,-7.77556192225565,0.0
2024-08-01 05:10:00,0.0,930.576662065454,-9.029368034869318,0.0
2024-08-01 05:15:00,0.0,930.576662065454,-9.618313552571141,0.0
2024-08-01 05:20:00,0.0,930.576662065454,-9.454505396445978,0.0
2024-08-01 05:25:00,0.0,930.576662065454,-8.449679328133923,0.0
2024-08-01 05:30:00,0.0,930.576662065454,-6.515767949089694,0.0
2024-08-01 05:35:00,0.0,930.576662065454,-3.5654797984744175,0.0
2024-08-01 05:40:00,0.0,930.576662065454,0.48711466162854855,0.0
2024-08-01 05:45:00,0.0,930.576662065454,5.725993982805575,0.0
2024-08-01 05:50:00,0.0,930.576662065454,12.232597794280633,0.0
2024-08-01 05:55:00,0.0,930.576662065454,20.085244115638705,0.0
2024-08-01 06:00:00,0.0,930.576662065454,29.35855596071743,72.31875954387088
2024-08-01 06:05:00,0.0,930.576662065454,40.12290140337061,77.64750685010762
2024-08-01 06:10:00,0.0,930.576662065454,52.44385106800724,80.24197831723762
2024-08-01 06:15:00,0.0,930.576662065454,66.3816570576714,80.26926722729985
2024-08-01 06:20:00,0.0,930.576662065454,81.99075698026832,80.0822116930865
2024-08-01 06:25:00,0.0,930.576662065454,99.31930692660208,82.43789110071889
2024-08-01 06:30:00,0.0,930.576662065454,118.40874685685094,84.32926165407795
2024-08-01 06:35:00,0.0,930.576662065454,139.29340142651955,84.32926165407795
2024-08-01 06:40:00,67.0,930.576662065454,162.00011974085123,83.53382831208796
2024-08-01 06:45:00,81.59999847,930.576662065454,186.54795650329353,93.40811127436945
2024-08-01 06:50:00,98.40000153,930.576662065454,212.9478973330206,93.40811127436945
2024-08-01 06:55:00,117.4000015,930.576662065454,241.20263022700618,104.1308842226648
2024-08-01 07:00:00,141.1999969,930.576662065454,271.3063654412467,579.0313572132059
2024-08-01 07:05:00,166.0,930.576662065454,303.2447051631138,578.3044682429837
2024-08-01 07:10:00,198.3000031,930.576662065454,336.9945643086543,575.4461938378313
2024-08-01 07:15:00,236.6000061,930.576662065454,372.5241436289286,566.2207018163567
2024-08-01 07:20:00,283.1000061,930.576662065454,409.79295501876305,549.9440552295536
2024-08-01 07:25:00,328.2000122,930.576662065454,448.751900273876,549.9440552295536
2024-08-01 07:30:00,371.6000061,930.576662065454,489.3434021139004,509.98932448636947
2024-08-01 07:35:00,421.8999939,930.576662065454,531.5015877328254,509.98932448636947
2024-08-01 07:40:00,470.5,930.576662065454,575.1525235495425,509.98932448636947
2024-08-01 07:45:00,519.0999756,930.576662065454,620.2145002659108,509.98932448636947
2024-08-01 07:50:00,573.5999756,930.576662065454,666.5983661738372,509.98932448636947
2024-08-01 07:55:00,622.2000122,930.576662065454,714.2079073391537,509.98932448636947
2024-08-01 08:00:00,678.2999878,930.576662065454,762.9402723371386,1063.1261566668745
2024-08-01 08:05:00,735.5999756,930.576662065454,812.6864382498811,1064.0609081144457
2024-08-01 08:10:00,789.2000122,930.576662065454,863.3317162658091,1064.0609081144457
2024-08-01 08:15:00,770.5333862,930.576662065454,914.7562928148091,1057.5831600706235
2024-08-01 08:20:00,897.2999878,930.576662065454,966.835803443352,1053.1384380875127
2024-08-01 08:25:00,858.6333008,930.576662065454,1019.4419352279401,1053.1384380875127
2024-08-01 08:30:00,910.5,930.576662065454,1072.4430546345864,1052.330690937735
2024-08-01 08:35:00,941.2999878,930.576662065454,1125.704856302791,1052.330690937735
2024-08-01 08:40:00,1127.599976,930.576662065454,1179.0910287588251,1053.5955802049727
2024-08-01 08:45:00,1076.866699,930.576662065454,1232.4639332160027,1044.581135630319
2024-08-01 08:50:00,1137.900024,930.576662065454,1285.6852899304636,1054.1024329608715
2024-08-01 08:55:00,1167.900024,930.576662065454,1338.6168694960834,1056.749173543505
2024-08-01 09:00:00,1218.56665,930.576662065454,1391.1211828581613,1546.686068825343
2024-08-01 09:05:00,1265.733276,930.576662065454,1443.0621668812478,1557.4185548677608
2024-08-01 09:10:00,1312.900024,930.576662065454,1494.3058604054418,1572.5991223663348
2024-08-01 09:15:00,1358.866577,930.576662065454,1544.7210666442597,1578.0074158188477
2024-08-01 09:20:00,1402.299927,930.576662065454,1594.179997853052,1572.7299012214032
2024-08-01 09:25:00,1446.633301,930.576662065454,1642.5588975607525,1561.107363756062
2024-08-01 09:30:00,1491.900024,930.576662065454,1689.73863749793,1578.5813955281278
2024-08-01 09:35:00,1536.599976,930.576662065454,1735.6052838884345,1583.628588830349
2024-08-01 09:40:00,1579.700073,930.576662065454,1780.0506311627512,1578.6288019328567
2024-08-01 09:45:00,1620.566772,930.576662065454,1822.9726985181312,1563.7724874979192
2024-08-01 09:50:00,1659.066772,930.576662065454,1864.2761870164709,1556.6416957934116
2024-08-01 09:55:00,1693.199829,930.576662065454,1903.8728937455294,1562.172574081819
2024-08-01 10:00:00,1722.900024,930.576662065454,1941.6820812102567,1777.3372554266546
2024-08-01 10:05:00,1756.033325,930.576662065454,1977.6307992877073,1790.8858999649083
2024-08-01 10:10:00,1790.566528,930.576662065454,2011.654158021733,1835.8699891825513
2024-08-01 10:15:00,1826.400024,930.576662065454,2043.6955499752746,1836.1389899003293
2024-08-01 10:20:00,1855.266602,930.576662065454,2073.70682027311,1832.1623548886625
2024-08-01 10:25:00,1881.633301,930.576662065454,2101.648384564827,1832.8717992917282
2024-08-01 10:30:00,1905.799927,930.576662065454,2127.489293472093,1826.6868682078289
2024-08-01 10:35:00,1932.900024,930.576662065454,2151.207244132374,1825.319075832464
2024-08-01 10:40:00,1964.033325,930.576662065454,2172.7885387826254,1834.617905864642
2024-08-01 10:45:00,1998.166626,930.576662065454,2192.2279911432947,1824.8928655617215
2024-08-01 10:50:00,2029.066772,930.576662065454,2209.5287817017816,1830.3631564481584
2024-08-01 10:55:00,2047.599976,930.576662065454,2224.7022630194338,1819.078838328999
2024-08-01 11:00:00,2055.166748,930.576662065454,2237.767717172884,1842.8613318472535
2024-08-01 11:05:00,2055.199951,930.576662065454,2248.7520668709913,1847.1308175092674
2024-08-01 11:10:00,2055.233398,930.576662065454,2257.689543063031,1856.4634394461937
2024-08-01 11:15:00,2055.300049,930.576662065454,2264.621311372551,1857.3129085319342
2024-08-01 11:20:00,2056.900146,930.576662065454,2269.5950603837355,1883.1306030133949
2024-08-01 11:25:00,2058.233398,930.576662065454,2272.6645549687355,1892.5547252787862
2024-08-01 11:30:00,2060.100098,930.576662065454,2273.8891579289193,1887.6181585094612
2024-08-01 11:35:00,2061.06665,930.576662065454,2273.333323765972,1876.7202858640874
2024-08-01 11:40:00,2061.699951,930.576662065454,2271.066068082523,1877.0542294108875
2024-08-01 11:45:00,2061.466553,930.576662065454,2267.160416789023,1885.8468407093058
2024-08-01 11:50:00,2061.233398,930.576662065454,2261.692838985582,1886.6936712547026
2024-08-01 11:55:00,2061.766846,930.576662065454,2254.7426677044573,1911.4439483945919
2024-08-01 12:00:00,2062.266846,930.576662065454,2246.39151275222,1940.3759418573522
2024-08-01 12:05:00,2062.56665,930.576662065454,2236.722669776511,2028.311208350062
2024-08-01 12:10:00,2061.233154,930.576662065454,2225.820529843792,2030.4484088279066
2024-08-01 12:15:00,2061.06665,930.576662065454,2213.769993689311,2031.4792079694403
2024-08-01 12:20:00,2060.533447,930.576662065454,2200.6558947444423,2040.8898307696597
2024-08-01 12:25:00,2061.366699,930.576662065454,2186.5624350057446,2042.642434408555
2024-08-01 12:30:00,2060.400146,930.576662065454,2171.572637574634,2045.1730056752672
2024-08-01 12:35:00,2059.766602,930.576662065454,2155.767819791102,2046.1021594209667
2024-08-01 12:40:00,2058.833252,930.576662065454,2139.227090294007,2042.9802549473193
2024-08-01 12:45:00,2058.75,930.576662065454,2122.026873588931,2042.6508180005828
2024-08-01 12:50:00,2061.199951,930.576662065454,2104.2404651969396,2046.2808128005
2024-08-01 12:55:00,2063.150146,930.576662065454,2085.937620222908,1913.226700034136
2024-08-01 13:00:00,2062.466553,930.576662065454,2067.184178175832,1198.0869228462382
2024-08-01 13:05:00,2061.033203,930.576662065454,2048.041726122833,1180.5137683214186
2024-08-01 13:10:00,2059.800049,930.576662065454,2028.5673024424457,1336.526720163686
2024-08-01 13:15:00,2059.266602,930.576662065454,2008.813142686965,1480.8519038551894
2024-08-01 13:20:00,2059.25,930.576662065454,1988.826469314374,1469.7230115311131
2024-08-01 13:25:00,1769.549927,930.576662065454,1968.6493259080207,1913.5215091467724
2024-08-01 13:30:00,1679.300049,930.576662065454,1948.3184568612908,1880.2900179025573
2024-08-01 13:35:00,1554.150024,930.576662065454,1927.8652329888314,1889.7024935781901
2024-08-01 13:40:00,2066.600098,930.576662065454,1907.3156228160044,1802.897190952772
2024-08-01 13:45:00,2063.100098,930.576662065454,1886.6902094710806,1690.3516767692793
2024-08-01 13:50:00,2062.266846,930.576662065454,1866.004252339244,1538.2369128277955
2024-08-01 13:55:00,2059.366699,930.576662065454,1845.2677927511584,1405.3977826155735
2024-08-01 14:00:00,2058.699951,930.576662065454,1824.4858019280207,1149.34371451723
2024-08-01 14:05:00,2057.099854,930.576662065454,1803.6583701705235,1494.350942424984
2024-08-01 14:10:00,2055.533447,930.576662065454,1782.7809347400093,1474.8312227569713
2024-08-01 14:15:00,2055.800049,930.576662065454,1761.8445446239296,1451.2157730721792
2024-08-01 14:20:00,2058.366455,930.576662065454,1740.8361595535266,1476.6980529063783
2024-08-01 14:25:00,2063.93335,930.576662065454,1719.7389804891984,1486.166478879879
2024-08-01 14:30:00,2066.699951,930.576662065454,1698.5328088288834,1407.741204884651
2024-08-01 14:35:00,2067.199951,930.576662065454,1677.1944309005755,1777.0725748834825
2024-08-01 14:40:00,2062.300049,930.576662065454,1655.6980246471414,1837.188862672237
2024-08-01 14:45:00,2061.266602,930.576662065454,1634.0155847677167,1826.8976775537587
2024-08-01 14:50:00,2058.599854,930.576662065454,1612.117363162831,1823.8046623645992
2024-08-01 14:55:00,2057.850098,930.576662065454,1589.9723204068903,1769.2466427371244
2024-08-01 15:00:00,2052.450195,930.576662065454,1567.5485848579874,1753.29723961712
2024-08-01 15:05:00,2030.599976,930.576662065454,1544.8139156236268,1797.1962644632274
2024-08-01 15:10:00,2027.299927,930.576662065454,1521.736165330126,1711.806248592897
2024-08-01 15:15:00,2019.466675,930.576662065454,1498.2837391244332,1656.5870870495703
2024-08-01 15:20:00,2032.733398,930.576662065454,1474.426046098552,1566.0457912595043
2024-08-01 15:25:00,2039.766602,930.576662065454,1450.1339394274291,1567.1558526389056
2024-08-01 15:30:00,2042.200073,930.576662065454,1425.380141817756,1574.3827595319592
2024-08-01 15:35:00,1909.633301,930.576662065454,1400.1396526937785,1641.7497870322293
2024-08-01 15:40:00,1843.550049,930.576662065454,1374.3901339918816,1754.938389440741
2024-08-01 15:45:00,1282.199951,930.576662065454,1348.1122714094038,1742.022305002854
2024-08-01 15:50:00,656.9499512,930.576662065454,1321.290108247177,1588.713264542098
2024-08-01 15:55:00,332.5999756,930.576662065454,1293.9113492457416,1542.8011297797434
2024-08-01 16:00:00,228.8999939,930.576662065454,1265.9676321152451,1333.067489441431
2024-08-01 16:05:00,171.9333344,930.576662065454,1237.4547643958897,1318.647577321341
2024-08-01 16:10:00,159.9333344,930.576662065454,1208.372924067984,1287.1644146531728
2024-08-01 16:15:00,157.9333344,930.576662065454,1178.7268220441879,1258.139620886798
2024-08-01 16:20:00,156.5333405,930.576662065454,1148.5258258638148,1226.3640691446478
2024-08-01 16:25:00,301.6000061,930.576662065454,1117.7840429500568,1228.1445367729318
2024-08-01 16:30:00,447.5,930.576662065454,1086.5203632551732,1254.011210126119
2024-08-01 16:35:00,487.8999939,930.576662065454,1054.7584610318734,1211.8001087324467
2024-08-01 16:40:00,1454.900024,930.576662065454,1022.5267555498021,1214.5037775480153
2024-08-01 16:45:00,1423.25,930.576662065454,989.8583311537332,1185.6085190611454
2024-08-01 16:50:00,1388.433228,930.576662065454,956.7908175807198,1180.4369132355423
2024-08-01 16:55:00,1320.400024,930.576662065454,923.3662310819369,1149.1538557846193
2024-08-01 17:00:00,1209.866699,930.576662065454,889.6307781742903,917.8107068756588
2024-08-01 17:05:00,1155.400024,930.576662065454,855.6346231397795,869.775250140738
2024-08-01 17:10:00,953.5333862,930.576662065454,821.4316214768454,846.5902462105346
2024-08-01 17:15:00,898.8666992,930.576662065454,787.0790211550145,842.2967735515889
2024-08-01 17:20:00,850.7000122,930.576662065454,752.6371342935349,824.0996365188779
2024-08-01 17:25:00,785.5666504,930.576662065454,718.1689816290684,805.2953412514382
2024-08-01 17:30:00,730.3499756,930.576662065454,683.7399129107604,782.5940675279875
2024-08-01 17:35:00,662.6333618,930.576662065454,649.4172058656791,811.1570434064872
2024-08-01 17:40:00,620.2666626,930.576662065454,615.2696470989473,747.3856362593114
2024-08-01 17:45:00,624.3999634,930.576662065454,581.3670980193442,732.5001382038748
2024-08-01 17:50:00,590.3499756,930.576662065454,547.7800497170439,734.81438951845
2024-08-01 17:55:00,495.8000183,930.576662065454,514.5791694999282,731.6647754027834
2024-08-01 18:00:00,335.25,930.576662065454,481.83484313111927,262.11779215563314
2024-08-01 18:05:00,237.6500244,930.576662065454,449.6167163983,255.20150141163657
2024-08-01 18:10:00,192.5333405,930.576662065454,417.993239187656,239.5029875291147
2024-08-01 18:15:00,187.4000092,930.576662065454,387.03121593070347,238.34512255990782
2024-08-01 18:20:00,187.6666718,930.576662065454,356.7953657925754,239.0561196291165
2024-08-01 18:25:00,184.1999969,930.576662065454,327.3478959164228,221.26823358441155
2024-08-01 18:30:00,173.2333374,930.576662065454,298.7480912297497,230.0708057990182
2024-08-01 18:35:00,157.5333405,930.576662065454,271.0519237305967,221.26428596027512
2024-08-01 18:40:00,142.9666595,930.576662065454,244.31168445596808,235.65849182451745
2024-08-01 18:45:00,135.5500031,930.576662065454,218.5756407377113,222.00438329698645
2024-08-01 18:50:00,119.25,930.576662065454,193.8877215416061,224.0674134431515
2024-08-01 18:55:00,97.03333282,930.576662065454,170.28723320692916,212.96485442675998
2024-08-01 19:00:00,92.1000061,930.576662065454,147.8086076500248,70.3028330982101
2024-08-01 19:05:00,81.44999695,930.576662065454,126.48118516887898,71.33094470750295
2024-08-01 19:10:00,63.84999847,930.576662065454,106.32903315885088,70.99275958797851
2024-08-01 19:15:00,46.94999695,930.576662065454,87.37080218045344,69.46160665043637
2024-08-01 19:20:00,33.79999924,930.576662065454,69.6196206867537,66.45998251753778
2024-08-01 19:25:00,25.44999886,930.576662065454,53.08302868004049,41.978037959825855
2024-08-01 19:30:00,20.70000076,930.576662065454,37.76295103515185,40.406137287796
2024-08-01 19:35:00,17.20000076,930.576662065454,23.655710647649872,50.218485952679345
2024-08-01 19:40:00,13.5666666,930.576662065454,10.75208099811345,49.52427250378485
2024-08-01 19:45:00,12.36666584,930.576662065454,-0.9626221694269161,51.94544873543334
2024-08-01 19:50:00,0.0,930.576662065454,-11.508410923491605,51.87603388249779
2024-08-01 19:55:00,0.0,930.576662065454,-20.910458085650575,48.830584679460564
2024-08-01 20:00:00,0.0,930.576662065454,-29.1988943398683,0.0
2024-08-01 20:05:00,0.0,930.576662065454,-36.40857121437526,0.0
2024-08-01 20:10:00,0.0,930.576662065454,-42.57879187210085,0.0
2024-08-01 20:15:00,0.0,930.576662065454,-47.75301181223038,0.0
2024-08-01 20:20:00,0.0,930.576662065454,-51.97851190070284,0.0
2024-08-01 20:25:00,0.0,930.576662065454,-55.30604631778304,0.44375529310317463
2024-08-01 20:30:00,0.0,930.576662065454,-57.78946823451038,0.0625
2024-08-01 20:35:00,0.0,930.576662065454,-59.48533610495983,0.3794444444444444
2024-08-01 20:40:00,0.0,930.576662065454,-60.45250374823071,0.4703333341111111
2024-08-01 20:45:00,0.0,930.576662065454,-60.7516974007124,0.604666668111111
2024-08-01 20:50:00,0.0,930.576662065454,-60.4450829558233,0.7765185203333335
2024-08-01 20:55:00,0.0,930.576662065454,-59.59582699423906,0.2343518522222222
2024-08-01 21:00:00,0.0,930.576662065454,-58.2676546722317,0.2343518522222222
2024-08-01 21:05:00,0.0,930.576662065454,-56.524408245208896,0.0
2024-08-01 21:10:00,0.0,930.576662065454,-54.42960936270508,0.0
2024-08-01 21:15:00,0.0,930.576662065454,-52.04602864268877,0.0
2024-08-01 21:20:00,0.0,930.576662065454,-49.43526577495787,0.0
2024-08-01 21:25:00,0.0,930.576662065454,-46.65734335979575,0.0
2024-08-01 21:30:00,0.0,930.576662065454,-43.77031757743189,0.0
2024-08-01 21:35:00,0.0,930.576662065454,-40.82990858290194,0.0
2024-08-01 21:40:00,0.0,930.576662065454,-37.889153513209095,0.0
2024-08-01 21:45:00,0.0,930.576662065454,-34.99808448118211,0.0
2024-08-01 21:50:00,0.0,930.576662065454,-32.20343420153067,0.0
2024-08-01 21:55:00,0.0,930.576662065454,-29.54837111856757,0.0
2024-08-01 22:00:00,0.0,930.576662065454,-27.072266170699002,0.0
2024-08-01 22:05:00,0.0,930.576662065454,-24.81049268061114,0.0
2024-08-01 22:10:00,0.0,930.576662065454,-22.79426081443247,0.0
2024-08-01 22:15:00,0.0,930.576662065454,-21.05048766801753,0.0
2024-08-01 22:20:00,0.0,930.576662065454,-19.601703808269512,0.0
2024-08-01 22:25:00,0.0,930.576662065454,-18.46599673327696,0.0
2024-08-01 22:30:00,0.0,930.576662065454,-17.656991476281483,0.0
2024-08-01 22:35:00,0.0,930.576662065454,-17.183868244333343,0.0
2024-08-01 22:40:00,0.0,930.576662065454,-17.051416688662915,0.0
2024-08-01 22:45:00,0.0,930.576662065454,-17.26012610227569,0.0
2024-08-01 22:50:00,0.0,930.576662065454,-17.80631056190684,0.0
2024-08-01 22:55:00,0.0,930.576662065454,-18.682267722172604,0.0
2024-08-01 23:00:00,0.0,930.576662065454,-19.876469746646656,0.0
2024-08-01 23:05:00,0.0,930.576662065454,-21.37378451688467,0.0
2024-08-01 23:10:00,0.0,930.576662065454,-23.155725114606245,0.0
2024-08-01 23:15:00,0.0,930.576662065454,-25.200725262877967,0.0
2024-08-01 23:20:00,0.0,930.576662065454,-27.484438243540218,0.0
2024-08-01 23:25:00,0.0,930.576662065454,-29.98005660310052,0.0
2024-08-01 23:30:00,0.0,930.576662065454,-32.658649792546214,0.0
2024-08-01 23:35:00,0.0,930.576662065454,-35.48951676521403,0.0
2024-08-01 23:40:00,0.0,930.576662065454,-38.44055032819396,0.0
2024-08-01 23:45:00,0.0,930.576662065454,-41.47861020285127,0.0
2024-08-01 23:50:00,0.0,930.576662065454,-44.56990127604896,0.0
2024-08-01 23:55:00,0.0,930.576662065454,-47.680353922259336,0.0
2024-08-02 00:00:00,0.0,930.576662065454,-50.77600292180318,0.0
2024-08-02 00:05:00,0.0,930.576662065454,-53.82336169082206,0.0
2024-08-02 00:10:00,0.0,930.576662065454,-56.78978850039505,0.0
2024-08-02 00:15:00,0.0,930.576662065454,-59.643841473218984,0.0
2024-08-02 00:20:00,0.0,930.576662065454,-62.35561919520832,0.0
2024-08-02 00:25:00,0.0,930.576662065454,-64.89708391932308,0.0
2024-08-02 00:30:00,0.0,930.576662065454,-67.24236450845301,0.0
2024-08-02 00:35:00,0.0,930.576662065454,-69.36803631194158,0.0
2024-08-02 00:40:00,0.0,930.576662065454,-71.25337555816873,0.0
2024-08-02 00:45:00,0.0,930.576662065454,-72.88058585546428,0.0
2024-08-02 00:50:00,0.0,930.576662065454,-74.2349947371764,0.0
2024-08-02 00:55:00,0.0,930.576662065454,-75.30521840365958,0.0
2024-08-02 01:00:00,0.0,930.576662065454,-76.08329306614536,0.0
2024-08-02 01:05:00,0.0,930.576662065454,-76.56477158365313,0.0
2024-08-02 01:10:00,0.0,930.576662065454,-76.74878437246338,0.0
2024-08-02 01:15:00,0.0,930.576662065454,-76.63806386610666,0.0
2024-08-02 01:20:00,0.0,930.576662065454,-76.23893206718755,0.0
2024-08-02 01:25:00,0.0,930.576662065454,-75.56125112834722,0.0
2024-08-02 01:30:00,0.0,930.576662065454,-74.61833711397458,0.0
2024-08-02 01:35:00,0.0,930.576662065454,-73.42683745891331,0.0
2024-08-02 01:40:00,0.0,930.576662065454,-72.0065729507943,0.0
2024-08-02 01:45:00,0.0,930.576662065454,-70.38034532126832,0.0
2024-08-02 01:50:00,0.0,930.576662065454,-68.57371187512314,0.0
2024-08-02 01:55:00,0.0,930.576662065454,-66.61472884790582,0.0
2024-08-02 02:00:00,0.0,930.576662065454,-64.53366544318021,0.0
2024-08-02 02:05:00,0.0,930.576662065454,-62.36269079146424,0.0
2024-08-02 02:10:00,0.0,930.576662065454,-60.13553629153622,0.0
2024-08-02 02:15:00,0.0,930.576662065454,-57.887136005408564,0.0
2024-08-02 02:20:00,0.0,930.576662065454,-55.65324802315933,0.0
2024-08-02 02:25:00,0.0,930.576662065454,-53.470059853615496,0.0
2024-08-02 02:30:00,0.0,930.576662065454,-51.37378107723696,0.0
2024-08-02 02:35:00,0.0,930.576662065454,-49.40022661921754,0.0
2024-08-02 02:40:00,0.0,930.576662065454,-47.58439412923802,0.0
2024-08-02 02:45:00,0.0,930.576662065454,-45.96003897497788,0.0
2024-08-02 02:50:00,0.0,930.576662065454,-44.55925052794805,0.0
2024-08-02 02:55:00,0.0,930.576662065454,-43.412033259299534,0.0
2024-08-02 03:00:00,0.0,930.576662065454,-42.54589639483997,0.0
2024-08-02 03:05:00,0.0,930.576662065454,-41.985455584248335,0.0
2024-08-02 03:10:00,0.0,930.576662065454,-41.752050238264054,0.0
2024-08-02 03:15:00,0.0,930.576662065454,-41.86337987394834,0.0
2024-08-02 03:20:00,0.0,930.576662065454,-42.3331628446969,0.0
2024-08-02 03:25:00,0.0,930.576662065454,-43.170820605662584,0.0
2024-08-02 03:30:00,0.0,930.576662065454,-44.381190550005336,0.0
2024-08-02 03:35:00,0.0,930.576662065454,-45.96427017775821,0.0
2024-08-02 03:40:00,0.0,930.576662065454,-47.91499524105953,0.0
2024-08-02 03:45:00,0.0,930.576662065454,-50.22305424578855,0.0
2024-08-02 03:50:00,0.0,930.576662065454,-52.872741259694315,0.0
2024-08-02 03:55:00,0.0,930.576662065454,-55.84284910453259,0.0
2024-08-02 04:00:00,0.0,930.576662065454,-59.10660414040271,0.0
2024-08-02 04:05:00,0.0,930.576662065454,-62.63164418947462,0.0
2024-08-02 04:10:00,0.0,930.576662065454,-66.38004020425382,0.0
2024-08-02 04:15:00,0.0,930.576662065454,-70.30836250012203,0.0
2024-08-02 04:20:00,0.0,930.576662065454,-74.3677915700978,0.0
2024-08-02 04:25:00,0.0,930.576662065454,-78.50427357557363,0.0
2024-08-02 04:30:00,0.0,930.576662065454,-82.65871994080516,0.0
2024-08-02 04:35:00,0.0,930.576662065454,-86.76725031603897,0.0
2024-08-02 04:40:00,0.0,930.576662065454,-90.76147781821035,0.0
2024-08-02 04:45:00,0.0,930.576662065454,-94.56883498596474,0.0
2024-08-02 04:50:00,0.0,930.576662065454,-98.11293891106429,0.0
2024-08-02 04:55:00,0.0,930.576662065454,-101.31399312760361,0.0
2024-08-02 05:00:00,0.0,930.576662065454,-104.08922427462899,0.0
2024-08-02 05:05:00,0.0,930.576662065454,-106.35335048882772,0.0
2024-08-02 05:10:00,0.0,930.576662065454,-108.01907891284927,0.0
2024-08-02 05:15:00,0.0,930.576662065454,-108.9976289519548,0.0
2024-08-02 05:20:00,0.0,930.576662065454,-109.19927799906377,0.0
2024-08-02 05:25:00,0.0,930.576662065454,-108.5339259932898,0.0
2024-08-02 05:30:00,0.0,930.576662065454,-106.91167506562198,0.0
2024-08-02 05:35:00,0.0,930.576662065454,-104.24342037047313,0.0
2024-08-02 05:40:00,0.0,930.576662065454,-100.44144805498905,0.0
2024-08-02 05:45:00,0.0,930.576662065454,-95.42003630211936,0.0
2024-08-02 05:50:00,0.0,930.576662065454,-89.09605522705398,0.0
2024-08-02 05:55:00,0.0,930.576662065454,-81.389561438308,0.0
2024-08-02 06:00:00,0.0,930.576662065454,-72.22438307074604,102.26852626207683
2024-08-02 06:05:00,0.0,930.576662065454,-61.52869112302035,93.53720399463795
2024-08-02 06:10:00,0.0,930.576662065454,-49.23555294688274,92.05891625382311
2024-08-02 06:15:00,0.0,930.576662065454,-35.28346397971749,87.45339920055875
2024-08-02 06:20:00,0.0,930.576662065454,-19.616853693167275,82.13284156144734
2024-08-02 06:25:00,0.0,930.576662065454,-2.18656214171824,79.51105410214736
2024-08-02 06:30:00,61.09999847,930.576662065454,17.049716638724707,75.38469855219178
2024-08-02 06:35:00,70.40000153,930.576662065454,38.127027368165216,74.36936519863622
2024-08-02 06:40:00,77.30000305,930.576662065454,61.07278597871807,74.36936519863622
2024-08-02 06:45:00,92.09999847,930.576662065454,85.90645440261673,74.83736520383623
2024-08-02 06:50:00,122.3000031,930.576662065454,112.6392601915539,74.83736520383623
2024-08-02 06:55:00,146.6999969,930.576662065454,141.2739635438721,71.36860300241605
2024-08-02 07:00:00,170.8000031,930.576662065454,171.8046734755617,391.5810585137186
2024-08-02 07:05:00,195.8000031,930.576662065454,204.21671499896001,414.7646121317668
2024-08-02 07:10:00,239.3999939,930.576662065454,238.4865482432953,414.7646121317668
2024-08-02 07:15:00,285.2999878,930.576662065454,274.581741155452,441.5025402502612
2024-08-02 07:20:00,326.6000061,930.576662065454,312.46099539208814,442.5995246324274
2024-08-02 07:25:00,370.5,930.576662065454,352.0742266315391,442.9966357164274
2024-08-02 07:30:00,414.6000061,930.576662065454,393.3626984803441,450.54578743513053
2024-08-02 07:35:00,464.7999878,930.576662065454,436.25920968236807,456.452756386431
2024-08-02 07:40:00,513.0999756,930.576662065454,480.68833387889924,456.452756386431
2024-08-02 07:45:00,562.4000244,930.576662065454,526.5667102170601,459.24402636094686
2024-08-02 07:50:00,613.9000244,930.576662065454,573.8033837933086,461.9410136745072
2024-08-02 07:55:00,667.5,930.576662065454,622.3001934629339,461.9410136745072
2024-08-02 08:00:00,721.2000122,930.576662065454,671.9522053189079,821.916973914555
2024-08-02 08:05:00,767.5999756,930.576662065454,722.6481881512686,818.8794477309851
2024-08-02 08:10:00,818.5,930.576662065454,774.2711294146094,798.3321878548453
2024-08-02 08:15:00,869.5999756,930.576662065454,826.6987875010908,783.874069994923
2024-08-02 08:20:00,936.0999756,930.576662065454,879.8042770183429,763.2983837840777
2024-08-02 08:25:00,911.2000122,930.576662065454,933.456683812186,762.0347680465949
2024-08-02 08:30:00,948.2999878,930.576662065454,987.521705440111,746.1045093700315
2024-08-02 08:35:00,1114.900024,930.576662065454,1041.862313163012,745.7164568436293
2024-08-02 08:40:00,1064.900024,930.576662065454,1096.339431394409,738.0915573573056
2024-08-02 08:45:00,1123.299927,930.576662065454,1150.812629892873,743.3502166003371
2024-08-02 08:50:00,1152.766724,930.576662065454,1205.140824634134,740.7650536479373
2024-08-02 08:55:00,1201.766602,930.576662065454,1259.182982618776,707.8725505782392
2024-08-02 09:00:00,1246.533325,930.576662065454,1312.7988262555773,853.6568585843568
2024-08-02 09:05:00,1288.666626,930.576662065454,1365.8495327120827,855.4496082825196
2024-08-02 09:10:00,1332.5,930.576662065454,1418.1984237928827,896.0590764090404
2024-08-02 09:15:00,1379.800171,930.576662065454,1469.7116416540132,974.1331501571381
2024-08-02 09:20:00,1433.433472,930.576662065454,1520.2588065234243,1004.0880269599029
2024-08-02 09:25:00,1489.0,930.576662065454,1569.7136517268034,986.6411659297734
2024-08-02 09:30:00,1537.200073,930.576662065454,1617.9546325636563,1017.490450236878
2024-08-02 09:35:00,1574.933228,930.576662065454,1664.8655041206157,1094.4136173021236
2024-08-02 09:40:00,1604.766724,930.576662065454,1710.335865713587,1078.1562849852444
2024-08-02 09:45:00,1637.733398,930.576662065454,1754.2616676810699,1085.0976890470872
2024-08-02 09:50:00,1674.233398,930.576662065454,1796.5456774064617,1123.636170697443
2024-08-02 09:55:00,1712.766602,930.576662065454,1837.0979021152095,1136.0506293755163
2024-08-02 10:00:00,1748.599976,930.576662065454,1875.8359656070174,1827.1293902742436
2024-08-02 10:05:00,1782.666626,930.576662065454,1912.6854366568728,1798.074771995453
2024-08-02 10:10:00,1812.299927,930.576662065454,1947.580107441385,1790.3283376767909
2024-08-02 10:15:00,1833.5,930.576662065454,1980.462220071232,1780.3531421856655
2024-08-02 10:20:00,1857.033325,930.576662065454,2011.2826403764063,1790.676506294043
2024-08-02 10:25:00,1884.366699,930.576662065454,2040.0009778695687,1808.5540480649001
2024-08-02 10:30:00,1923.033325,930.576662065454,2066.5856516780573,1804.8941583409005
2024-08-02 10:35:00,1951.299927,930.576662065454,2091.0139021539826,1796.7046811925825
2024-08-02 10:40:00,1975.066772,930.576662065454,2113.2717485622925,1778.9626752285628
2024-08-02 10:45:00,1989.5,930.576662065454,2133.353893580105,1758.3727753089274
2024-08-02 10:50:00,2009.0,930.576662065454,2151.2635754412327,1734.7951568800656
2024-08-02 10:55:00,2026.800171,930.576662065454,2167.012369368718,1771.191780593608
2024-08-02 11:00:00,2042.733398,930.576662065454,2180.6199399875504,1990.0205692132251
2024-08-02 11:05:00,2052.833252,930.576662065454,2192.113746521906,1995.2054255228359
2024-08-02 11:10:00,2057.400146,930.576662065454,2201.5287036147038,1995.1472209347523
2024-08-02 11:15:00,2059.0,930.576662065454,2208.9068001528817,1994.1147139923526
2024-08-02 11:20:00,2057.033203,930.576662065454,2214.296679131514,1994.1448626501303
2024-08-02 11:25:00,2055.199951,930.576662065454,2217.7531818738753,2014.1790343420416
2024-08-02 11:30:00,2053.966553,930.576662065454,2219.3368599861988,2013.8911610273199
2024-08-02 11:35:00,2056.5,930.576662065454,2219.1134587541997,2014.8864565751608
2024-08-02 11:40:00,2059.900146,930.576662065454,2217.153375814048,2008.5949492630816
2024-08-02 11:45:00,2062.299805,930.576662065454,2213.531099138499,1995.2357357171927
2024-08-02 11:50:00,2060.466553,930.576662065454,2208.3246283770313,1978.1136272635583
2024-08-02 11:55:00,2058.133545,930.576662065454,2201.6148838863423,1916.7838735224059
2024-08-02 12:00:00,2056.43335,930.576662065454,2193.485107608884,1914.7006723462023
2024-08-02 12:05:00,2058.266602,930.576662065454,2184.0202601727256,1911.6859174627418
2024-08-02 12:10:00,2059.93335,930.576662065454,2173.3064185010885,1855.4152710222022
2024-08-02 12:15:00,2061.533203,930.576662065454,2161.430178148105,1858.2446802849004
2024-08-02 12:20:00,2060.56665,930.576662065454,2148.4780646978193,1856.8687201209239
2024-08-02 12:25:00,2060.233398,930.576662065454,2134.5359581765238,1809.8629530942696
2024-08-02 12:30:00,2059.600098,930.576662065454,2119.6885344955504,1807.538177134055
2024-08-02 12:35:00,2060.599854,930.576662065454,2104.018727942535,1775.4907963372457
2024-08-02 12:40:00,2060.466797,930.576662065454,2087.607218079706,1779.8402775602053
2024-08-02 12:45:00,2059.5,930.576662065454,2070.5319446493845,1766.8610321246022
2024-08-02 12:50:00,2059.06665,930.576662065454,2052.867653797691,1750.581278181515
2024-08-02 12:55:00,2059.733398,930.576662065454,2034.6854783417177,1677.5960183123798
2024-08-02 13:00:00,2061.400146,930.576662065454,2016.052554952283,1444.1853665758404
2024-08-02 13:05:00,2061.366699,930.576662065454,1997.0316805865875,1587.831416093398
2024-08-02 13:10:00,2059.599854,930.576662065454,1977.6810101930623,1782.6342913419974
2024-08-02 13:15:00,2053.900146,930.576662065454,1958.0537976221003,1926.6586148090169
2024-08-02 13:20:00,2050.733398,930.576662065454,1938.1981809373037,1992.2797831689377
2024-08-02 13:25:00,2049.300049,930.576662065454,1918.1570134632648,2003.3772638545865
2024-08-02 13:30:00,2054.866455,930.576662065454,1897.9677410627537,2006.3024196710278
2024-08-02 13:35:00,2057.0,930.576662065454,1877.6623262076923,1992.1689267844306
2024-08-02 13:40:00,1859.800049,930.576662065454,1857.2672188056144,1938.7365478033705
2024-08-02 13:45:00,2058.399902,930.576662065454,1836.8033733863922,1834.4622902319227
2024-08-02 13:50:00,1880.900024,930.576662065454,1816.2863121942296,1673.1891901411966
2024-08-02 13:55:00,2015.266602,930.576662065454,1795.7262329064577,1593.9426376910014
2024-08-02 14:00:00,1993.700073,930.576662065454,1775.1281596932618,1053.1028632786094
2024-08-02 14:05:00,1732.850098,930.576662065454,1754.4921362444154,1027.8108984694327
2024-08-02 14:10:00,2056.199951,930.576662065454,1733.8134583243698,1247.908966000364
2024-08-02 14:15:00,2057.350098,930.576662065454,1713.0829439147979,1248.732340097247
2024-08-02 14:20:00,2057.43335,930.576662065454,1692.2872382704743,1339.092812857844
2024-08-02 14:25:00,2058.166748,930.576662065454,1671.4091512492123,1464.588466093137
2024-08-02 14:30:00,2057.133301,930.576662065454,1650.4280236773504,1632.2118488820897
2024-08-02 14:35:00,2055.899902,930.576662065454,1629.3201197315084,1646.4789468338568
2024-08-02 14:40:00,2054.06665,930.576662065454,1608.0590417875997,1662.7390483847498
2024-08-02 14:45:00,2053.466553,930.576662065454,1586.6161643413204,1632.82978550964
2024-08-02 14:50:00,2049.366699,930.576662065454,1564.9610831714829,1484.6823105519084
2024-08-02 14:55:00,2044.066772,930.576662065454,1543.0620760994302,1467.8114418588943
2024-08-02 15:00:00,2030.733398,930.576662065454,1520.8865713961109,1338.906875872807
2024-08-02 15:05:00,2013.900024,930.576662065454,1498.4016200134097,1331.1794129172135
2024-08-02 15:10:00,1998.200073,930.576662065454,1475.5743678264687,1438.9249853953909
2024-08-02 15:15:00,1989.033325,930.576662065454,1452.372523801406,1428.236844533302
2024-08-02 15:20:00,1980.366699,930.576662065454,1428.7648206494732,1430.2195652765874
2024-08-02 15:25:00,1955.900024,930.576662065454,1404.7214638594385,1496.8602420269272
2024-08-02 15:30:00,1923.233398,930.576662065454,1380.2145655890015,1503.4895513374302
2024-08-02 15:35:00,1887.466797,930.576662065454,1355.218560277543,1566.4098007050814
2024-08-02 15:40:00,1857.066772,930.576662065454,1329.7105980771378,1543.9473319560204
2024-08-02 15:45:00,1831.633423,930.576662065454,1303.6709134385485,1422.6353522682002
2024-08-02 15:50:00,1800.733398,930.576662065454,1277.0831656173668,1455.6415309303875
2024-08-02 15:55:00,1760.233398,930.576662065454,1249.9347488062451,1377.589680819193
2024-08-02 16:00:00,1695.666626,930.576662065454,1222.2170688995204,1247.0872548956054
2024-08-02 16:05:00,1638.233398,930.576662065454,1193.925785288891,1206.2427089679268
2024-08-02 16:10:00,1594.733398,930.576662065454,1165.0610153920131,1222.946466186753
2024-08-02 16:15:00,1570.866699,930.576662065454,1135.627500473668,1300.0228785075617
2024-08-02 16:20:00,1544.166626,930.576662065454,1105.6347317902023,1298.0028589512992
2024-08-02 16:25:00,1510.633301,930.576662065454,1075.0970354202163,1305.1561283600704
2024-08-02 16:30:00,1466.666626,930.576662065454,1044.0336159241092,1289.115592827356
2024-08-02 16:35:00,1422.766602,930.576662065454,1012.4685579618236,1294.110729765589
2024-08-02 16:40:00,1386.966797,930.576662065454,980.4307862464095,1283.3728821288544
2024-08-02 16:45:00,1373.299927,930.576662065454,947.9539839191534,1293.3003244831534
2024-08-02 16:50:00,1356.099976,930.576662065454,915.0764704987148,1269.9438106393502
2024-08-02 16:55:00,1329.599976,930.576662065454,881.8410397927187,1211.383542075201
2024-08-02 17:00:00,1285.000122,930.576662065454,848.2947594627599,938.2853426105705
2024-08-02 17:05:00,1254.400024,930.576662065454,814.4887340975987,923.6178736530675
2024-08-02 17:10:00,1239.799927,930.576662065454,780.4778330336877,922.4253624868653
2024-08-02 17:15:00,1245.5,930.576662065454,746.3203856899615,909.6410028042097
2024-08-02 17:20:00,1241.866577,930.576662065454,712.07784647546,892.2344317972668
2024-08-02 17:25:00,1231.400024,930.576662065454,677.8144322845005,881.4172587424866
2024-08-02 17:30:00,1163.033325,930.576662065454,643.5967350226933,882.8127623072445
2024-08-02 17:35:00,1131.199951,930.576662065454,609.4933125374235,864.5844892922148
2024-08-02 17:40:00,952.5499878,930.576662065454,575.5742610957118,845.4387273278085
2024-08-02 17:45:00,712.8499756,930.576662065454,541.9107724983397,849.7917084537346
2024-08-02 17:50:00,439.8500061,930.576662065454,508.5746800369714,807.3675664854823
2024-08-02 17:55:00,261.5499878,930.576662065454,475.63799576487156,733.9136736671146
2024-08-02 18:00:00,198.2500153,930.576662065454,443.17244373153153,251.4421153661013
2024-08-02 18:05:00,166.5499878,930.576662065454,411.2489920975706,229.7986086321542
2024-08-02 18:10:00,136.8500061,930.576662065454,379.93738814140437,236.25485866807085
2024-08-02 18:15:00,108.7499924,930.576662065454,349.3056996543046,240.88857216405822
2024-08-02 18:20:00,87.06667328,930.576662065454,319.4198661819122,234.68362876908762
2024-08-02 18:25:00,78.76667023,930.576662065454,290.3432639119558,239.25493103250903
2024-08-02 18:30:00,71.83333588,930.576662065454,262.1362869349135,239.3735513102201
2024-08-02 18:35:00,65.8666687,930.576662065454,234.85594898123932,250.21799164425178
2024-08-02 18:40:00,60.26666641,930.576662065454,208.55550778949888,244.23651949347493
2024-08-02 18:45:00,54.90000534,930.576662065454,183.28411560084135,251.48524451076062
2024-08-02 18:50:00,50.76666641,930.576662065454,159.0864981093982,244.42300685654425
2024-08-02 18:55:00,48.79999924,930.576662065454,136.002664595613,265.4374845123548
2024-08-02 19:00:00,55.0,930.576662065454,114.06765109660144,65.53139251690706
2024-08-02 19:05:00,51.8666687,930.576662065454,93.31129879199972,66.08218174202256
2024-08-02 19:10:00,52.6333313,930.576662065454,73.7580691830633,65.01999091969255
2024-08-02 19:15:00,50.56666565,930.576662065454,55.42689727686098,59.65450452279776
2024-08-02 19:20:00,46.6333313,930.576662065454,38.33108427387065,63.090837686751996
2024-08-02 19:25:00,44.5,930.576662065454,22.478229850209214,56.65840884441261
2024-08-02 19:30:00,34.80000305,930.576662065454,7.870205127862744,56.07014311980841
2024-08-02 19:35:00,25.79999924,930.576662065454,-5.496833995009626,53.17326856681736
2024-08-02 19:40:00,19.79999924,930.576662065454,-17.632393107933115,53.03922191998285
2024-08-02 19:45:00,14.66666698,930.576662065454,-28.551545725097395,53.52035692064808
2024-08-02 19:50:00,12.9333334,930.576662065454,-38.27480073735809,41.44585377916747
2024-08-02 19:55:00,0.0,930.576662065454,-46.82793185737687,43.876815247611155
2024-08-02 20:00:00,0.0,930.576662065454,-54.24177071331947,3.1246515924365093
2024-08-02 20:05:00,0.0,930.576662065454,-60.55196490975944,0.8231663975920636
2024-08-02 20:10:00,0.0,930.576662065454,-65.79870345491226,0.8247219548253969
2024-08-02 20:15:00,0.0,930.576662065454,-70.02641130881379,0.30907777093333333
2024-08-02 20:20:00,0.0,930.576662065454,-73.2834158815515,0.903292323947619
2024-08-02 20:25:00,0.0,930.576662065454,-75.62158779662478,0.8833592589333336
2024-08-02 20:30:00,0.0,930.576662065454,-77.09595902608814,0.0
2024-08-02 20:35:00,0.0,930.576662065454,-77.7643212449739,2.7832258877007936
2024-08-02 20:40:00,0.0,930.576662065454,-77.68680762327384,0.19063334175666663
2024-08-02 20:45:00,0.0,930.576662065454,-76.92546133763723,1.4632999829166666
2024-08-02 20:50:00,0.0,930.576662065454,-75.54379412866393,0.23396667508999996
2024-08-02 20:55:00,0.0,930.576662065454,-73.60633840845072,0.028888888888888888
2024-08-02 21:00:00,0.0,930.576662065454,-71.17819630711803,1.7034481248119047
2024-08-02 21:05:00,0.0,930.576662065454,-68.32458929396529,0.0
2024-08-02 21:10:00,0.0,930.576662065454,-65.11041161401043,0.0
2024-08-02 21:15:00,0.0,930.576662065454,-61.59979127811131,0.0
2024-08-02 21:20:00,0.0,930.576662065454,-57.85566164038956,0.0
2024-08-02 21:25:00,0.0,930.576662065454,-53.93934713554399,0.0
2024-08-02 21:30:00,0.0,930.576662065454,-49.91016607632829,0.0
2024-08-02 21:35:00,0.0,930.576662065454,-45.82505367332063,0.0
2024-08-02 21:40:00,0.0,930.576662065454,-41.73820800904237,0.0
2024-08-02 21:45:00,0.0,930.576662065454,-37.700761643768324,0.0
2024-08-02 21:50:00,0.0,930.576662065454,-33.760481270773425,0.0
2024-08-02 21:55:00,0.0,930.576662065454,-29.961497576096882,0.0
2024-08-02 22:00:00,0.0,930.576662065454,-26.344067333712804,0.0
2024-08-02 22:05:00,0.0,930.576662065454,-22.944369261797533,0.0
2024-08-02 22:10:00,0.0,930.576662065454,-19.79433521138667,0.0
2024-08-02 22:15:00,0.0,930.576662065454,-16.92151762994291,0.0
2024-08-02 22:20:00,0.0,930.576662065454,-14.34899427679348,0.0
2024-08-02 22:25:00,0.0,930.576662065454,-12.095310546412428,0.0
2024-08-02 22:30:00,0.0,930.576662065454,-10.174459721025178,0.0
2024-08-02 22:35:00,0.0,930.576662065454,-8.595900978315807,0.0
2024-08-02 22:40:00,0.0,930.576662065454,-7.364614776549324,0.0
2024-08-02 22:45:00,0.0,930.576662065454,-6.481194884676316,0.0
2024-08-02 22:50:00,0.0,930.576662065454,-5.941976062732504,0.0
2024-08-02 22:55:00,0.0,930.576662065454,-5.739196059759696,0.0
2024-08-02 23:00:00,0.0,930.576662065454,-5.861190401543006,0.0
2024-08-02 23:05:00,0.0,930.576662065454,-6.292618061955906,0.0
2024-08-02 23:10:00,0.0,930.576662065454,-7.0147159654234805,0.0
2024-08-02 23:15:00,0.0,930.576662065454,-8.005579975095202,0.0
2024-08-02 23:20:00,0.0,930.576662065454,-9.240469824731342,0.0
2024-08-02 23:25:00,0.0,930.576662065454,-10.692135250024142,0.0
2024-08-02 23:30:00,0.0,930.576662065454,-12.33116041946478,0.0
2024-08-02 23:35:00,0.0,930.576662065454,-14.126323594743672,0.0
2024-08-02 23:40:00,0.0,930.576662065454,-16.044968840166206,0.0
2024-08-02 23:45:00,0.0,930.576662065454,-18.053386523773142,0.0
2024-08-02 23:50:00,0.0,930.576662065454,-20.11719918588194,0.0
2024-08-02 23:55:00,0.0,930.576662065454,-22.201749477488878,0.0
2024-08-03 00:00:00,0.0,930.576662065454,-24.272486676814406,0.0
2024-08-03 00:05:00,0.0,930.576662065454,-26.29534841534346,0.0
2024-08-03 00:10:00,0.0,930.576662065454,-28.2371342349963,0.0
2024-08-03 00:15:00,0.0,930.576662065454,-30.065867687800303,0.0
2024-08-03 00:20:00,0.0,930.576662065454,-31.75114376171589,0.0
2024-08-03 00:25:00,0.0,930.576662065454,-33.264458551605905,0.0
2024-08-03 00:30:00,0.0,930.576662065454,-34.57951825005794,0.0
2024-08-03 00:35:00,0.0,930.576662065454,-35.67252461689664,0.0
2024-08-03 00:40:00,0.0,930.576662065454,-36.52243444511558,0.0
2024-08-03 00:45:00,0.0,930.576662065454,-37.11119057707339,0.0
2024-08-03 00:50:00,0.0,930.576662065454,-37.423922361692696,0.0
2024-08-03 00:55:00,0.0,930.576662065454,-37.449113662262604,0.0
2024-08-03 01:00:00,0.0,930.576662065454,-37.17873681030544,0.0
2024-08-03 01:05:00,0.0,930.576662065454,-36.608351145805905,0.0
2024-08-03 01:10:00,0.0,930.576662065454,-35.73716511077442,0.0
2024-08-03 01:15:00,0.0,930.576662065454,-34.568061171276895,0.0
2024-08-03 01:20:00,0.0,930.576662065454,-33.10758306234407,0.0
2024-08-03 01:25:00,0.0,930.576662065454,-31.36588540219603,0.0
2024-08-03 01:30:00,0.0,930.576662065454,-29.35664562449947,0.0
2024-08-03 01:35:00,0.0,930.576662065454,-27.096938998659848,0.0
2024-08-03 01:40:00,0.0,930.576662065454,-24.60707738962398,0.0
2024-08-03 01:45:00,0.0,930.576662065454,-21.910412974471043,0.0
2024-08-03 01:50:00,0.0,930.576662065454,-19.033108327755674,0.0
2024-08-03 01:55:00,0.0,930.576662065454,-16.003874600199605,0.0
2024-08-03 02:00:00,0.0,930.576662065454,-12.853679816971846,0.0
2024-08-03 02:05:00,0.0,930.576662065454,-9.615429532938098,0.0
2024-08-03 02:10:00,0.0,930.576662065454,-6.323622406723775,0.0
2024-08-03 02:15:00,0.0,930.576662065454,-3.0139833463164205,0.0
2024-08-03 02:20:00,0.0,930.576662065454,0.27692269077581544,0.0
2024-08-03 02:25:00,0.0,930.576662065454,3.5120932520114243,0.0
2024-08-03 02:30:00,0.0,930.576662065454,6.654503881291653,0.0
2024-08-03 02:35:00,0.0,930.576662065454,9.667533203749217,0.0
2024-08-03 02:40:00,0.0,930.576662065454,12.515394016132833,0.0
2024-08-03 02:45:00,0.0,930.576662065454,15.163566797612885,0.0
2024-08-03 02:50:00,0.0,930.576662065454,17.57923190959298,0.0
2024-08-03 02:55:00,0.0,930.576662065454,19.73169686347252,0.0
2024-08-03 03:00:00,0.0,930.576662065454,21.592814902314213,0.0
2024-08-03 03:05:00,0.0,930.576662065454,23.13739126182756,0.0
2024-08-03 03:10:00,0.0,930.576662065454,24.343573488199066,0.0
2024-08-03 03:15:00,0.0,930.576662065454,25.193222372040438,0.0
2024-08-03 03:20:00,0.0,930.576662065454,25.672259993341463,0.0
2024-08-03 03:25:00,0.0,930.576662065454,25.770991787621192,0.0
2024-08-03 03:30:00,0.0,930.576662065454,25.484399416429532,0.0
2024-08-03 03:35:00,0.0,930.576662065454,24.812401685450432,0.0
2024-08-03 03:40:00,0.0,930.576662065454,23.760080810799135,0.0
2024-08-03 03:45:00,0.0,930.576662065454,22.337871635559463,0.0
2024-08-03 03:50:00,0.0,930.576662065454,20.56171166589074,0.0
2024-08-03 03:55:00,0.0,930.576662065454,18.453150069239648,0.0
2024-08-03 04:00:00,0.0,930.576662065454,16.039414090153226,0.0
2024-08-03 04:05:00,0.0,930.576662065454,13.353431573533475,0.0
2024-08-03 04:10:00,0.0,930.576662065454,10.433808841010398,0.0
2024-08-03 04:15:00,0.0,930.576662065454,7.32476307632351,0.0
2024-08-03 04:20:00,0.0,930.576662065454,4.076009276176639,0.0
2024-08-03 04:25:00,0.0,930.576662065454,0.7426016283822502,0.0
2024-08-03 04:30:00,0.0,930.576662065454,-2.615270120053648,0.0
2024-08-03 04:35:00,0.0,930.576662065454,-5.9325284897425465,0.0
2024-08-03 04:40:00,0.0,930.576662065454,-9.139499226697524,0.0
2024-08-03 04:45:00,0.0,930.576662065454,-12.16224385073632,0.0
2024-08-03 04:50:00,0.0,930.576662065454,-14.922932018682635,0.0
2024-08-03 04:55:00,0.0,930.576662065454,-17.340251551849196,0.0
2024-08-03 05:00:00,0.0,930.576662065454,-19.329853761785948,0.0
2024-08-03 05:05:00,0.0,930.576662065454,-20.804831277443082,0.0
2024-08-03 05:10:00,0.0,930.576662065454,-21.676225453408765,0.0
2024-08-03 05:15:00,0.0,930.576662065454,-21.853560116539885,0.0
2024-08-03 05:20:00,0.0,930.576662065454,-21.245398182000983,0.0
2024-08-03 05:25:00,0.0,930.576662065454,-19.759917487705742,0.0
2024-08-03 05:30:00,0.0,930.576662065454,-17.305502014154786,0.0
2024-08-03 05:35:00,0.0,930.576662065454,-13.791344498545165,0.0
2024-08-03 05:40:00,0.0,930.576662065454,-9.128056358859535,0.0
2024-08-03 05:45:00,0.0,930.576662065454,-3.2282806714905523,0.0
2024-08-03 05:50:00,0.0,930.576662065454,3.992695925055511,0.0
2024-08-03 05:55:00,0.0,930.576662065454,12.616336851459971,0.0
2024-08-03 06:00:00,0.0,930.576662065454,22.720258889800487,141.68973262667717
2024-08-03 06:05:00,0.0,930.576662065454,34.37764950958504,141.68973262667717
2024-08-03 06:10:00,0.0,930.576662065454,47.65670229984752,135.77612372646746
2024-08-03 06:15:00,0.0,930.576662065454,62.62007473104624,70.36826852701783
2024-08-03 06:20:00,0.0,930.576662065454,79.3243721075295,53.76854339512182
2024-08-03 06:25:00,0.0,930.576662065454,97.8196616219154,54.56618219504774
2024-08-03 06:30:00,0.0,930.576662065454,118.14902003082109,61.71130676873855
2024-08-03 06:35:00,0.0,930.576662065454,140.34811848636085,78.5877119105615
2024-08-03 06:40:00,66.19999695,930.576662065454,164.4448475969142,78.09570090070483
2024-08-03 06:45:00,80.80000305,930.576662065454,190.45898578541846,81.8446285737723
2024-08-03 06:50:00,99.80000305,930.576662065454,218.40191345540944,82.48363937252788
2024-08-03 06:55:00,122.5999985,930.576662065454,248.27637535440448,82.16225215028898
2024-08-03 07:00:00,146.3000031,930.576662065454,280.07629326005144,380.0559647770308
2024-08-03 07:05:00,173.6000061,930.576662065454,313.78663036790556,379.05648344014196
2024-08-03 07:10:00,205.8000031,930.576662065454,349.3833090674104,379.05648344014196
2024-08-03 07:15:00,255.1000061,930.576662065454,386.83318308358594,381.78217111945486
2024-08-03 07:20:00,300.5,930.576662065454,426.09406392797877,364.80763993340037
2024-08-03 07:25:00,346.6000061,930.576662065454,467.1148029393366,376.00534819849946
2024-08-03 07:30:00,399.7000122,930.576662065454,509.83542783266887,374.7364503408745
2024-08-03 07:35:00,451.7999878,930.576662065454,554.1873339043955,333.91567880279183
2024-08-03 07:40:00,503.8999939,930.576662065454,600.093528312801,339.6868767675084
2024-08-03 07:45:00,558.2999878,930.576662065454,647.4689268458555,346.71572711957197
2024-08-03 07:50:00,607.0999756,930.576662065454,696.2207010246627,351.4777658252584
2024-08-03 07:55:00,658.7000122,930.576662065454,746.2486739028969,354.1812920788707
2024-08-03 08:00:00,717.2000122,930.576662065454,797.4457618622688,787.4575566030383
2024-08-03 08:05:00,767.7999878,930.576662065454,849.6984600771598,766.3593976162647
2024-08-03 08:10:00,824.0999756,930.576662065454,902.8873684733775,766.6143365571207
2024-08-03 08:15:00,881.5,930.576662065454,956.8877550627352,764.5122186227239
2024-08-03 08:20:00,861.9666138,930.576662065454,1011.5701531468281,775.3672597513399
2024-08-03 08:25:00,899.0333862,930.576662065454,1066.8009883763527,899.3041924252353
2024-08-03 08:30:00,1078.800049,930.576662065454,1122.443232272063,943.584121872053
2024-08-03 08:35:00,1026.800049,930.576662065454,1178.3570772048568,917.7824780995766
2024-08-03 08:40:00,1091.200073,930.576662065454,1234.400629370124,774.8072698191057
2024-08-03 08:45:00,1123.799927,930.576662065454,1290.4306151663302,754.1032023789916
2024-08-03 08:50:00,1175.966675,930.576662065454,1346.3030955255476,739.0256508563298
2024-08-03 08:55:00,1223.099976,930.576662065454,1401.8741851251657,733.8107953662916
2024-08-03 09:00:00,1270.300049,930.576662065454,1457.0007706606607,1419.4131852504895
2024-08-03 09:05:00,1317.166626,930.576662065454,1511.5412242595598,1428.0017465942271
2024-08-03 09:10:00,1363.233398,930.576662065454,1565.3561067674577,1430.8945353093382
2024-08-03 09:15:00,1406.299927,930.576662065454,1618.3088572832621,1469.9150666503967
2024-08-03 09:20:00,1446.233398,930.576662065454,1670.2664637117182,1469.5788165495635
2024-08-03 09:25:00,1484.733398,930.576662065454,1721.1001105302978,1471.9322017964525
2024-08-03 09:30:00,1524.599976,930.576662065454,1770.685799681192,1487.2652461862656
2024-08-03 09:35:00,1569.733398,930.576662065454,1818.904939877322,1489.6952836162654
2024-08-03 09:40:00,1616.933228,930.576662065454,1865.644901983919,1490.1915481557576
2024-08-03 09:45:00,1663.733276,930.576662065454,1910.799535556741,1490.1915481557576
2024-08-03 09:50:00,1706.266602,930.576662065454,1954.269644383357,1493.5249393650354
2024-08-03 09:55:00,1743.633423,930.576662065454,1995.963417510285,1485.781074550067
2024-08-03 10:00:00,1777.566772,930.576662065454,2035.7968135223416,1986.1885577056087
2024-08-03 10:05:00,1806.966675,930.576662065454,2073.6938953111767,1989.9858815336247
2024-08-03 10:10:00,1839.233398,930.576662065454,2109.587113978078,1981.3151267658732
2024-08-03 10:15:00,1871.566772,930.576662065454,2143.4175400414147,1971.6658741155456
2024-08-03 10:20:00,1905.533203,930.576662065454,2175.1350403055376,1971.0336700699902
2024-08-03 10:25:00,1930.866699,930.576662065454,2204.6984004052965,1964.9117510509902
2024-08-03 10:30:00,1952.333374,930.576662065454,2232.0753918588116,1961.6857474953977
2024-08-03 10:35:00,1974.599976,930.576662065454,2257.242783946055,1966.4822430182496
2024-08-03 10:40:00,2002.366699,930.576662065454,2280.186300401258,1959.5465098817735
2024-08-03 10:45:00,2029.366699,930.576662065454,2300.9005219747564,1955.1185991902405
2024-08-03 10:50:00,2047.133301,930.576662065454,2319.388735643901,1898.0551742911168
2024-08-03 10:55:00,2054.400146,930.576662065454,2335.6627319929707,1889.2898758064828
2024-08-03 11:00:00,2056.133057,930.576662065454,2349.7425526532293,1470.469220002198
2024-08-03 11:05:00,2055.233398,930.576662065454,2361.656189585425,1452.4204752882076
2024-08-03 11:10:00,2054.633301,930.576662065454,2371.4392391376336,1415.0171650251634
2024-08-03 11:15:00,2053.633057,930.576662065454,2379.1345131816174,1413.7142503971152
2024-08-03 11:20:00,2054.199951,930.576662065454,2384.791610643486,1407.7927906390069
2024-08-03 11:25:00,2056.100098,930.576662065454,2388.466452592039,1402.0974214171888
2024-08-03 11:30:00,2057.966553,930.576662065454,2390.220784460611,1389.877843170744
2024-08-03 11:35:00,2058.800049,930.576662065454,2390.121649138638,1363.132619408568
2024-08-03 11:40:00,2058.733154,930.576662065454,2388.2408348628182,1333.9074733431617
2024-08-03 11:45:00,2059.233154,930.576662065454,2384.654301984617,1318.170310210593
2024-08-03 11:50:00,2060.666748,930.576662065454,2379.441592824011,1360.5210702053057
2024-08-03 11:55:00,2060.93335,930.576662065454,2372.6852289050535,1360.205579271941
2024-08-03 12:00:00,2059.966553,930.576662065454,2364.470099938504,1372.6929831084126
2024-08-03 12:05:00,2058.800049,930.576662065454,2354.882848901237,1375.2398662054125
2024-08-03 12:10:00,2057.633545,930.576662065454,2344.011257703342,1375.600220534968
2024-08-03 12:15:00,2056.966553,930.576662065454,2331.943637658308,1390.1380857017057
2024-08-03 12:20:00,2055.766846,930.576662065454,2318.7682291436768,1414.7775220641443
2024-08-03 12:25:00,2056.56665,930.576662065454,2304.5726146217653,1454.6715571122957
2024-08-03 12:30:00,2057.600098,930.576662065454,2289.4431489941385,1480.0841735768759
2024-08-03 12:35:00,2059.5,930.576662065454,2273.4644114131006,1515.1679384926715
2024-08-03 12:40:00,2059.800049,930.576662065454,2256.7186820047173,1633.546484523588
2024-08-03 12:45:00,2060.300049,930.576662065454,2239.285447225418,1683.0355961781627
2024-08-03 12:50:00,2060.099854,930.576662065454,2221.240937003001,1701.218492886734
2024-08-03 12:55:00,2060.366455,930.576662065454,2202.657696751608,1822.1361452516735
2024-08-03 13:00:00,2060.300049,930.576662065454,2183.6041969837265,1795.2331685048166
2024-08-03 13:05:00,2060.56665,930.576662065454,2164.144482881465,1908.6514642994207
2024-08-03 13:10:00,2060.06665,930.576662065454,2144.337866189943,1927.0488008408
2024-08-03 13:15:00,2059.0,930.576662065454,2124.2386608072484,1997.0314116973084
2024-08-03 13:20:00,2058.133301,930.576662065454,2103.895964063629,2027.9078351196906
2024-08-03 13:25:00,2059.499756,930.576662065454,2083.353484345502,1790.5469711026394
2024-08-03 13:30:00,2060.833252,930.576662065454,2062.6494159748354,1604.7976435073217
2024-08-03 13:35:00,2060.833252,930.576662065454,2041.816361881939,1488.199673537917
2024-08-03 13:40:00,2058.93335,930.576662065454,2020.8813037642199,1335.503729750761
2024-08-03 13:45:00,2057.999756,930.576662065454,1999.8656198247168,1147.7137299481547
2024-08-03 13:50:00,2057.966553,930.576662065454,1978.7851489985162,1074.9356298188152
2024-08-03 13:55:00,2059.366699,930.576662065454,1957.650300921333,931.0111438823544
2024-08-03 14:00:00,2060.533447,930.576662065454,1936.466209992567,764.3021313621132
2024-08-03 14:05:00,2062.56665,930.576662065454,1915.2329323059628,743.3993335462402
2024-08-03 14:10:00,2062.5,930.576662065454,1893.945682764237,721.352433897005
2024-08-03 14:15:00,2062.166504,930.576662065454,1872.5951106950722,698.2903013462953
2024-08-03 14:20:00,2060.299805,930.576662065454,1851.1676109830921,620.9881449537969
2024-08-03 14:25:00,2058.866699,930.576662065454,1829.6456680372467,618.2818015521324
2024-08-03 14:30:00,2052.5,930.576662065454,1808.0082295249927,567.8835899860127
2024-08-03 14:35:00,2045.600098,930.576662065454,1786.2311064585954,655.832967021579
2024-08-03 14:40:00,2039.266602,930.576662065454,1764.2873964495466,564.5895306233863
2024-08-03 14:45:00,2043.099976,930.576662065454,1742.147926027662,553.6380861277464
2024-08-03 14:50:00,2049.900146,930.576662065454,1719.7817089343105,542.2296677768671
2024-08-03 14:55:00,2048.666748,930.576662065454,1697.1564158741821,692.2496154677938
2024-08-03 15:00:00,2031.466675,930.576662065454,1674.2388522600393,619.6130061097438
2024-08-03 15:05:00,2000.433228,930.576662065454,1650.9954398382574,560.6616938279989
2024-08-03 15:10:00,1972.833374,930.576662065454,1627.3926981769457,711.8256131842027
2024-08-03 15:15:00,1944.433228,930.576662065454,1603.3977222799174,1020.7211854286239
2024-08-03 15:20:00,1914.433228,930.576662065454,1578.9786522155514,1548.1142560065402
2024-08-03 15:25:00,1875.299927,930.576662065454,1554.1051310762841,1427.18805777692
2024-08-03 15:30:00,1836.766602,930.576662065454,1528.7487474706234,1390.0484590576616
2024-08-03 15:35:00,1801.633301,930.576662065454,1502.883459353975,1411.6383454926272
2024-08-03 15:40:00,1767.966675,930.576662065454,1476.485995168535,1524.96962064174
2024-08-03 15:45:00,1734.166626,930.576662065454,1449.5362297831189,1629.3234081023522
2024-08-03 15:50:00,1700.099976,930.576662065454,1422.0175317482008,1520.150695349361
2024-08-03 15:55:00,1664.900024,930.576662065454,1393.9170793977346,1436.1232464884706
2024-08-03 16:00:00,1627.633423,930.576662065454,1365.2261432347188,1315.5091462428213
2024-08-03 16:05:00,1585.133423,930.576662065454,1335.940332308069,1309.8233078701967
2024-08-03 16:10:00,1542.599976,930.576662065454,1306.0598029325263,1266.4393996557337
2024-08-03 16:15:00,1499.733398,930.576662065454,1275.5894276531458,1254.055337196945
2024-08-03 16:20:00,1460.033203,930.576662065454,1244.5389238626028,1232.8363207268553
2024-08-03 16:25:00,1419.533203,930.576662065454,1212.9229403483885,1230.64167115049
2024-08-03 16:30:00,1380.633301,930.576662065454,1180.7611016677483,1213.235785195061
2024-08-03 16:35:00,1342.033325,930.576662065454,1148.078009857813,1181.1861501170772
2024-08-03 16:40:00,1307.93335,930.576662065454,1114.9032034320765,1169.2927113715448
2024-08-03 16:45:00,1275.966675,930.576662065454,1081.2710743413,1119.7163996279892
2024-08-03 16:50:00,1249.5,930.576662065454,1047.2207431973636,1103.0148120268807
2024-08-03 16:55:00,1228.333374,930.576662065454,1012.795894143818,1076.433600084325
2024-08-03 17:00:00,1215.099976,930.576662065454,978.0445703016325,717.4861199233873
2024-08-03 17:05:00,1206.833374,930.576662065454,943.0189321980843,680.3573331185655
2024-08-03 17:10:00,1202.56665,930.576662065454,907.7749801606598,657.0764574373511
2024-08-03 17:15:00,1193.699951,930.576662065454,872.3722434945229,645.2377912681409
2024-08-03 17:20:00,1168.033325,930.576662065454,836.8734389550661,638.9723799454744
2024-08-03 17:25:00,1128.433228,930.576662065454,801.3441008315177,609.6430122457186
2024-08-03 17:30:00,1067.400024,930.576662065454,765.852185919541,592.3725754143026
2024-08-03 17:35:00,1005.033386,930.576662065454,730.4676562330621,579.3247384398112
2024-08-03 17:40:00,943.666687,930.576662065454,695.2620431466937,576.0850160738112
2024-08-03 17:45:00,898.0999146,930.576662065454,660.3079956484889,589.0178761195635
2024-08-03 17:50:00,851.0,930.576662065454,625.678817313801,587.9615540913219
2024-08-03 17:55:00,789.0999146,930.576662065454,591.4479945068699,589.6464731714997
2024-08-03 18:00:00,711.2333374,930.576662065454,557.6887202519594,306.5591003780476
2024-08-03 18:05:00,640.8666382,930.576662065454,524.4734172093929,303.8703667335991
2024-08-03 18:10:00,605.75,930.576662065454,491.873263384014,301.25727158136027
2024-08-03 18:15:00,498.1000061,930.576662065454,459.9577245730283,295.5705366440279
2024-08-03 18:20:00,441.1333008,930.576662065454,428.79409673923357,291.6622521908739
2024-08-03 18:25:00,399.1999817,930.576662065454,398.4470622129048,288.0231018018501
2024-08-03 18:30:00,384.7999878,930.576662065454,368.97826277116917,287.1136680438056
2024-08-03 18:35:00,322.8999939,930.576662065454,340.4458935065647,288.5703861952818
2024-08-03 18:40:00,261.25,930.576662065454,312.904319805116,287.4991118624059
2024-08-03 18:45:00,212.3500214,930.576662065454,286.40372087418075,288.4629034684059
2024-08-03 18:50:00,174.3999939,930.576662065454,260.98976254868273,288.6106811784059
2024-08-03 18:55:00,139.9666595,930.576662065454,236.70330154863217,291.77433761753446
2024-08-03 19:00:00,124.1666641,930.576662065454,213.5801236911718,102.84065524053865
2024-08-03 19:05:00,111.8000107,930.576662065454,191.65071792768762,102.4484886197942
2024-08-03 19:10:00,105.5,930.576662065454,170.9400878283622,100.88630339002754
2024-08-03 19:15:00,91.69999695,930.576662065454,151.46760205683344,99.70452689903149
2024-08-03 19:20:00,72.0,930.576662065454,133.2468847693222,99.70452689903149
2024-08-03 19:25:00,55.94999695,930.576662065454,116.28574676874567,98.76266572899038
2024-08-03 19:30:00,42.75,930.576662065454,100.58615787976845,98.72259111426965
2024-08-03 19:35:00,29.75,930.576662065454,86.14426058490066,98.44552544016354
2024-08-03 19:40:00,20.25,930.576662065454,72.95042486598373,98.5544791916163
2024-08-03 19:45:00,14.5,930.576662065454,60.98934365213126,93.53398830241632
2024-08-03 19:50:00,13.03333282,930.576662065454,50.2401680294796,93.25684886815745
2024-08-03 19:55:00,0.0,930.576662065454,40.67668114858617,92.309469161053
2024-08-03 20:00:00,0.0,930.576662065454,32.26750927744773,2.8000500014222225
2024-08-03 20:05:00,0.0,930.576662065454,24.976368514934137,2.842994445866667
2024-08-03 20:10:00,0.0,930.576662065454,18.762344862383568,2.700605556977778
2024-08-03 20:15:00,0.0,930.576662065454,13.580205653193403,2.8013277792000006
2024-08-03 20:20:00,0.0,930.576662065454,9.380739706305427,2.766661112533334
2024-08-03 20:25:00,0.0,930.576662065454,6.111123671081471,2.766661112533334
2024-08-03 20:30:00,0.0,930.576662065454,3.7153113856179947,2.766661112533334
2024-08-03 20:35:00,0.0,930.576662065454,2.134443546734591,2.766661112533334
2024-08-03 20:40:00,0.0,930.576662065454,1.3072740949247577,2.618883334755556
2024-08-03 20:45:00,0.0,930.576662065454,1.1706102755784022,2.7488185209777787
2024-08-03 20:50:00,0.0,930.576662065454,1.6597627633749914,2.2598555575333337
2024-08-03 20:55:00,0.0,930.576662065454,2.709002414228933,1.7256888919777778
2024-08-03 21:00:00,0.0,930.576662065454,4.252020070367747,0.23111111111111116
2024-08-03 21:05:00,0.0,930.576662065454,6.222385880198216,0.041666666666666664
2024-08-03 21:10:00,0.0,930.576662065454,8.554004578021372,0.041666666666666664
2024-08-03 21:15:00,0.0,930.576662065454,11.181563218475965,0.041666666666666664
2024-08-03 21:20:00,0.0,930.576662065454,14.04096797883419,1.5049666495833334
2024-08-03 21:25:00,0.0,930.576662065454,17.06976657291566,1.8036666391607934
2024-08-03 21:30:00,0.0,930.576662065454,20.207553305835614,2.9252258921341268
2024-08-03 21:35:00,0.0,930.576662065454,23.396353419327575,0.0
2024-08-03 21:40:00,0.0,930.576662065454,26.58098409018685,0.0
2024-08-03 21:45:00,0.0,930.576662065454,29.709389268721875,0.0
2024-08-03 21:50:00,0.0,930.576662065454,32.732945912733655,0.0
2024-08-03 21:55:00,0.0,930.576662065454,35.60673940345653,0.0
2024-08-03 22:00:00,0.0,930.576662065454,38.289806144485375,0.10893333814666666
2024-08-03 22:05:00,0.0,930.576662065454,40.7453416469811,0.10893333814666666
2024-08-03 22:10:00,0.0,930.576662065454,42.940872672974365,0.10893333814666666
2024-08-03 22:15:00,0.0,930.576662065454,44.848392310375736,0.0
2024-08-03 22:20:00,0.0,930.576662065454,46.444457126690345,0.0
2024-08-03 22:25:00,0.0,930.576662065454,47.71024592069861,0.0
2024-08-03 22:30:00,0.0,930.576662065454,48.63157983682615,0.0
2024-08-03 22:35:00,0.0,930.576662065454,49.19890395761063,0.0
2024-08-03 22:40:00,0.0,930.576662065454,49.40723079113117,0.0
2024-08-03 22:45:00,0.0,930.576662065454,49.25604638972394,0.0
2024-08-03 22:50:00,0.0,930.576662065454,48.749180123662775,0.0
2024-08-03 22:55:00,0.0,930.576662065454,47.894639448574246,0.0
2024-08-03 23:00:00,0.0,930.576662065454,46.70441125559849,0.0
2024-08-03 23:05:00,0.0,930.576662065454,45.194231724666324,0.0
2024-08-03 23:10:00,0.0,930.576662065454,43.38332677526847,0.0
2024-08-03 23:15:00,0.0,930.576662065454,41.29412552183304,0.0
2024-08-03 23:20:00,0.0,930.576662065454,38.95194930894703,0.0
2024-08-03 23:25:00,0.0,930.576662065454,36.3846791370737,0.0
2024-08-03 23:30:00,0.0,930.576662065454,33.62240442972512,0.0
2024-08-03 23:35:00,0.0,930.576662065454,30.69705627532003,0.0
2024-08-03 23:40:00,0.0,930.576662065454,27.642028381244202,0.0
2024-08-03 23:45:00,0.0,930.576662065454,24.491789074174342,0.0
2024-08-03 23:50:00,0.0,930.576662065454,21.28148782055915,0.0
2024-08-03 23:55:00,0.0,930.576662065454,18.04655965198471,0.0
2024-08-04 00:00:00,0.0,930.576662065454,14.822331030023303,0.0
2024-08-04 00:05:00,0.0,930.576662065454,11.643630610031448,0.0
2024-08-04 00:10:00,0.0,930.576662065454,8.54440832953486,0.0
2024-08-04 00:15:00,0.0,930.576662065454,5.557366187433993,0.0
2024-08-04 00:20:00,0.0,930.576662065454,2.713603985240437,0.0
2024-08-04 00:25:00,0.0,930.576662065454,0.042283180704764015,0.0
2024-08-04 00:30:00,0.0,930.576662065454,-2.4296881869109344,0.0
2024-08-04 00:35:00,0.0,930.576662065454,-4.677946534774749,0.0
2024-08-04 00:40:00,0.0,930.576662065454,-6.680937363454846,0.0
2024-08-04 00:45:00,0.0,930.576662065454,-8.420150714238217,0.0
2024-08-04 00:50:00,0.0,930.576662065454,-9.880325642699383,0.0
2024-08-04 00:55:00,0.0,930.576662065454,-11.04962145505819,0.0
2024-08-04 01:00:00,0.0,930.576662065454,-11.919754303890443,0.0
2024-08-04 01:05:00,0.0,930.576662065454,-12.48609764737134,0.0
2024-08-04 01:10:00,0.0,930.576662065454,-12.74774554809903,0.0
2024-08-04 01:15:00,0.0,930.576662065454,-12.707538057106746,0.0
2024-08-04 01:20:00,0.0,930.576662065454,-12.372048225065432,0.0
2024-08-04 01:25:00,0.0,930.576662065454,-11.751530670540069,0.0
2024-08-04 01:30:00,0.0,930.576662065454,-10.859831783711419,0.0
2024-08-04 01:35:00,0.0,930.576662065454,-9.714262297874368,0.0
2024-08-04 01:40:00,0.0,930.576662065454,-8.335432822137,0.0
2024-08-04 01:45:00,0.0,930.576662065454,-6.747053735758404,0.0
2024-08-04 01:50:00,0.0,930.576662065454,-4.975700716943824,0.0
2024-08-04 01:55:00,0.0,930.576662065454,-3.050547790365185,0.0
2024-08-04 02:00:00,0.0,930.576662065454,-1.003069866220417,0.0
2024-08-04 02:05:00,0.0,930.576662065454,1.1332828504966896,0.0
2024-08-04 02:10:00,0.0,930.576662065454,3.323436090240092,0.0
2024-08-04 02:15:00,0.0,930.576662065454,5.531065534220539,0.0
2024-08-04 02:20:00,0.0,930.576662065454,7.718990638138942,0.0
2024-08-04 02:25:00,0.0,930.576662065454,9.84958504722935,0.0
2024-08-04 02:30:00,0.0,930.576662065454,11.885200261790091,0.0
2024-08-04 02:35:00,0.0,930.576662065454,13.788599044670276,0.0
2024-08-04 02:40:00,0.0,930.576662065454,15.523394969561894,0.0
2024-08-04 02:45:00,0.0,930.576662065454,17.054494409213962,0.0
2024-08-04 02:50:00,0.0,930.576662065454,18.348537215479237,0.0
2024-08-04 02:55:00,0.0,930.576662065454,19.374332341132106,0.0
2024-08-04 03:00:00,0.0,930.576662065454,20.103284611509466,0.0
2024-08-04 03:05:00,0.0,930.576662065454,20.50980892632806,0.0
2024-08-04 03:10:00,0.0,930.576662065454,20.571728220540944,0.0
2024-08-04 03:15:00,0.0,930.576662065454,20.270651625595793,0.0
2024-08-04 03:20:00,0.0,930.576662065454,19.592329312699466,0.0
2024-08-04 03:25:00,0.0,930.576662065454,18.526980851921056,0.0
2024-08-04 03:30:00,0.0,930.576662065454,17.069593761985605,0.0
2024-08-04 03:35:00,0.0,930.576662065454,15.220189533879543,0.0
2024-08-04 03:40:00,0.0,930.576662065454,12.984054274228377,0.0
2024-08-04 03:45:00,0.0,930.576662065454,10.371931595808308,0.0
2024-08-04 03:50:00,0.0,930.576662065454,7.400175540410548,0.0
2024-08-04 03:55:00,0.0,930.576662065454,4.090861685921069,0.0
2024-08-04 04:00:00,0.0,930.576662065454,0.4718547939133558,0.0
2024-08-04 04:05:00,0.0,930.576662065454,-3.4231682306480744,0.0
2024-08-04 04:10:00,0.0,930.576662065454,-7.554741010082734,0.0
2024-08-04 04:15:00,0.0,930.576662065454,-11.877676606941613,0.0
2024-08-04 04:20:00,0.0,930.576662065454,-16.341182883419567,0.0
2024-08-04 04:25:00,0.0,930.576662065454,-20.88902427861783,0.0
2024-08-04 04:30:00,0.0,930.576662065454,-25.45972943328403,0.0
2024-08-04 04:35:00,0.0,930.576662065454,-29.986843960616127,0.0
2024-08-04 04:40:00,0.0,930.576662065454,-34.399227122838916,0.0
2024-08-04 04:45:00,0.0,930.576662065454,-38.62139093733486,0.0
2024-08-04 04:50:00,0.0,930.576662065454,-42.57387988344514,0.0
2024-08-04 04:55:00,0.0,930.576662065454,-46.173688984615325,0.0
2024-08-04 05:00:00,0.0,930.576662065454,-49.334717886837616,0.0
2024-08-04 05:05:00,0.0,930.576662065454,-51.968258077215594,0.0
2024-08-04 05:10:00,0.0,930.576662065454,-53.98351026451123,0.0
2024-08-04 05:15:00,0.0,930.576662065454,-55.288128589697266,0.0
2024-08-04 05:20:00,0.0,930.576662065454,-55.78878817152079,0.0
2024-08-04 05:25:00,0.0,930.576662065454,-55.39177221652121,0.0
2024-08-04 05:30:00,0.0,930.576662065454,-54.00357483695491,0.0
2024-08-04 05:35:00,0.0,930.576662065454,-51.53151547001233,0.0
2024-08-04 05:40:00,0.0,930.576662065454,-47.88436073617494,0.0
2024-08-04 05:45:00,0.0,930.576662065454,-42.97294944460602,0.0
2024-08-04 05:50:00,0.0,930.576662065454,-36.71081642167958,0.0
2024-08-04 05:55:00,0.0,930.576662065454,-29.01481078487135,0.0
2024-08-04 06:00:00,0.0,930.576662065454,-19.805704294947272,51.47189913193396
2024-08-04 06:05:00,0.0,930.576662065454,-9.00878543367362,35.033697524867975
2024-08-04 06:10:00,0.0,930.576662065454,3.4455650347777405,37.60786701340833
2024-08-04 06:15:00,0.0,930.576662065454,17.621321205806872,61.16662145999465
2024-08-04 06:20:00,0.0,930.576662065454,33.57628597361242,77.33243927179227
2024-08-04 06:25:00,0.0,930.576662065454,51.36159549940306,92.6626104811716
2024-08-04 06:30:00,0.0,930.576662065454,71.02125822997813,99.00671256618351
2024-08-04 06:35:00,0.0,930.576662065454,92.59173147887287,102.17626144605386
2024-08-04 06:40:00,59.09999847,930.576662065454,116.1015393209192,108.73367296595305
2024-08-04 06:45:00,76.40000153,930.576662065454,141.57093444812398,109.40784131626664
2024-08-04 06:50:00,94.5,930.576662065454,169.01160678666196,113.33240219092728
2024-08-04 06:55:00,117.1999969,930.576662065454,198.42644134829936,126.02567107104582
2024-08-04 07:00:00,140.3000031,930.576662065454,229.80932711550096,432.20883736078923
2024-08-04 07:05:00,162.8999939,930.576662065454,263.1450190222662,418.62666602231246
2024-08-04 07:10:00,196.1000061,930.576662065454,298.4090540749975,423.6193078143122
2024-08-04 07:15:00,234.1999969,930.576662065454,335.56772301061153,475.6641860424187
2024-08-04 07:20:00,289.2999878,930.576662065454,374.5780973196251,475.719234195491
2024-08-04 07:25:00,331.8999939,930.576662065454,415.388113002995,475.9132258437363
2024-08-04 07:30:00,380.8999939,930.576662065454,457.9367097549512,475.7016703762918
2024-08-04 07:35:00,428.0,930.576662065454,502.1540259313153,472.64784852605527
2024-08-04 07:40:00,478.0,930.576662065454,547.9616477722959,476.41495496930776
2024-08-04 07:45:00,532.7999878,930.576662065454,595.2729119300619,474.11702268146144
2024-08-04 07:50:00,582.5999756,930.576662065454,643.993259528469,477.39294391018814
2024-08-04 07:55:00,640.7999878,930.576662065454,694.0206394209897,466.87668134519
2024-08-04 08:00:00,701.4000244,930.576662065454,745.2459591416114,909.1041966092224
2024-08-04 08:05:00,756.5,930.576662065454,797.5535794085166,906.9932856778194
2024-08-04 08:10:00,806.2000122,930.576662065454,850.8218507120305,881.4891066891545
2024-08-04 08:15:00,860.9000244,930.576662065454,904.9236876024395,881.4891066891545
2024-08-04 08:20:00,842.0,930.576662065454,959.7271774861428,854.5145744473964
2024-08-04 08:25:00,876.5333862,930.576662065454,1015.0962202209481,854.5145744473964
2024-08-04 08:30:00,909.5999146,930.576662065454,1070.891194024743,841.7177524850059
2024-08-04 08:35:00,1093.199951,930.576662065454,1126.9696439870975,841.7177524850059
2024-08-04 08:40:00,1046.099976,930.576662065454,1183.1869884817536,835.2150301841172
2024-08-04 08:45:00,1108.06665,930.576662065454,1239.3972392897572,852.4684449833264
2024-08-04 08:50:00,1142.099976,930.576662065454,1295.45372995552,841.4293377998375
2024-08-04 08:55:00,1194.733398,930.576662065454,1351.2098489627624,898.7666066801319
2024-08-04 09:00:00,1242.500122,930.576662065454,1406.5197722233984,1334.844665660391
2024-08-04 09:05:00,1288.600098,930.576662065454,1461.2391900134344,1352.5502062720298
2024-08-04 09:10:00,1333.099976,930.576662065454,1515.2260243911007,1362.1375583137185
2024-08-04 09:15:00,1376.533325,930.576662065454,1568.3411318760504,1363.3876701376073
2024-08-04 09:20:00,1420.333374,930.576662065454,1620.4489873129585,1368.327183688163
2024-08-04 09:25:00,1463.800171,930.576662065454,1671.418343993935,1368.6116173694963
2024-08-04 09:30:00,1506.599976,930.576662065454,1721.122866792027,1389.3678879355991
2024-08-04 09:35:00,1547.866699,930.576662065454,1769.4417329235578,1380.3468752704405
2024-08-04 09:40:00,1589.166626,930.576662065454,1816.2601979882402,1381.5216732355425
2024-08-04 09:45:00,1628.833374,930.576662065454,1861.4701227434823,1392.1730087427009
2024-08-04 09:50:00,1666.033325,930.576662065454,1904.9704577097943,1401.8000624075426
2024-08-04 09:55:00,1699.033203,930.576662065454,1946.6676827331205,1414.75252390259
2024-08-04 10:00:00,1732.866699,930.576662065454,1986.4761984091813,1813.3947725745609
2024-08-04 10:05:00,1768.666626,930.576662065454,2024.3186676322132,1813.3947725745609
2024-08-04 10:10:00,1808.833374,930.576662065454,2060.126304802602,1808.695068527894
2024-08-04 10:15:00,1847.333374,930.576662065454,2093.8391115331533,1816.4348725191476
2024-08-04 10:20:00,1879.166626,930.576662065454,2125.406056896516,1804.33644846187
2024-08-04 10:25:00,1907.233398,930.576662065454,2154.785202274433,1761.8441886577352
2024-08-04 10:30:00,1933.733398,930.576662065454,2181.94376974996,1767.7547523382116
2024-08-04 10:35:00,1968.199829,930.576662065454,2206.858153959167,1804.7646405793487
2024-08-04 10:40:00,2000.566772,930.576662065454,2229.513878067327,1793.455095521254
2024-08-04 10:45:00,2030.033203,930.576662065454,2249.90549425468,1793.7697253801425
2024-08-04 10:50:00,2047.533203,930.576662065454,2268.0364299957337,1794.200156998714
2024-08-04 10:55:00,2056.666504,930.576662065454,2283.9187813459653,1794.3073205464916
2024-08-04 11:00:00,2057.833252,930.576662065454,2297.573055448824,2034.1083921831116
2024-08-04 11:05:00,2055.533203,930.576662065454,2309.027863892446,2026.8120448069642
2024-08-04 11:10:00,2054.0,930.576662065454,2318.3195699382964,2026.6182528827028
2024-08-04 11:15:00,2054.366699,930.576662065454,2325.4918920652262,2030.3138292735746
2024-08-04 11:20:00,2057.633301,930.576662065454,2330.5954670670008,2026.465624490686
2024-08-04 11:25:00,2059.833252,930.576662065454,2333.6873760449944,2021.3119200505112
2024-08-04 11:30:00,2062.099854,930.576662065454,2334.8306368715366,2009.6183154827686
2024-08-04 11:35:00,2060.666748,930.576662065454,2334.093666981264,1993.9559704460426
2024-08-04 11:40:00,2060.199951,930.576662065454,2331.5497204654353,1993.3988451361163
2024-08-04 11:45:00,2057.866455,930.576662065454,2327.2763036368247,1942.1429987170636
2024-08-04 11:50:00,2058.666748,930.576662065454,2321.354573330245,1934.951443000508
2024-08-04 11:55:00,2058.266602,930.576662065454,2313.8687224326695,1932.6265623754741
2024-08-04 12:00:00,2058.93335,930.576662065454,2304.905356846869,1766.009002947924
2024-08-04 12:05:00,2056.733398,930.576662065454,2294.552868672352,1726.2844685917494
2024-08-04 12:10:00,2055.800049,930.576662065454,2282.9008098202885,1546.0129309643798
2024-08-04 12:15:00,2055.266602,930.576662065454,2270.0392706332304,1521.193974179521
2024-08-04 12:20:00,2057.533447,930.576662065454,2256.058267854844,1453.9333973097869
2024-08-04 12:25:00,2058.599854,930.576662065454,2241.047146166627,1431.2410773727547
2024-08-04 12:30:00,2058.93335,930.576662065454,2225.0939975440115,1405.2713780198924
2024-08-04 12:35:00,2058.166748,930.576662065454,2208.285102290935,1856.2737648534378
2024-08-04 12:40:00,2058.899902,930.576662065454,2190.704395706876,1950.7631085577211
2024-08-04 12:45:00,2059.900146,930.576662065454,2172.4329636863044,1949.7350545278327
2024-08-04 12:50:00,2060.466553,930.576662065454,2153.5485710052567,1940.1942147146426
2024-08-04 12:55:00,2059.633301,930.576662065454,2134.125224884408,1852.3199870720252
2024-08-04 13:00:00,2058.43335,930.576662065454,2114.2327771300074,1620.9920060633128
2024-08-04 13:05:00,2058.033447,930.576662065454,2093.936566902213,1577.0840788124337
2024-08-04 13:10:00,2057.699951,930.576662065454,2073.2971065729676,1543.243440114711
2024-08-04 13:15:00,2058.733398,930.576662065454,2052.3698122240303,1476.0906097358047
2024-08-04 13:20:00,2057.766602,930.576662065454,2031.2047807506217,1436.9340072099844
2024-08-04 13:25:00,2057.133301,930.576662065454,2009.846614095202,1414.2272967065421
2024-08-04 13:30:00,2055.93335,930.576662065454,1988.334291738698,1409.5956999113557
2024-08-04 13:35:00,2057.733398,930.576662065454,1966.7010919323427,1371.3205993636634
2024-08-04 13:40:00,2058.166748,930.576662065454,1944.9745613063271,1298.6417694437714
2024-08-04 13:45:00,2058.900146,930.576662065454,1923.1765329560956,1202.7306664067985
2024-08-04 13:50:00,2057.099854,930.576662065454,1901.3231919633565,1129.3161445491849
2024-08-04 13:55:00,2057.900146,930.576662065454,1879.4251875053565,1096.0025346596524
2024-08-04 14:00:00,2056.833252,930.576662065454,1857.4877900694178,917.6273609270723
2024-08-04 14:05:00,2057.533203,930.576662065454,1835.5110920384282,848.5538578689572
2024-08-04 14:10:00,2057.400146,930.576662065454,1813.4902496586815,840.2494967114839
2024-08-04 14:15:00,2058.900146,930.576662065454,1791.4157638975284,881.6103051194387
2024-08-04 14:20:00,2059.366943,930.576662065454,1769.273797699926,1055.8658580553802
2024-08-04 14:25:00,2059.099854,930.576662065454,1747.0465266880203,913.1196318164299
2024-08-04 14:30:00,2057.133545,930.576662065454,1724.7125200948535,881.6828083759915
2024-08-04 14:35:00,2055.800049,930.576662065454,1702.2471488012352,877.0482793357262
2024-08-04 14:40:00,2052.699951,930.576662065454,1679.6230166843636,1465.222588621927
2024-08-04 14:45:00,2048.533203,930.576662065454,1656.8104116195962,1642.0139316451891
2024-08-04 14:50:00,2040.966675,930.576662065454,1633.777772679498,1566.668823731249
2024-08-04 14:55:00,2031.433228,930.576662065454,1610.4921690364095,1104.8157700243137
2024-08-04 15:00:00,2017.599976,930.576662065454,1586.9197869343539,1284.2300865145155
2024-08-04 15:05:00,1995.566528,930.576662065454,1563.026420751036,1362.0167556663778
2024-08-04 15:10:00,1966.700073,930.576662065454,1538.7779638365628,1277.0939091793448
2024-08-04 15:15:00,1934.699829,930.576662065454,1514.1408953434611,1325.6852399888187
2024-08-04 15:20:00,1904.900024,930.576662065454,1489.0827590141105,1446.9915486055288
2024-08-04 15:25:00,1876.933228,930.576662065454,1463.57262996532,1565.1618452547925
2024-08-04 15:30:00,1847.933228,930.576662065454,1437.5815659200446,1438.3059831366008
2024-08-04 15:35:00,1816.333374,930.576662065454,1411.083039017881,1478.693163941909
2024-08-04 15:40:00,1782.166626,930.576662065454,1384.0533449701989,1486.9297052762672
2024-08-04 15:45:00,1746.233276,930.576662065454,1356.471986099482,1507.1215681528492
2024-08-04 15:50:00,1709.666626,930.576662065454,1328.3220253968475,1525.3583915300346
2024-08-04 15:55:00,1671.133301,930.576662065454,1299.5904087383071,1495.7374397668332
2024-08-04 16:00:00,1631.599976,930.576662065454,1270.268252635379,1269.4721652848243
2024-08-04 16:05:00,1593.0,930.576662065454,1240.3510955402141,1237.1655003949086
2024-08-04 16:10:00,1555.733398,930.576662065454,1209.8391104384134,1298.1364326074247
2024-08-04 16:15:00,1518.900024,930.576662065454,1178.737277090518,1289.947666681932
2024-08-04 16:20:00,1477.5,930.576662065454,1147.0555131569708,1280.2274991912975
2024-08-04 16:25:00,1433.666626,930.576662065454,1114.808762360716,1273.3709139322339
2024-08-04 16:30:00,1387.400024,930.576662065454,1082.0170397174365,1267.1761960188433
2024-08-04 16:35:00,1342.733276,930.576662065454,1048.7054331426775,1265.0044893895943
2024-08-04 16:40:00,1297.766724,930.576662065454,1014.9040618245308,1238.66404276908
2024-08-04 16:45:00,1252.066772,930.576662065454,980.647991334659,1128.1118349317283
2024-08-04 16:50:00,1201.800049,930.576662065454,945.9771065242236,1088.0932527189057
2024-08-04 16:55:00,1145.333374,930.576662065454,910.9359430236389,1045.565906246288
2024-08-04 17:00:00,1084.966675,930.576662065454,875.5734789610257,601.8744472297468
2024-08-04 17:05:00,1024.133301,930.576662065454,839.9428883082417,592.2099171483209
2024-08-04 17:10:00,968.4333496,930.576662065454,804.1012581440552,604.6713016855615
2024-08-04 17:15:00,917.166687,930.576662065454,768.1092717282296,683.6773294209534
2024-08-04 17:20:00,870.2000122,930.576662065454,732.0308602202216,785.6324311992049
2024-08-04 17:25:00,820.4333496,930.576662065454,695.9328256812113,771.5876622454272
2024-08-04 17:30:00,767.3666992,930.576662065454,659.8844382327655,732.7176377582414
2024-08-04 17:35:00,710.666687,930.576662065454,623.9570108909427,714.1467092620861
2024-08-04 17:40:00,656.8999634,930.576662065454,588.2234550125874,737.6796376847177
2024-08-04 17:45:00,606.0,930.576662065454,552.7578199149481,735.7015272459657
2024-08-04 17:50:00,557.2333374,930.576662065454,517.6348208013305,743.5374149368979
2024-08-04 17:55:00,509.1999817,930.576662065454,482.92935786885414,740.1718567691943
2024-08-04 18:00:00,464.1333313,930.576662065454,448.7160309225173,300.6446427326371
2024-08-04 18:05:00,422.3333435,930.576662065454,415.0686530314785,292.81174281973705
2024-08-04 18:10:00,384.4333496,930.576662065454,382.059767259229,292.32931524498304
2024-08-04 18:15:00,347.6333313,930.576662065454,349.76016984084146,297.20577571276874
2024-08-04 18:20:00,319.2000122,930.576662065454,318.2384438324703,292.28386024254416
2024-08-04 18:25:00,304.6000061,930.576662065454,287.5605066031112,283.69955232897746
2024-08-04 18:30:00,268.7000122,930.576662065454,257.7891748700413,272.04801514392403
2024-08-04 18:35:00,218.6333466,930.576662065454,228.9837505286608,259.67250625517244
2024-08-04 18:40:00,207.8500061,930.576662065454,201.19963024680422,259.67250625517244
2024-08-04 18:45:00,181.8500061,930.576662065454,174.48794228224372,278.3190773590901
2024-08-04 18:50:00,146.5999908,930.576662065454,148.89521278313407,278.3190773590901
2024-08-04 18:55:00,133.5999908,930.576662065454,124.46306447488601,278.83668834125683
2024-08-04 19:00:00,130.1499939,930.576662065454,101.22794973558125,116.21002068893232
2024-08-04 19:05:00,110.0500031,930.576662065454,79.22092038330632,116.21002068893232
2024-08-04 19:10:00,91.1000061,930.576662065454,58.46743555441227,116.42893229291435
2024-08-04 19:15:00,76.5,930.576662065454,38.98720917670148,116.56681565088435
2024-08-04 19:20:00,63.75,930.576662065454,20.79409847056312,116.49608327915048
2024-08-04 19:25:00,51.59999847,930.576662065454,3.8960336944767247,116.49608327915048
2024-08-04 19:30:00,39.90000153,930.576662065454,-11.705009954213395,119.07807452762118
2024-08-04 19:35:00,28.20000267,930.576662065454,-26.01299840301014,121.02018005721031
2024-08-04 19:40:00,18.84999847,930.576662065454,-39.03778269504834,133.23475675320992
2024-08-04 19:45:00,13.80000019,930.576662065454,-50.7950017679517,135.7369101749585
2024-08-04 19:50:00,0.0,930.576662065454,-61.3059444804355,135.19579901557518
2024-08-04 19:55:00,0.0,930.576662065454,-70.59737239146263,130.1400608132827
2024-08-04 20:00:00,0.0,930.576662065454,-78.70130450121981,2.8676611156055563
2024-08-04 20:05:00,0.0,930.576662065454,-85.65476578800244,3.6952113770095254
2024-08-04 20:10:00,0.0,930.576662065454,-91.4995016752142,2.9860817502595247
2024-08-04 20:15:00,0.0,930.576662065454,-96.28166052236212,3.3002373090450803
2024-08-04 20:20:00,0.0,930.576662065454,-100.05144684889217,3.3002373090450803
2024-08-04 20:25:00,0.0,930.576662065454,-102.86274793920781,3.2486373067650804
2024-08-04 20:30:00,0.0,930.576662065454,-104.77273684607015,3.0720182555682554
2024-08-04 20:35:00,0.0,930.576662065454,-105.84145482229299,2.6322179939142862
2024-08-04 20:40:00,0.0,930.576662065454,-106.1313766680703,3.634356883025398
2024-08-04 20:45:00,0.0,930.576662065454,-105.70696210363323,2.6322179939142862
2024-08-04 20:50:00,0.0,930.576662065454,-104.63419696157784,2.1500883650253972
2024-08-04 20:55:00,0.0,930.576662065454,-102.98012757814305,0.5244761927873016
2024-08-04 21:00:00,0.0,930.576662065454,-100.81239208372313,0.4251481491111111
2024-08-04 21:05:00,0.0,930.576662065454,-98.1987521981835,0.49145926057777783
2024-08-04 21:10:00,0.0,930.576662065454,-95.20662914409564,0.08644444466666668
2024-08-04 21:15:00,0.0,930.576662065454,-91.90264725062953,0.041666666666666664
2024-08-04 21:20:00,0.0,930.576662065454,-88.35218873703609,1.5049666495833334
2024-08-04 21:25:00,0.0,930.576662065454,-84.61896308236669,3.1220481211641267
2024-08-04 21:30:00,0.0,930.576662065454,-80.76459420227356,2.597299964311905
2024-08-04 21:35:00,0.0,930.576662065454,-76.8482286634178,0.0
2024-08-04 21:40:00,0.0,930.576662065454,-72.92616771421817,0.0
2024-08-04 21:45:00,0.0,930.576662065454,-69.05152600638998,0.0
2024-08-04 21:50:00,0.0,930.576662065454,-65.27391944574273,0.0
2024-08-04 21:55:00,0.0,930.576662065454,-61.63918448008619,0.0
2024-08-04 22:00:00,0.0,930.576662065454,-58.18913083204933,0.0
2024-08-04 22:05:00,0.0,930.576662065454,-54.961329409269474,0.0
2024-08-04 22:10:00,0.0,930.576662065454,-51.98893687173832,0.0
2024-08-04 22:15:00,0.0,930.576662065454,-49.300557953675224,0.0
2024-08-04 22:20:00,0.0,930.576662065454,-46.92014647404555,0.0
2024-08-04 22:25:00,0.0,930.576662065454,-44.86694546392275,0.0
2024-08-04 22:30:00,0.0,930.576662065454,-43.15546669374297,0.0
2024-08-04 22:35:00,0.0,930.576662065454,-41.79550945785088,0.0
2024-08-04 22:40:00,0.0,930.576662065454,-40.79221820778367,0.0
2024-08-04 22:45:00,0.0,930.576662065454,-40.14617826887204,0.0
2024-08-04 22:50:00,0.0,930.576662065454,-39.853548602662364,0.0
2024-08-04 22:55:00,0.0,930.576662065454,-39.906230255845365,0.0
2024-08-04 23:00:00,0.0,930.576662065454,-40.29206886470915,0.0
2024-08-04 23:05:00,0.0,930.576662065454,-40.99508925606798,0.0
2024-08-04 23:10:00,0.0,930.576662065454,-41.995760048985034,0.0
2024-08-04 23:15:00,0.0,930.576662065454,-43.271285722723114,0.0
2024-08-04 23:20:00,0.0,930.576662065454,-44.795923606355714,0.0
2024-08-04 23:25:00,0.0,930.576662065454,-46.54132288728063,0.0
2024-08-04 23:30:00,0.0,930.576662065454,-48.47688262812285,0.0
2024-08-04 23:35:00,0.0,930.576662065454,-50.5701256140922,0.0
2024-08-04 23:40:00,0.0,930.576662065454,-52.78708471173033,0.0
2024-08-04 23:45:00,0.0,930.576662065454,-55.09269837147309,0.0
2024-08-04 23:50:00,0.0,930.576662065454,-57.45121166236496,0.0
2024-08-04 23:55:00,0.0,930.576662065454,-59.8265795462772,0.0
2024-08-05 00:00:00,0.0,930.576662065454,-62.18286851769917,0.0
2024-08-05 00:05:00,0.0,930.576662065454,-64.48465343365504,0.0
2024-08-05 00:10:00,0.0,930.576662065454,-66.6974056929724,0.0
2024-08-05 00:15:00,0.0,930.576662065454,-68.78786959695698,0.0
2024-08-05 00:20:00,0.0,930.576662065454,-70.72442341932106,0.0
2024-08-05 00:25:00,0.0,930.576662065454,-72.47742202519561,0.0
2024-08-05 00:30:00,0.0,930.576662065454,-74.01951796418628,0.0
2024-08-05 00:35:00,0.0,930.576662065454,-75.32595816848719,0.0
2024-08-05 00:40:00,0.0,930.576662065454,-76.37485359386082,0.0
2024-08-05 00:45:00,0.0,930.576662065454,-77.14741921638335,0.0
2024-08-05 00:50:00,0.0,930.576662065454,-77.6281824318917,0.0
2024-08-05 00:55:00,0.0,930.576662065454,-77.80515752349326,0.0
2024-08-05 01:00:00,0.0,930.576662065454,-77.66998493132989,0.0
2024-08-05 01:05:00,0.0,930.576662065454,-77.21803354441535,0.0
2024-08-05 01:10:00,0.0,930.576662065454,-76.44846523974124,0.0
2024-08-05 01:15:00,0.0,930.576662065454,-75.36426069012337,0.0
2024-08-05 01:20:00,0.0,930.576662065454,-73.97220612924126,0.0
2024-08-05 01:25:00,0.0,930.576662065454,-72.28284085113172,0.0
2024-08-05 01:30:00,0.0,930.576662065454,-70.31036571479375,0.0
2024-08-05 01:35:00,0.0,930.576662065454,-68.07251316304628,0.0
2024-08-05 01:40:00,0.0,930.576662065454,-65.59037960871733,0.0
2024-08-05 01:45:00,0.0,930.576662065454,-62.88822143070053,0.0
2024-08-05 01:50:00,0.0,930.576662065454,-59.99321593453072,0.0
2024-08-05 01:55:00,0.0,930.576662065454,-56.935189282874816,0.0
2024-08-05 02:00:00,0.0,930.576662065454,-53.74631323187467,0.0
2024-08-05 02:05:00,0.0,930.576662065454,-50.4607732790114,0.0
2024-08-05 02:10:00,0.0,930.576662065454,-47.11441064266926,0.0
2024-08-05 02:15:00,0.0,930.576662065454,-43.74434101460234,0.0
2024-08-05 02:20:00,0.0,930.576662065454,-40.388553161565035,0.0
2024-08-05 02:25:00,0.0,930.576662065454,-37.08549057802093,0.0
2024-08-05 02:30:00,0.0,930.576662065454,-33.873619662826215,0.0
2024-08-05 02:35:00,0.0,930.576662065454,-30.790987949411456,0.0
2024-08-05 02:40:00,0.0,930.576662065454,-27.874776114350226,0.0
2024-08-05 02:45:00,0.0,930.576662065454,-25.160847454871536,0.0
2024-08-05 02:50:00,0.0,930.576662065454,-22.683298746454962,0.0
2024-08-05 02:55:00,0.0,930.576662065454,-20.474016234850442,0.0
2024-08-05 03:00:00,0.0,930.576662065454,-18.562240657245347,0.0
2024-08-05 03:05:00,0.0,930.576662065454,-16.97414508034338,0.0
2024-08-05 03:10:00,0.0,930.576662065454,-15.73242929016577,0.0
2024-08-05 03:15:00,0.0,930.576662065454,-14.855934388120094,0.0
2024-08-05 03:20:00,0.0,930.576662065454,-14.359281097407722,0.0
2024-08-05 03:25:00,0.0,930.576662065454,-14.252535164032961,0.0
2024-08-05 03:30:00,0.0,930.576662065454,-14.540903018130326,0.0
2024-08-05 03:35:00,0.0,930.576662065454,-15.224460712235961,0.0
2024-08-05 03:40:00,0.0,930.576662065454,-16.297918836654066,0.0
2024-08-05 03:45:00,0.0,930.576662065454,-17.75042596039131,0.0
2024-08-05 03:50:00,0.0,930.576662065454,-19.56541277095497,0.0
2024-08-05 03:55:00,0.0,930.576662065454,-21.720478885318332,0.0
2024-08-05 04:00:00,0.0,930.576662065454,-24.18732391205586,0.0
2024-08-05 04:05:00,0.0,930.576662065454,-26.93172409293934,0.0
2024-08-05 04:10:00,0.0,930.576662065454,-29.913555419627663,0.0
2024-08-05 04:15:00,0.0,930.576662065454,-33.08686391977238,0.0
2024-08-05 04:20:00,0.0,930.576662065454,-36.39998324632616,0.0
2024-08-05 04:25:00,0.0,930.576662065454,-39.795699590158655,0.0
2024-08-05 04:30:00,0.0,930.576662065454,-43.211463339775996,0.0
2024-08-05 04:35:00,0.0,930.576662065454,-46.579646715720315,0.0
2024-08-05 04:40:00,0.0,930.576662065454,-49.82784619062159,0.0
2024-08-05 04:45:00,0.0,930.576662065454,-52.87922811186631,0.0
2024-08-05 04:50:00,0.0,930.576662065454,-55.65291572257727,0.0
2024-08-05 04:55:00,0.0,930.576662065454,-58.06441531208952,0.0
2024-08-05 05:00:00,0.0,930.576662065454,-60.02607903519211,0.0
2024-08-05 05:05:00,0.0,930.576662065454,-61.44760145231686,0.0
2024-08-05 05:10:00,0.0,930.576662065454,-62.23654693146631,0.0
2024-08-05 05:15:00,0.0,930.576662065454,-62.29890424665573,0.0
2024-08-05 05:20:00,0.0,930.576662065454,-61.53966506129683,0.0
2024-08-05 05:25:00,0.0,930.576662065454,-59.86342230949778,0.0
2024-08-05 05:30:00,0.0,930.576662065454,-57.17498457290375,0.0
2024-08-05 05:35:00,0.0,930.576662065454,-53.38000229625096,0.0
2024-08-05 05:40:00,0.0,930.576662065454,-48.38560156271648,0.0
2024-08-05 05:45:00,0.0,930.576662065454,-42.10102109360022,0.0
2024-08-05 05:50:00,0.0,930.576662065454,-34.438248008311305,0.0
2024-08-05 05:55:00,0.0,930.576662065454,-25.312647984442382,0.0
2024-08-05 06:00:00,0.0,930.576662065454,-14.643585200559079,76.19891533689879
2024-08-05 06:05:00,0.0,930.576662065454,-2.3550278422018045,76.26407089855435
2024-08-05 06:10:00,0.0,930.576662065454,11.623865398054773,74.46636712195381
2024-08-05 06:15:00,0.0,930.576662065454,27.358181831245766,74.43583565758436
2024-08-05 06:20:00,0.0,930.576662065454,44.906718666216726,64.6011882812137
2024-08-05 06:25:00,0.0,930.576662065454,64.32147805779287,76.32526670945094
2024-08-05 06:30:00,0.0,930.576662065454,85.64719730825527,68.99503750959818
2024-08-05 06:35:00,0.0,930.576662065454,108.92091737168533,71.5500903048065
2024-08-05 06:40:00,67.69999695,930.576662065454,134.17159346959923,69.93109028083983
2024-08-05 06:45:00,81.30000305,930.576662065454,161.41975057973391,81.78664899961412
2024-08-05 06:50:00,100.8000031,930.576662065454,190.67718645607897,79.18276829953079
2024-08-05 06:55:00,119.0999985,930.576662065454,221.9467248699002,81.37130481426732
2024-08-05 07:00:00,145.3999939,930.576662065454,255.2220210189888,384.63514821751204
2024-08-05 07:05:00,167.5,930.576662065454,290.48742079406196,388.9512930467332
2024-08-05 07:10:00,203.8000031,930.576662065454,327.71787553042265,395.2517342687331
2024-08-05 07:15:00,249.8999939,930.576662065454,366.87891290650674,425.9240798120676
2024-08-05 07:20:00,291.1000061,930.576662065454,407.92666492967436,431.1087391942925
2024-08-05 07:25:00,336.8999939,930.576662065454,450.8079529773274,419.0160021871209
2024-08-05 07:30:00,382.5,930.576662065454,495.46043002505286,412.73668477714426
2024-08-05 07:35:00,431.0,930.576662065454,541.812779245297,420.18197103736145
2024-08-05 07:40:00,480.2000122,930.576662065454,589.784968124673,436.2225554969773
2024-08-05 07:45:00,535.4000244,930.576662065454,639.2885569604952,436.434654119344
2024-08-05 07:50:00,581.2000122,930.576662065454,690.2270594742675,443.20125918201256
2024-08-05 07:55:00,644.4000244,930.576662065454,742.496354202249,459.91488870707474
2024-08-05 08:00:00,696.7999878,930.576662065454,795.9851439257644,801.5783161774979
2024-08-05 08:05:00,752.0,930.576662065454,850.5754597930887,792.0502528590473
2024-08-05 08:10:00,804.9000244,930.576662065454,906.1432081755945,801.5783161774979
2024-08-05 08:15:00,786.8666992,930.576662065454,962.5587561695149,817.6024124333295
2024-08-05 08:20:00,913.7000122,930.576662065454,1019.6875518990499,817.4042306205184
2024-08-05 08:25:00,875.7333374,930.576662065454,1077.390776436084,820.8531344739406
2024-08-05 08:30:00,928.166687,930.576662065454,1135.526022629677,811.6928518406153
2024-08-05 08:35:00,1091.800049,930.576662065454,1193.947996734368,807.3761720639201
2024-08-05 08:40:00,1045.366699,930.576662065454,1252.5092385293558,807.3761720639201
2024-08-05 08:45:00,1107.93335,930.576662065454,1311.0608548839643,804.6353944270102
2024-08-05 08:50:00,1144.133301,930.576662065454,1369.4532626119549,794.8696106428434
2024-08-05 08:55:00,1198.866699,930.576662065454,1427.5369353067492,788.3204526151103
2024-08-05 09:00:00,1247.299927,930.576662065454,1485.1631499083046,972.2920299494729
2024-08-05 09:05:00,1294.233276,930.576662065454,1542.1847277622155,971.5969990813775
2024-08-05 09:10:00,1341.166626,930.576662065454,1598.4567655746064,974.0998813101395
2024-08-05 09:15:00,1385.733398,930.576662065454,1653.8373517691837,974.0998813101395
2024-08-05 09:20:00,1428.900024,930.576662065454,1708.1882630731432,985.2746156227197
2024-08-05 09:25:00,1469.5,930.576662065454,1761.375637596622,1012.1527844090007
2024-08-05 09:30:00,1511.466675,930.576662065454,1813.2706199278225,1000.5542066997518
2024-08-05 09:35:00,1549.900024,930.576662065454,1863.7499733832394,1000.5542066997518
2024-08-05 09:40:00,1588.133423,930.576662065454,1912.6966568607538,1042.975765502421
2024-08-05 09:45:00,1625.200073,930.576662065454,1960.0003616370232,1043.542369343932
2024-08-05 09:50:00,1664.233398,930.576662065454,2005.5580053688,1043.542369343932
2024-08-05 09:55:00,1702.633301,930.576662065454,2049.274179718854,1045.5137973428843
2024-08-05 10:00:00,1737.933228,930.576662065454,2091.0615495409384,1658.025131081872
2024-08-05 10:05:00,1772.200073,930.576662065454,2130.8412007437387,1658.025131081872
2024-08-05 10:10:00,1803.333374,930.576662065454,2168.5429351463463,1658.025131081872
2024-08-05 10:15:00,1835.0,930.576662065454,2204.105510368428,1658.025131081872
2024-08-05 10:20:00,1866.0,930.576662065454,2237.4768238298243,1658.025131081872
2024-08-05 10:25:00,1898.700073,930.576662065454,2268.614039685438,1658.025131081872
2024-08-05 10:30:00,1931.900024,930.576662065454,2297.483658523332,1658.025131081872
2024-08-05 10:35:00,1961.799927,930.576662065454,2324.061529489278,1658.025131081872
2024-08-05 10:40:00,1988.433228,930.576662065454,2348.3328052717875,1658.025131081872
2024-08-05 10:45:00,2008.466675,930.576662065454,2370.291840735266,1658.025131081872
2024-08-05 10:50:00,2026.666626,930.576662065454,2389.9420360595514,1658.025131081872
2024-08-05 10:55:00,2040.066772,930.576662065454,2407.295626174248,1658.025131081872
2024-08-05 11:00:00,2050.033447,930.576662065454,2422.3734182290736,1981.547958343645
2024-08-05 11:05:00,2053.833496,930.576662065454,2435.204479040535,1987.941462724407
2024-08-05 11:10:00,2055.900146,930.576662065454,2445.8257755622167,1989.4423498706608
2024-08-05 11:15:00,2056.866943,930.576662065454,2454.2817707699382,2006.0233606607878
2024-08-05 11:20:00,2059.06665,930.576662065454,2460.6239784279855,2005.24070398471
2024-08-05 11:25:00,2060.033203,930.576662065454,2464.9104799179536,2015.832531549075
2024-08-05 11:30:00,2060.166748,930.576662065454,2467.2054070201366,2016.8842614716275
2024-08-05 11:35:00,2059.166748,930.576662065454,2467.578394390796,2010.2916061965493
2024-08-05 11:40:00,2058.5,930.576662065454,2466.1040058778076,2023.9754724319077
2024-08-05 11:45:00,2059.366455,930.576662065454,2462.861138877808,2023.9838296752016
2024-08-05 11:50:00,2059.833252,930.576662065454,2457.932411172545,2023.9928244777411
2024-08-05 11:55:00,2060.5,930.576662065454,2451.4035346278206,2015.1296750195713
2024-08-05 12:00:00,2060.599854,930.576662065454,2443.3626803070706,2031.0490175129962
2024-08-05 12:05:00,2061.166748,930.576662065454,2433.8998396621137,2028.2903305005702
2024-08-05 12:10:00,2059.93335,930.576662065454,2423.106186136879,2043.2977857324558
2024-08-05 12:15:00,2058.93335,930.576662065454,2411.0734419628016,2040.711750907834
2024-08-05 12:20:00,2058.300049,930.576662065454,2397.8932544220884,2036.4496241489453
2024-08-05 12:25:00,2059.900146,930.576662065454,2383.6565860121696,2035.569787807175
2024-08-05 12:30:00,2060.166748,930.576662065454,2368.4531226089575,2040.7663482641356
2024-08-05 12:35:00,2060.199951,930.576662065454,2352.370704005266,2043.9862363480881
2024-08-05 12:40:00,2059.199951,930.576662065454,2335.4947802544357,2045.234745955915
2024-08-05 12:45:00,2059.766602,930.576662065454,2317.907897802489,2037.8324375494155
2024-08-05 12:50:00,2060.06665,930.576662065454,2299.689218649603,2038.8428061222016
2024-08-05 12:55:00,2061.900146,930.576662065454,2280.9140757585747,1965.7070433416789
2024-08-05 13:00:00,2061.733398,930.576662065454,2261.653567546461,1883.93237331238
2024-08-05 13:05:00,2061.199951,930.576662065454,2241.97419385201,1957.1352681304468
2024-08-05 13:10:00,2058.93335,930.576662065454,2221.937535904477,2048.001525830454
2024-08-05 13:15:00,2059.5,930.576662065454,2201.5999816607937,2055.3356340804753
2024-08-05 13:20:00,2061.900146,930.576662065454,2181.012498728178,2042.9773245971855
2024-08-05 13:25:00,2065.300049,930.576662065454,2160.2204552103135,2019.6182171893565
2024-08-05 13:30:00,2065.833252,930.576662065454,2139.263489963658,2021.8336903961372
2024-08-05 13:35:00,2064.466553,930.576662065454,2118.17543219022,2034.2902825491362
2024-08-05 13:40:00,2061.43335,930.576662065454,2096.984270654165,1995.9699001989227
2024-08-05 13:45:00,2060.43335,930.576662065454,2075.7121720251243,1920.0795500489191
2024-08-05 13:50:00,1989.333496,930.576662065454,2054.375547802865,1799.8033130189347
2024-08-05 13:55:00,1991.133301,930.576662065454,2032.9851686073484,1790.5088634141132
2024-08-05 14:00:00,1991.366699,930.576662065454,2011.546324291672,1750.7629564631536
2024-08-05 14:05:00,2061.866699,930.576662065454,1990.059028601321,1655.4504007133448
2024-08-05 14:10:00,2060.533447,930.576662065454,1968.5182656293084,1694.7047670063998
2024-08-05 14:15:00,2060.166748,930.576662065454,1946.9142761611845,1734.5513337761624
2024-08-05 14:20:00,2060.766602,930.576662065454,1925.2328809426547,1745.7993146877138
2024-08-05 14:25:00,2058.766602,930.576662065454,1903.4558381742947,1539.6799006012668
2024-08-05 14:30:00,2056.300049,930.576662065454,1881.561231738522,1526.9882065338218
2024-08-05 14:35:00,2054.533447,930.576662065454,1859.523886974527,1776.0997295378843
2024-08-05 14:40:00,2057.300049,930.576662065454,1837.315810333485,1785.6127092095508
2024-08-05 14:45:00,2060.533447,930.576662065454,1814.9066489891893,1779.7599476655134
2024-08-05 14:50:00,2061.333252,930.576662065454,1792.2641669749319,1784.1282773697358
2024-08-05 14:55:00,2059.43335,930.576662065454,1769.3547331605826,1822.9646505560058
2024-08-05 15:00:00,2054.300049,930.576662065454,1746.143817670866,1837.0159446526036
2024-08-05 15:05:00,2036.933472,930.576662065454,1722.596492165392,1805.5652636498025
2024-08-05 15:10:00,2011.866699,930.576662065454,1698.6779301154065,1791.533140905461
2024-08-05 15:15:00,1990.799927,930.576662065454,1674.3539029174228,1734.4604425180225
2024-08-05 15:20:00,1988.066772,930.576662065454,1649.5912677236852,1776.4779123560606
2024-08-05 15:25:00,1984.199829,930.576662065454,1624.3584433120673,1785.2511532692095
2024-08-05 15:30:00,1964.099976,930.576662065454,1598.6258696319417,1786.34033837921
2024-08-05 15:35:00,1927.099976,930.576662065454,1572.3664481166454,1798.074777508321
2024-08-05 15:40:00,1888.133301,930.576662065454,1545.5559584228758,1814.3839099080035
2024-08-05 15:45:00,1851.900024,930.576662065454,1518.1734488591114,1805.4969713687815
2024-08-05 15:50:00,1808.133301,930.576662065454,1490.2015970847212,1803.5371878435963
2024-08-05 15:55:00,1758.099976,930.576662065454,1461.6270385316884,1802.5266921788182
2024-08-05 16:00:00,1693.900024,930.576662065454,1432.4406596213578,1640.5273579421043
2024-08-05 16:05:00,1634.733398,930.576662065454,1402.6378537417982,1613.7275291551548
2024-08-05 16:10:00,1582.466675,930.576662065454,1372.2187379304414,1533.0968348570373
2024-08-05 16:15:00,1545.699829,930.576662065454,1341.1883283909224,1487.5798828455534
2024-08-05 16:20:00,1509.133301,930.576662065454,1309.5566740370648,1414.119348942453
2024-08-05 16:25:00,1461.566772,930.576662065454,1277.3389463008082,1373.072390230508
2024-08-05 16:30:00,1408.633301,930.576662065454,1244.5554852566063,1358.389077231302
2024-08-05 16:35:00,1351.833374,930.576662065454,1211.2318012470876,1358.7613701035477
2024-08-05 16:40:00,1304.800049,930.576662065454,1177.3985323297643,1349.3623404304444
2024-08-05 16:45:00,1261.533325,930.576662065454,1143.0913578514567,1331.7742135885433
2024-08-05 16:50:00,1222.533325,930.576662065454,1108.350868768345,1326.542696396023
2024-08-05 16:55:00,1174.400024,930.576662065454,1073.222396153999,1275.6823174331537
2024-08-05 17:00:00,1115.800049,930.576662065454,1037.7557986032016,557.0654606724956
2024-08-05 17:05:00,1049.033325,930.576662065454,1002.0052111823804,557.5437967148115
2024-08-05 17:10:00,985.2333984,930.576662065454,966.028757082408,539.9169373474177
2024-08-05 17:15:00,927.666687,930.576662065454,929.888224683717,524.1362936946518
2024-08-05 17:20:00,872.7666626,930.576662065454,893.6487127248041,518.4367641490787
2024-08-05 17:25:00,817.833313,930.576662065454,857.3782459130063,511.8463911710547
2024-08-05 17:30:00,771.0,930.576662065454,821.1473646994998,478.4947506076333
2024-08-05 17:35:00,763.3999634,930.576662065454,785.0286917578793,467.56785635594287
2024-08-05 17:40:00,756.333313,930.576662065454,749.0964790862035,459.999863772555
2024-08-05 17:45:00,759.5666504,930.576662065454,713.4261388427749,450.4076755537993
2024-08-05 17:50:00,703.4666138,930.576662065454,678.0937623268028,460.2061932146623
2024-08-05 17:55:00,685.0,930.576662065454,643.1756298187664,464.04929661829556
2024-08-05 18:00:00,558.9666138,930.576662065454,608.747716113152,209.02118562371487
2024-08-05 18:05:00,510.1333008,930.576662065454,574.8851949315966,200.46263273335097
2024-08-05 18:10:00,511.2000122,930.576662065454,541.6619463325076,192.3064970971277
2024-08-05 18:15:00,432.5999756,930.576662065454,509.15007098607754,197.0216290444189
2024-08-05 18:20:00,349.5,930.576662065454,477.419414811801,156.7859113377084
2024-08-05 18:25:00,324.9333191,930.576662065454,446.5371081406958,164.44350482450508
2024-08-05 18:30:00,305.6666565,930.576662065454,416.5671222010117,159.45149490248195
2024-08-05 18:35:00,278.5333252,930.576662065454,387.56984730937467,169.63396241617895
2024-08-05 18:40:00,247.0333405,930.576662065454,359.6016950491932,148.30217851304482
2024-08-05 18:45:00,222.2000122,930.576662065454,332.71472811057305,148.83896273414817
2024-08-05 18:50:00,199.1333466,930.576662065454,306.95632038710886,150.3677850100815
2024-08-05 18:55:00,184.7999878,930.576662065454,282.3688498538232,149.88098500499817
2024-08-05 19:00:00,167.2333374,930.576662065454,258.9894267754414,97.66620181716317
2024-08-05 19:05:00,152.0,930.576662065454,236.84965900208883,102.03687210876345
2024-08-05 19:10:00,138.3333282,930.576662065454,215.9754562878968,110.8225748881135
2024-08-05 19:15:00,126.4333267,930.576662065454,196.38687492537474,108.72595182242064
2024-08-05 19:20:00,122.3000031,930.576662065454,178.09800413669558,113.71037345145226
2024-08-05 19:25:00,94.6000061,930.576662065454,161.11689455077467,113.25160200513508
2024-08-05 19:30:00,66.40000153,930.576662065454,145.44552954634122,110.71469848898973
2024-08-05 19:35:00,46.09999847,930.576662065454,131.07983961746288,111.539799625011
2024-08-05 19:40:00,30.79999924,930.576662065454,118.00975934136054,108.59806819004045
2024-08-05 19:45:00,18.70000076,930.576662065454,106.21932660253812,86.55341104438313
2024-08-05 19:50:00,0.0,930.576662065454,95.68682312546548,79.49712676051136
2024-08-05 19:55:00,0.0,930.576662065454,86.3849551787198,59.82686065642568
2024-08-05 20:00:00,0.0,930.576662065454,78.28107291264227,1.4439074083333336
2024-08-05 20:05:00,0.0,930.576662065454,71.33742663466913,1.2544629638888891
2024-08-05 20:10:00,0.0,930.576662065454,65.51145781899884,1.299240741888889
2024-08-05 20:15:00,0.0,930.576662065454,60.756122635067484,2.633834928514286
2024-08-05 20:20:00,0.0,930.576662065454,57.02024536421096,0.8109962982444444
2024-08-05 20:25:00,0.0,930.576662065454,54.248898881533606,1.2830518531333333
2024-08-05 20:30:00,0.0,930.576662065454,52.38380925446346,1.4126825429682541
2024-08-05 20:35:00,0.0,930.576662065454,51.363781184892815,0.11111111111111112
2024-08-05 20:40:00,0.0,930.576662065454,51.12514101339234,0.11111111111111112
2024-08-05 20:45:00,0.0,930.576662065454,51.6021938041203,0.37466772516825403
2024-08-05 20:50:00,0.0,930.576662065454,52.72769090272127,0.3168185236899999
2024-08-05 20:55:00,0.0,930.576662065454,54.433304380898136,2.88355922546746
2024-08-05 21:00:00,0.0,930.576662065454,56.65010464407934,2.971448116350793
2024-08-05 21:05:00,0.0,930.576662065454,59.30903752292183,2.8262258896007935
2024-08-05 21:10:00,0.0,930.576662065454,62.341397159965815,2.971448116350793
2024-08-05 21:15:00,0.0,930.576662065454,65.67929106154116,1.4078147956674603
2024-08-05 21:20:00,0.0,930.576662065454,69.25609375103095,0.0
2024-08-05 21:25:00,0.0,930.576662065454,73.00688556345804,0.0
2024-08-05 21:30:00,0.0,930.576662065454,76.8688732720647,0.0
2024-08-05 21:35:00,0.0,930.576662065454,80.78178930898393,0.21213334270666664
2024-08-05 21:40:00,0.0,930.576662065454,84.68826667356711,0.10893333814666666
2024-08-05 21:45:00,0.0,930.576662065454,88.53418668023694,0.0
2024-08-05 21:50:00,0.0,930.576662065454,92.26899699433102,0.0
2024-08-05 21:55:00,0.0,930.576662065454,95.84599765140598,0.0
2024-08-05 22:00:00,0.0,930.576662065454,99.22259297879512,0.0
2024-08-05 22:05:00,0.0,930.576662065454,102.36050768030586,0.0
2024-08-05 22:10:00,0.0,930.576662065454,105.2259655733541,0.0
2024-08-05 22:15:00,0.0,930.576662065454,107.78982984324784,0.0
2024-08-05 22:20:00,0.0,930.576662065454,110.02770387529851,0.0
2024-08-05 22:25:00,0.0,930.576662065454,111.9199922429027,0.0
2024-08-05 22:30:00,0.0,930.576662065454,113.45192153072476,0.0
2024-08-05 22:35:00,0.0,930.576662065454,114.61352115943576,0.0
2024-08-05 22:40:00,0.0,930.576662065454,115.39956463992867,0.0
2024-08-05 22:45:00,0.0,930.576662065454,115.80947200859787,0.0
2024-08-05 22:50:00,0.0,930.576662065454,115.84717452037188,0.0
2024-08-05 22:55:00,0.0,930.576662065454,115.5209429807211,0.0
2024-08-05 23:00:00,0.0,930.576662065454,114.84318138513814,0.0
2024-08-05 23:05:00,0.0,930.576662065454,113.8301878310037,0.0
2024-08-05 23:10:00,0.0,930.576662065454,112.50188489667643,0.0
2024-08-05 23:15:00,0.0,930.576662065454,110.88152202543466,0.0
2024-08-05 23:20:00,0.0,930.576662065454,108.99535248097958,0.0
2024-08-05 23:25:00,0.0,930.576662065454,106.8722879335943,0.0
2024-08-05 23:30:00,0.0,930.576662065454,104.54353363121987,0.0
2024-08-05 23:35:00,0.0,930.576662065454,102.04220746283112,0.0
2024-08-05 23:40:00,0.0,930.576662065454,99.40294626708464,0.0
2024-08-05 23:45:00,0.0,930.576662065454,96.66150285824213,0.0
2024-08-05 23:50:00,0.0,930.576662065454,93.85433733469876,0.0
2024-08-05 23:55:00,0.0,930.576662065454,91.01820624940035,0.0
2024-08-06 00:00:00,0.0,930.576662065454,88.18975327602286,0.0
2024-08-06 00:05:00,0.0,930.576662065454,85.40510493281722,0.0
2024-08-06 00:10:00,0.0,930.576662065454,82.6994750547304,0.0
2024-08-06 00:15:00,0.0,930.576662065454,80.10678125490946,0.0
2024-08-06 00:20:00,0.0,930.576662065454,77.65927712345872,0.0
2024-08-06 00:25:00,0.0,930.576662065454,75.38720303950936,0.0
2024-08-06 00:30:00,0.0,930.576662065454,73.31845908006642,0.0
2024-08-06 00:35:00,0.0,930.576662065454,71.47830268922402,0.0
2024-08-06 00:40:00,0.0,930.576662065454,69.88907398382258,0.0
2024-08-06 00:45:00,0.0,930.576662065454,68.56995116238701,0.0
2024-08-06 00:50:00,0.0,930.576662065454,67.53673828100654,0.0
2024-08-06 00:55:00,0.0,930.576662065454,66.8016873997875,0.0
2024-08-06 01:00:00,0.0,930.576662065454,66.37335677562665,0.0
2024-08-06 01:05:00,0.0,930.576662065454,66.25650663443726,0.0
2024-08-06 01:10:00,0.0,930.576662065454,66.45203339664127,0.0
2024-08-06 01:15:00,0.0,930.576662065454,66.95694344805163,0.0
2024-08-06 01:20:00,0.0,930.576662065454,67.76436662277784,0.0
2024-08-06 01:25:00,0.0,930.576662065454,68.86360971633717,0.0
2024-08-06 01:30:00,0.0,930.576662065454,70.24024973953051,0.0
2024-08-06 01:35:00,0.0,930.576662065454,71.87626636367591,0.0
2024-08-06 01:40:00,0.0,930.576662065454,73.75021271478363,0.0
2024-08-06 01:45:00,0.0,930.576662065454,75.83742328430318,0.0
2024-08-06 01:50:00,0.0,930.576662065454,78.11025744462763,0.0
2024-08-06 01:55:00,0.0,930.576662065454,80.53837673311638,0.0
2024-08-06 02:00:00,0.0,930.576662065454,83.0890538035573,0.0
2024-08-06 02:05:00,0.0,930.576662065454,85.72751060340782,0.0
2024-08-06 02:10:00,0.0,930.576662065454,88.41728313851834,0.0
2024-08-06 02:15:00,0.0,930.576662065454,91.12060992826565,0.0
2024-08-06 02:20:00,0.0,930.576662065454,93.79884100476521,0.0
2024-08-06 02:25:00,0.0,930.576662065454,96.41286414927181,0.0
2024-08-06 02:30:00,0.0,930.576662065454,98.9235448819246,0.0
2024-08-06 02:35:00,0.0,930.576662065454,101.29217654803493,0.0
2024-08-06 02:40:00,0.0,930.576662065454,103.48093678454066,0.0
2024-08-06 02:45:00,0.0,930.576662065454,105.45334652650355,0.0
2024-08-06 02:50:00,0.0,930.576662065454,107.17472762084036,0.0
2024-08-06 02:55:00,0.0,930.576662065454,108.6126552009692,0.0
2024-08-06 03:00:00,0.0,930.576662065454,109.73740085688131,0.0
2024-08-06 03:05:00,0.0,930.576662065454,110.52236274737474,0.0
2024-08-06 03:10:00,0.0,930.576662065454,110.94447883827678,0.0
2024-08-06 03:15:00,0.0,930.576662065454,110.98461956005862,0.0
2024-08-06 03:20:00,0.0,930.576662065454,110.62795629476803,0.0
2024-08-06 03:25:00,0.0,930.576662065454,109.8643022595423,0.0
2024-08-06 03:30:00,0.0,930.576662065454,108.68842254250048,0.0
2024-08-06 03:35:00,0.0,930.576662065454,107.1003102753675,0.0
2024-08-06 03:40:00,0.0,930.576662065454,105.10542608040798,0.0
2024-08-06 03:45:00,0.0,930.576662065454,102.71489832487177,0.0
2024-08-06 03:50:00,0.0,930.576662065454,99.9456818648674,0.0
2024-08-06 03:55:00,0.0,930.576662065454,96.82067334201292,0.0
2024-08-06 04:00:00,0.0,930.576662065454,93.36878135714635,0.0
2024-08-06 04:05:00,0.0,930.576662065454,89.624950263586,0.0
2024-08-06 04:10:00,0.0,930.576662065454,85.63013654184641,0.0
2024-08-06 04:15:00,0.0,930.576662065454,81.431237138261,0.0
2024-08-06 04:20:00,0.0,930.576662065454,77.0809696656573,0.0
2024-08-06 04:25:00,0.0,930.576662065454,72.63770425907482,0.0
2024-08-06 04:30:00,0.0,930.576662065454,68.16524798023512,0.0
2024-08-06 04:35:00,0.0,930.576662065454,63.732582190708975,0.0
2024-08-06 04:40:00,0.0,930.576662065454,59.41355446846919,0.0
2024-08-06 04:45:00,0.0,930.576662065454,55.28652638557763,0.0
2024-08-06 04:50:00,0.0,930.576662065454,51.43397917613917,0.0
2024-08-06 04:55:00,0.0,930.576662065454,47.94207952080077,0.0
2024-08-06 05:00:00,0.0,930.576662065454,44.90020797125689,0.0
2024-08-06 05:05:00,0.0,930.576662065454,42.400453010213006,0.0
2024-08-06 05:10:00,0.0,930.576662065454,40.53707372254139,0.0
2024-08-06 05:15:00,0.0,930.576662065454,39.405934704654356,0.0
2024-08-06 05:20:00,0.0,930.576662065454,39.10391663176678,0.0
2024-08-06 05:25:00,0.0,930.576662065454,39.72830665820222,0.0
2024-08-06 05:30:00,0.0,930.576662065454,41.37617238761322,0.0
2024-08-06 05:35:00,0.0,930.576662065454,44.143723893566005,0.0
2024-08-06 05:40:00,0.0,930.576662065454,48.125667980677385,0.0
2024-08-06 05:45:00,0.0,930.576662065454,53.414559208742624,0.0
2024-08-06 05:50:00,0.0,930.576662065454,60.10015212406922,0.0
2024-08-06 05:55:00,0.0,930.576662065454,68.26875929451741,0.0
2024-08-06 06:00:00,0.0,930.576662065454,78.0026196433987,108.8173039522581
2024-08-06 06:05:00,0.0,930.576662065454,89.37928162871069,108.09180396004143
2024-08-06 06:10:00,0.0,930.576662065454,102.47100563170235,108.80625237597
2024-08-06 06:15:00,0.0,930.576662065454,117.34418994692315,109.15393212943665
2024-08-06 06:20:00,0.0,930.576662065454,134.05882459431567,110.21610989420556
2024-08-06 06:25:00,0.0,930.576662065454,152.66797687476767,115.96089954699603
2024-08-06 06:30:00,0.0,930.576662065454,173.2173127753016,100.42462812531824
2024-08-06 06:35:00,0.0,930.576662065454,195.74465736667995,56.886704548798676
2024-08-06 06:40:00,70.69999695,930.576662065454,220.27959820805995,57.886626781489795
2024-08-06 06:45:00,87.30000305,930.576662065454,246.84313423549875,44.158169283720845
2024-08-06 06:50:00,106.1999969,930.576662065454,275.4473733858422,45.891588188685446
2024-08-06 06:55:00,128.3000031,930.576662065454,306.0952811810412,45.891588188685446
2024-08-06 07:00:00,148.0,930.576662065454,338.78048248403195,271.29067523361533
2024-08-06 07:05:00,175.1999969,930.576662065454,373.4871183072474,271.29067523361533
2024-08-06 07:10:00,209.1999969,930.576662065454,410.1897587472308,298.5189924159581
2024-08-06 07:15:00,257.1000061,930.576662065454,448.8533737247731,294.9900480105692
2024-08-06 07:20:00,300.6000061,930.576662065454,489.4333611999096,295.5804868732525
2024-08-06 07:25:00,345.3999939,930.576662065454,531.875634129382,295.5804868732525
2024-08-06 07:30:00,388.2999878,930.576662065454,576.116765262856,285.28274622008763
2024-08-06 07:35:00,434.5,930.576662065454,622.084189671844,285.28274622008763
2024-08-06 07:40:00,480.8999939,930.576662065454,669.6964635481246,285.28274622008763
2024-08-06 07:45:00,525.7999878,930.576662065454,718.863578521766,289.8471623668286
2024-08-06 07:50:00,575.7999878,930.576662065454,769.4873293080087,297.5137227767223
2024-08-06 07:55:00,625.7000122,930.576662065454,821.4617326770592,317.1730807723065
2024-08-06 08:00:00,675.4000244,930.576662065454,874.673495655922,746.2865101709378
2024-08-06 08:05:00,730.7999878,930.576662065454,929.0025290995457,746.2865101709378
2024-08-06 08:10:00,779.2000122,930.576662065454,984.3225050554972,746.2865101709378
2024-08-06 08:15:00,832.0,930.576662065454,1040.5014529209388,702.7287497850032
2024-08-06 08:20:00,813.666687,930.576662065454,1097.4023918178248,700.4128756397587
2024-08-06 08:25:00,933.5999756,930.576662065454,1154.8839945931377,700.4128756397587
2024-08-06 08:30:00,898.2333374,930.576662065454,1212.8012794287288,700.4128756397587
2024-08-06 08:35:00,1082.0,930.576662065454,1271.006324869253,700.4128756397587
2024-08-06 08:40:00,1025.299927,930.576662065454,1329.3490030408595,701.2657962249016
2024-08-06 08:45:00,1089.700073,930.576662065454,1387.6777276169696,701.2657962249016
2024-08-06 08:50:00,1118.300049,930.576662065454,1445.8402100192402,701.2657962249016
2024-08-06 08:55:00,1169.133301,930.576662065454,1503.6842207354853,701.2657962249016
2024-08-06 09:00:00,1216.133301,930.576662065454,1561.0583496583859,751.6256544072163
2024-08-06 09:05:00,1263.900024,930.576662065454,1617.8127612532178,879.9018698068912
2024-08-06 09:10:00,1310.766724,930.576662065454,1673.7999390287157,879.9018698068912
2024-08-06 09:15:00,1353.499878,930.576662065454,1728.8754153317332,879.9018698068912
2024-08-06 09:20:00,1394.866577,930.576662065454,1782.89848118816,879.9018698068912
2024-08-06 09:25:00,1433.699829,930.576662065454,1835.7328718340748,879.9018698068912
2024-08-06 09:30:00,1473.066772,930.576662065454,1887.2474239248072,892.2253779302318
2024-08-06 09:35:00,1512.033325,930.576662065454,1937.3166992383817,915.0590740774708
2024-08-06 09:40:00,1552.433228,930.576662065454,1985.8215724079225,895.2968882619538
2024-08-06 09:45:00,1593.0,930.576662065454,2032.6497776205654,889.0537015009314
2024-08-06 09:50:00,1632.566772,930.576662065454,2077.696411831658,921.0781626224242
2024-08-06 09:55:00,1669.933228,930.576662065454,2120.864390911491,1039.1862289845085
2024-08-06 10:00:00,1706.066772,930.576662065454,2162.064856106713,1861.0351554495414
2024-08-06 10:05:00,1741.633301,930.576662065454,2201.217528546487,1805.6483096588845
2024-08-06 10:10:00,1777.099976,930.576662065454,2238.2510092723023,1805.6483096588845
2024-08-06 10:15:00,1810.433228,930.576662065454,2273.103023970095,1805.6483096588845
2024-08-06 10:20:00,1840.700073,930.576662065454,2305.720609973437,1805.6483096588845
2024-08-06 10:25:00,1867.5,930.576662065454,2336.0602457884797,1805.6483096588845
2024-08-06 10:30:00,1892.833374,930.576662065454,2364.087921912013,1805.6483096588845
2024-08-06 10:35:00,1916.733398,930.576662065454,2389.779153126484,1805.6483096588845
2024-08-06 10:40:00,1940.266602,930.576662065454,2413.118932653962,1805.6483096588845
2024-08-06 10:45:00,1961.900024,930.576662065454,2434.101628654898,1805.6483096588845
2024-08-06 10:50:00,1986.400024,930.576662065454,2452.7308245268064,1805.6483096588845
2024-08-06 10:55:00,2011.299927,930.576662065454,2469.0191042440088,1805.6483096588845
2024-08-06 11:00:00,2034.433228,930.576662065454,2482.987784835829,2053.2413824027385
2024-08-06 11:05:00,2048.300049,930.576662065454,2494.666597934388,2053.2413824027385
2024-08-06 11:10:00,2053.733154,930.576662065454,2504.0933234429053,2051.1915590095323
2024-08-06 11:15:00,2054.533447,930.576662065454,2511.3133777472117,2051.183201766238
2024-08-06 11:20:00,2054.766602,930.576662065454,2516.3793601043744,2051.169089899016
2024-08-06 11:25:00,2055.966797,930.576662065454,2519.3505603441263,2050.7005992906356
2024-08-06 11:30:00,2057.666748,930.576662065454,2520.2924319310027,2049.9618871703583
2024-08-06 11:35:00,2057.866699,930.576662065454,2519.2760340847567,2041.7482902190256
2024-08-06 11:40:00,2057.166504,930.576662065454,2516.377447324045,2037.0638342776208
2024-08-06 11:45:00,2054.166748,930.576662065454,2511.6771666000927,2030.6671970451762
2024-08-06 11:50:00,2051.966553,930.576662065454,2505.2594766149446,2040.1133897734592
2024-08-06 11:55:00,2050.93335,930.576662065454,2497.211813731736,2018.1409533748686
