fecha_hora,Real,ARIMA,Prophet,Random Forest
2024-09-07 04:00:00,0.0,1.044e-320,17.308896275795867,0.0
2024-09-07 04:05:00,0.0,1.0326e-320,15.649666292346488,0.0
2024-09-07 04:10:00,0.0,1.0365e-320,13.87444995574991,0.0
2024-09-07 04:15:00,0.0,1.036e-320,12.005136527350063,0.0
2024-09-07 04:20:00,0.0,1.039e-320,10.065969656314339,0.0
2024-09-07 04:25:00,0.0,1.0395e-320,8.08344486278473,0.0
2024-09-07 04:30:00,0.0,1.04e-320,6.0861880284511205,0.0
2024-09-07 04:35:00,0.0,1.04e-320,4.104815520449458,0.0
2024-09-07 04:40:00,0.0,1.04e-320,2.171776792857272,0.0
2024-09-07 04:45:00,0.0,1.04e-320,0.32118039413175087,0.0
2024-09-07 04:50:00,0.0,1.04e-320,-1.4113955086444667,0.0
2024-09-07 04:55:00,0.0,1.04e-320,-2.9891069182256844,0.0
2024-09-07 05:00:00,0.0,1.04e-320,-4.374060768417408,0.0
2024-09-07 05:05:00,0.0,1.04e-320,-5.527543225763113,0.0
2024-09-07 05:10:00,0.0,1.04e-320,-6.410258034364804,0.0
2024-09-07 05:15:00,0.0,1.04e-320,-6.982573278976665,0.0
2024-09-07 05:20:00,0.0,1.04e-320,-7.204774899334712,0.0
2024-09-07 05:25:00,0.0,1.04e-320,-7.037325207317274,0.0
2024-09-07 05:30:00,0.0,1.04e-320,-6.441124633787936,0.0
2024-09-07 05:35:00,0.0,1.04e-320,-5.377774873138903,0.0
2024-09-07 05:40:00,0.0,1.04e-320,-3.8098415877307663,0.0
2024-09-07 05:45:00,0.0,1.04e-320,-1.701114811904862,0.0
2024-09-07 05:50:00,0.0,1.04e-320,0.9831347693873791,0.0
2024-09-07 05:55:00,0.0,1.04e-320,4.275905522865948,0.0
2024-09-07 06:00:00,0.0,1.04e-320,8.208222314549532,3.020411131111111
2024-09-07 06:05:00,0.0,1.04e-320,12.808903479233127,3.020411131111111
2024-09-07 06:10:00,0.0,1.04e-320,18.104338981221066,3.020411131111111
2024-09-07 06:15:00,0.0,1.04e-320,24.118281389304794,3.020411131111111
2024-09-07 06:20:00,0.0,1.04e-320,30.871651225450613,3.020411131111111
2024-09-07 06:25:00,0.0,1.04e-320,38.38235805474027,3.020411131111111
2024-09-07 06:30:00,0.0,1.04e-320,46.66513879455496,3.020411131111111
2024-09-07 06:35:00,0.0,1.04e-320,55.73141424934468,3.020411131111111
2024-09-07 06:40:00,0.0,1.04e-320,65.58916519343855,3.020411131111111
2024-09-07 06:45:00,0.0,1.04e-320,76.24282879622089,3.020411131111111
2024-09-07 06:50:00,0.0,1.04e-320,87.69321632543192,3.020411131111111
2024-09-07 06:55:00,0.0,1.04e-320,99.93745267331528,3.020411131111111
2024-09-07 07:00:00,0.0,1.04e-320,112.96893837992292,143.5489818873533
2024-09-07 07:05:00,0.0,1.04e-320,126.7773344127166,139.50203018436073
2024-09-07 07:10:00,0.0,1.04e-320,141.3485699317136,139.50203018436073
2024-09-07 07:15:00,0.0,1.04e-320,156.66487320497697,139.50203018436073
2024-09-07 07:20:00,0.0,1.04e-320,172.70482524634764,139.50203018436073
2024-09-07 07:25:00,0.0,1.04e-320,189.4434363720767,155.96562349392025
2024-09-07 07:30:00,0.0,1.04e-320,206.8522447684425,155.96562349392025
2024-09-07 07:35:00,69.5,1.04e-320,224.8994368523184,155.96562349392025
2024-09-07 07:40:00,69.75,1.04e-320,243.54998844125194,153.64056349169803
2024-09-07 07:45:00,69.83333588,1.04e-320,262.76582598110303,156.63180124082422
2024-09-07 07:50:00,75.19999695,1.04e-320,282.5060067799105,156.63180124082422
2024-09-07 07:55:00,71.96666718,1.04e-320,302.72691694787727,159.43556314268136
2024-09-07 08:00:00,72.23332977,1.04e-320,323.38248612723356,530.3825873476347
2024-09-07 08:05:00,135.6000061,1.04e-320,344.42441702566936,530.3825873476347
2024-09-07 08:10:00,189.6000061,1.04e-320,365.80242887571256,530.3825873476347
2024-09-07 08:15:00,252.8999939,1.04e-320,387.46451278762095,519.1679358174079
2024-09-07 08:20:00,249.9000092,1.04e-320,409.35719746511614,519.1679358174079
2024-09-07 08:25:00,249.0666504,1.04e-320,431.4258235791946,512.5980847786187
2024-09-07 08:30:00,288.2000122,1.04e-320,453.6148247976672,512.5980847786187
2024-09-07 08:35:00,379.5,1.04e-320,475.8680138358388,515.106949386278
2024-09-07 08:40:00,330.3333435,1.04e-320,498.12887148414745,410.02572765004976
2024-09-07 08:45:00,347.8666687,1.04e-320,520.3408368629672,420.4022737061226
2024-09-07 08:50:00,313.3999939,1.04e-320,542.4475966002259,420.4022737061226
2024-09-07 08:55:00,302.5,1.04e-320,564.3933716567168,431.0525482108978
2024-09-07 09:00:00,279.0,1.04e-320,586.1231992631226,447.4816422211514
2024-09-07 09:05:00,274.3000183,1.04e-320,607.5832085980992,447.62725358981805
2024-09-07 09:10:00,261.8666687,1.04e-320,628.7208881507761,473.0197116894851
2024-09-07 09:15:00,254.3999786,1.04e-320,649.485343108433,475.0532132903201
2024-09-07 09:20:00,387.8999939,1.04e-320,669.8275411673538,628.9751589747063
2024-09-07 09:25:00,413.1000061,1.04e-320,689.7005449821723,629.9489219835618
2024-09-07 09:30:00,475.3999939,1.04e-320,709.0597301639835,592.3415167167758
2024-09-07 09:35:00,747.9000244,1.04e-320,727.8629869031114,587.1865896076091
2024-09-07 09:40:00,721.4000244,1.04e-320,746.0709045412751,600.3659334624964
2024-09-07 09:45:00,712.5333862,1.04e-320,763.6469375675867,607.436058628963
2024-09-07 09:50:00,694.8499756,1.04e-320,780.557552192096,619.4174101732032
2024-09-07 09:55:00,577.5,1.04e-320,796.7723526857968,627.538597988471
2024-09-07 10:00:00,497.0999756,1.04e-320,812.2641866092156,715.9626809728886
2024-09-07 10:05:00,469.9333496,1.04e-320,827.0092286080231,715.9626809728886
2024-09-07 10:10:00,490.7999878,1.04e-320,840.9870421833099,721.0010001147235
2024-09-07 10:15:00,468.3666687,1.04e-320,854.1806193751326,704.4609493103624
2024-09-07 10:20:00,468.3999939,1.04e-320,866.5763979858401,700.788282712648
2024-09-07 10:25:00,616.2000122,1.04e-320,878.1642567865472,698.6772644355448
2024-09-07 10:30:00,686.5999756,1.04e-320,888.9374887026795,688.8691438871624
2024-09-07 10:35:00,776.5,1.04e-320,898.8927523624824,689.2288143485762
2024-09-07 10:40:00,1482.099976,1.04e-320,908.0300026906581,688.2244008026715
2024-09-07 10:45:00,1358.75,1.04e-320,916.3524011069429,689.8566917466381
2024-09-07 10:50:00,1332.033325,1.04e-320,923.8662062427737,663.6690934456715
2024-09-07 10:55:00,1421.900024,1.04e-320,930.5806460388254,668.8365901369255
2024-09-07 11:00:00,1316.333374,1.04e-320,936.5077724860439,756.2206429085024
2024-09-07 11:05:00,2031.599976,1.04e-320,941.6622999928342,756.2206429085024
2024-09-07 11:10:00,2033.050049,1.04e-320,946.061428929136,758.3867112700073
2024-09-07 11:15:00,2035.833374,1.04e-320,949.7246556142366,758.3867112700073
2024-09-07 11:20:00,2041.466675,1.04e-320,952.6735703172957,808.5244522300421
2024-09-07 11:25:00,2048.0,1.04e-320,954.9316448583996,808.5244522300421
2024-09-07 11:30:00,2051.300049,1.04e-320,956.524011434871,841.1797715180718
2024-09-07 11:35:00,2059.550049,1.04e-320,957.4772344160955,841.5375932323036
2024-09-07 11:40:00,1723.099976,1.04e-320,957.8190768220011,841.5375932323036
2024-09-07 11:45:00,1742.866699,1.04e-320,957.578263277599,838.699389599526
2024-09-07 11:50:00,1581.800049,1.04e-320,956.7842411964294,864.4110532376814
2024-09-07 11:55:00,2058.899902,1.04e-320,955.4669420413023,868.7723459299876
2024-09-07 12:00:00,2056.849854,1.04e-320,953.6565443512709,1020.5579596520827
2024-09-07 12:05:00,2056.166748,1.04e-320,951.3832403609049,1020.5579596520827
2024-09-07 12:10:00,2054.833252,1.04e-320,948.6770078653617,1015.4981943446649
2024-09-07 12:15:00,1986.033325,1.04e-320,945.5673890143128,1023.9228925278204
2024-09-07 12:20:00,1823.966675,1.04e-320,942.0832776059846,1024.317621592275
2024-09-07 12:25:00,1708.5,1.04e-320,938.2527164377965,1024.317621592275
2024-09-07 12:30:00,2060.0,1.04e-320,934.1027060759114,1001.3219631615261
2024-09-07 12:35:00,2058.800049,1.04e-320,929.659026457654,1013.086129559216
2024-09-07 12:40:00,2057.233398,1.04e-320,924.9460725015693,1047.5351145340728
2024-09-07 12:45:00,2054.766846,1.04e-320,919.9867048243183,1022.2465806353977
2024-09-07 12:50:00,2052.93335,1.04e-320,914.8021166305446,1025.620740959698
2024-09-07 12:55:00,2053.100098,1.04e-320,909.4117175218139,985.7582902948558
2024-09-07 13:00:00,2053.833252,1.04e-320,903.8330350745174,1039.2515494082434
2024-09-07 13:05:00,2054.600098,1.04e-320,898.0816346593372,967.7364307468561
2024-09-07 13:10:00,2055.733398,1.04e-320,892.1710580167589,973.7083482088873
2024-09-07 13:15:00,2057.233398,1.04e-320,886.1127808063463,980.9240079953801
2024-09-07 13:20:00,2060.399902,1.04e-320,879.9161894018265,986.98854561693
2024-09-07 13:25:00,2050.533447,1.04e-320,873.58857676528,914.5726567096258
2024-09-07 13:30:00,2040.533203,1.04e-320,867.1351573425505,928.6949430131953
2024-09-07 13:35:00,2028.633423,1.04e-320,860.5591007044328,863.2494833646684
2024-09-07 13:40:00,2039.933228,1.04e-320,853.8615833854909,853.5963265780836
2024-09-07 13:45:00,2049.56665,1.04e-320,847.0418584489021,836.1543029132619
2024-09-07 13:50:00,2047.133301,1.04e-320,840.0973419785391,834.6923799183855
2024-09-07 13:55:00,2032.366699,1.04e-320,833.0237156938466,826.1480441508958
2024-09-07 14:00:00,2013.566772,1.04e-320,825.8150447143081,845.0764732119737
2024-09-07 14:05:00,2026.133423,1.04e-320,818.4639093785838,904.2399583916721
2024-09-07 14:10:00,2042.133423,1.04e-320,810.9615499601538,865.3923699826938
2024-09-07 14:15:00,2063.533447,1.04e-320,803.2980229529926,924.3973507885278
2024-09-07 14:20:00,2065.199951,1.04e-320,795.4623676133612,878.7351092595937
2024-09-07 14:25:00,1963.266602,1.04e-320,787.4427812630813,873.8232893734189
2024-09-07 14:30:00,1960.599976,1.04e-320,779.2268019322955,872.8920168371583
2024-09-07 14:35:00,1959.233398,1.04e-320,770.8014966892463,879.0163801905791
2024-09-07 14:40:00,2059.133301,1.04e-320,762.1536541471274,867.6655999494592
2024-09-07 14:45:00,2060.5,1.04e-320,753.2699794382561,900.9994409561949
2024-09-07 14:50:00,1929.0,1.04e-320,744.1372901888874,876.9884433568179
2024-09-07 14:55:00,1863.549927,1.04e-320,734.7427116501433,873.4595857756735
2024-09-07 15:00:00,1458.849976,1.04e-320,725.0738694902095,815.9424368362592
2024-09-07 15:05:00,1179.949951,1.04e-320,715.1190786746627,812.9454501370369
2024-09-07 15:10:00,936.9666138,1.04e-320,704.8675267647367,813.2321485782988
2024-09-07 15:15:00,836.3999634,1.04e-320,694.3094502092368,789.1752330666931
2024-09-07 15:20:00,817.4666138,1.04e-320,683.4363021500134,804.1360706234734
2024-09-07 15:25:00,796.5,1.04e-320,672.2409103224709,863.2982801557453
2024-09-07 15:30:00,905.7999878,1.04e-320,660.7176238348848,906.0965032183034
2024-09-07 15:35:00,856.6999512,1.04e-320,648.8624475210478,903.0974814003159
2024-09-07 15:40:00,844.2333374,1.04e-320,636.6731628428905,918.9449255832099
2024-09-07 15:45:00,768.9333496,1.04e-320,624.1494342563524,923.491790582495
2024-09-07 15:50:00,706.9333496,1.04e-320,611.2929002302276,920.5748127938313
2024-09-07 15:55:00,681.000061,1.04e-320,598.1072481291048,914.362586871319
2024-09-07 16:00:00,682.2000122,1.04e-320,584.5982722842551,882.4814775904011
2024-09-07 16:05:00,679.0333862,1.04e-320,570.7739148776053,885.4612150396778
2024-09-07 16:10:00,682.333313,1.04e-320,556.6442891292838,815.7751275092785
2024-09-07 16:15:00,675.833313,1.04e-320,542.2216845705699,811.1967526923904
2024-09-07 16:20:00,670.166687,1.04e-320,527.5205545628098,811.724521949506
2024-09-07 16:25:00,649.6333008,1.04e-320,512.5574857470879,807.8474259171934
2024-09-07 16:30:00,638.4333496,1.04e-320,497.35114985643384,720.4686063506686
2024-09-07 16:35:00,597.6000366,1.04e-320,481.9222382523607,717.1427176108464
2024-09-07 16:40:00,1306.900024,1.04e-320,466.29337948690886,724.1590981726107
2024-09-07 16:45:00,1264.050049,1.04e-320,450.4890406342995,712.4317599144858
2024-09-07 16:50:00,1234.266724,1.04e-320,434.5354130752781,692.246411722536
2024-09-07 16:55:00,1153.333374,1.04e-320,418.4602835426348,668.0692940533756
2024-09-07 17:00:00,1077.333252,1.04e-320,402.2928914946971,342.8213898083547
2024-09-07 17:05:00,991.833313,1.04e-320,386.0637737669471,344.08027754892584
2024-09-07 17:10:00,917.333313,1.04e-320,369.80459779378504,339.58902040251934
2024-09-07 17:15:00,848.9333496,1.04e-320,353.54798451479155,789.0178974819959
2024-09-07 17:20:00,786.5666504,1.04e-320,337.32732242524645,794.7684187240197
2024-09-07 17:25:00,734.7666626,1.04e-320,321.1765741257735,830.8263348151406
2024-09-07 17:30:00,677.6000366,1.04e-320,305.13007678098296,824.9407385660089
2024-09-07 17:35:00,619.166687,1.04e-320,289.2223381506462,796.6635678856135
2024-09-07 17:40:00,567.9000244,1.04e-320,273.48782954640365,792.0538181489468
2024-09-07 17:45:00,510.8333435,1.04e-320,257.96077731347106,803.6121862938801
2024-09-07 17:50:00,458.1000061,1.04e-320,242.6749546474451,804.4328823116579
2024-09-07 17:55:00,409.3333435,1.04e-320,227.6634749396416,801.3578982013133
2024-09-07 18:00:00,391.3500366,1.04e-320,212.958588491517,634.853597269814
2024-09-07 18:05:00,345.1000061,1.04e-320,198.59148398917023,636.7923144947919
2024-09-07 18:10:00,261.7000122,1.04e-320,184.592096364132,225.63346037656638
2024-09-07 18:15:00,191.25,1.04e-320,170.9889223117372,217.93524971722897
2024-09-07 18:20:00,142.6499939,1.04e-320,157.80884499688912,221.06030322884166
2024-09-07 18:25:00,107.5666733,1.04e-320,145.07696916184418,217.5255256579734
2024-09-07 18:30:00,94.59999847,1.04e-320,132.8164679664178,226.58137519044413
2024-09-07 18:35:00,89.94999695,1.04e-320,121.04844260598567,220.68037282556674
2024-09-07 18:40:00,74.6499939,1.04e-320,109.79179583377808,239.1488132083399
2024-09-07 18:45:00,60.15000534,1.04e-320,99.06312024166363,217.92655786165722
2024-09-07 18:50:00,46.80000305,1.04e-320,88.87660219118965,229.6251647666936
2024-09-07 18:55:00,34.34999847,1.04e-320,79.24394208183632,216.3925272946084
2024-09-07 19:00:00,24.15000153,1.04e-320,70.17429148385824,12.005761538337621
2024-09-07 19:05:00,17.29999924,1.04e-320,61.674207698342364,9.014989158407385
2024-09-07 19:10:00,13.33333302,1.04e-320,53.74762593148154,9.484314714855797
2024-09-07 19:15:00,12.53333378,1.04e-320,46.39584930278238,4.246385606481349
2024-09-07 19:20:00,0.0,1.04e-320,39.61755685414926,1.9412519137194446
2024-09-07 19:25:00,0.0,1.04e-320,33.408829257092094,3.9771356077646827
2024-09-07 19:30:00,0.0,1.04e-320,27.763192163284316,5.838182771964048
2024-09-07 19:35:00,0.0,1.04e-320,22.671676746728288,12.858176397040506
2024-09-07 19:40:00,0.0,1.04e-320,18.122897031248918,12.874471625475744
2024-09-07 19:45:00,0.0,1.04e-320,14.103143274976002,7.593112291592702
2024-09-07 19:50:00,0.0,1.04e-320,10.596490799843494,7.560684513894922
2024-09-07 19:55:00,0.0,1.04e-320,7.584923304518461,3.180287475270238
2024-09-07 20:00:00,0.0,1.04e-320,5.048469791179897,0.044777778000000004
2024-09-07 20:05:00,0.0,1.04e-320,2.9653539971777865,0.044777778000000004
2024-09-07 20:10:00,0.0,1.04e-320,1.3121551717944566,0.044777778000000004
2024-09-07 20:15:00,0.0,1.04e-320,0.06397900827293973,0.044777778000000004
2024-09-07 20:20:00,0.0,1.04e-320,-0.8053626270931104,0.044777778000000004
2024-09-07 20:25:00,0.0,1.04e-320,-1.3231645102692802,0.044777778000000004
2024-09-07 20:30:00,0.0,1.04e-320,-1.5176348613860116,0.0
2024-09-07 20:35:00,0.0,1.04e-320,-1.4176975741887203,0.0
2024-09-07 20:40:00,0.0,1.04e-320,-1.0527914245420633,0.0
2024-09-07 20:45:00,0.0,1.04e-320,-0.45266768907816146,0.0
2024-09-07 20:50:00,0.0,1.04e-320,0.35281221521343814,0.0
2024-09-07 20:55:00,0.0,1.04e-320,1.333877621136043,0.0
2024-09-07 21:00:00,0.0,1.04e-320,2.4610464976109525,0.0
2024-09-07 21:05:00,0.0,1.04e-320,3.705318873608197,0.0
2024-09-07 21:10:00,0.0,1.04e-320,5.0383643628691885,0.0
2024-09-07 21:15:00,0.0,1.04e-320,6.432702415185722,0.0
2024-09-07 21:20:00,0.0,1.04e-320,7.861873971813267,0.0
2024-09-07 21:25:00,0.0,1.04e-320,9.300603276567534,0.0
2024-09-07 21:30:00,0.0,1.04e-320,10.724948693311042,0.0
2024-09-07 21:35:00,0.0,1.04e-320,12.11244141334168,10.66648145888889
2024-09-07 21:40:00,0.0,1.04e-320,13.442211133818013,10.66648145888889
2024-09-07 21:45:00,0.0,1.04e-320,14.695097783267956,10.66648145888889
2024-09-07 21:50:00,0.0,1.04e-320,15.85374856673415,10.66648145888889
2024-09-07 21:55:00,0.0,1.04e-320,16.90269967551217,10.66648145888889
2024-09-07 22:00:00,0.0,1.04e-320,17.828442149450815,10.66648145888889
2024-09-07 22:05:00,0.0,1.04e-320,18.61947149057493,10.66648145888889
2024-09-07 22:10:00,0.0,1.04e-320,19.26632077798563,10.66648145888889
2024-09-07 22:15:00,0.0,1.04e-320,19.761577147198125,10.66648145888889
2024-09-07 22:20:00,0.0,1.04e-320,20.099881623925846,10.66648145888889
2024-09-07 22:25:00,0.0,1.04e-320,20.27791246473443,15.881023034055557
2024-09-07 22:30:00,0.0,1.04e-320,20.29435225094705,10.66648145888889
2024-09-07 22:35:00,0.0,1.04e-320,20.14983913239051,10.66648145888889
2024-09-07 22:40:00,0.0,1.04e-320,19.846902736327472,0.0
2024-09-07 22:45:00,0.0,1.04e-320,19.389885376135066,10.66648145888889
2024-09-07 22:50:00,0.0,1.04e-320,18.784849311591174,0.0
2024-09-07 22:55:00,0.0,1.04e-320,18.039470922971628,0.0
2024-09-07 23:00:00,0.0,1.04e-320,17.162922751667928,0.0
2024-09-07 23:05:00,0.0,1.04e-320,16.165744489085043,0.0
2024-09-07 23:10:00,0.0,1.04e-320,15.059704015215159,0.0
2024-09-07 23:15:00,0.0,1.04e-320,13.857649755305284,0.0
2024-09-07 23:20:00,0.0,1.04e-320,12.573355600871416,0.0
2024-09-07 23:25:00,0.0,1.04e-320,11.221359760500405,10.66648145888889
2024-09-07 23:30:00,0.0,1.04e-320,9.816798924063239,10.66648145888889
2024-09-07 23:35:00,0.0,1.04e-320,8.375239160682263,0.0
2024-09-07 23:40:00,0.0,1.04e-320,6.912505012079437,0.0
2024-09-07 23:45:00,0.0,1.04e-320,5.4445082089954635,5.1511479781555565
2024-09-07 23:50:00,0.0,1.04e-320,3.9870775325440655,5.1511479781555565
2024-09-07 23:55:00,0.0,1.04e-320,2.555791180290606,510.030514580371
2024-09-08 00:00:00,0.0,1.04e-320,1.1658131640523375,0.0
2024-09-08 00:05:00,0.0,1.04e-320,-0.16826496733183896,0.0
2024-09-08 00:10:00,0.0,1.04e-320,-1.4325756418238476,0.0
2024-09-08 00:15:00,0.0,1.04e-320,-2.614118795834141,0.0
2024-09-08 00:20:00,0.0,1.04e-320,-3.7008961581984994,0.0
2024-09-08 00:25:00,0.0,1.04e-320,-4.682035152157573,0.0
2024-09-08 00:30:00,0.0,1.04e-320,-5.547901351849522,0.0
2024-09-08 00:35:00,0.0,1.04e-320,-6.290198515182682,0.0
2024-09-08 00:40:00,0.0,1.04e-320,-6.902055347732152,0.0
2024-09-08 00:45:00,0.0,1.04e-320,-7.378098194627935,0.0
2024-09-08 00:50:00,0.0,1.04e-320,-7.714509086837902,1.061111132361111
2024-09-08 00:55:00,0.0,1.04e-320,-7.909068527539769,1.061111132361111
2024-09-08 01:00:00,0.0,1.04e-320,-7.961182715268531,1.061111132361111
2024-09-08 01:05:00,0.0,1.04e-320,-7.871894844002586,1.061111132361111
2024-09-08 01:10:00,0.0,1.04e-320,-7.643880406735519,1.061111132361111
2024-09-08 01:15:00,0.0,1.04e-320,-7.281426448334252,1.061111132361111
2024-09-08 01:20:00,0.0,1.04e-320,-6.790394919510062,1.061111132361111
2024-09-08 01:25:00,0.0,1.04e-320,-6.178170361391283,1.061111132361111
2024-09-08 01:30:00,0.0,1.04e-320,-5.453592320072724,1.061111132361111
2024-09-08 01:35:00,0.0,1.04e-320,-4.626872992536995,1.061111132361111
2024-09-08 01:40:00,0.0,1.04e-320,-3.7095007342400868,1.061111132361111
2024-09-08 01:45:00,0.0,1.04e-320,-2.7141301959792576,1.061111132361111
2024-09-08 01:50:00,0.0,1.04e-320,-1.6544599178985713,0.6366666794166667
2024-09-08 01:55:00,0.0,1.04e-320,-0.5450983983696293,0.25466667176666663
2024-09-08 02:00:00,0.0,1.04e-320,0.5985803504817823,0.0
2024-09-08 02:05:00,0.0,1.04e-320,1.7605905417538104,0.0
2024-09-08 02:10:00,0.0,1.04e-320,2.924496464045144,0.0
2024-09-08 02:15:00,0.0,1.04e-320,4.073581087343123,0.0
2024-09-08 02:20:00,0.0,1.04e-320,5.191020077438997,0.0
2024-09-08 02:25:00,0.0,1.04e-320,6.260059779797217,0.0
2024-09-08 02:30:00,0.0,1.04e-320,7.264197709302522,0.0
2024-09-08 02:35:00,0.0,1.04e-320,8.187364056930496,0.0
2024-09-08 02:40:00,0.0,1.04e-320,9.014102688249439,0.0
2024-09-08 02:45:00,0.0,1.04e-320,9.72975013248755,0.0
2024-09-08 02:50:00,0.0,1.04e-320,10.320611032056764,0.0
2024-09-08 02:55:00,0.0,1.04e-320,10.774128575888481,0.0
2024-09-08 03:00:00,0.0,1.04e-320,11.079048441557893,0.0
2024-09-08 03:05:00,0.0,1.04e-320,11.22557482861028,0.0
2024-09-08 03:10:00,0.0,1.04e-320,11.205517210405027,0.0
2024-09-08 03:15:00,0.0,1.04e-320,11.012426502442322,0.0
2024-09-08 03:20:00,0.0,1.04e-320,10.641719410396165,0.0
2024-09-08 03:25:00,0.0,1.04e-320,10.090789812492483,0.0
2024-09-08 03:30:00,0.0,1.04e-320,9.359106117080003,0.0
2024-09-08 03:35:00,0.0,1.04e-320,8.448293646458772,0.0
2024-09-08 03:40:00,0.0,1.04e-320,7.36220119855988,0.0
2024-09-08 03:45:00,0.0,1.04e-320,6.106951053926723,0.0
2024-09-08 03:50:00,0.0,1.04e-320,4.690971839077657,0.0
2024-09-08 03:55:00,0.0,1.04e-320,3.1250137446360227,0.0
2024-09-08 04:00:00,0.0,1.04e-320,1.4221457719783692,0.0
2024-09-08 04:05:00,0.0,1.04e-320,-0.40226521999727116,0.0
2024-09-08 04:10:00,0.0,1.04e-320,-2.3305937135996357,0.0
2024-09-08 04:15:00,0.0,1.04e-320,-4.343012954775794,0.0
2024-09-08 04:20:00,0.0,1.04e-320,-6.417570344210292,0.0
2024-09-08 04:25:00,0.0,1.04e-320,-8.530280500393191,0.0
2024-09-08 04:30:00,0.0,1.04e-320,-10.655235487709437,0.0
2024-09-08 04:35:00,0.0,1.04e-320,-12.764731610250879,0.0
2024-09-08 04:40:00,0.0,1.04e-320,-14.829412038003804,0.0
2024-09-08 04:45:00,0.0,1.04e-320,-16.818424375729162,0.0
2024-09-08 04:50:00,0.0,1.04e-320,-18.69959222929187,0.0
2024-09-08 04:55:00,0.0,1.04e-320,-20.43959964689488,0.0
2024-09-08 05:00:00,0.0,1.04e-320,-22.004187268215492,0.0
2024-09-08 05:05:00,0.0,1.04e-320,-23.35835883239003,0.0
2024-09-08 05:10:00,0.0,1.04e-320,-24.466596763256746,0.0
2024-09-08 05:15:00,0.0,1.04e-320,-25.293085273767872,0.0
2024-09-08 05:20:00,0.0,1.04e-320,-25.801939552143835,0.0
2024-09-08 05:25:00,0.0,1.04e-320,-25.95743941289971,0.0
2024-09-08 05:30:00,0.0,1.04e-320,-25.724265812382086,0.0
2024-09-08 05:35:00,0.0,1.04e-320,-25.0677385812666,0.0
2024-09-08 05:40:00,0.0,1.04e-320,-23.954053705755996,0.0
2024-09-08 05:45:00,0.0,1.04e-320,-22.350518485316567,0.0
2024-09-08 05:50:00,0.0,1.04e-320,-20.2257828949197,0.0
2024-09-08 05:55:00,0.0,1.04e-320,-17.55006552535856,0.0
2024-09-08 06:00:00,0.0,1.04e-320,-14.295372434477622,1.2808370377222222
2024-09-08 06:05:00,0.0,1.04e-320,-10.435707391313805,1.2808370377222222
2024-09-08 06:10:00,0.0,1.04e-320,-5.947271920881223,1.2808370377222222
2024-09-08 06:15:00,0.0,1.04e-320,-0.8086537689190769,1.2808370377222222
2024-09-08 06:20:00,0.0,1.04e-320,4.998997674812617,1.2808370377222222
2024-09-08 06:25:00,0.0,1.04e-320,11.491810233002447,1.2808370377222222
2024-09-08 06:30:00,0.0,1.04e-320,18.68304335276812,1.2808370377222222
2024-09-08 06:35:00,0.0,1.04e-320,26.58295903492781,1.2808370377222222
2024-09-08 06:40:00,0.0,1.04e-320,35.198710431840574,1.2808370377222222
2024-09-08 06:45:00,0.0,1.04e-320,44.53424888668092,1.2808370377222222
2024-09-08 06:50:00,65.19999695,1.04e-320,54.59025011730168,1.2808370377222222
2024-09-08 06:55:00,84.69999695,1.04e-320,65.364060246966,1.2808370377222222
2024-09-08 07:00:00,136.1000061,1.04e-320,76.84966208048895,187.2751343533123
2024-09-08 07:05:00,159.3000031,1.04e-320,89.0376619558247,188.4591898131734
2024-09-08 07:10:00,191.1000061,1.04e-320,101.91529741551571,188.4591898131734
2024-09-08 07:15:00,218.1000061,1.04e-320,115.46646563297816,188.4591898131734
2024-09-08 07:20:00,272.1000061,1.04e-320,129.67177258910414,188.4591898131734
2024-09-08 07:25:00,301.8999939,1.04e-320,144.5086026542347,186.63131239898928
2024-09-08 07:30:00,333.5,1.04e-320,159.95120828431706,186.63131239898928
2024-09-08 07:35:00,448.5,1.04e-320,175.97081919147436,186.63131239898928
2024-09-08 07:40:00,513.2999878,1.04e-320,192.53577041880115,186.63131239898928
2024-09-08 07:45:00,480.8999939,1.04e-320,209.61164836730296,186.63131239898928
2024-09-08 07:50:00,501.5333252,1.04e-320,227.16145401088966,186.63131239898928
2024-09-08 07:55:00,772.2000122,1.04e-320,245.1457821287535,186.63131239898928
2024-09-08 08:00:00,721.999939,1.04e-320,263.52301552830596,468.5415967149307
2024-09-08 08:05:00,705.2666626,1.04e-320,282.2495326790009,468.5415967149307
2024-09-08 08:10:00,911.0,1.04e-320,301.2799278223353,464.11584265321636
2024-09-08 08:15:00,980.9000244,1.04e-320,320.5672418466947,503.7705541218171
2024-09-08 08:20:00,1172.0,1.04e-320,340.06320234279343,513.1848203660711
2024-09-08 08:25:00,1076.433228,1.04e-320,359.71847149589155,510.7087880903409
2024-09-08 08:30:00,1105.06665,1.04e-320,379.4828999745433,509.1309846023314
2024-09-08 08:35:00,1026.133423,1.04e-320,399.30578520291806,581.9216267234423
2024-09-08 08:40:00,1248.099976,1.04e-320,419.1361323625555,580.0131456010868
2024-09-08 08:45:00,1341.5,1.04e-320,438.92291625481613,578.4198706502201
2024-09-08 08:50:00,1307.5,1.04e-320,458.6153424650337,594.2619930241239
2024-09-08 08:55:00,1559.5,1.04e-320,478.1631059440041,594.2619930241239
2024-09-08 09:00:00,1461.5,1.04e-320,497.5166454770125,615.2202967787597
2024-09-08 09:05:00,1528.433228,1.04e-320,516.627392229783,608.1569168385947
2024-09-08 09:10:00,1507.233276,1.04e-320,535.4480108060172,615.6863846255617
2024-09-08 09:15:00,1546.466797,1.04e-320,553.9326313150495,618.6532364322283
2024-09-08 09:20:00,1767.5,1.04e-320,572.0370707557543,618.6532364322283
2024-09-08 09:25:00,1695.166626,1.04e-320,589.7190425380163,634.7751720475771
2024-09-08 09:30:00,1749.533325,1.04e-320,606.9383527504443,634.7751720475771
2024-09-08 09:35:00,1757.433228,1.04e-320,623.6570816727958,658.5717266083772
2024-09-08 09:40:00,1803.833374,1.04e-320,639.8397498477221,658.5717266083772
2024-09-08 09:45:00,1844.533325,1.04e-320,655.4534674151575,663.5331716848216
2024-09-08 09:50:00,1894.933228,1.04e-320,670.4680657915925,663.5331716848216
2024-09-08 09:55:00,1933.733398,1.04e-320,684.8562111306234,663.5331716848216
2024-09-08 10:00:00,1967.533325,1.04e-320,698.5934987637719,844.3196610129879
2024-09-08 10:05:00,1995.100098,1.04e-320,711.6585281869957,831.9255745851256
2024-09-08 10:10:00,2024.033325,1.04e-320,724.0329582715866,835.940380145681
2024-09-08 10:15:00,2043.333374,1.04e-320,735.7015423925276,799.0718298684053
2024-09-08 10:20:00,2053.666748,1.04e-320,746.6521435098184,798.0850150892942
2024-09-08 10:25:00,2056.166748,1.04e-320,756.8757291861115,794.5698605917336
2024-09-08 10:30:00,2058.600098,1.04e-320,766.3663468457277,777.4619707485335
2024-09-08 10:35:00,2060.600098,1.04e-320,775.1210795511062,767.747828211979
2024-09-08 10:40:00,2061.366699,1.04e-320,783.1399828230382,748.2119668498327
2024-09-08 10:45:00,2061.300049,1.04e-320,790.4260031549014,742.622705455166
2024-09-08 10:50:00,2059.733154,1.04e-320,796.9848788921394,739.0150830176773
2024-09-08 10:55:00,2059.266602,1.04e-320,802.8250244533735,732.1122769755104
2024-09-08 11:00:00,2057.06665,1.04e-320,807.9573988483141,704.7123345998511
2024-09-08 11:05:00,2057.366455,1.04e-320,812.3953594939663,704.7123345998511
2024-09-08 11:10:00,2057.06665,1.04e-320,816.1545027046393,704.9453348845177
2024-09-08 11:15:00,2058.233398,1.04e-320,819.2524919752234,704.9453348845177
2024-09-08 11:20:00,2058.700195,1.04e-320,821.7088755343942,716.1236284090179
2024-09-08 11:25:00,2058.699951,1.04e-320,823.5448945118002,716.1236284090179
2024-09-08 11:30:00,2058.966553,1.04e-320,824.7832832922567,716.1236284090179
2024-09-08 11:35:00,2057.766846,1.04e-320,825.4480635429164,709.7722714747591
2024-09-08 11:40:00,2057.833252,1.04e-320,825.5643335083332,713.1871845305961
2024-09-08 11:45:00,2058.333496,1.04e-320,825.1580541658359,713.1871845305961
2024-09-08 11:50:00,2058.833496,1.04e-320,824.2558338537132,742.138945429939
2024-09-08 11:55:00,2057.866699,1.04e-320,822.8847129925413,742.138945429939
2024-09-08 12:00:00,2055.5,1.04e-320,821.071950459117,745.601471638725
2024-09-08 12:05:00,2055.466553,1.04e-320,818.8448132548508,765.7710992738808
2024-09-08 12:10:00,2057.833252,1.04e-320,816.230370919291,741.9121695232141
2024-09-08 12:15:00,2061.766602,1.04e-320,813.2552962643168,735.7028235527009
2024-09-08 12:20:00,2064.666748,1.04e-320,809.9456738018547,728.2955728288678
2024-09-08 12:25:00,2064.666748,1.04e-320,806.3268172621582,720.9709953220678
2024-09-08 12:30:00,2062.5,1.04e-320,802.4230974515098,734.181451308074
2024-09-08 12:35:00,2058.633301,1.04e-320,798.2577817264372,1027.610566858079
2024-09-08 12:40:00,2055.93335,1.04e-320,793.8528860834767,1188.5414977909038
2024-09-08 12:45:00,2054.5,1.04e-320,789.2290409408171,1225.2068143877284
2024-09-08 12:50:00,2054.866455,1.04e-320,784.4053714625359,1192.1152800892733
2024-09-08 12:55:00,2055.06665,1.04e-320,779.3993932124854,1160.517178058345
2024-09-08 13:00:00,2054.466797,1.04e-320,774.2269237890466,1176.4939419578388
2024-09-08 13:05:00,2053.366699,1.04e-320,768.9020109197173,1098.729062937428
2024-09-08 13:10:00,2051.966553,1.04e-320,763.4368774915868,974.2343680695423
2024-09-08 13:15:00,2053.166748,1.04e-320,757.8418836462394,975.9806912594726
2024-09-08 13:20:00,2055.06665,1.04e-320,752.1255062456648,1059.458388498685
2024-09-08 13:25:00,2058.93335,1.04e-320,746.2943354900108,1089.305713837236
2024-09-08 13:30:00,2061.43335,1.04e-320,740.353088728795,1100.3749585194714
2024-09-08 13:35:00,2062.600098,1.04e-320,734.3046410637421,1061.8944140954807
2024-09-08 13:40:00,2061.466797,1.04e-320,728.150072409861,1042.6988075687111
2024-09-08 13:45:00,2059.633545,1.04e-320,721.8887304420298,1023.766200607471
2024-09-08 13:50:00,2059.466553,1.04e-320,715.5183088240268,1026.438598451249
2024-09-08 13:55:00,2061.166748,1.04e-320,709.0349399159737,1001.9421748497193
2024-09-08 14:00:00,2061.833252,1.04e-320,702.4333010510599,987.6650992494336
2024-09-08 14:05:00,2060.700195,1.04e-320,695.7067335462802,914.0970652773951
2024-09-08 14:10:00,2056.733398,1.04e-320,688.847373187405,909.2433304794954
2024-09-08 14:15:00,2056.133301,1.04e-320,681.8462911735837,919.4893579746021
2024-09-08 14:20:00,2056.166748,1.04e-320,674.6936442080905,922.9776843617655
2024-09-08 14:25:00,2059.166748,1.04e-320,667.3788325148838,893.915541696239
2024-09-08 14:30:00,2055.533447,1.04e-320,659.8906643337018,875.9724399629503
2024-09-08 14:35:00,2052.533203,1.04e-320,652.2175255632644,990.9952966888465
2024-09-08 14:40:00,2046.400024,1.04e-320,644.3475531005776,1010.3421776761478
2024-09-08 14:45:00,1913.233398,1.04e-320,636.2688103601616,1023.6256144231033
2024-09-08 14:50:00,1733.166626,1.04e-320,627.9694636649671,1029.0053091345108
2024-09-08 14:55:00,2058.899902,1.04e-320,619.4379578001538,1030.7205532774553
2024-09-08 15:00:00,2057.800049,1.04e-320,610.6631895035904,1009.9062411696054
2024-09-08 15:05:00,2058.099854,1.04e-320,601.6346772892603,1066.189606577423
2024-09-08 15:10:00,2058.0,1.04e-320,592.3427262935129,1125.328526466188
2024-09-08 15:15:00,2059.266602,1.04e-320,582.7785867179834,1118.8638713517053
2024-09-08 15:20:00,2058.266602,1.04e-320,572.9346046558029,1130.6644942835687
2024-09-08 15:25:00,2057.300049,1.04e-320,562.8043639567129,1101.1789096600003
2024-09-08 15:30:00,2055.699707,1.04e-320,552.3828179665222,1095.0155715398782
2024-09-08 15:35:00,1828.700073,1.04e-320,541.6664102283364,1118.0873339971329
2024-09-08 15:40:00,1983.599976,1.04e-320,530.6531828811891,1090.2208192557648
2024-09-08 15:45:00,1946.650024,1.04e-320,519.3428720722823,1060.0054160807063
2024-09-08 15:50:00,1924.833374,1.04e-320,507.7369894654451,1050.330172686397
2024-09-08 15:55:00,1873.666626,1.04e-320,495.8388892858549,1046.4025116664022
2024-09-08 16:00:00,1855.649902,1.04e-320,483.653820193959,1019.4537443523111
2024-09-08 16:05:00,1559.599976,1.04e-320,471.1889616484481,1023.5674820098807
2024-09-08 16:10:00,1824.099976,1.04e-320,458.4534444097051,1003.2033711398174
2024-09-08 16:15:00,1650.333374,1.04e-320,445.4583548988591,990.996231419889
2024-09-08 16:20:00,1766.166626,1.04e-320,432.21672358112255,996.4416949059828
2024-09-08 16:25:00,1702.066772,1.04e-320,418.74349708200333,917.0213064586599
2024-09-08 16:30:00,1713.449951,1.04e-320,405.0554945522184,932.3640684035139
2024-09-08 16:35:00,1556.050049,1.04e-320,391.1713483485984,934.7149031621759
2024-09-08 16:40:00,1465.75,1.04e-320,377.11142958976995,922.3023225343536
2024-09-08 16:45:00,1448.266602,1.04e-320,362.89775909428147,914.2845275516991
2024-09-08 16:50:00,1417.566772,1.04e-320,348.55390431391476,874.2493263626656
2024-09-08 16:55:00,1400.75,1.04e-320,334.1048631849509,866.4203703825989
2024-09-08 17:00:00,1164.25,1.04e-320,319.57693547816723,815.8447087561199
2024-09-08 17:05:00,781.333313,1.04e-320,304.99758301437913,602.9249898397426
2024-09-08 17:10:00,804.2999878,1.04e-320,290.3952794071071,799.1345267243637
2024-09-08 17:15:00,732.9333496,1.04e-320,275.79935070376314,794.6218352822145
2024-09-08 17:20:00,772.9666138,1.04e-320,261.2398080287254,806.4146672511896
2024-09-08 17:25:00,715.666687,1.04e-320,246.74717359705386,810.9886334110349
2024-09-08 17:30:00,696.2999878,1.04e-320,232.35230125535725,803.7036766606897
2024-09-08 17:35:00,628.4667358,1.04e-320,218.08619303782845,766.7820476777425
2024-09-08 17:40:00,601.6333618,1.04e-320,203.97981308672794,765.6410086763425
2024-09-08 17:45:00,570.333313,1.04e-320,190.06390024402984,412.5038299190929
2024-09-08 17:50:00,526.2333374,1.04e-320,176.36878101131606,425.4437071388881
2024-09-08 17:55:00,513.4000244,1.04e-320,162.92418387240534,428.1754018013511
2024-09-08 18:00:00,378.2000427,1.04e-320,149.75905678277823,242.70986504112216
2024-09-08 18:05:00,317.4333191,1.04e-320,136.901388925099,240.97377966298882
2024-09-08 18:10:00,290.1333313,1.04e-320,124.37803820250899,240.97377966298882
2024-09-08 18:15:00,254.7333374,1.04e-320,112.21456574806433,239.91913173398882
2024-09-08 18:20:00,242.2500153,1.04e-320,100.4350786279078,240.40676143365548
2024-09-08 18:25:00,203.9499969,1.04e-320,89.0620820710247,243.12365489497398
2024-09-08 18:30:00,170.3999939,1.04e-320,78.11634206712512,247.05856260358274
2024-09-08 18:35:00,143.8999939,1.04e-320,67.616759709274,247.05856260358274
2024-09-08 18:40:00,121.4999924,1.04e-320,57.58025786279889,240.72488003091402
2024-09-08 18:45:00,99.44998932,1.04e-320,48.02168123489971,237.77402814872218
2024-09-08 18:50:00,77.5,1.04e-320,38.953710494837715,212.15288048961528
2024-09-08 18:55:00,57.1499939,1.04e-320,30.386791054826894,212.15288048961528
2024-09-08 19:00:00,40.44999695,1.04e-320,22.3290771072865,125.83911616826192
2024-09-08 19:05:00,29.09999847,1.04e-320,14.786391216979796,125.51545876748416
2024-09-08 19:10:00,22.45000076,1.04e-320,7.762199816541646,19.142389579928413
2024-09-08 19:15:00,17.20000076,1.04e-320,1.257604709860442,16.51773933838683
2024-09-08 19:20:00,0.0,1.04e-320,-4.728649265904345,17.00255420361238
2024-09-08 19:25:00,0.0,1.04e-320,-10.200150693693086,16.872915315056826
2024-09-08 19:30:00,0.0,1.04e-320,-15.162782158470549,128.374875369834
2024-09-08 19:35:00,0.0,1.04e-320,-19.62466542343743,129.44109002103397
2024-09-08 19:40:00,0.0,1.04e-320,-23.59609156971424,129.19098101746636
2024-09-08 19:45:00,0.0,1.04e-320,-27.089436680785386,129.19098101746636
2024-09-08 19:50:00,0.0,1.04e-320,-30.119063737806737,128.96664760872022
2024-09-08 19:55:00,0.0,1.04e-320,-32.70121148032493,47.44124135542204
2024-09-08 20:00:00,0.0,1.04e-320,-34.85387111872763,33.5221785305818
2024-09-08 20:05:00,0.0,1.04e-320,-36.59665182017591,33.55014149069291
2024-09-08 20:10:00,0.0,1.04e-320,-37.95063604901171,29.259990388864335
2024-09-08 20:15:00,0.0,1.04e-320,-38.9382258376651,0.19382962307777776
2024-09-08 20:20:00,0.0,1.04e-320,-39.58298118141574,0.19382962307777776
2024-09-08 20:25:00,0.0,1.04e-320,-39.90945179284433,0.17707406887777777
2024-09-08 20:30:00,0.0,1.04e-320,-39.94300348511506,0.17707406887777777
2024-09-08 20:35:00,0.0,1.04e-320,-39.70964051840175,0.17707406887777777
2024-09-08 20:40:00,0.0,1.04e-320,-39.2358252424392,0.17707406887777777
2024-09-08 20:45:00,0.0,1.04e-320,-38.54829639206979,0.13229629087777778
2024-09-08 20:50:00,0.0,1.04e-320,-37.673887422113836,0.13229629087777778
2024-09-08 20:55:00,0.0,1.04e-320,-36.639346215128676,0.17418517637777778
2024-09-08 21:00:00,0.0,1.04e-320,-35.4711575248622,0.17418517637777778
2024-09-08 21:05:00,0.0,1.04e-320,-34.195369471980065,0.17418517637777778
2024-09-08 21:10:00,0.0,1.04e-320,-32.837425369536994,0.17418517637777778
2024-09-08 21:15:00,0.0,1.04e-320,-31.422002120133563,0.17418517637777778
2024-09-08 21:20:00,0.0,1.04e-320,-29.972856360307794,0.17418517637777778
2024-09-08 21:25:00,0.0,1.04e-320,-28.512679480868584,0.17418517637777778
2024-09-08 21:30:00,0.0,1.04e-320,-27.062962538790117,0.17418517637777778
2024-09-08 21:35:00,0.0,1.04e-320,-25.64387206955532,0.23003702371111112
2024-09-08 21:40:00,0.0,1.04e-320,-24.274137619616564,0.23003702371111112
2024-09-08 21:45:00,0.0,1.04e-320,-22.97095181577013,0.2719259092111111
2024-09-08 21:50:00,0.0,1.04e-320,-21.749883634409535,0.31381479471111107
2024-09-08 21:55:00,0.0,1.04e-320,-20.624805440703067,0.31381479471111107
2024-09-08 22:00:00,0.0,1.04e-320,-19.60783426855333,0.36966664204444444
2024-09-08 22:05:00,0.0,1.04e-320,-18.709287675845605,0.36966664204444444
2024-09-08 22:10:00,0.0,1.04e-320,-17.93765441726639,10.643055216666669
2024-09-08 22:15:00,0.0,1.04e-320,-17.299580037286443,10.643055216666669
2024-09-08 22:20:00,0.0,1.04e-320,-16.799867398246768,10.503425598333333
2024-09-08 22:25:00,0.0,1.04e-320,-16.44149199297675,16.6361004743
2024-09-08 22:30:00,0.0,1.04e-320,-16.22563182595635,18.415026713144446
2024-09-08 22:35:00,0.0,1.04e-320,-16.151711498083912,18.386211897188893
2024-09-08 22:40:00,0.0,1.04e-320,-16.217460028996456,18.386211897188893
2024-09-08 22:45:00,0.0,1.04e-320,-16.418981845647732,18.386211897188893
2024-09-08 22:50:00,0.0,1.04e-320,-16.750840258256453,18.386211897188893
2024-09-08 22:55:00,0.0,1.04e-320,-17.20615264934864,14.843703681111114
2024-09-08 23:00:00,0.0,1.04e-320,-17.77669650915901,14.843703681111114
2024-09-08 23:05:00,0.0,1.04e-320,-18.453025366708403,10.66648145888889
2024-09-08 23:10:00,0.0,1.04e-320,-19.224593592910647,10.66648145888889
2024-09-08 23:15:00,0.0,1.04e-320,-20.07988896547042,10.66648145888889
2024-09-08 23:20:00,0.0,1.04e-320,-21.006571869996435,10.66648145888889
2024-09-08 23:25:00,0.0,1.04e-320,-21.991619893666115,10.66648145888889
2024-09-08 23:30:00,0.0,1.04e-320,-23.021476592854636,501.6358519332365
2024-09-08 23:35:00,0.0,1.04e-320,-24.082203146610716,501.3475654745699
2024-09-08 23:40:00,0.0,1.04e-320,-25.1596315959258,504.57039835856983
2024-09-08 23:45:00,0.0,1.04e-320,-26.239518367437224,509.7564637052523
2024-09-08 23:50:00,0.0,1.04e-320,-27.307696759391973,502.47530339277085
2024-09-08 23:55:00,0.0,1.04e-320,-28.35022710843667,502.3683405961043
2024-09-09 00:00:00,0.0,1.04e-320,-29.35354334735663,0.0
2024-09-09 00:05:00,0.0,1.04e-320,-30.304594718275062,0.0
2024-09-09 00:10:00,0.0,1.04e-320,-31.190981409261195,0.0
2024-09-09 00:15:00,0.0,1.04e-320,-32.001083016311014,0.0
2024-09-09 00:20:00,0.0,1.04e-320,-32.724178653193334,0.0
2024-09-09 00:25:00,0.0,1.04e-320,-33.35055777593515,0.0
2024-09-09 00:30:00,0.0,1.04e-320,-33.87162068430618,1.784722239077778
2024-09-09 00:35:00,0.0,1.04e-320,-34.27996790095595,1.784722239077778
2024-09-09 00:40:00,0.0,1.04e-320,-34.56947762015371,1.784722239077778
2024-09-09 00:45:00,0.0,1.04e-320,-34.7353705594802,1.784722239077778
2024-09-09 00:50:00,0.0,1.04e-320,-34.774261641463376,1.784722239077778
2024-09-09 00:55:00,0.0,1.04e-320,-34.68419803533881,1.784722239077778
2024-09-09 01:00:00,0.0,1.04e-320,-34.464683221047494,1.784722239077778
2024-09-09 01:05:00,0.0,1.04e-320,-34.1166867974127,1.784722239077778
2024-09-09 01:10:00,0.0,1.04e-320,-33.64263997731016,1.784722239077778
2024-09-09 01:15:00,0.0,1.04e-320,-33.04641668422183,1.784722239077778
2024-09-09 01:20:00,0.0,1.04e-320,-32.33330044167076,1.784722239077778
2024-09-09 01:25:00,0.0,1.04e-320,-31.509937230022803,1.784722239077778
2024-09-09 01:30:00,0.0,1.04e-320,-30.584274681995538,1.784722239077778
2024-09-09 01:35:00,0.0,1.04e-320,-29.565488080102682,1.784722239077778
2024-09-09 01:40:00,0.0,1.04e-320,-28.463893710980606,1.784722239077778
2024-09-09 01:45:00,0.0,1.04e-320,-27.290850264003538,1.784722239077778
2024-09-09 01:50:00,0.0,1.04e-320,-26.058649046673384,1.784722239077778
2024-09-09 01:55:00,0.0,1.04e-320,-24.78039388734902,1.784722239077778
2024-09-09 02:00:00,0.0,1.04e-320,-23.469871682907815,1.784722239077778
2024-09-09 02:05:00,0.0,1.04e-320,-22.14141463621674,1.784722239077778
2024-09-09 02:10:00,0.0,1.04e-320,-20.80975529269733,1.784722239077778
2024-09-09 02:15:00,0.0,1.04e-320,-19.48987554800378,1.784722239077778
2024-09-09 02:20:00,0.0,1.04e-320,-18.196850866584374,1.784722239077778
2024-09-09 02:25:00,0.0,1.04e-320,-16.94569098441487,1.784722239077778
2024-09-09 02:30:00,0.0,1.04e-320,-15.751178405504751,1.784722239077778
2024-09-09 02:35:00,0.0,1.04e-320,-14.627706042893474,1.784722239077778
2024-09-09 02:40:00,0.0,1.04e-320,-13.589115342321854,1.784722239077778
2024-09-09 02:45:00,0.0,1.04e-320,-12.648536250529117,1.784722239077778
2024-09-09 02:50:00,0.0,1.04e-320,-11.818230397685493,1.784722239077778
2024-09-09 02:55:00,0.0,1.04e-320,-11.10943880017296,1.784722239077778
2024-09-09 03:00:00,0.0,1.04e-320,-10.53223541378038,1.784722239077778
2024-09-09 03:05:00,0.0,1.04e-320,-10.09538780172399,1.784722239077778
2024-09-09 03:10:00,0.0,1.04e-320,-9.806226137491665,1.784722239077778
2024-09-09 03:15:00,0.0,1.04e-320,-9.670521713163977,1.784722239077778
2024-09-09 03:20:00,0.0,1.04e-320,-9.692376049936499,1.784722239077778
2024-09-09 03:25:00,0.0,1.04e-320,-9.874121636435344,1.784722239077778
2024-09-09 03:30:00,0.0,1.04e-320,-10.21623523588254,1.784722239077778
2024-09-09 03:35:00,0.0,1.04e-320,-10.717264605506784,1.784722239077778
2024-09-09 03:40:00,0.0,1.04e-320,-11.373769393534394,1.784722239077778
2024-09-09 03:45:00,0.0,1.04e-320,-12.180276843976687,1.784722239077778
2024-09-09 03:50:00,0.0,1.04e-320,-13.129252858188371,1.784722239077778
2024-09-09 03:55:00,0.0,1.04e-320,-14.211088829735901,1.784722239077778
2024-09-09 04:00:00,0.0,1.04e-320,-15.414104566210488,1.784722239077778
2024-09-09 04:05:00,0.0,1.04e-320,-16.72456746285905,1.784722239077778
2024-09-09 04:10:00,0.0,1.04e-320,-18.126728009682168,1.784722239077778
2024-09-09 04:15:00,0.0,1.04e-320,-19.602871569375424,1.784722239077778
2024-09-09 04:20:00,0.0,1.04e-320,-21.13338619559316,1.784722239077778
2024-09-09 04:25:00,0.0,1.04e-320,-22.696846262643437,1.784722239077778
2024-09-09 04:30:00,0.0,1.04e-320,-24.270111378010405,1.784722239077778
2024-09-09 04:35:00,0.0,1.04e-320,-25.828440119964046,1.784722239077778
2024-09-09 04:40:00,0.0,1.04e-320,-27.34561785426471,1.784722239077778
2024-09-09 04:45:00,0.0,1.04e-320,-28.794097911426213,1.784722239077778
2024-09-09 04:50:00,0.0,1.04e-320,-30.145155212460367,1.784722239077778
2024-09-09 04:55:00,0.0,1.04e-320,-31.369051377398158,1.784722239077778
2024-09-09 05:00:00,0.0,1.04e-320,-32.43521023151417,0.7236111067166666
2024-09-09 05:05:00,0.0,1.04e-320,-33.31240255725753,0.7236111067166666
2024-09-09 05:10:00,0.0,1.04e-320,-33.968938873941646,0.7236111067166666
2024-09-09 05:15:00,0.0,1.04e-320,-34.37286890449336,0.7236111067166666
2024-09-09 05:20:00,0.0,1.04e-320,-34.49218642854386,0.7236111067166666
2024-09-09 05:25:00,0.0,1.04e-320,-34.295038048039984,0.7236111067166666
2024-09-09 05:30:00,0.0,1.04e-320,-33.749934483505136,0.7236111067166666
2024-09-09 05:35:00,0.0,1.04e-320,-32.825962882304104,0.7236111067166666
2024-09-09 05:40:00,0.0,1.04e-320,-31.492998677659962,0.7236111067166666
2024-09-09 05:45:00,0.0,1.04e-320,-29.72191548434896,0.7236111067166666
2024-09-09 05:50:00,0.0,1.04e-320,-27.484791566751046,0.7236111067166666
2024-09-09 05:55:00,0.0,1.04e-320,-24.75511137970086,0.7236111067166666
2024-09-09 06:00:00,0.0,1.04e-320,-21.507960756282163,45.08387732352294
2024-09-09 06:05:00,0.0,1.04e-320,-17.720214316692765,37.65734070470945
2024-09-09 06:10:00,0.0,1.04e-320,-13.370713768205588,36.332118426476114
2024-09-09 06:15:00,0.0,1.04e-320,-8.440435761821346,36.332118426476114
2024-09-09 06:20:00,0.0,1.04e-320,-2.91264809072527,36.18311842392611
2024-09-09 06:25:00,0.0,1.04e-320,3.226946915871012,35.52978507779279
2024-09-09 06:30:00,0.0,1.04e-320,9.990082930773667,35.23178507269278
2024-09-09 06:35:00,0.0,1.04e-320,17.38581494075717,35.23178507269278
2024-09-09 06:40:00,0.0,1.04e-320,25.420420401721938,34.716448765177425
2024-09-09 06:45:00,73.09999847,1.04e-320,34.09731680881356,35.31190114379409
2024-09-09 06:50:00,84.90000153,1.04e-320,43.41699648141125,35.31190114379409
2024-09-09 06:55:00,101.0,1.04e-320,53.37697900774373,35.31190114379409
2024-09-09 07:00:00,138.3999939,1.04e-320,63.97178183463909,273.03441581412574
2024-09-09 07:05:00,182.1999969,1.04e-320,75.19290917469426,269.77308750224483
2024-09-09 07:10:00,200.6999969,1.04e-320,87.02885952369277,268.3678357547707
2024-09-09 07:15:00,192.0333252,1.04e-320,99.46515178504026,270.9199706947707
2024-09-09 07:20:00,248.3999939,1.04e-320,112.48436973184828,273.7075298553429
2024-09-09 07:25:00,308.2000122,1.04e-320,126.06622486126948,274.8613075890318
2024-09-09 07:30:00,404.3999939,1.04e-320,140.18763704971354,282.9918481251096
2024-09-09 07:35:00,471.7000122,1.04e-320,154.82283267252726,297.0377728580096
2024-09-09 07:40:00,442.8333435,1.04e-320,169.94345942058376,302.408086060906
2024-09-09 07:45:00,465.1000061,1.04e-320,185.51871728412516,406.4653539075866
2024-09-09 07:50:00,590.0999756,1.04e-320,201.51550472323748,406.4653539075866
2024-09-09 07:55:00,719.2999878,1.04e-320,217.89857911503356,403.5621168669755
2024-09-09 08:00:00,663.166626,1.04e-320,234.63073055595547,755.632673207599
2024-09-09 08:05:00,710.3666382,1.04e-320,251.67296754913232,755.632673207599
2024-09-09 08:10:00,716.5333862,1.04e-320,268.9847138547624,752.3243730787935
2024-09-09 08:15:00,839.2000122,1.04e-320,286.52401471033886,731.068495442627
2024-09-09 08:20:00,898.7000122,1.04e-320,304.247751423104,711.4268641435222
2024-09-09 08:25:00,874.3666992,1.04e-320,322.1118627170869,704.368907262592
2024-09-09 08:30:00,994.2999878,1.04e-320,340.0715714291756,702.5214839702841
2024-09-09 08:35:00,1130.199951,1.04e-320,358.08161511522906,717.4960694382365
2024-09-09 08:40:00,1238.699951,1.04e-320,376.0964788308022,758.5656315926376
2024-09-09 08:45:00,1326.199951,1.04e-320,394.07062893755096,671.7041549148645
2024-09-09 08:50:00,1286.766602,1.04e-320,411.9587458518577,675.1222646511977
2024-09-09 08:55:00,1414.400024,1.04e-320,429.71595474843895,674.0469369344406
2024-09-09 09:00:00,1512.800049,1.04e-320,447.298052324112,944.3137589560545
2024-09-09 09:05:00,1465.833374,1.04e-320,464.66172835218657,944.3137589560545
2024-09-09 09:10:00,1496.900024,1.04e-320,481.76478037513573,951.9299056769831
2024-09-09 09:15:00,1634.300049,1.04e-320,498.5663203878615,942.2800014094943
2024-09-09 09:20:00,1578.033203,1.04e-320,515.0269719932571,931.1253009441722
2024-09-09 09:25:00,1623.966675,1.04e-320,531.1090568208858,940.1180391380295
2024-09-09 09:30:00,1629.533325,1.04e-320,546.7767691393868,1027.153793208501
2024-09-09 09:35:00,1835.199951,1.04e-320,561.9963372445784,1360.9381639429807
2024-09-09 09:40:00,1778.333374,1.04e-320,576.7361710896853,1423.0022328914333
2024-09-09 09:45:00,1847.299927,1.04e-320,590.9669948189368,1432.080759216861
2024-09-09 09:50:00,1860.366699,1.04e-320,604.6619637152554,1436.3991986518295
2024-09-09 09:55:00,1873.066772,1.04e-320,617.7967647310082,1437.2574413368766
2024-09-09 10:00:00,1888.799927,1.04e-320,630.3497000890353,1746.4416717837441
2024-09-09 10:05:00,1914.200073,1.04e-320,642.301753562184,1748.9832017436488
2024-09-09 10:10:00,1952.633301,1.04e-320,653.6366389747741,1689.1621704354293
2024-09-09 10:15:00,1999.099976,1.04e-320,664.3408310075614,1684.38628863673
2024-09-09 10:20:00,2033.599976,1.04e-320,674.403577891115,1667.3730906472204
2024-09-09 10:25:00,2050.833252,1.04e-320,683.8168964125238,1566.7655367407854
2024-09-09 10:30:00,2053.733398,1.04e-320,692.5755491972382,1567.0447547247068
2024-09-09 10:35:00,2053.366455,1.04e-320,700.6770047052285,1592.0437477409782
2024-09-09 10:40:00,2054.06665,1.04e-320,708.1213802902154,1591.6749541832005
2024-09-09 10:45:00,2055.0,1.04e-320,714.9113689997536,1592.2674761562005
2024-09-09 10:50:00,2034.5,1.04e-320,721.0521507014632,1593.7991429832005
2024-09-09 10:55:00,2001.033325,1.04e-320,726.5512883520262,1595.9497541199837
2024-09-09 11:00:00,2003.466797,1.04e-320,731.4186103292427,1433.369002918888
2024-09-09 11:05:00,2003.466675,1.04e-320,735.6660796968174,1433.340465592777
2024-09-09 11:10:00,2022.033325,1.04e-320,739.307651640909,1406.3626879713954
2024-09-09 11:15:00,2003.666626,1.04e-320,742.3591200563146,1406.266721824173
2024-09-09 11:20:00,2025.700073,1.04e-320,744.8379546324085,1406.266721824173
2024-09-09 11:25:00,2040.400024,1.04e-320,746.763129627419,1401.7242926123795
2024-09-09 11:30:00,2055.966553,1.04e-320,748.1549457263475,1401.6782694479348
2024-09-09 11:35:00,2053.866455,1.04e-320,749.034846310713,1418.9530631046573
2024-09-09 11:40:00,2053.233398,1.04e-320,749.4252295679722,1418.925127481038
2024-09-09 11:45:00,2052.93335,1.04e-320,749.3492578642849,1401.386552884816
2024-09-09 11:50:00,2053.133301,1.04e-320,748.8306658025845,1392.1839067526892
2024-09-09 11:55:00,2053.900146,1.04e-320,747.8935684135154,1382.9963704035042
2024-09-09 12:00:00,2055.56665,1.04e-320,746.5622708930197,1376.639817955279
2024-09-09 12:05:00,2058.099854,1.04e-320,744.861081290835,1376.639817955279
2024-09-09 12:10:00,2058.966553,1.04e-320,742.8141275094537,1376.639817955279
2024-09-09 12:15:00,2057.533203,1.04e-320,740.445179966243,1376.639817955279
2024-09-09 12:20:00,2057.333252,1.04e-320,737.7774811406118,1376.639817955279
2024-09-09 12:25:00,2056.93335,1.04e-320,734.8335832927396,1376.639817955279
2024-09-09 12:30:00,2058.733154,1.04e-320,731.6351953993308,1376.639817955279
2024-09-09 12:35:00,2043.366577,1.04e-320,728.2030404895986,1381.1325240421575
2024-09-09 12:40:00,2029.633423,1.04e-320,724.5567242347562,1570.3227793204987
2024-09-09 12:45:00,2015.933228,1.04e-320,720.7146157804839,1636.5080231884067
2024-09-09 12:50:00,2032.266602,1.04e-320,716.6937415366959,1656.3975637480826
2024-09-09 12:55:00,2046.5,1.04e-320,712.509692644151,1578.5748110675172
2024-09-09 13:00:00,2057.56665,1.04e-320,708.1765466802458,1601.8033839503846
2024-09-09 13:05:00,2054.833252,1.04e-320,703.7068040447502,1540.767733180578
2024-09-09 13:10:00,2052.899902,1.04e-320,699.111339427072,1535.2310208676763
2024-09-09 13:15:00,2055.56665,1.04e-320,694.3993684660228,1682.1431768020352
2024-09-09 13:20:00,2057.999756,1.04e-320,689.5784298689777,1780.8637164207714
2024-09-09 13:25:00,2060.06665,1.04e-320,684.6543828169455,1740.79171085604
2024-09-09 13:30:00,2059.300049,1.04e-320,679.6314196256795,1303.986687292165
2024-09-09 13:35:00,2057.666748,1.04e-320,674.5120933795166,1378.8417675580333
2024-09-09 13:40:00,2056.633301,1.04e-320,669.2973601589313,1339.0544851526342
2024-09-09 13:45:00,2055.266602,1.04e-320,663.9866354359078,1222.4516231488226
2024-09-09 13:50:00,2054.466553,1.04e-320,658.5778639873018,1164.1877189788486
2024-09-09 13:55:00,2054.333496,1.04e-320,653.0676026971075,1073.0530050900863
2024-09-09 14:00:00,2055.033447,1.04e-320,647.4511154053785,1070.5908141334157
2024-09-09 14:05:00,2057.033447,1.04e-320,641.7224790345407,1077.8877495617082
2024-09-09 14:10:00,2058.099854,1.04e-320,635.8746999079442,1047.4610364025875
2024-09-09 14:15:00,2059.133545,1.04e-320,629.8998393042398,1046.6486339926441
2024-09-09 14:20:00,2058.233154,1.04e-320,623.7891471698101,1048.2215211879727
2024-09-09 14:25:00,2039.466675,1.04e-320,617.5332027591932,1022.2666956011394
2024-09-09 14:30:00,2003.133301,1.04e-320,611.1220610587011,1020.0713194387845
2024-09-09 14:35:00,1949.900024,1.04e-320,604.5454036996668,1017.9482412876513
2024-09-09 14:40:00,1852.700073,1.04e-320,597.7926931597688,979.3426295753853
2024-09-09 14:45:00,1788.033325,1.04e-320,590.8533288165481,793.591815113913
2024-09-09 14:50:00,1716.933228,1.04e-320,583.7168037444391,685.0259154030985
2024-09-09 14:55:00,1740.433228,1.04e-320,576.3728607442177,571.2028195566692
2024-09-09 15:00:00,1748.799927,1.04e-320,568.8116464456896,491.9127107445445
2024-09-09 15:05:00,1780.400024,1.04e-320,561.0238621576265,462.88522126005256
2024-09-09 15:10:00,1773.366577,1.04e-320,553.000910198809,467.3430580133858
2024-09-09 15:15:00,1678.766602,1.04e-320,544.7350345743675,466.58257662572305
2024-09-09 15:20:00,1627.666626,1.04e-320,536.2194547436186,478.16661731134536
2024-09-09 15:25:00,1583.266724,1.04e-320,527.448491460398,500.85935190106926
2024-09-09 15:30:00,1626.533325,1.04e-320,518.4176835565625,564.2775908899899
2024-09-09 15:35:00,1627.100098,1.04e-320,509.1238948698985,561.7679817310376
2024-09-09 15:40:00,1677.25,1.04e-320,499.5654102478628,586.5532803566708
2024-09-09 15:45:00,1716.449951,1.04e-320,489.7420199142073,634.1153037535838
2024-09-09 15:50:00,1708.333374,1.04e-320,479.6550915812101,663.8345386473949
2024-09-09 15:55:00,1681.733398,1.04e-320,469.3076295513067,666.9518694771725
2024-09-09 16:00:00,1636.200073,1.04e-320,458.7043204250093,676.8701501679914
2024-09-09 16:05:00,1579.099976,1.04e-320,447.85156498620506,671.9974471971377
2024-09-09 16:10:00,1475.666626,1.04e-320,436.75749595736056,630.8236816063325
2024-09-09 16:15:00,1429.050049,1.04e-320,425.4319815220037,625.7305907137269
2024-09-09 16:20:00,1151.800049,1.04e-320,413.88661447269163,631.6546087743435
2024-09-09 16:25:00,1009.43335,1.04e-320,402.1346871403528,596.448802033425
2024-09-09 16:30:00,1000.933289,1.04e-320,390.1911521315968,581.9039256757726
2024-09-09 16:35:00,957.2000122,1.04e-320,378.0725693126058,612.4313174453838
2024-09-09 16:40:00,968.7333374,1.04e-320,365.79703925303187,665.9974992685684
2024-09-09 16:45:00,944.9000854,1.04e-320,353.38412382378556,652.4921538340326
2024-09-09 16:50:00,880.666687,1.04e-320,340.85475432547236,645.4758837504016
2024-09-09 16:55:00,848.6000366,1.04e-320,328.23112799546203,639.4149579408335
2024-09-09 17:00:00,677.8666382,1.04e-320,315.5365935191129,554.1194406626945
2024-09-09 17:05:00,627.5333862,1.04e-320,302.79552665495163,626.328739761129
2024-09-09 17:10:00,622.2999878,1.04e-320,290.0331966008603,623.8839742361228
2024-09-09 17:15:00,613.333313,1.04e-320,277.2756242936322,634.344687113807
2024-09-09 17:20:00,588.5999756,1.04e-320,264.54943376490763,623.7657499857515
2024-09-09 17:25:00,539.5333252,1.04e-320,251.88169747988601,616.2247087618568
2024-09-09 17:30:00,491.0,1.04e-320,239.29977701826886,604.5354362643774
2024-09-09 17:35:00,431.5666504,1.04e-320,226.83116019073208,651.5567338586701
2024-09-09 17:40:00,410.5,1.04e-320,214.50329585387183,631.4605590007064
2024-09-09 17:45:00,385.0333252,1.04e-320,202.34342770613108,633.0845829347508
2024-09-09 17:50:00,380.1999817,1.04e-320,190.3784282580989,616.8943370885235
2024-09-09 17:55:00,353.5333252,1.04e-320,178.63463429954277,613.2303461205234
2024-09-09 18:00:00,331.5333252,1.04e-320,167.13768502132612,340.62627490211673
2024-09-09 18:05:00,302.8000183,1.04e-320,155.91236409832618,335.04170433336134
2024-09-09 18:10:00,274.0,1.04e-320,144.98244683333073,334.766741429139
2024-09-09 18:15:00,262.5,1.04e-320,134.3705536407001,334.1584452254724
2024-09-09 18:20:00,224.8499908,1.04e-320,124.09801080394358,330.323070135821
2024-09-09 18:25:00,187.8500061,1.04e-320,114.18471969288679,330.323070135821
2024-09-09 18:30:00,149.0,1.04e-320,104.64903527909038,329.3747370517067
2024-09-09 18:35:00,112.6000061,1.04e-320,95.50765506878902,329.3747370517067
2024-09-09 18:40:00,84.80000305,1.04e-320,86.77551901434991,329.33393021857336
2024-09-09 18:45:00,62.89999771,1.04e-320,78.46572131159041,329.33393021857336
2024-09-09 18:50:00,49.69999695,1.04e-320,70.589434736018,329.7993188905733
2024-09-09 18:55:00,39.19999695,1.04e-320,63.15584796861588,334.77930382478155
2024-09-09 19:00:00,27.5,1.04e-320,56.172116450427445,159.56360435209817
2024-09-09 19:05:00,18.53333282,1.04e-320,49.643327085429334,160.59482658109818
2024-09-09 19:10:00,16.45000076,1.04e-320,43.57247701464965,161.19826294869816
2024-09-09 19:15:00,13.66666698,1.04e-320,37.96046665132222,161.19826294869816
2024-09-09 19:20:00,0.0,1.04e-320,32.80610693994616,168.97832252783147
2024-09-09 19:25:00,0.0,1.04e-320,28.106140815560558,171.61281699812776
2024-09-09 19:30:00,0.0,1.04e-320,23.85527862298415,171.51552069872776
2024-09-09 19:35:00,0.0,1.04e-320,20.046247242848608,171.94177987946108
2024-09-09 19:40:00,0.0,1.04e-320,16.669852509396453,173.47888330412775
2024-09-09 19:45:00,0.0,1.04e-320,13.715054412514196,188.08120653932113
2024-09-09 19:50:00,0.0,1.04e-320,11.169054525954392,188.96908468830594
2024-09-09 19:55:00,0.0,1.04e-320,9.017394930068411,199.58113263661562
2024-09-09 20:00:00,0.0,1.04e-320,7.244067884027113,186.87334549751722
2024-09-09 20:05:00,0.0,1.04e-320,5.831635413069402,210.82528704689818
2024-09-09 20:10:00,0.0,1.04e-320,4.7613578484047805,229.60882718606794
2024-09-09 20:15:00,0.0,1.04e-320,4.0133303588046765,241.09802192057916
2024-09-09 20:20:00,0.0,1.04e-320,3.5666264282908067,275.59258557147695
2024-09-09 20:25:00,0.0,1.04e-320,3.3994471661539825,0.6724098526348148
2024-09-09 20:30:00,0.0,1.04e-320,3.489275328275186,0.6276320746348147
2024-09-09 20:35:00,0.0,1.04e-320,3.8130328735393024,0.5808542985681481
2024-09-09 20:40:00,0.0,1.04e-320,4.347240863352348,0.5808542985681481
2024-09-09 20:45:00,0.0,1.04e-320,5.06818050701368,0.5510024465681481
2024-09-09 20:50:00,0.0,1.04e-320,5.952054121693607,0.5510024465681481
2024-09-09 20:55:00,0.0,1.04e-320,6.975144828388914,0.6008987410392592
2024-09-09 21:00:00,0.0,1.04e-320,8.113973774991356,0.31313437870920635
2024-09-09 21:05:00,0.0,1.04e-320,9.345453724240793,0.31313437870920635
2024-09-09 21:10:00,0.0,1.04e-320,10.647037872874153,0.31313437870920635
2024-09-09 21:15:00,0.0,1.04e-320,11.996862810202071,0.31313437870920635
2024-09-09 21:20:00,0.0,1.04e-320,13.373884563857954,0.31313437870920635
2024-09-09 21:25:00,0.0,1.04e-320,14.758006756686997,0.31313437870920635
2024-09-09 21:30:00,0.0,1.04e-320,16.13019995969811,0.31313437870920635
2024-09-09 21:35:00,0.0,1.04e-320,17.472611354940383,0.5114084367425397
2024-09-09 21:40:00,0.0,1.04e-320,18.768664003445874,233.2152691069683
2024-09-09 21:45:00,0.0,1.04e-320,20.00314496244687,157.23554080512116
2024-09-09 21:50:00,0.0,1.04e-320,21.162281717940093,231.73571478142858
2024-09-09 21:55:00,0.0,1.04e-320,22.233806377851838,205.37890082054443
2024-09-09 22:00:00,0.0,1.04e-320,23.20700726482032,157.30631857951005
2024-09-09 22:05:00,0.0,1.04e-320,24.072767578886772,76.27198933484233
2024-09-09 22:10:00,0.0,1.04e-320,24.82359094310765,72.82450415249122
2024-09-09 22:15:00,0.0,1.04e-320,25.453613728938045,31.817396069274608
2024-09-09 22:20:00,0.0,1.04e-320,25.958604175205515,0.3037565957380952
2024-09-09 22:25:00,0.0,1.04e-320,26.335948411074863,0.1641269774047619
2024-09-09 22:30:00,0.0,1.04e-320,26.58462360257074,0.09847618644285715
2024-09-09 22:35:00,0.0,1.04e-320,26.70515853821219,0.0
2024-09-09 22:40:00,0.0,1.04e-320,26.699582073306363,0.0
2024-09-09 22:45:00,0.0,1.04e-320,26.57135994112112,0.0
2024-09-09 22:50:00,0.0,1.04e-320,26.325320540154834,0.0
2024-09-09 22:55:00,0.0,1.04e-320,25.967570382033145,0.0
2024-09-09 23:00:00,0.0,1.04e-320,25.505399971634883,0.0
2024-09-09 23:05:00,0.0,1.04e-320,24.947180965347233,0.0
2024-09-09 23:10:00,0.0,1.04e-320,24.302255516609872,20.164258896444448
2024-09-09 23:15:00,0.0,1.04e-320,23.58081878377649,20.164258896444448
2024-09-09 23:20:00,0.0,1.04e-320,22.793795616607735,20.164258896444448
2024-09-09 23:25:00,0.0,1.04e-320,21.952712512229425,20.164258896444448
2024-09-09 23:30:00,0.0,1.04e-320,21.06956590433387,20.164258896444448
2024-09-09 23:35:00,0.0,1.04e-320,20.15668797049135,20.164258896444448
2024-09-09 23:40:00,0.0,1.04e-320,19.226611048317224,20.164258896444448
2024-09-09 23:45:00,0.0,1.04e-320,18.29193187001422,10.271962788888889
2024-09-09 23:50:00,0.0,1.04e-320,17.36517673966109,10.271962788888889
2024-09-09 23:55:00,0.0,1.04e-320,16.45866880928298,9.285147976444446
2024-09-10 00:00:00,0.0,1.04e-320,15.584398587919678,21.189442610062223
2024-09-10 00:05:00,0.0,1.04e-320,14.753898776186432,21.189442610062223
2024-09-10 00:10:00,0.0,1.04e-320,13.978124496279385,20.69419254397889
2024-09-10 00:15:00,0.0,1.04e-320,13.267339924509159,20.69419254397889
2024-09-10 00:20:00,0.0,1.04e-320,12.631012322874536,20.192592537872223
2024-09-10 00:25:00,0.0,1.04e-320,12.07771431733933,20.192592537872223
2024-09-10 00:30:00,0.0,1.04e-320,11.615035326854091,20.192592537872223
2024-09-10 00:35:00,0.0,1.04e-320,11.249502850034606,17.666787066622224
2024-09-10 00:40:00,0.0,1.04e-320,10.986514317919863,3.2958889005111107
2024-09-10 00:45:00,0.0,1.04e-320,10.830280096969457,3.2958889005111107
2024-09-10 00:50:00,0.0,1.04e-320,10.783778148181202,3.2958889005111107
2024-09-10 00:55:00,0.0,1.04e-320,10.848720745696,3.2958889005111107
2024-09-10 01:00:00,0.0,1.04e-320,11.02553356540056,3.2958889005111107
2024-09-10 01:05:00,0.0,1.04e-320,11.31334734963744,3.2958889005111107
2024-09-10 01:10:00,0.0,1.04e-320,11.710002250884479,3.2958889005111107
2024-09-10 01:15:00,0.0,1.04e-320,12.212064854213219,3.2958889005111107
2024-09-10 01:20:00,0.0,1.04e-320,12.814857772901352,3.2958889005111107
2024-09-10 01:25:00,0.0,1.04e-320,13.512501612050384,0.0
2024-09-10 01:30:00,0.0,1.04e-320,14.297968979692904,0.0
2024-09-10 01:35:00,0.0,1.04e-320,15.163150147859909,0.0
2024-09-10 01:40:00,0.0,1.04e-320,16.098929846305,0.0
2024-09-10 01:45:00,0.0,1.04e-320,17.09527458987542,0.0
2024-09-10 01:50:00,0.0,1.04e-320,18.14132985616192,0.0
2024-09-10 01:55:00,0.0,1.04e-320,19.22552632663905,0.0
2024-09-10 02:00:00,0.0,1.04e-320,20.335694363682993,0.0
2024-09-10 02:05:00,0.0,1.04e-320,21.45918577433397,0.0
2024-09-10 02:10:00,0.0,1.04e-320,22.583001903154543,0.0
2024-09-10 02:15:00,0.0,1.04e-320,23.693926994383823,0.0
2024-09-10 02:20:00,0.0,1.04e-320,24.778665746230566,1.784722239077778
2024-09-10 02:25:00,0.0,1.04e-320,25.823983914469267,1.784722239077778
2024-09-10 02:30:00,0.0,1.04e-320,26.816850822320518,1.784722239077778
2024-09-10 02:35:00,0.0,1.04e-320,27.744582581596077,1.784722239077778
2024-09-10 02:40:00,0.0,1.04e-320,28.59498483530306,1.784722239077778
2024-09-10 02:45:00,0.0,1.04e-320,29.35649382648952,1.784722239077778
2024-09-10 02:50:00,0.0,1.04e-320,30.018314589597743,1.784722239077778
2024-09-10 02:55:00,0.0,1.04e-320,30.570555103316924,0.7236111067166666
2024-09-10 03:00:00,0.0,1.04e-320,31.00435523805351,0.7236111067166666
2024-09-10 03:05:00,0.0,1.04e-320,31.312009388270546,0.7236111067166666
2024-09-10 03:10:00,0.0,1.04e-320,31.487081707767597,0.7236111067166666
2024-09-10 03:15:00,0.0,1.04e-320,31.52451292424471,0.7236111067166666
2024-09-10 03:20:00,0.0,1.04e-320,31.420717765539667,0.7236111067166666
2024-09-10 03:25:00,0.0,1.04e-320,31.173672100445888,0.7236111067166666
2024-09-10 03:30:00,0.0,1.04e-320,30.782988959872988,0.0
2024-09-10 03:35:00,0.0,1.04e-320,30.249982714913056,0.0
2024-09-10 03:40:00,0.0,1.04e-320,29.57772071379384,0.0
2024-09-10 03:45:00,0.0,1.04e-320,28.771061868110046,0.0
2024-09-10 03:50:00,0.0,1.04e-320,27.836681657173344,0.0
2024-09-10 03:55:00,0.0,1.04e-320,26.783083239251326,0.0
2024-09-10 04:00:00,0.0,1.04e-320,25.62059436715358,0.0
2024-09-10 04:05:00,0.0,1.04e-320,24.361349971073047,0.0
2024-09-10 04:10:00,0.0,1.04e-320,23.01926035748439,0.0
2024-09-10 04:15:00,0.0,1.04e-320,21.60996507103197,0.0
2024-09-10 04:20:00,0.0,1.04e-320,20.15077262931027,0.0
2024-09-10 04:25:00,0.0,1.04e-320,18.66058634999447,0.0
2024-09-10 04:30:00,0.0,1.04e-320,17.15981672393445,0.0
2024-09-10 04:35:00,0.0,1.04e-320,15.670280753650239,0.0
2024-09-10 04:40:00,0.0,1.04e-320,14.215088926198064,0.0
2024-09-10 04:45:00,0.0,1.04e-320,12.818520428984309,0.7236111067166666
2024-09-10 04:50:00,0.0,1.04e-320,11.50588746435366,0.7236111067166666
2024-09-10 04:55:00,0.0,1.04e-320,10.303389477380222,0.7236111067166666
2024-09-10 05:00:00,0.0,1.04e-320,9.237958263065872,0.7236111067166666
2024-09-10 05:05:00,0.0,1.04e-320,8.337094999460577,0.7236111067166666
2024-09-10 05:10:00,0.0,1.04e-320,7.62870025313357,0.7236111067166666
2024-09-10 05:15:00,0.0,1.04e-320,7.140898139978965,0.7236111067166666
2024-09-10 05:20:00,0.0,1.04e-320,6.901855826165578,0.7236111067166666
2024-09-10 05:25:00,0.0,1.04e-320,6.939599617037506,0.7236111067166666
2024-09-10 05:30:00,0.0,1.04e-320,7.2818288930828015,0.7236111067166666
2024-09-10 05:35:00,0.0,1.04e-320,7.955729222655156,0.7236111067166666
2024-09-10 05:40:00,0.0,1.04e-320,8.98778591292504,0.7236111067166666
2024-09-10 05:45:00,0.0,1.04e-320,10.403599377974516,0.7236111067166666
2024-09-10 05:50:00,0.0,1.04e-320,12.227703566259432,0.7236111067166666
2024-09-10 05:55:00,0.0,1.04e-320,14.483388805956302,0.7236111067166666
2024-09-10 06:00:00,0.0,1.04e-320,17.19253029070881,29.838854676150223
2024-09-10 06:05:00,0.0,1.04e-320,20.375423474741986,29.838854676150223
2024-09-10 06:10:00,0.0,1.04e-320,24.050627555098117,30.16174357181689
2024-09-10 06:15:00,0.0,1.04e-320,28.234818185589802,30.16174357181689
2024-09-10 06:20:00,0.0,1.04e-320,32.94265052168933,31.518362645883553
2024-09-10 06:25:00,0.0,1.04e-320,38.18663355608052,36.651268315691894
2024-09-10 06:30:00,0.0,1.04e-320,43.97701678829721,49.935392912915944
2024-09-10 06:35:00,0.0,1.04e-320,50.32168992619039,49.935392912915944
2024-09-10 06:40:00,0.0,1.04e-320,57.22609654693736,49.935392912915944
2024-09-10 06:45:00,0.0,1.04e-320,64.69316227707696,49.935392912915944
2024-09-10 06:50:00,0.0,1.04e-320,72.72323809753604,49.39639289764927
2024-09-10 06:55:00,0.0,1.04e-320,81.31405926438158,49.763526254049275
2024-09-10 07:00:00,0.0,1.04e-320,90.46072011880152,264.879614480563
2024-09-10 07:05:00,58.09999847,1.04e-320,100.15566514077962,264.879614480563
2024-09-10 07:10:00,65.09999847,1.04e-320,110.38869628468954,264.879614480563
2024-09-10 07:15:00,76.09999847,1.04e-320,121.14699672881011,264.879614480563
2024-09-10 07:20:00,71.73332977,1.04e-320,132.41517073440073,264.879614480563
2024-09-10 07:25:00,93.30000305,1.04e-320,144.17529966500527,264.879614480563
2024-09-10 07:30:00,103.1999969,1.04e-320,156.40701369401853,265.705947793563
2024-09-10 07:35:00,122.4000015,1.04e-320,169.08757872414623,265.705947793563
2024-09-10 07:40:00,156.8999939,1.04e-320,182.1919981294385,267.6796883613038
2024-09-10 07:45:00,185.3000031,1.04e-320,195.69312854574653,267.6796883613038
2024-09-10 07:50:00,199.8000031,1.04e-320,209.5618090738642,267.6796883613038
2024-09-10 07:55:00,229.6000061,1.04e-320,223.76700289172058,268.74987356908156
2024-09-10 08:00:00,217.2333374,1.04e-320,238.27595065295102,554.5398242686434
2024-09-10 08:05:00,230.1333466,1.04e-320,253.05433424858336,554.6080910532435
2024-09-10 08:10:00,274.8999939,1.04e-320,268.06645028214484,561.3899864850044
2024-09-10 08:15:00,261.4333496,1.04e-320,283.2753918281809,558.1678480121933
2024-09-10 08:20:00,329.8999939,1.04e-320,298.6432373727874,575.4124370318028
2024-09-10 08:25:00,379.7999878,1.04e-320,314.131245731938,583.5696566351425
2024-09-10 08:30:00,450.2000122,1.04e-320,329.7000554984081,559.7163207516496
2024-09-10 08:35:00,486.0,1.04e-320,345.30988790749547,558.8505088633506
2024-09-10 08:40:00,574.5,1.04e-320,360.9207516013693,550.5479865225092
2024-09-10 08:45:00,536.2000122,1.04e-320,376.4926481214728,550.5479865225092
2024-09-10 08:50:00,637.5999756,1.04e-320,391.9857764651541,550.4354188200243
2024-09-10 08:55:00,603.0,1.04e-320,407.3607357316259,549.9483667803842
2024-09-10 09:00:00,628.0666504,1.04e-320,422.57872432512306,869.6119958288615
2024-09-10 09:05:00,618.2333374,1.04e-320,437.60173433227374,917.4891666905648
2024-09-10 09:10:00,608.333313,1.04e-320,452.3927400254505,951.2096107969214
2024-09-10 09:15:00,599.5,1.04e-320,466.9158791005064,963.2251449575914
2024-09-10 09:20:00,660.5,1.04e-320,481.1366255365892,1023.4831403756972
2024-09-10 09:25:00,631.5,1.04e-320,495.02195301069634,1222.3111320749251
2024-09-10 09:30:00,653.0333252,1.04e-320,508.54048773280874,1247.1605229702539
2024-09-10 09:35:00,655.2000122,1.04e-320,521.6626498520076,1257.298841137568
2024-09-10 09:40:00,662.4333496,1.04e-320,534.3607824597271,1257.5616744912345
2024-09-10 09:45:00,659.833313,1.04e-320,546.609267522833,1261.5713785390124
2024-09-10 09:50:00,647.1333618,1.04e-320,558.3846279298829,1118.2107653472685
2024-09-10 09:55:00,633.7000122,1.04e-320,569.6656151909102,1117.7282559284722
2024-09-10 10:00:00,742.4000244,1.04e-320,580.4332821491507,1451.029732938278
2024-09-10 10:05:00,846.7999878,1.04e-320,590.6710405054434,1451.029732938278
2024-09-10 10:10:00,803.9666138,1.04e-320,600.3647027486588,1451.029732938278
2024-09-10 10:15:00,946.9000244,1.04e-320,609.5025084658118,1659.758856176425
2024-09-10 10:20:00,1033.599976,1.04e-320,618.075134780414,1659.3379674237585
2024-09-10 10:25:00,1122.599976,1.04e-320,626.0756912525239,1647.8852932417071
2024-09-10 10:30:00,1222.699951,1.04e-320,633.4996992477661,1647.8852932417071
2024-09-10 10:35:00,1461.699951,1.04e-320,640.3450560670926,1651.6252374970402
2024-09-10 10:40:00,1331.866577,1.04e-320,646.6119843262733,1651.6252374970402
2024-09-10 10:45:00,1376.366577,1.04e-320,652.3029670086718,1664.0711555632206
2024-09-10 10:50:00,1556.900024,1.04e-320,657.4226688080379,1664.0711555632206
2024-09-10 10:55:00,1466.066772,1.04e-320,661.9778444850543,1630.765550902721
2024-09-10 11:00:00,2060.800049,1.04e-320,665.9772349645062,1638.0381790162953
2024-09-10 11:05:00,1890.300049,1.04e-320,669.4314520955363,1638.0381790162953
2024-09-10 11:10:00,1863.333374,1.04e-320,672.3528529772062,1650.6957895272897
2024-09-10 11:15:00,1787.866699,1.04e-320,674.7554048929138,1650.6957895272897
2024-09-10 11:20:00,1844.633301,1.04e-320,676.6545419001563,1653.7082529061786
2024-09-10 11:25:00,1842.966675,1.04e-320,678.0670142142168,1670.6030472034365
2024-09-10 11:30:00,1828.400024,1.04e-320,679.0107315646422,1670.6030472034365
2024-09-10 11:35:00,2056.600098,1.04e-320,679.5046016980399,1695.9742619525105
2024-09-10 11:40:00,1899.933228,1.04e-320,679.5683653189823,1695.948235934955
2024-09-10 11:45:00,1930.400024,1.04e-320,679.2224286540488,1698.0182464007962
2024-09-10 11:50:00,2060.0,1.04e-320,678.4876949479725,1698.0182464007962
2024-09-10 11:55:00,1975.400024,1.04e-320,677.3853961263716,1698.0182464007962
2024-09-10 12:00:00,2017.900024,1.04e-320,675.9369258723494,1408.9123668832576
2024-09-10 12:05:00,2000.700073,1.04e-320,674.1636753583548,1408.9123668832576
2024-09-10 12:10:00,2025.0,1.04e-320,672.0868728134647,1391.331677836591
2024-09-10 12:15:00,2040.966675,1.04e-320,669.7274280997391,1382.7152897206313
2024-09-10 12:20:00,2057.699951,1.04e-320,667.1057834077067,1382.743415237409
2024-09-10 12:25:00,2059.033447,1.04e-320,664.2417711308661,1373.721906216946
2024-09-10 12:30:00,2058.766602,1.04e-320,661.1544799145905,1377.236284632279
2024-09-10 12:35:00,2057.699951,1.04e-320,657.8621298168586,1585.532774096758
2024-09-10 12:40:00,2056.033203,1.04e-320,654.3819574325563,1647.0282574905486
2024-09-10 12:45:00,2056.199951,1.04e-320,650.7301117377159,1663.8866505669062
2024-09-10 12:50:00,2056.600098,1.04e-320,646.9215613572288,1670.1229466871223
2024-09-10 12:55:00,2057.299805,1.04e-320,642.9700138418573,1639.74730686899
2024-09-10 13:00:00,2057.25,1.04e-320,638.8878474347002,1689.5399647578602
2024-09-10 13:05:00,2055.599854,1.04e-320,634.686055766597,1619.6314457862563
2024-09-10 13:10:00,2054.133545,1.04e-320,630.3742057242247,1615.5344118531646
2024-09-10 13:15:00,2052.333252,1.04e-320,625.9604086956118,1576.3617073672392
2024-09-10 13:20:00,2053.43335,1.04e-320,621.4513053349929,1539.67599907921
2024-09-10 13:25:00,2030.833374,1.04e-320,616.8520637403583,1304.982928400305
2024-09-10 13:30:00,1997.333374,1.04e-320,612.1663909734345,1594.658280329765
2024-09-10 13:35:00,1997.433228,1.04e-320,607.396557717439,1100.8596124328935
2024-09-10 13:40:00,2023.0,1.04e-320,602.5434356895624,1100.8596124328935
2024-09-10 13:45:00,2058.533203,1.04e-320,597.6065474330982,994.5639564780311
2024-09-10 13:50:00,2060.100098,1.04e-320,592.584127956911,1091.230707466475
2024-09-10 13:55:00,2058.033447,1.04e-320,587.473197604769,919.0264572740699
2024-09-10 14:00:00,2058.466553,1.04e-320,582.2696454960378,836.3434697921684
2024-09-10 14:05:00,2057.56665,1.04e-320,576.9683227361983,809.6046821005751
2024-09-10 14:10:00,2058.06665,1.04e-320,571.5631445825769,781.1470726494084
2024-09-10 14:15:00,2056.299805,1.04e-320,566.0472006300882,776.2625165767417
2024-09-10 14:20:00,2054.599854,1.04e-320,560.4128720793301,749.2353475351922
2024-09-10 14:25:00,2053.533447,1.04e-320,554.651955060324,745.6341479304664
2024-09-10 14:30:00,2054.5,1.04e-320,548.7557889330794,728.4132339680543
2024-09-10 14:35:00,2055.06665,1.04e-320,542.7153885283657,730.871981513462
2024-09-10 14:40:00,2055.233398,1.04e-320,536.5215791429822,727.9983680164007
2024-09-10 14:45:00,2053.766602,1.04e-320,530.1651331615194,731.8405568972167
2024-09-10 14:50:00,2053.333252,1.04e-320,523.6369072546532,756.1334747528166
2024-09-10 14:55:00,2052.633301,1.04e-320,516.9279788616652,671.549125980537
2024-09-10 15:00:00,2053.266602,1.04e-320,510.02978093456454,627.2838254786037
2024-09-10 15:05:00,2054.533203,1.04e-320,502.9342337678787,613.7743280427147
2024-09-10 15:10:00,2056.800049,1.04e-320,495.6338728856503,676.8516738683392
2024-09-10 15:15:00,1951.700073,1.04e-320,488.1219718508712,659.7259667270281
2024-09-10 15:20:00,1918.400024,1.04e-320,480.3926590543977,654.0319691536853
2024-09-10 15:25:00,1861.933228,1.04e-320,472.4410274723583,934.7568002046977
2024-09-10 15:30:00,1899.799927,1.04e-320,464.2632365432679,943.8646732061063
2024-09-10 15:35:00,1840.599976,1.04e-320,455.85660526802474,940.6876989919544
2024-09-10 15:40:00,1794.066772,1.04e-320,447.2196958361765,927.6357488065032
2024-09-10 15:45:00,1750.799927,1.04e-320,438.3523869954127,937.4207242359921
2024-09-10 15:50:00,1726.366577,1.04e-320,429.2559366597728,944.9854505283479
2024-09-10 15:55:00,1697.866577,1.04e-320,419.9330331583646,564.5894781921429
2024-09-10 16:00:00,1647.066772,1.04e-320,410.387834719842,481.9500260855231
2024-09-10 16:05:00,1574.133301,1.04e-320,400.62599690138234,463.3598112712649
2024-09-10 16:10:00,1492.933472,1.04e-320,390.65468764002253,450.6518053055507
2024-09-10 16:15:00,1443.799927,1.04e-320,380.4825897862511,458.7242273762403
2024-09-10 16:20:00,1419.433228,1.04e-320,370.11989123006197,429.08513567315293
2024-09-10 16:25:00,1399.600098,1.04e-320,359.57826242793544,403.4418964884603
2024-09-10 16:30:00,1334.633301,1.04e-320,348.8708216755838,415.5242947534556
2024-09-10 16:35:00,1287.800049,1.04e-320,338.01208825894497,400.75529924891464
2024-09-10 16:40:00,1253.233398,1.04e-320,327.0179239319609,394.84462418480035
2024-09-10 16:45:00,1265.850098,1.04e-320,315.90546304320134,328.789019528494
2024-09-10 16:50:00,1081.199951,1.04e-320,304.6930318861286,330.5147285263229
2024-09-10 16:55:00,666.5499878,1.04e-320,293.4000579144161,316.9051135117773
2024-09-10 17:00:00,401.0666504,1.04e-320,282.04696935839496,344.35514488283656
2024-09-10 17:05:00,374.2999573,1.04e-320,270.65508628285494,329.82414139939334
2024-09-10 17:10:00,349.3666687,1.04e-320,259.2465035345071,376.88612065341596
2024-09-10 17:15:00,330.6999817,1.04e-320,247.84396681105505,379.11466785051994
2024-09-10 17:20:00,314.9333191,1.04e-320,236.47074255078448,414.2492219369586
2024-09-10 17:25:00,300.3000183,1.04e-320,225.15048276002003,438.42273441054255
2024-09-10 17:30:00,282.6666565,1.04e-320,213.90708571458063,454.9770545983601
2024-09-10 17:35:00,260.6999817,1.04e-320,202.76455370138197,473.64534465667083
2024-09-10 17:40:00,238.6000214,1.04e-320,191.74684876065916,469.9732529479043
2024-09-10 17:45:00,220.9000092,1.04e-320,180.87774751590106,471.36527776088576
2024-09-10 17:50:00,207.0666656,1.04e-320,170.1806963919222,496.5269167042132
2024-09-10 17:55:00,191.4000092,1.04e-320,159.67866801025303,473.48154803511164
2024-09-10 18:00:00,171.9666748,1.04e-320,149.3940200794068,325.5416748473218
2024-09-10 18:05:00,154.0,1.04e-320,139.34835771441269,328.353701774969
2024-09-10 18:10:00,144.9499817,1.04e-320,129.56240033601375,322.5547594368662
2024-09-10 18:15:00,125.1999893,1.04e-320,120.05585401631086,322.59694826910334
2024-09-10 18:20:00,100.0999985,1.04e-320,110.84729032820518,357.0048075649284
2024-09-10 18:25:00,92.33333588,1.04e-320,101.9540325776451,345.7128111407006
2024-09-10 18:30:00,83.33333588,1.04e-320,93.39205020408173,344.8599705915451
2024-09-10 18:35:00,80.05000305,1.04e-320,85.17586231647356,302.7254258174854
2024-09-10 18:40:00,66.8999939,1.04e-320,77.31845081159788,302.7254258174854
2024-09-10 18:45:00,54.95000076,1.04e-320,69.83118397619609,306.5545108576816
2024-09-10 18:50:00,42.19999695,1.04e-320,62.72375095194718,306.4922649324435
2024-09-10 18:55:00,30.29999924,1.04e-320,56.00410763526459,306.4922649324435
2024-09-10 19:00:00,21.79999924,1.04e-320,49.67843437150775,22.618077503765566
2024-09-10 19:05:00,16.29999924,1.04e-320,43.751105723746285,22.618077503765566
2024-09-10 19:10:00,12.83333302,1.04e-320,38.224672592911816,22.618077503765566
2024-09-10 19:15:00,0.0,1.04e-320,33.09985667511429,22.510877504285567
2024-09-10 19:20:00,0.0,1.04e-320,28.375557442419797,22.510877504285567
2024-09-10 19:25:00,0.0,1.04e-320,24.04887140579723,22.510877504285567
2024-09-10 19:30:00,0.0,1.04e-320,20.115123602478498,22.510877504285567
2024-09-10 19:35:00,0.0,1.04e-320,16.567910987154864,24.6671934026089
2024-09-10 19:40:00,0.0,1.04e-320,13.399157422594437,25.64269061441482
2024-09-10 19:45:00,0.0,1.04e-320,10.599179775388397,25.64269061441482
2024-09-10 19:50:00,0.0,1.04e-320,8.156764636605349,25.59332394318482
2024-09-10 19:55:00,0.0,1.04e-320,6.05925505027131,25.67923079941845
2024-09-10 20:00:00,0.0,1.04e-320,4.29264656477687,2.4519470655978832
2024-09-10 20:05:00,0.0,1.04e-320,2.8416918877561934,123.47500404390718
2024-09-10 20:10:00,0.0,1.04e-320,1.6900133087374771,130.31187826596116
2024-09-10 20:15:00,0.0,1.04e-320,0.8202220365846167,124.50970366809607
2024-09-10 20:20:00,0.0,1.04e-320,0.21404353765971448,121.51600635807813
2024-09-10 20:25:00,0.0,1.04e-320,-0.1475520846923741,130.75700178600513
2024-09-10 20:30:00,0.0,1.04e-320,-0.2842156627895069,128.07598002259402
2024-09-10 20:35:00,0.0,1.04e-320,-0.2160815104399799,145.52377475022894
2024-09-10 20:40:00,0.0,1.04e-320,0.03637202088198833,22.044002846887302
2024-09-10 20:45:00,0.0,1.04e-320,0.45246292549593986,28.79983582574444
2024-09-10 20:50:00,0.0,1.04e-320,1.0114457940360415,10.29901834637778
2024-09-10 20:55:00,0.0,1.04e-320,1.6926509244862555,0.17418517637777778
2024-09-10 21:00:00,0.0,1.04e-320,2.475621193526476,0.17418517637777778
2024-09-10 21:05:00,0.0,1.04e-320,3.340245744333788,0.17418517637777778
2024-09-10 21:10:00,0.0,1.04e-320,4.266889439430834,0.17418517637777778
2024-09-10 21:15:00,0.0,1.04e-320,5.236517172803307,0.17418517637777778
2024-09-10 21:20:00,0.0,1.04e-320,6.2308121149160485,0.17418517637777778
2024-09-10 21:25:00,0.0,1.04e-320,7.232287038797213,0.23003702371111112
2024-09-10 21:30:00,0.0,1.04e-320,8.224387933823785,0.31381479471111107
2024-09-10 21:35:00,0.0,1.04e-320,9.191589157836562,0.36966664204444444
2024-09-10 21:40:00,0.0,1.04e-320,10.11947948699889,0.0
2024-09-10 21:45:00,0.0,1.04e-320,10.994838434217561,0.0
2024-09-10 21:50:00,0.0,1.04e-320,11.805702368274714,0.0
2024-09-10 21:55:00,0.0,1.04e-320,12.541419953232195,0.0
2024-09-10 22:00:00,0.0,1.04e-320,13.192696605892257,0.0
2024-09-10 22:05:00,0.0,1.04e-320,13.751627678165304,0.0
2024-09-10 22:10:00,0.0,1.04e-320,14.211720216095724,0.0
2024-09-10 22:15:00,0.0,1.04e-320,14.567903213210577,0.0
2024-09-10 22:20:00,0.0,1.04e-320,14.816526364090379,0.0
2024-09-10 22:25:00,0.0,1.04e-320,14.955347432377293,0.0
2024-09-10 22:30:00,0.0,1.04e-320,14.98350842084333,0.0
2024-09-10 22:35:00,0.0,1.04e-320,14.901500827226425,0.0
2024-09-10 22:40:00,0.0,1.04e-320,14.7111203541118,0.0
2024-09-10 22:45:00,0.0,1.04e-320,14.415411521943653,0.0
2024-09-10 22:50:00,0.0,1.04e-320,14.018602718828165,0.0
2024-09-10 22:55:00,0.0,1.04e-320,13.526032283324577,0.0
2024-09-10 23:00:00,0.0,1.04e-320,12.944066301879332,0.0
2024-09-10 23:05:00,0.0,1.04e-320,12.280008857037656,0.9868148124444444
2024-09-10 23:10:00,0.0,1.04e-320,11.542005516777493,0.0
2024-09-10 23:15:00,0.0,1.04e-320,10.738940923036514,0.0
2024-09-10 23:20:00,0.0,1.04e-320,9.880331364159144,0.0
2024-09-10 23:25:00,0.0,1.04e-320,8.976213266858007,0.0
2024-09-10 23:30:00,0.0,1.04e-320,8.037028569400716,0.0
2024-09-10 23:35:00,0.0,1.04e-320,7.073507957861763,0.0
2024-09-10 23:40:00,0.0,1.04e-320,6.0965529671830305,0.0
2024-09-10 23:45:00,0.0,1.04e-320,5.117117953749316,0.0
2024-09-10 23:50:00,0.0,1.04e-320,4.1460929456284275,0.0
2024-09-10 23:55:00,0.0,1.04e-320,3.1941883609465713,0.0
2024-09-11 00:00:00,0.0,1.04e-320,2.271822581718146,17.39179466542889
2024-09-11 00:05:00,0.0,1.04e-320,1.3890133334376398,15.38291324315333
2024-09-11 00:10:00,0.0,1.04e-320,0.5552737922269734,15.38291324315333
2024-09-11 00:15:00,0.0,1.04e-320,-0.22048569346541522,15.970857604453334
2024-09-11 00:20:00,0.0,1.04e-320,-0.9300494372055415,18.16838707272889
2024-09-11 00:25:00,0.0,1.04e-320,-1.5659810169436306,18.16838707272889
2024-09-11 00:30:00,0.0,1.04e-320,-2.1216999316232266,18.16838707272889
2024-09-11 00:35:00,0.0,1.04e-320,-2.59154963538103,18.16838707272889
2024-09-11 00:40:00,0.0,1.04e-320,-2.9708563897804185,3.7974889066177777
2024-09-11 00:45:00,0.0,1.04e-320,-3.255978402558306,3.7974889066177777
2024-09-11 00:50:00,0.0,1.04e-320,-3.4443448296868255,3.7974889066177777
2024-09-11 00:55:00,0.0,1.04e-320,-3.5344842914946777,3.297600016051111
2024-09-11 01:00:00,0.0,1.04e-320,-3.5260426403998526,3.297600016051111
2024-09-11 01:05:00,0.0,1.04e-320,-3.4197898051271234,3.297600016051111
2024-09-11 01:10:00,0.0,1.04e-320,-3.21761562997643,3.297600016051111
2024-09-11 01:15:00,0.0,1.04e-320,-2.9225147115709236,0.5016000061066667
2024-09-11 01:20:00,0.0,1.04e-320,-2.538560330692148,0.5016000061066667
2024-09-11 01:25:00,0.0,1.04e-320,-2.070867667177571,0.0
2024-09-11 01:30:00,0.0,1.04e-320,-1.5255465713620744,0.0
2024-09-11 01:35:00,0.0,1.04e-320,-0.9096442542976819,0.0
2024-09-11 01:40:00,0.0,1.04e-320,-0.2310783392153678,0.0
2024-09-11 01:45:00,0.0,1.04e-320,0.5014391916254803,0.0
2024-09-11 01:50:00,0.0,1.04e-320,1.2784865631728237,0.0
2024-09-11 01:55:00,0.0,1.04e-320,2.090024603237235,0.0
2024-09-11 02:00:00,0.0,1.04e-320,2.925496237765399,0.0
2024-09-11 02:05:00,0.0,1.04e-320,3.773932260482553,0.0
2024-09-11 02:10:00,0.0,1.04e-320,4.624062553823827,0.0
2024-09-11 02:15:00,0.0,1.04e-320,5.4644318255331035,0.0
2024-09-11 02:20:00,0.0,1.04e-320,6.283518928078772,0.0
2024-09-11 02:25:00,0.0,1.04e-320,7.069858780995047,0.0
2024-09-11 02:30:00,0.0,1.04e-320,7.812165883828952,0.0
2024-09-11 02:35:00,0.0,1.04e-320,8.499458397263563,0.0
2024-09-11 02:40:00,0.0,1.04e-320,9.121181757302553,0.0
2024-09-11 02:45:00,0.0,1.04e-320,9.667330780212982,0.0
2024-09-11 02:50:00,0.0,1.04e-320,10.1285692310484,0.0
2024-09-11 02:55:00,0.0,1.04e-320,10.49634582822396,0.0
2024-09-11 03:00:00,0.0,1.04e-320,10.763005702521944,0.0
2024-09-11 03:05:00,0.0,1.04e-320,10.921896319893591,0.0
2024-09-11 03:10:00,0.0,1.04e-320,10.967466965564602,0.0
2024-09-11 03:15:00,0.0,1.04e-320,10.89536087635817,0.0
2024-09-11 03:20:00,0.0,1.04e-320,10.7024992088666,0.0
2024-09-11 03:25:00,0.0,1.04e-320,10.387156058119196,0.0
2024-09-11 03:30:00,0.0,1.04e-320,9.949023813267601,0.0
2024-09-11 03:35:00,0.0,1.04e-320,9.389268222978014,0.0
2024-09-11 03:40:00,0.0,1.04e-320,8.710572589170393,0.0
2024-09-11 03:45:00,0.0,1.04e-320,7.917170618435401,0.0
2024-09-11 03:50:00,0.0,1.04e-320,7.0148675164962375,0.0
2024-09-11 03:55:00,0.0,1.04e-320,6.011049040294951,0.0
2024-09-11 04:00:00,0.0,1.04e-320,4.914678240624828,0.0
2024-09-11 04:05:00,0.0,1.04e-320,3.73627982472576,0.0
2024-09-11 04:10:00,0.0,1.04e-320,2.4879120419478884,0.0
2024-09-11 04:15:00,0.0,1.04e-320,1.1831262038402577,0.0
2024-09-11 04:20:00,0.0,1.04e-320,-0.16308603949581676,0.0
2024-09-11 04:25:00,0.0,1.04e-320,-1.5343574018203459,0.0
2024-09-11 04:30:00,0.0,1.04e-320,-2.913021315230661,0.0
2024-09-11 04:35:00,0.0,1.04e-320,-4.280199494325189,0.0
2024-09-11 04:40:00,0.0,1.04e-320,-5.61590019690155,0.0
2024-09-11 04:45:00,0.0,1.04e-320,-6.89912658665979,0.0
2024-09-11 04:50:00,0.0,1.04e-320,-8.107994491068986,0.0
2024-09-11 04:55:00,0.0,1.04e-320,-9.21985884420914,0.0
2024-09-11 05:00:00,0.0,1.04e-320,-10.211447938899578,0.0
2024-09-11 05:05:00,0.0,1.04e-320,-11.059004628956876,0.0
2024-09-11 05:10:00,0.0,1.04e-320,-11.738433531386198,0.0
2024-09-11 05:15:00,0.0,1.04e-320,-12.225453227584856,0.0
2024-09-11 05:20:00,0.0,1.04e-320,-12.495752418524432,0.0
2024-09-11 05:25:00,0.0,1.04e-320,-12.52514897196523,0.0
2024-09-11 05:30:00,0.0,1.04e-320,-12.28975074730441,0.0
2024-09-11 05:35:00,0.0,1.04e-320,-11.766117079995377,0.0
2024-09-11 05:40:00,0.0,1.04e-320,-10.931419790428922,0.0
2024-09-11 05:45:00,0.0,1.04e-320,-9.763602576750607,0.0
2024-09-11 05:50:00,0.0,1.04e-320,-8.24153766776149,0.0
2024-09-11 05:55:00,0.0,1.04e-320,-6.345178609320412,0.0
2024-09-11 06:00:00,0.0,1.04e-320,-4.055708088918014,86.03353280505884
2024-09-11 06:05:00,0.0,1.04e-320,-1.355679734181449,93.44669718849025
2024-09-11 06:10:00,0.0,1.04e-320,1.7708471423471246,94.34785368287106
2024-09-11 06:15:00,0.0,1.04e-320,5.3381808489004925,96.71473150115996
2024-09-11 06:20:00,0.0,1.04e-320,9.358879569935018,93.86796731473011
2024-09-11 06:25:00,0.0,1.04e-320,13.843643475861219,96.31866913887232
2024-09-11 06:30:00,0.0,1.04e-320,18.80121749971708,95.56588023490012
2024-09-11 06:35:00,0.0,1.04e-320,24.238305433039375,97.12144679844678
2024-09-11 06:40:00,0.0,1.04e-320,30.159496113708485,111.62557976394162
2024-09-11 06:45:00,78.69999695,1.04e-320,36.567202184216285,96.22539977818343
2024-09-11 06:50:00,96.19999695,1.04e-320,43.46161196836638,98.36834657372604
2024-09-11 06:55:00,146.8000031,1.04e-320,50.84065478685814,96.32636112595047
2024-09-11 07:00:00,179.1999969,1.04e-320,58.69998010081981,504.8131200914106
2024-09-11 07:05:00,200.3000031,1.04e-320,67.03295061790817,504.9740893347421
2024-09-11 07:10:00,187.5,1.04e-320,75.83064952164818,507.4340225826755
2024-09-11 07:15:00,189.1666718,1.04e-320,85.08190176900887,519.8362201043026
2024-09-11 07:20:00,316.7000122,1.04e-320,94.77330943730317,558.4724057369781
2024-09-11 07:25:00,398.6000061,1.04e-320,104.8893008591498,569.468068555721
2024-09-11 07:30:00,403.8000183,1.04e-320,115.41219334008099,562.3438229539246
2024-09-11 07:35:00,398.0,1.04e-320,126.32226901103594,652.780747861227
2024-09-11 07:40:00,537.5,1.04e-320,137.5978633670306,658.5692514421604
2024-09-11 07:45:00,517.7999878,1.04e-320,149.21546597181654,693.5486209926581
2024-09-11 07:50:00,501.7666931,1.04e-320,161.14983256485792,693.5486209926581
2024-09-11 07:55:00,466.3000183,1.04e-320,173.3741079836094,691.8028205691439
2024-09-11 08:00:00,439.5666809,1.04e-320,185.85995907781148,974.2917494833048
2024-09-11 08:05:00,475.7999878,1.04e-320,198.57771656004206,996.2903380688131
2024-09-11 08:10:00,558.5,1.04e-320,211.4965251439262,1022.1819797912824
2024-09-11 08:15:00,516.4333496,1.04e-320,224.58450077907526,1027.436703936597
2024-09-11 08:20:00,527.9333496,1.04e-320,237.8088940309398,1006.0246642048851
2024-09-11 08:25:00,507.3666992,1.04e-320,251.13625843384256,1015.2973629336607
2024-09-11 08:30:00,553.7999878,1.04e-320,264.5326228365109,1017.1908521084503
2024-09-11 08:35:00,644.2999878,1.04e-320,277.9636664786888,1002.504476960436
2024-09-11 08:40:00,860.0999756,1.04e-320,291.3948957322299,1064.1546692082914
2024-09-11 08:45:00,1150.5,1.04e-320,304.791821237739,1077.2185728181194
2024-09-11 08:50:00,1165.050049,1.04e-320,318.1201343711513,1079.3781257712676
2024-09-11 08:55:00,1156.599976,1.04e-320,331.34588177640626,1069.0867107002516
2024-09-11 09:00:00,1151.199951,1.04e-320,344.43563694682257,1497.2151436604804
2024-09-11 09:05:00,1502.599976,1.04e-320,357.3566675922719,1516.0715754486878
2024-09-11 09:10:00,1449.299927,1.04e-320,370.0770978013799,1497.2151436604804
2024-09-11 09:15:00,1450.133423,1.04e-320,382.5660639273039,1489.076398211077
2024-09-11 09:20:00,1404.833374,1.04e-320,394.7938631195294,1482.7727634685887
2024-09-11 09:25:00,1575.800049,1.04e-320,406.7320936707517,1484.616912500166
2024-09-11 09:30:00,1513.533325,1.04e-320,418.3537862792775,1482.6026222964765
2024-09-11 09:35:00,1593.966675,1.04e-320,429.63352520365584,1490.4350045902358
2024-09-11 09:40:00,1611.933228,1.04e-320,440.5475588869704,1489.6847752766248
2024-09-11 09:45:00,1634.666626,1.04e-320,451.07389912445075,1506.8292053070143
2024-09-11 09:50:00,1669.333374,1.04e-320,461.1924083269456,1503.073383895873
2024-09-11 09:55:00,1712.200073,1.04e-320,470.88487426619895,1505.2901906201728
2024-09-11 10:00:00,1755.799927,1.04e-320,480.1350720178382,1750.9623815523457
2024-09-11 10:05:00,1794.966675,1.04e-320,488.9288127009869,1752.454714813642
2024-09-11 10:10:00,1831.833374,1.04e-320,497.2539787975021,1753.2843840472292
2024-09-11 10:15:00,1867.0,1.04e-320,505.10054600998916,1748.2939320568244
2024-09-11 10:20:00,1903.599976,1.04e-320,512.4605914335834,1714.3334147666326
2024-09-11 10:25:00,1939.866577,1.04e-320,519.3282883796073,1714.3862670077435
2024-09-11 10:30:00,1977.966675,1.04e-320,525.6998877589734,1713.3526470729817
2024-09-11 10:35:00,2012.766602,1.04e-320,531.573686454839,1711.5506426715392
2024-09-11 10:40:00,2037.400024,1.04e-320,536.949982939694,1711.0549391404284
2024-09-11 10:45:00,2049.366699,1.04e-320,541.8310206290306,1714.2027902915393
2024-09-11 10:50:00,2052.100098,1.04e-320,546.2209194275539,1703.9853016415575
2024-09-11 10:55:00,2052.900146,1.04e-320,550.1255961504623,1710.8413310143462
2024-09-11 11:00:00,2053.133301,1.04e-320,553.5526744643795,1847.6399720504398
2024-09-11 11:05:00,2055.133301,1.04e-320,556.5113850488809,1847.6888594625925
2024-09-11 11:10:00,2056.93335,1.04e-320,559.0124568967817,1853.6264979675086
2024-09-11 11:15:00,2059.599854,1.04e-320,561.0680005442844,1853.6264979675086
2024-09-11 11:20:00,2060.366455,1.04e-320,562.6913842007785,1862.9845414419492
2024-09-11 11:25:00,2060.93335,1.04e-320,563.8971037241712,1862.9845414419492
2024-09-11 11:30:00,2059.43335,1.04e-320,564.7006474806485,1866.493241971714
2024-09-11 11:35:00,2058.099854,1.04e-320,565.1183571073769,1861.3600252382953
2024-09-11 11:40:00,2056.800049,1.04e-320,565.1672852494792,1864.2119297582744
2024-09-11 11:45:00,2058.43335,1.04e-320,564.8650513519855,1864.2119297582744
2024-09-11 11:50:00,2060.599854,1.04e-320,564.2296965772612,1864.7131566682672
2024-09-11 11:55:00,2061.099854,1.04e-320,563.2795389455663,1864.7131566682672
2024-09-11 12:00:00,2059.733398,1.04e-320,562.033029762958,1862.1483196276267
2024-09-11 12:05:00,2057.966553,1.04e-320,560.5086123881874,1862.1483196276267
2024-09-11 12:10:00,2057.600098,1.04e-320,558.7245843719505,1842.1229025635926
2024-09-11 12:15:00,1787.099854,1.04e-320,556.6989639635564,1842.8683011225455
2024-09-11 12:20:00,1252.099854,1.04e-320,554.4493619321827,1835.386409050277
2024-09-11 12:25:00,1746.300049,1.04e-320,551.9928596342723,1835.386409050277
2024-09-11 12:30:00,1653.200195,1.04e-320,549.3458941386815,1845.5423150680706
2024-09-11 12:35:00,2059.899902,1.04e-320,546.5241512600372,1834.3639797313854
2024-09-11 12:40:00,2059.449951,1.04e-320,543.5424671747888,1816.2440748966656
2024-09-11 12:45:00,2059.0,1.04e-320,540.4147393147452,1830.8144553803716
2024-09-11 12:50:00,2028.066772,1.04e-320,537.1538470942178,1814.287186347316
2024-09-11 12:55:00,1996.833374,1.04e-320,533.7715830090581,1878.0023573804547
2024-09-11 13:00:00,1953.5,1.04e-320,530.2785944839433,1880.5346204560828
2024-09-11 13:05:00,1970.5,1.04e-320,526.6843368358002,1878.843490863996
2024-09-11 13:10:00,1992.833374,1.04e-320,522.9970375916539,1838.466015330156
2024-09-11 13:15:00,2042.133301,1.04e-320,519.2236722912724,1685.0191783990356
2024-09-11 13:20:00,1951.433228,1.04e-320,515.3699519234482,1711.5030270856435
2024-09-11 13:25:00,1784.866699,1.04e-320,511.4403218502161,1716.4526480229938
2024-09-11 13:30:00,2072.100098,1.04e-320,507.4379722333544,1715.1995085933254
2024-09-11 13:35:00,1937.199951,1.04e-320,503.3648596736569,1729.422018461904
2024-09-11 13:40:00,1864.300171,1.04e-320,499.2217398256897,1711.6278105807253
2024-09-11 13:45:00,2060.699951,1.04e-320,495.0082106055148,1714.9324042194858
2024-09-11 13:50:00,1946.333374,1.04e-320,490.72276552862866,1687.6459117774468
2024-09-11 13:55:00,2060.099854,1.04e-320,486.3628567006974,1687.651115313081
2024-09-11 14:00:00,2059.733398,1.04e-320,481.9249667736003,1634.5916325593992
2024-09-11 14:05:00,1988.400024,1.04e-320,477.4046893304438,1321.668378673855
2024-09-11 14:10:00,1952.700073,1.04e-320,472.79681683869404,1317.8085538935973
2024-09-11 14:15:00,2056.100098,1.04e-320,468.0954354864824,1297.778507269137
2024-09-11 14:20:00,2057.0,1.04e-320,463.2940260264521,1297.8742391774704
2024-09-11 14:25:00,2057.300049,1.04e-320,458.385569753206,1310.8224395081527
2024-09-11 14:30:00,1972.799927,1.04e-320,453.36265873784174,1272.2335516169637
2024-09-11 14:35:00,1970.900024,1.04e-320,448.2176093260971,1201.9901606158776
2024-09-11 14:40:00,1968.0,1.04e-320,442.94257798831535,1189.2311412158379
2024-09-11 14:45:00,2050.733398,1.04e-320,437.52967848793355,1097.5130748751435
2024-09-11 14:50:00,2051.366699,1.04e-320,431.9710994923376,1114.6479801613564
2024-09-11 14:55:00,2051.100098,1.04e-320,426.25922149347883,1110.042631063509
2024-09-11 15:00:00,2049.400146,1.04e-320,420.3867322133964,1119.221471986042
2024-09-11 15:05:00,2037.566528,1.04e-320,414.3467394409168,1739.2166388155272
2024-09-11 15:10:00,2012.266602,1.04e-320,408.13288040481837,1791.615110252361
2024-09-11 15:15:00,1981.200073,1.04e-320,401.739426794988,1416.2208526297347
2024-09-11 15:20:00,1942.966675,1.04e-320,395.16138451222736,1698.1876338082604
2024-09-11 15:25:00,1904.799927,1.04e-320,388.39458743004707,1687.4659771091492
2024-09-11 15:30:00,1856.199829,1.04e-320,381.4357842411381,1671.0839653171488
2024-09-11 15:35:00,1806.466675,1.04e-320,374.28271787639545,1738.0014381231294
2024-09-11 15:40:00,1755.299927,1.04e-320,366.9341966477163,1777.028255618621
2024-09-11 15:45:00,1699.066772,1.04e-320,359.39015665912297,1799.743336649907
2024-09-11 15:50:00,1646.066772,1.04e-320,351.65171492804205,1767.6106344293353
2024-09-11 15:55:00,1594.033325,1.04e-320,343.7212127474038,1777.6525871584988
2024-09-11 16:00:00,1550.466797,1.04e-320,335.60224902135917,1631.313759947046
2024-09-11 16:05:00,1502.066772,1.04e-320,327.29970315293554,1602.7191915616766
2024-09-11 16:10:00,1454.966675,1.04e-320,318.8197474248812,1570.095437034478
2024-09-11 16:15:00,1409.599976,1.04e-320,310.16984859915925,1486.1435259468797
2024-09-11 16:20:00,1376.866577,1.04e-320,301.3587589332634,1401.8919041391298
2024-09-11 16:25:00,1282.900024,1.04e-320,292.39649637502714,1351.1396641346405
2024-09-11 16:30:00,1238.75,1.04e-320,283.2943143356663,1303.210301087275
2024-09-11 16:35:00,1130.0,1.04e-320,274.0646610795654,1275.447408500497
2024-09-11 16:40:00,1127.0,1.04e-320,264.72112912120747,1245.6076175804042
2024-09-11 16:45:00,1108.033325,1.04e-320,255.27839498081772,1237.5894028337082
2024-09-11 16:50:00,1067.666626,1.04e-320,245.75214971230506,1223.3357047115976
2024-09-11 16:55:00,1017.533386,1.04e-320,236.15902085002645,1205.463650511731
2024-09-11 17:00:00,991.25,1.04e-320,226.51648612924888,937.4996673516566
2024-09-11 17:05:00,820.5,1.04e-320,216.842779954918,931.2860935860692
2024-09-11 17:10:00,742.2000122,1.04e-320,207.15679300807318,932.2273488058491
2024-09-11 17:15:00,722.25,1.04e-320,197.47796595859256,925.0043504030937
2024-09-11 17:20:00,707.4666138,1.04e-320,187.8261780187949,931.8129956463288
2024-09-11 17:25:00,671.0,1.04e-320,178.2216311570009,914.951479272784
2024-09-11 17:30:00,642.8999634,1.04e-320,168.68473094195966,910.6742070016411
2024-09-11 17:35:00,595.833313,1.04e-320,159.23596479887743,915.9812448338687
2024-09-11 17:40:00,577.3499756,1.04e-320,149.89577870255945,769.159504934388
2024-09-11 17:45:00,470.8000183,1.04e-320,140.68445312945735,773.690214984891
2024-09-11 17:50:00,428.2666931,1.04e-320,131.62197940263908,647.547686665177
2024-09-11 17:55:00,396.7000427,1.04e-320,122.7279371157445,560.3275283637882
2024-09-11 18:00:00,380.9500122,1.04e-320,114.02137371753352,261.81705365485124
2024-09-11 18:05:00,322.5999756,1.04e-320,105.52068717427365,188.11115510838076
2024-09-11 18:10:00,270.3999939,1.04e-320,97.24351249086574,328.1007653904192
2024-09-11 18:15:00,230.1000214,1.04e-320,89.20661303382337,286.4375905751322
2024-09-11 18:20:00,195.4500122,1.04e-320,81.42577740703341,289.8289196843489
2024-09-11 18:25:00,162.2999878,1.04e-320,73.91572274279913,290.62969739968224
2024-09-11 18:30:00,130.1000061,1.04e-320,66.69000496769924,303.63287062383546
2024-09-11 18:35:00,102.8999863,1.04e-320,59.76093693734094,319.803041444866
2024-09-11 18:40:00,82.19999695,1.04e-320,53.13951481416419,323.8547574746736
2024-09-11 18:45:00,65.6000061,1.04e-320,46.83535338733845,323.8547574746736
2024-09-11 18:50:00,51.34999847,1.04e-320,40.85663075182975,323.42086188812914
2024-09-11 18:55:00,38.75,1.04e-320,35.210042733148995,341.220000226978
2024-09-11 19:00:00,27.59999847,1.04e-320,29.900767445742037,99.35566460489004
2024-09-11 19:05:00,19.75,1.04e-320,24.932440151924297,106.70557531483134
2024-09-11 19:10:00,14.40000057,1.04e-320,20.30713865963281,95.8672291022567
2024-09-11 19:15:00,12.86666584,1.04e-320,16.02537928829536,82.58464529893651
2024-09-11 19:20:00,0.0,1.04e-320,12.086123501730013,95.8672291022567
2024-09-11 19:25:00,0.0,1.04e-320,8.486795030166723,101.3007674533091
2024-09-11 19:30:00,0.0,1.04e-320,5.2233073871401965,96.28578471539004
2024-09-11 19:35:00,0.0,1.04e-320,2.290101571258912,102.33533081492023
2024-09-11 19:40:00,0.0,1.04e-320,-0.31980641031184603,108.530926958898
2024-09-11 19:45:00,0.0,1.04e-320,-2.6147685345155733,153.54998633063298
2024-09-11 19:50:00,0.0,1.04e-320,-4.604438736889084,108.530926958898
2024-09-11 19:55:00,0.0,1.04e-320,-6.299698392871118,104.16068245898688
2024-09-11 20:00:00,0.0,1.04e-320,-7.712573870666003,89.80186430952385
2024-09-11 20:05:00,0.0,1.04e-320,-8.856146814687406,89.3703830539683
2024-09-11 20:10:00,0.0,1.04e-320,-9.74445783474633,90.40234765709053
2024-09-11 20:15:00,0.0,1.04e-320,-10.392404371826013,86.77742904391275
2024-09-11 20:20:00,0.0,1.04e-320,-10.815633478071659,125.27285869893497
2024-09-11 20:25:00,0.0,1.04e-320,-11.030430383411995,129.3476388123905
2024-09-11 20:30:00,0.0,1.04e-320,-11.053603651400882,128.0135131138572
2024-09-11 20:35:00,0.0,1.04e-320,-10.902367826755688,129.23777228274605
2024-09-11 20:40:00,0.0,1.04e-320,-10.594224448110335,127.71246302024606
2024-09-11 20:45:00,0.0,1.04e-320,-10.146842326446928,87.01972290723126
2024-09-11 20:50:00,0.0,1.04e-320,-9.577937987626566,87.01972290723126
2024-09-11 20:55:00,0.0,1.04e-320,-8.905157174207261,129.79227546534236
2024-09-11 21:00:00,0.0,1.04e-320,-8.145958286466625,88.85724148900903
2024-09-11 21:05:00,0.0,1.04e-320,-7.317498625959479,44.48352320600111
2024-09-11 21:10:00,0.0,1.04e-320,-6.4365242931533775,30.09039513280888
2024-09-11 21:15:00,0.0,1.04e-320,-5.519264513127741,28.54613083492434
2024-09-11 21:20:00,0.0,1.04e-320,-4.581331206526912,28.322719722124337
2024-09-11 21:25:00,0.0,1.04e-320,-3.637624477945763,30.97290865021323
2024-09-11 21:30:00,0.0,1.04e-320,-2.7022447463208232,28.402543792518777
2024-09-11 21:35:00,0.0,1.04e-320,-1.7884121031277769,28.402543792518777
2024-09-11 21:40:00,0.0,1.04e-320,-0.9083934808567173,4.093938773500001
2024-09-11 21:45:00,0.0,1.04e-320,-0.07343812135178333,4.093938773500001
2024-09-11 21:50:00,0.0,1.04e-320,0.7062782186966131,4.15349432917
2024-09-11 21:55:00,0.0,1.04e-320,1.421699964991692,4.15349432917
2024-09-11 22:00:00,0.0,1.04e-320,2.064929041042371,4.15349432917
2024-09-11 22:05:00,0.0,1.04e-320,2.6292525737946524,4.15349432917
2024-09-11 22:10:00,0.0,1.04e-320,3.109160872765808,32.856036556466556
2024-09-11 22:15:00,0.0,1.04e-320,3.500355605836908,30.86844979096878
2024-09-11 22:20:00,0.0,1.04e-320,3.7997481927651133,31.415597864079896
2024-09-11 22:25:00,0.0,1.04e-320,4.0054485176641315,33.21278321096878
2024-09-11 22:30:00,0.0,1.04e-320,4.1167441247055505,0.0
2024-09-11 22:35:00,0.0,1.04e-320,4.134070144537557,0.0
2024-09-11 22:40:00,0.0,1.04e-320,4.058970272416636,0.0
2024-09-11 22:45:00,0.0,1.04e-320,3.8940491840665863,0.0
2024-09-11 22:50:00,0.0,1.04e-320,3.6429168465421067,0.0
2024-09-11 22:55:00,0.0,1.04e-320,3.310125240305567,0.0
2024-09-11 23:00:00,0.0,1.04e-320,2.9010980753880102,0.0
2024-09-11 23:05:00,0.0,1.04e-320,2.422054126184337,0.0
2024-09-11 23:10:00,0.0,1.04e-320,1.8799248718616106,0.37699996950000003
2024-09-11 23:15:00,0.0,1.04e-320,1.2822671623880895,0.0
2024-09-11 23:20:00,0.0,1.04e-320,0.6371716754394534,0.0
2024-09-11 23:25:00,0.0,1.04e-320,-0.04683204360195955,0.0
2024-09-11 23:30:00,0.0,1.04e-320,-0.7608731403191914,0.0
2024-09-11 23:35:00,0.0,1.04e-320,-1.4958387665779809,0.0
2024-09-11 23:40:00,0.0,1.04e-320,-2.24247430648764,0.0
2024-09-11 23:45:00,0.0,1.04e-320,-2.991483662565841,0.0
2024-09-11 23:50:00,0.0,1.04e-320,-3.733628728320835,0.0
2024-09-11 23:55:00,0.0,1.04e-320,-4.4598272295448895,0.0
2024-09-12 00:00:00,0.0,1.04e-320,-5.161248082905599,0.0
2024-09-12 00:05:00,0.0,1.04e-320,-5.829403472983269,0.0
2024-09-12 00:10:00,0.0,1.04e-320,-6.456236861427563,0.0
2024-09-12 00:15:00,0.0,1.04e-320,-7.034206187580048,0.0
2024-09-12 00:20:00,0.0,1.04e-320,-7.556361549583911,0.0
2024-09-12 00:25:00,0.0,1.04e-320,-8.016416708950423,0.0
2024-09-12 00:30:00,0.0,1.04e-320,-8.408813805635765,0.0
2024-09-12 00:35:00,0.0,1.04e-320,-8.728780739730745,0.0
2024-09-12 00:40:00,0.0,1.04e-320,-8.972380708932388,0.0
2024-09-12 00:45:00,0.0,1.04e-320,-9.136553496112594,0.0
2024-09-12 00:50:00,0.0,1.04e-320,-9.219148130187161,0.0
2024-09-12 00:55:00,0.0,1.04e-320,-9.218946636960043,0.0
2024-09-12 01:00:00,0.0,1.04e-320,-9.135678661144938,0.0
2024-09-12 01:05:00,0.0,1.04e-320,-8.970026822370802,0.0
2024-09-12 01:10:00,0.0,1.04e-320,-8.723622733968629,0.0
2024-09-12 01:15:00,0.0,1.04e-320,-8.399033695540245,0.0
2024-09-12 01:20:00,0.0,1.04e-320,-7.99974016235543,0.0
2024-09-12 01:25:00,0.0,1.04e-320,-7.53010412279015,0.0
2024-09-12 01:30:00,0.0,1.04e-320,-6.995328668169401,0.0
2024-09-12 01:35:00,0.0,1.04e-320,-6.401409019917076,0.0
2024-09-12 01:40:00,0.0,1.04e-320,-5.755075437202252,0.0
2024-09-12 01:45:00,0.0,1.04e-320,-5.0637284297869725,0.0
2024-09-12 01:50:00,0.0,1.04e-320,-4.335366804840576,0.0
2024-09-12 01:55:00,0.0,1.04e-320,-3.5785091164658147,0.0
2024-09-12 02:00:00,0.0,1.04e-320,-2.8021091575266426,0.0
2024-09-12 02:05:00,0.0,1.04e-320,-2.0154661721122524,0.0
2024-09-12 02:10:00,0.0,1.04e-320,-1.228130516897844,0.0
2024-09-12 02:15:00,0.0,1.04e-320,-0.4498055486122945,0.0
2024-09-12 02:20:00,0.0,1.04e-320,0.3097534699056704,0.0
2024-09-12 02:25:00,0.0,1.04e-320,1.0408425987043046,0.0
2024-09-12 02:30:00,0.0,1.04e-320,1.7339137456941294,0.0
2024-09-12 02:35:00,0.0,1.04e-320,2.3796796034970087,0.0
2024-09-12 02:40:00,0.0,1.04e-320,2.9692181341761126,0.0
2024-09-12 02:45:00,0.0,1.04e-320,3.494075718025327,0.0
2024-09-12 02:50:00,0.0,1.04e-320,3.9463680871511095,0.0
2024-09-12 02:55:00,0.0,1.04e-320,4.318878195981829,0.0
2024-09-12 03:00:00,0.0,1.04e-320,4.605150176521999,0.0
2024-09-12 03:05:00,0.0,1.04e-320,4.7995785671347955,0.0
2024-09-12 03:10:00,0.0,1.04e-320,4.897492032021847,0.0
2024-09-12 03:15:00,0.0,1.04e-320,4.895230818226242,0.0
2024-09-12 03:20:00,0.0,1.04e-320,4.790217267175339,0.0
2024-09-12 03:25:00,0.0,1.04e-320,4.581018703612365,0.0
2024-09-12 03:30:00,0.0,1.04e-320,4.267402133937416,0.0
2024-09-12 03:35:00,0.0,1.04e-320,3.850380197061053,0.0
2024-09-12 03:40:00,0.0,1.04e-320,3.332247905146573,0.0
2024-09-12 03:45:00,0.0,1.04e-320,2.71660977387394,0.0
2024-09-12 03:50:00,0.0,1.04e-320,2.0083970029417664,0.0
2024-09-12 03:55:00,0.0,1.04e-320,1.2138744561588042,0.0
2024-09-12 04:00:00,0.0,1.04e-320,0.34063725313467513,0.0
2024-09-12 04:05:00,0.0,1.04e-320,-0.6024031111110193,0.0
2024-09-12 04:10:00,0.0,1.04e-320,-1.6050431743857374,0.0
2024-09-12 04:15:00,0.0,1.04e-320,-2.655822348862567,0.0
2024-09-12 04:20:00,0.0,1.04e-320,-3.7420680804625954,0.0
2024-09-12 04:25:00,0.0,1.04e-320,-4.84995110762491,0.0
2024-09-12 04:30:00,0.0,1.04e-320,-5.964550517788972,0.0
2024-09-12 04:35:00,0.0,1.04e-320,-7.069928240096311,0.0
2024-09-12 04:40:00,0.0,1.04e-320,-8.14921251638959,0.0
2024-09-12 04:45:00,0.0,1.04e-320,-9.184689854525889,0.0
2024-09-12 04:50:00,0.0,1.04e-320,-10.157904868618736,0.0
2024-09-12 04:55:00,0.0,1.04e-320,-11.049767367849197,0.0
2024-09-12 05:00:00,0.0,1.04e-320,-11.840665994895616,0.0
2024-09-12 05:05:00,0.0,1.04e-320,-12.510587646910997,0.0
2024-09-12 05:10:00,0.0,1.04e-320,-13.039241895953962,0.0
2024-09-12 05:15:00,0.0,1.04e-320,-13.406189542142748,0.0
2024-09-12 05:20:00,0.0,1.04e-320,-13.590974437824494,0.0
2024-09-12 05:25:00,0.0,1.04e-320,-13.573257661493324,0.0
2024-09-12 05:30:00,0.0,1.04e-320,-13.332953114102583,0.0
2024-09-12 05:35:00,0.0,1.04e-320,-12.850363587482976,0.0
2024-09-12 05:40:00,0.0,1.04e-320,-12.106316350861562,0.0
2024-09-12 05:45:00,0.0,1.04e-320,-11.082297287391025,0.0
2024-09-12 05:50:00,0.0,1.04e-320,-9.760582646303712,0.0
2024-09-12 05:55:00,0.0,1.04e-320,-8.124367444995372,0.0
2024-09-12 06:00:00,0.0,1.04e-320,-6.157889617431612,96.75114481316685
2024-09-12 06:05:00,0.0,1.04e-320,-3.84654899800208,96.12534243592208
2024-09-12 06:10:00,0.0,1.04e-320,-1.1770202972945492,96.28949058278357
2024-09-12 06:15:00,0.0,1.04e-320,1.8626407792485247,96.28949058278357
2024-09-12 06:20:00,0.0,1.04e-320,5.282899031462593,99.95272074276849
2024-09-12 06:25:00,0.0,1.04e-320,9.092649613496647,99.95272074276849
2024-09-12 06:30:00,0.0,1.04e-320,13.299136933684949,100.27177628743516
2024-09-12 06:35:00,0.0,1.04e-320,17.907883136157537,99.59523183837292
2024-09-12 06:40:00,0.0,1.04e-320,22.922626827477984,101.55031386549594
2024-09-12 06:45:00,0.0,1.04e-320,28.345272403605144,102.62142814936182
2024-09-12 06:50:00,99.09999847,1.04e-320,34.17585046677205,103.74246519878403
2024-09-12 06:55:00,122.0999985,1.04e-320,40.41248960732643,103.38806522033721
2024-09-12 07:00:00,153.1999969,1.04e-320,47.05139980842162,253.05557713678868
2024-09-12 07:05:00,183.1000061,1.04e-320,54.086867662470304,252.07266544579664
2024-09-12 07:10:00,168.1333313,1.04e-320,61.51126340214805,253.05557713678868
2024-09-12 07:15:00,222.1999969,1.04e-320,69.31505989398299,253.05557713678868
2024-09-12 07:20:00,244.6999969,1.04e-320,77.4868632998816,253.05557713678868
2024-09-12 07:25:00,235.0,1.04e-320,86.01345544734502,253.05557713678868
2024-09-12 07:30:00,281.0,1.04e-320,94.87984753642549,255.58231596705534
2024-09-12 07:35:00,452.5,1.04e-320,104.06934487115673,255.72663217130946
2024-09-12 07:40:00,518.0,1.04e-320,113.56362227482825,255.72663217130946
2024-09-12 07:45:00,491.7333069,1.04e-320,123.34280958576412,284.4303767921228
2024-09-12 07:50:00,667.7999878,1.04e-320,133.38558682400605,284.4303767921228
2024-09-12 07:55:00,733.9000244,1.04e-320,143.66928829689317,284.4303767921228
2024-09-12 08:00:00,820.7999878,1.04e-320,154.17001508729592,339.9238474784088
2024-09-12 08:05:00,787.3666992,1.04e-320,164.86275495809414,335.0408694929422
2024-09-12 08:10:00,817.666687,1.04e-320,175.72150920586793,326.80118434921997
2024-09-12 08:15:00,824.9666138,1.04e-320,186.71942532084722,397.3020679206537
2024-09-12 08:20:00,1003.0,1.04e-320,197.82893477025706,397.3020679206537
2024-09-12 08:25:00,1121.5,1.04e-320,209.02189491859798,393.2008081177199
2024-09-12 08:30:00,1074.666626,1.04e-320,220.2697341246171,392.79525256216436
2024-09-12 08:35:00,1127.466675,1.04e-320,231.5435991448898,392.94208590577546
2024-09-12 08:40:00,1263.699951,1.04e-320,242.81450369658168,393.08928596604215
2024-09-12 08:45:00,1229.900024,1.04e-320,254.05347746828846,391.8085951626655
2024-09-12 08:50:00,1287.366577,1.04e-320,265.23171423620846,388.93486225215435
2024-09-12 08:55:00,1319.866577,1.04e-320,276.32071847253155,388.93486225215435
2024-09-12 09:00:00,1533.599976,1.04e-320,287.2924492408782,1697.315267036582
2024-09-12 09:05:00,1452.933228,1.04e-320,298.1194605249837,1697.315267036582
2024-09-12 09:10:00,1493.066772,1.04e-320,308.7750371077684,1697.315267036582
2024-09-12 09:15:00,1458.633423,1.04e-320,319.23332500378166,1697.315267036582
2024-09-12 09:20:00,1430.033203,1.04e-320,329.4694557741452,1697.315267036582
2024-09-12 09:25:00,1542.199951,1.04e-320,339.4596637738745,1696.11528142164
2024-09-12 09:30:00,1763.099976,1.04e-320,349.1813957571467,1696.11528142164
2024-09-12 09:35:00,1675.099976,1.04e-320,358.61341191088957,1696.11528142164
2024-09-12 09:40:00,1737.966797,1.04e-320,367.73587798467065,1695.2736071546396
2024-09-12 09:45:00,1721.799927,1.04e-320,376.5304477839818,1695.2736071546396
2024-09-12 09:50:00,1897.0,1.04e-320,384.9803355319486,1695.2736071546396
2024-09-12 09:55:00,1850.900024,1.04e-320,393.07037780066673,1695.2736071546396
2024-09-12 10:00:00,1926.099976,1.04e-320,400.7870845748469,1723.7878768691367
2024-09-12 10:05:00,1947.699829,1.04e-320,408.1186792604378,1723.7878768691367
2024-09-12 10:10:00,1879.299927,1.04e-320,415.05512736245873,1725.8785001679148
2024-09-12 10:15:00,1784.533325,1.04e-320,421.5881539032052,1725.8785001679148
2024-09-12 10:20:00,2056.600098,1.04e-320,427.7112493332641,1726.45316773097
2024-09-12 10:25:00,1882.666626,1.04e-320,433.4196642312462,1726.45316773097
2024-09-12 10:30:00,2015.800171,1.04e-320,438.71039278217575,1726.45316773097
2024-09-12 10:35:00,2005.066772,1.04e-320,443.5821453143398,1726.45316773097
2024-09-12 10:40:00,2034.766724,1.04e-320,448.03531020470706,1737.2890848436791
2024-09-12 10:45:00,2024.066772,1.04e-320,452.07190547653363,1737.2890848436791
2024-09-12 10:50:00,2034.199829,1.04e-320,455.69552060317613,1730.4478607481235
2024-09-12 10:55:00,2044.966675,1.04e-320,458.9112489744491,1735.2667184990123
2024-09-12 11:00:00,2056.400146,1.04e-320,461.7256116517785,1872.0853606889668
2024-09-12 11:05:00,2056.766602,1.04e-320,464.1464729723402,1895.317117887215
2024-09-12 11:10:00,2056.699951,1.04e-320,466.18294878844233,1865.2127085155757
2024-09-12 11:15:00,2056.366455,1.04e-320,467.8453080142476,1859.1131916175007
2024-09-12 11:20:00,2057.033447,1.04e-320,469.14486827113564,1859.9123590395402
2024-09-12 11:25:00,2057.266602,1.04e-320,470.09388647442785,1860.3248218726071
2024-09-12 11:30:00,2057.56665,1.04e-320,470.70544518855525,1870.5906117967306
2024-09-12 11:35:00,2057.93335,1.04e-320,470.9933356364478,1862.780574382509
2024-09-12 11:40:00,2058.199951,1.04e-320,470.97193824738287,1867.5123034744552
2024-09-12 11:45:00,2059.533447,1.04e-320,470.6561016594348,1889.9390918443937
2024-09-12 11:50:00,2051.999756,1.04e-320,470.0610210667989,1891.930813310166
2024-09-12 11:55:00,2045.733276,1.04e-320,469.2021168360363,1893.3779693193337
2024-09-12 12:00:00,2034.299927,1.04e-320,468.0949142751728,1887.824371523431
2024-09-12 12:05:00,1938.466675,1.04e-320,466.7549254428225,1886.3503525905523
2024-09-12 12:10:00,1944.700073,1.04e-320,465.19753384993516,1886.3503525905523
2024-09-12 12:15:00,1955.400024,1.04e-320,463.43788289814586,1886.3503525905523
2024-09-12 12:20:00,2059.399902,1.04e-320,461.4907688332864,1886.3503525905523
2024-09-12 12:25:00,2016.166504,1.04e-320,459.37053898572236,1887.0411663020875
2024-09-12 12:30:00,1972.799927,1.04e-320,457.090995984033,1887.0411663020875
2024-09-12 12:35:00,1928.566772,1.04e-320,454.66530865236217,1883.8599584797207
2024-09-12 12:40:00,2062.0,1.04e-320,452.1059301193744,1857.326115653672
2024-09-12 12:45:00,1979.233398,1.04e-320,449.42452375269454,1862.9508747458997
2024-09-12 12:50:00,2023.033325,1.04e-320,446.63189736329275,1824.8918590972887
2024-09-12 12:55:00,1996.166626,1.04e-320,443.7379460989864,1825.4343300589314
2024-09-12 13:00:00,2029.233398,1.04e-320,440.7516043776308,1787.4253674077868
2024-09-12 13:05:00,2024.599976,1.04e-320,437.6808071305039,1745.0987962926986
2024-09-12 13:10:00,2046.366577,1.04e-320,434.5324605458424,1591.3320535659445
2024-09-12 13:15:00,2049.266602,1.04e-320,431.3124224562928,1618.302594751095
2024-09-12 13:20:00,2051.299805,1.04e-320,428.02549240297554,1725.1861648484278
2024-09-12 13:25:00,2053.800049,1.04e-320,424.6754113549356,1627.7999989934756
2024-09-12 13:30:00,2042.266602,1.04e-320,421.2648709904889,1591.877513946779
2024-09-12 13:35:00,2032.333374,1.04e-320,417.79553235038077,1592.2565760396496
2024-09-12 13:40:00,2022.400024,1.04e-320,414.2680536351348,1536.107985016759
2024-09-12 13:45:00,2035.366577,1.04e-320,410.68212683089166,1555.8926919582273
2024-09-12 13:50:00,2048.166748,1.04e-320,407.0365227633519,1556.8300359053485
2024-09-12 13:55:00,2059.06665,1.04e-320,403.32914415956964,1562.3608347549973
2024-09-12 14:00:00,2057.466553,1.04e-320,399.557086175415,1762.4439033756626
2024-09-12 14:05:00,2056.133301,1.04e-320,395.71670390113565,1739.850275788467
2024-09-12 14:10:00,2055.966553,1.04e-320,391.80368614087115,1748.6292795854113
2024-09-12 14:15:00,2056.966553,1.04e-320,387.81313486651413,1761.2621494892314
2024-09-12 14:20:00,2055.866699,1.04e-320,383.7396496517439,1751.0050509615432
2024-09-12 14:25:00,2055.133301,1.04e-320,379.5774163160961,1746.292893691985
2024-09-12 14:30:00,2053.666748,1.04e-320,375.32029904390754,1706.2528124944877
2024-09-12 14:35:00,2055.43335,1.04e-320,370.9619351872276,1774.4035815067978
2024-09-12 14:40:00,2029.699829,1.04e-320,366.49583193309024,1770.900548210764
2024-09-12 14:45:00,1981.866577,1.04e-320,361.9154640502008,1752.0002269306437
2024-09-12 14:50:00,1973.566772,1.04e-320,357.21437186478454,1724.0780824355759
2024-09-12 14:55:00,1934.866699,1.04e-320,352.38625867659687,1737.8508750690823
2024-09-12 15:00:00,1941.366699,1.04e-320,347.42508677347195,1516.982417879123
2024-09-12 15:05:00,1900.566772,1.04e-320,342.3251712783956,1385.6453610831063
2024-09-12 15:10:00,1945.666626,1.04e-320,337.0812710429287,1761.9318978142917
2024-09-12 15:15:00,1955.266602,1.04e-320,331.68867582248123,1606.7321049056438
2024-09-12 15:20:00,1967.666626,1.04e-320,326.1432890614402,1211.0209463391698
2024-09-12 15:25:00,1953.300171,1.04e-320,320.44170556332693,1110.1363696518106
2024-09-12 15:30:00,1746.049927,1.04e-320,314.58128339360405,1493.3212793584885
2024-09-12 15:35:00,1565.599976,1.04e-320,308.5602095387977,1323.3932925317654
2024-09-12 15:40:00,1741.5,1.04e-320,302.37755862884677,645.907374771654
2024-09-12 15:45:00,1662.233398,1.04e-320,296.033344335158,485.9238596285348
2024-09-12 15:50:00,1681.933228,1.04e-320,289.5285630331267,324.2262825938749
2024-09-12 15:55:00,1625.633301,1.04e-320,282.8652293008087,315.98236682257846
2024-09-12 16:00:00,1576.366699,1.04e-320,276.0464030149012,1341.48727256334
2024-09-12 16:05:00,1517.533325,1.04e-320,269.0762077982733,1179.695709484049
2024-09-12 16:10:00,1470.5,1.04e-320,261.9598406421132,1185.4604084180198
2024-09-12 16:15:00,1427.700073,1.04e-320,254.7035726513701,967.7948379753888
2024-09-12 16:20:00,1377.433228,1.04e-320,247.31474085809725,1001.9627555649136
2024-09-12 16:25:00,1317.133301,1.04e-320,239.80173118203385,1008.8689140181907
2024-09-12 16:30:00,1254.799927,1.04e-320,232.1739526199286,954.5426600613383
2024-09-12 16:35:00,1195.0,1.04e-320,224.4418028929941,879.2263542255831
2024-09-12 16:40:00,1136.233276,1.04e-320,216.6166257902482,934.0324049264127
2024-09-12 16:45:00,1075.166626,1.04e-320,208.71066050316782,730.615916294878
2024-09-12 16:50:00,1012.133362,1.04e-320,200.73698340640985,569.4592539000068
2024-09-12 16:55:00,953.9667358,1.04e-320,192.7094426384202,530.0104926331496
2024-09-12 17:00:00,898.3999634,1.04e-320,184.6425859850257,271.35645158347063
2024-09-12 17:05:00,842.8999634,1.04e-320,176.55158274804103,243.6885234787664
2024-09-12 17:10:00,785.4333496,1.04e-320,168.4521399793686,246.76800298215477
2024-09-12 17:15:00,728.333313,1.04e-320,160.36041388559462,238.86162613795162
2024-09-12 17:20:00,673.7999878,1.04e-320,152.2929169797886,272.1433096225659
2024-09-12 17:25:00,619.6000366,1.04e-320,144.26642177468105,236.1023365875516
2024-09-12 17:30:00,565.6999512,1.04e-320,136.2978616453469,235.80266546900776
2024-09-12 17:35:00,512.4333496,1.04e-320,128.4042296964605,236.91752534197605
2024-09-12 17:40:00,461.2333069,1.04e-320,120.60247634485492,286.5168957228453
2024-09-12 17:45:00,411.0333252,1.04e-320,112.90940644754016,249.02191983112468
2024-09-12 17:50:00,370.1000061,1.04e-320,105.34157670413148,297.04348857499156
2024-09-12 17:55:00,329.8999939,1.04e-320,97.91519415080361,295.75764007818645
2024-09-12 18:00:00,314.2999878,1.04e-320,90.64601646435966,141.55274844103036
2024-09-12 18:05:00,269.2000122,1.04e-320,83.54925487452016,156.34419387006528
2024-09-12 18:10:00,228.8499908,1.04e-320,76.63948039549824,150.60327533441168
2024-09-12 18:15:00,192.4000092,1.04e-320,69.9305340585791,163.35116434706745
2024-09-12 18:20:00,158.0,1.04e-320,63.43544188610605,156.70437716546806
2024-09-12 18:25:00,125.9500046,1.04e-320,57.16633515938285,133.28123401470737
2024-09-12 18:30:00,97.75,1.04e-320,51.134376594259024,155.84746822960474
2024-09-12 18:35:00,72.09999847,1.04e-320,45.34969306685282,133.47612869236085
2024-09-12 18:40:00,49.59999847,1.04e-320,39.82131522841933,132.9933200955016
2024-09-12 18:45:00,33.95000076,1.04e-320,34.557124575416765,158.60648917220453
2024-09-12 18:50:00,25.04999924,1.04e-320,29.5638082986203,170.37408663002927
2024-09-12 18:55:00,19.90000153,1.04e-320,24.846822288378554,170.46172396249062
2024-09-12 19:00:00,15.0666666,1.04e-320,20.410362496601245,45.841420997705676
2024-09-12 19:05:00,13.03333282,1.04e-320,16.25734490647341,40.60954643380168
2024-09-12 19:10:00,0.0,1.04e-320,12.389394209426946,41.67875780493756
2024-09-12 19:15:00,0.0,1.04e-320,8.806841285582477,43.902921477005016
2024-09-12 19:20:00,0.0,1.04e-320,5.508729472695534,24.79165976881517
2024-09-12 19:25:00,0.0,1.04e-320,2.4928295357780352,24.022274585928503
2024-09-12 19:30:00,0.0,1.04e-320,-0.24433675001056288,24.041341252021837
2024-09-12 19:35:00,0.0,1.04e-320,-2.707464636169886,24.693001208311415
2024-09-12 19:40:00,0.0,1.04e-320,-4.902426314059464,27.213707783972048
2024-09-12 19:45:00,0.0,1.04e-320,-6.836223010819571,22.210564194599826
2024-09-12 19:50:00,0.0,1.04e-320,-8.51692965914153,22.91483828290538
2024-09-12 19:55:00,0.0,1.04e-320,-9.953632579092428,20.192254529950585
2024-09-12 20:00:00,0.0,1.04e-320,-11.156360663182289,0.27361111111111114
2024-09-12 20:05:00,0.0,1.04e-320,-12.136010570515236,0.4954634963430159
2024-09-12 20:10:00,0.0,1.04e-320,-12.904266555545027,0.3986111111111111
2024-09-12 20:15:00,0.0,1.04e-320,-13.473515513150854,0.3986111111111111
2024-09-12 20:20:00,0.0,1.04e-320,-13.856757904325054,0.3986111111111111
2024-09-12 20:25:00,0.0,1.04e-320,-14.067515252376541,1.6862848934873012
2024-09-12 20:30:00,0.0,1.04e-320,-14.119734888497579,1.5762182303673011
2024-09-12 20:35:00,0.0,1.04e-320,-14.027692711348763,4.25238778353658
2024-09-12 20:40:00,0.0,1.04e-320,-13.805894644645136,0.3531999935611111
2024-09-12 20:45:00,0.0,1.04e-320,-13.468977586174661,0.2527777777777778
2024-09-12 20:50:00,0.0,1.04e-320,-13.031610551453678,0.0
2024-09-12 20:55:00,0.0,1.04e-320,-12.508396773163215,0.0
2024-09-12 21:00:00,0.0,1.04e-320,-11.913777476864405,0.42144444530222225
2024-09-12 21:05:00,0.0,1.04e-320,-11.261938044927968,3.7275266755921357
2024-09-12 21:10:00,0.0,1.04e-320,-10.566717261847364,3.7275266755921357
2024-09-12 21:15:00,0.0,1.04e-320,-9.84152029615093,0.0
2024-09-12 21:20:00,0.0,1.04e-320,-9.099236071897757,0.0
2024-09-12 21:25:00,0.0,1.04e-320,-8.352159589087064,0.0
2024-09-12 21:30:00,0.0,1.04e-320,-7.611919783549001,0.0
2024-09-12 21:35:00,0.0,1.04e-320,-6.889413412517014,0.0
2024-09-12 21:40:00,0.0,1.04e-320,-6.194745428342077,3.611610013358802
2024-09-12 21:45:00,0.0,1.04e-320,-5.5371762506146975,3.611610013358802
2024-09-12 21:50:00,0.0,1.04e-320,-4.925076283030561,2.7460854087924536
2024-09-12 21:55:00,0.0,1.04e-320,-4.365887971525601,1.7954853874391192
2024-09-12 22:00:00,0.0,1.04e-320,-3.866095629319966,0.9935793446450794
2024-09-12 22:05:00,0.0,1.04e-320,-3.4312032028732284,7.061333904191112
2024-09-12 22:10:00,0.0,1.04e-320,-3.0657200842663954,0.0
2024-09-12 22:15:00,0.0,1.04e-320,-2.7731550084158956,0.0
2024-09-12 22:20:00,0.0,1.04e-320,-2.5560180228548126,0.0
2024-09-12 22:25:00,0.0,1.04e-320,-2.415830432027807,0.0
2024-09-12 22:30:00,0.0,1.04e-320,-2.353142578683972,0.0
2024-09-12 22:35:00,0.0,1.04e-320,-2.3675592461572585,0.0
2024-09-12 22:40:00,0.0,1.04e-320,-2.4577724153317075,0.0
2024-09-12 22:45:00,0.0,1.04e-320,-2.621601047362141,0.0
2024-09-12 22:50:00,0.0,1.04e-320,-2.8560375122966883,0.0
2024-09-12 22:55:00,0.0,1.04e-320,-3.157300227704482,0.0
2024-09-12 23:00:00,0.0,1.04e-320,-3.5208920312649976,0.0
2024-09-12 23:05:00,0.0,1.04e-320,-3.941663752503181,0.0
2024-09-12 23:10:00,0.0,1.04e-320,-4.4138824298523165,0.0
2024-09-12 23:15:00,0.0,1.04e-320,-4.931303563718777,0.0
2024-09-12 23:20:00,0.0,1.04e-320,-5.487246779508927,0.0
2024-09-12 23:25:00,0.0,1.04e-320,-6.0746742398058,0.0
2024-09-12 23:30:00,0.0,1.04e-320,-6.686271134284235,0.0
2024-09-12 23:35:00,0.0,1.04e-320,-7.3145275516206505,0.0
2024-09-12 23:40:00,0.0,1.04e-320,-7.951821034888395,0.0
2024-09-12 23:45:00,0.0,1.04e-320,-8.590499117667212,0.0
2024-09-12 23:50:00,0.0,1.04e-320,-9.22296113452886,0.0
2024-09-12 23:55:00,0.0,1.04e-320,-9.84173861443218,0.0
2024-09-13 00:00:00,0.0,1.04e-320,-10.43957357579076,0.0
2024-09-13 00:05:00,0.0,1.04e-320,-11.009494059169121,0.0
2024-09-13 00:10:00,0.0,1.04e-320,-11.54488625852661,0.0
2024-09-13 00:15:00,0.0,1.04e-320,-12.039562640587539,0.0
2024-09-13 00:20:00,0.0,1.04e-320,-12.487825477001993,0.0
2024-09-13 00:25:00,0.0,1.04e-320,-12.884525248650746,0.0
2024-09-13 00:30:00,0.0,1.04e-320,-13.225113429559846,0.0
2024-09-13 00:35:00,0.0,1.04e-320,-13.505689202223756,0.0
2024-09-13 00:40:00,0.0,1.04e-320,-13.72303969268172,0.0
2024-09-13 00:45:00,0.0,1.04e-320,-13.874673408859506,0.0
2024-09-13 00:50:00,0.0,1.04e-320,-13.9588465515791,0.0
2024-09-13 00:55:00,0.0,1.04e-320,-13.974582011416583,0.0
2024-09-13 01:00:00,0.0,1.04e-320,-13.921680841441797,0.0
2024-09-13 01:05:00,0.0,1.04e-320,-13.800726124240827,0.0
2024-09-13 01:10:00,0.0,1.04e-320,-13.613079173996107,0.0
2024-09-13 01:15:00,0.0,1.04e-320,-13.360868089886715,0.0
2024-09-13 01:20:00,0.0,1.04e-320,-13.046968749909793,0.0
2024-09-13 01:25:00,0.0,1.04e-320,-12.674978372285063,0.0
2024-09-13 01:30:00,0.0,1.04e-320,-12.249181864654394,0.0
2024-09-13 01:35:00,0.0,1.04e-320,-11.774511204090798,0.0
2024-09-13 01:40:00,0.0,1.04e-320,-11.256498193720331,0.0
2024-09-13 01:45:00,0.0,1.04e-320,-10.701220944295196,0.0
2024-09-13 01:50:00,0.0,1.04e-320,-10.115244534558661,0.0
2024-09-13 01:55:00,0.0,1.04e-320,-9.5055563125828,0.0
2024-09-13 02:00:00,0.0,1.04e-320,-8.879496362502714,0.0
2024-09-13 02:05:00,0.0,1.04e-320,-8.244683714712648,0.0
2024-09-13 02:10:00,0.0,1.04e-320,-7.608938881763768,0.0
2024-09-13 02:15:00,0.0,1.04e-320,-6.980203368870672,0.0
2024-09-13 02:20:00,0.0,1.04e-320,-6.366456815171629,0.0
2024-09-13 02:25:00,0.0,1.04e-320,-5.775632448200579,0.0
2024-09-13 02:30:00,0.0,1.04e-320,-5.215531558127569,0.0
2024-09-13 02:35:00,0.0,1.04e-320,-4.693737697046672,0.0
2024-09-13 02:40:00,0.0,1.04e-320,-4.2175313282917966,0.0
2024-09-13 02:45:00,0.0,1.04e-320,-3.7938056360880776,0.0
2024-09-13 02:50:00,0.0,1.04e-320,-3.42898422245524,0.0
2024-09-13 02:55:00,0.0,1.04e-320,-3.1289413782847584,0.0
2024-09-13 03:00:00,0.0,1.04e-320,-2.898925624619117,0.0
2024-09-13 03:05:00,0.0,1.04e-320,-2.7434871864954964,0.0
2024-09-13 03:10:00,0.0,1.04e-320,-2.6664100338885572,0.0
2024-09-13 03:15:00,0.0,1.04e-320,-2.6706490977008084,0.0
2024-09-13 03:20:00,0.0,1.04e-320,-2.7582732251613575,0.0
2024-09-13 03:25:00,0.0,1.04e-320,-2.930414409497009,0.0
2024-09-13 03:30:00,0.0,1.04e-320,-3.187223759673075,0.0
2024-09-13 03:35:00,0.0,1.04e-320,-3.527834658283716,0.0
2024-09-13 03:40:00,0.0,1.04e-320,-3.950333474186649,0.0
2024-09-13 03:45:00,0.0,1.04e-320,-4.451738156361011,0.0
2024-09-13 03:50:00,0.0,1.04e-320,-5.027984970463439,0.0
2024-09-13 03:55:00,0.0,1.04e-320,-5.673923583827128,0.0
2024-09-13 04:00:00,0.0,1.04e-320,-6.3833206288517825,0.0
2024-09-13 04:05:00,0.0,1.04e-320,-7.148871831040922,0.0
2024-09-13 04:10:00,0.0,1.04e-320,-7.9622227022566125,0.0
2024-09-13 04:15:00,0.0,1.04e-320,-8.813997751301981,0.0
2024-09-13 04:20:00,0.0,1.04e-320,-9.693838079904094,0.0
2024-09-13 04:25:00,0.0,1.04e-320,-10.590447191539367,0.0
2024-09-13 04:30:00,0.0,1.04e-320,-11.491644759361462,0.0
2024-09-13 04:35:00,0.0,1.04e-320,-12.384428034698942,0.0
2024-09-13 04:40:00,0.0,1.04e-320,-13.255040541748068,0.0
2024-09-13 04:45:00,0.0,1.04e-320,-14.089047618321556,0.0
2024-09-13 04:50:00,0.0,1.04e-320,-14.87141833124917,0.0
2024-09-13 04:55:00,0.0,1.04e-320,-15.586613222760999,0.0
2024-09-13 05:00:00,0.0,1.04e-320,-16.218677323447558,0.0
2024-09-13 05:05:00,0.0,1.04e-320,-16.751337804329648,0.0
2024-09-13 05:10:00,0.0,1.04e-320,-17.168105602051718,0.0
2024-09-13 05:15:00,0.0,1.04e-320,-17.452380338509997,0.0
2024-09-13 05:20:00,0.0,1.04e-320,-17.587557803096928,0.0
2024-09-13 05:25:00,0.0,1.04e-320,-17.55713925893005,0.0
2024-09-13 05:30:00,0.0,1.04e-320,-17.344841807867805,0.0
2024-09-13 05:35:00,0.0,1.04e-320,-16.934709045111614,0.0
2024-09-13 05:40:00,0.0,1.04e-320,-16.311221221408065,0.0
2024-09-13 05:45:00,0.0,1.04e-320,-15.45940412609363,0.0
2024-09-13 05:50:00,0.0,1.04e-320,-14.36493593523082,0.0
2024-09-13 05:55:00,0.0,1.04e-320,-13.014251230972242,0.0
2024-09-13 06:00:00,0.0,1.04e-320,-11.394641469880918,98.58079730324353
2024-09-13 06:05:00,0.0,1.04e-320,-9.494351164807137,97.8380195425213
2024-09-13 06:10:00,0.0,1.04e-320,-7.302669076800927,97.8380195425213
2024-09-13 06:15:00,0.0,1.04e-320,-4.810013759709733,97.8380195425213
2024-09-13 06:20:00,0.0,1.04e-320,-2.008012826839398,97.8380195425213
2024-09-13 06:25:00,0.0,1.04e-320,1.1104246549631214,103.45790372872972
2024-09-13 06:30:00,0.0,1.04e-320,4.551043164817287,103.45790372872972
2024-09-13 06:35:00,0.0,1.04e-320,8.318183630363498,102.41602040999639
2024-09-13 06:40:00,0.0,1.04e-320,12.414734645574107,106.25288035417506
2024-09-13 06:45:00,102.8000031,1.04e-320,16.842092409230396,106.25288035417506
2024-09-13 06:50:00,129.6000061,1.04e-320,21.600129670210702,106.25288035417506
2024-09-13 06:55:00,143.8999939,1.04e-320,26.687173969722785,105.53501373642838
2024-09-13 07:00:00,133.9000092,1.04e-320,32.099995313478466,455.6958231605983
2024-09-13 07:05:00,137.6666565,1.04e-320,37.83380346522175,466.58824751281
2024-09-13 07:10:00,131.8666534,1.04e-320,43.88225486005971,465.63495127525454
2024-09-13 07:15:00,152.0,1.04e-320,50.237469195533905,465.63495127525454
2024-09-13 07:20:00,185.1999969,1.04e-320,56.890055493945624,465.63495127525454
2024-09-13 07:25:00,262.7000122,1.04e-320,63.8291476501444,467.1028402470879
2024-09-13 07:30:00,326.8999939,1.04e-320,71.04244916017538,457.621386941293
2024-09-13 07:35:00,475.7000122,1.04e-320,78.51628672676877,458.26335003529306
2024-09-13 07:40:00,589.0,1.04e-320,86.23567250290837,458.51222655892263
2024-09-13 07:45:00,670.7000122,1.04e-320,94.18437448029135,460.0468806182337
2024-09-13 07:50:00,792.2000122,1.04e-320,102.34499462143197,463.39997121980065
2024-09-13 07:55:00,915.7000122,1.04e-320,110.69905421322697,463.39997121980065
2024-09-13 08:00:00,998.7999878,1.04e-320,119.22708585978869,802.9069921827936
2024-09-13 08:05:00,957.2333374,1.04e-320,127.90873154466281,802.9069921827936
2024-09-13 08:10:00,1082.599976,1.04e-320,136.72284606997795,817.2488647699523
2024-09-13 08:15:00,1164.400024,1.04e-320,145.64760524891653,817.9937907520158
2024-09-13 08:20:00,1125.93335,1.04e-320,154.66061807515206,819.9788045949442
2024-09-13 08:25:00,1147.666748,1.04e-320,163.73904214881048,828.5888303550903
2024-09-13 08:30:00,1240.5,1.04e-320,172.85970162076038,823.3273042139649
2024-09-13 08:35:00,1203.466675,1.04e-320,181.9992067937179,825.0508598779651
2024-09-13 08:40:00,1235.599976,1.04e-320,191.13407467257065,834.1160199862068
2024-09-13 08:45:00,1220.233276,1.04e-320,200.24084968418202,888.7569664888694
2024-09-13 08:50:00,1246.0,1.04e-320,209.29622358832103,891.8965450565573
2024-09-13 08:55:00,1245.799927,1.04e-320,218.27715404784192,900.8888079479514
2024-09-13 09:00:00,1293.900024,1.04e-320,227.16098092329787,1296.6273189378767
2024-09-13 09:05:00,1316.966675,1.04e-320,235.92553951581922,1278.7108328935144
2024-09-13 09:10:00,1365.5,1.04e-320,244.54927013476134,1236.6521964729247
2024-09-13 09:15:00,1391.266602,1.04e-320,253.01132318967757,1218.591130460051
2024-09-13 09:20:00,1421.333374,1.04e-320,261.2916591648772,1219.3842946308928
2024-09-13 09:25:00,1461.833374,1.04e-320,269.3711428609164,1279.3720225084326
2024-09-13 09:30:00,1505.933228,1.04e-320,277.2316312600487,1316.7874875939037
2024-09-13 09:35:00,1549.400024,1.04e-320,284.85605452390257,1305.4824469030018
2024-09-13 09:40:00,1587.0,1.04e-320,292.22848957949003,1262.6198470742813
2024-09-13 09:45:00,1627.366699,1.04e-320,299.3342259101482,1293.217535438488
2024-09-13 09:50:00,1665.866577,1.04e-320,306.1598231136123,1325.2841910827271
2024-09-13 09:55:00,1703.966797,1.04e-320,312.693159925659,1387.8897584843935
2024-09-13 10:00:00,1737.200073,1.04e-320,318.92347446959565,1450.3041779753833
2024-09-13 10:05:00,1771.133301,1.04e-320,324.8413954640972,1450.3041779753833
2024-09-13 10:10:00,1808.700073,1.04e-320,330.43896433908964,1468.3528375654685
2024-09-13 10:15:00,1849.700073,1.04e-320,335.7096481682151,1466.9293417340314
2024-09-13 10:20:00,1888.233398,1.04e-320,340.6483433267916,1483.6293506765294
2024-09-13 10:25:00,1924.233398,1.04e-320,345.25137008793735,1490.9381759287257
2024-09-13 10:30:00,1957.733398,1.04e-320,349.5164581636702,1510.435010977973
2024-09-13 10:35:00,1992.566772,1.04e-320,353.44272344621015,1494.9777009788415
2024-09-13 10:40:00,2021.633301,1.04e-320,357.03063614846184,1491.4009550492767
2024-09-13 10:45:00,2042.366577,1.04e-320,360.2819807161093,1492.1885996277642
2024-09-13 10:50:00,2052.699951,1.04e-320,363.1998078321519,1495.2044467581702
2024-09-13 10:55:00,2055.800049,1.04e-320,365.78837896476796,1518.9206337578373
2024-09-13 11:00:00,2055.43335,1.04e-320,368.0531039083952,1576.7789772907245
2024-09-13 11:05:00,2050.199951,1.04e-320,370.00047186298787,1626.988726936352
2024-09-13 11:10:00,2045.833374,1.04e-320,371.6379765921805,1626.988726936352
2024-09-13 11:15:00,2041.966675,1.04e-320,372.97403628599494,1626.988726936352
2024-09-13 11:20:00,2045.633301,1.04e-320,374.017908743753,1631.877707519241
2024-09-13 11:25:00,2035.133301,1.04e-320,374.77960255208495,1631.877707519241
2024-09-13 11:30:00,2025.699829,1.04e-320,375.2697849487077,1599.9290062758473
2024-09-13 11:35:00,2011.0,1.04e-320,375.4996870714228,1599.9290062758473
2024-09-13 11:40:00,1982.0,1.04e-320,375.48100732636084,1617.9546602287107
2024-09-13 11:45:00,1951.766724,1.04e-320,375.2258135951358,1617.9546602287107
2024-09-13 11:50:00,1925.566772,1.04e-320,374.7464450207266,1617.9973109260914
2024-09-13 11:55:00,2055.399902,1.04e-320,374.0554140898787,1610.9537457783863
2024-09-13 12:00:00,2013.133301,1.04e-320,373.16530975729944,1608.5774963454724
2024-09-13 12:05:00,2053.966797,1.04e-320,372.0887022855934,1611.7448400944725
2024-09-13 12:10:00,2053.900146,1.04e-320,370.838050524768,1620.1781154968216
2024-09-13 12:15:00,2054.366455,1.04e-320,369.42561227174116,1620.1781154968216
2024-09-13 12:20:00,2055.5,1.04e-320,367.8633583590199,1620.192244730155
2024-09-13 12:25:00,2057.233154,1.04e-320,366.1628910748423,1648.7514172211716
2024-09-13 12:30:00,2058.43335,1.04e-320,364.3353674680242,1648.7514172211716
2024-09-13 12:35:00,2058.900146,1.04e-320,362.39142809643494,1643.2235017556277
2024-09-13 12:40:00,2056.966553,1.04e-320,360.34113164617685,1580.8945278750728
2024-09-13 12:45:00,2058.266602,1.04e-320,358.1938959090712,1649.6102429293874
2024-09-13 12:50:00,2059.966553,1.04e-320,355.95844544281084,1653.6638895288222
2024-09-13 12:55:00,1949.199829,1.04e-320,353.64276629096616,1631.244829203834
2024-09-13 13:00:00,1892.450073,1.04e-320,351.2540679793009,1532.6279598782303
2024-09-13 13:05:00,1392.050049,1.04e-320,348.7987530512788,1520.032602879888
2024-09-13 13:10:00,898.0,1.04e-320,346.2823942522472,1514.650455416808
2024-09-13 13:15:00,706.2666626,1.04e-320,343.70971946065777,1516.3000318427107
2024-09-13 13:20:00,1124.0,1.04e-320,341.08460443667065,1615.8452147752112
2024-09-13 13:25:00,1337.599976,1.04e-320,338.41007329435547,1553.5535689583471
2024-09-13 13:30:00,1233.033325,1.04e-320,335.68830665893955,1504.841994254902
2024-09-13 13:35:00,1289.766724,1.04e-320,332.920657329441,1577.231616482818
2024-09-13 13:40:00,1198.700073,1.04e-320,330.1076732746945,1631.4458200074814
2024-09-13 13:45:00,1179.300049,1.04e-320,327.24912765646627,1662.3229775166474
2024-09-13 13:50:00,943.7000122,1.04e-320,324.3440556088733,1680.0341073084091
2024-09-13 13:55:00,832.2000122,1.04e-320,321.3907973806764,1279.459185206047
2024-09-13 14:00:00,806.5999146,1.04e-320,318.387047429765,1341.9997921607792
2024-09-13 14:05:00,698.9500122,1.04e-320,315.32990905221914,1372.6166258105584
2024-09-13 14:10:00,619.4666138,1.04e-320,312.2159539771869,1337.4839144286727
2024-09-13 14:15:00,661.6000366,1.04e-320,309.04128647186917,1561.5342108733078
2024-09-13 14:20:00,661.9666748,1.04e-320,305.801611334114,1536.885054596069
2024-09-13 14:25:00,681.333313,1.04e-320,302.49230521395873,1627.2453611026506
2024-09-13 14:30:00,774.0999756,1.04e-320,299.1084906258357,1662.1962192178353
2024-09-13 14:35:00,991.2999878,1.04e-320,295.645112050174,1627.3639455070627
2024-09-13 14:40:00,982.5499878,1.04e-320,292.0970134439361,1450.8795805282787
2024-09-13 14:45:00,1114.300049,1.04e-320,288.4590165076524,1380.4268435400325
2024-09-13 14:50:00,1041.133423,1.04e-320,284.72599910888846,1020.5338795308045
2024-09-13 14:55:00,1015.5,1.04e-320,280.89297312036535,1035.680503071373
2024-09-13 15:00:00,1159.800049,1.04e-320,276.9551610942929,604.6414497209305
2024-09-13 15:05:00,2060.0,1.04e-320,272.9080710976931,531.9565252396402
2024-09-13 15:10:00,1887.900024,1.04e-320,268.747569131186,498.4372528818699
2024-09-13 15:15:00,1830.533325,1.04e-320,264.46994848829905,449.9606484506924
2024-09-13 15:20:00,1715.800171,1.04e-320,260.07199552130265,425.1347330442313
2024-09-13 15:25:00,1346.0,1.04e-320,255.55105126705874,429.4669605675549
2024-09-13 15:30:00,897.4500122,1.04e-320,250.90506839557995,413.9225901775232
2024-09-13 15:35:00,759.8999634,1.04e-320,246.1326631083927,481.110421649801
2024-09-13 15:40:00,723.8666992,1.04e-320,241.23316142737647,464.15739410124
2024-09-13 15:45:00,676.4499512,1.04e-320,236.20663962809397,497.97357821092066
2024-09-13 15:50:00,548.0999756,1.04e-320,231.053958394425,508.82226167495344
2024-09-13 15:55:00,379.9666748,1.04e-320,225.77679046375343,494.2740216425256
2024-09-13 16:00:00,335.8666687,1.04e-320,220.37764152104424,659.0412673966282
2024-09-13 16:05:00,313.2666931,1.04e-320,214.85986415125905,660.836113958244
2024-09-13 16:10:00,294.8333435,1.04e-320,209.22766478853205,659.1494122075726
2024-09-13 16:15:00,283.5666809,1.04e-320,203.486103487607,484.33669659234323
2024-09-13 16:20:00,307.7000122,1.04e-320,197.6410866742189,474.3301289155717
2024-09-13 16:25:00,294.3666687,1.04e-320,191.6993527520558,300.2860336660406
2024-09-13 16:30:00,302.0000305,1.04e-320,185.66845079099573,275.19184829557906
2024-09-13 16:35:00,283.4333496,1.04e-320,179.55671238846213,271.73609389132037
2024-09-13 16:40:00,276.6000061,1.04e-320,173.37321697924892,254.27583565880724
2024-09-13 16:45:00,227.9000092,1.04e-320,167.12775078169355,244.3640703713664
2024-09-13 16:50:00,185.7000122,1.04e-320,160.83075974910474,233.26476331505373
2024-09-13 16:55:00,150.5,1.04e-320,154.493296870957,239.21245260058737
2024-09-13 17:00:00,142.8666534,1.04e-320,148.12696417722566,494.7937557350317
2024-09-13 17:05:00,147.4333344,1.04e-320,141.7438500262176,490.5276149641872
2024-09-13 17:10:00,146.8999939,1.04e-320,135.35646194535488,502.7887190883079
2024-09-13 17:15:00,144.2333374,1.04e-320,128.9776557485777,389.9506515058997
2024-09-13 17:20:00,138.9666595,1.04e-320,122.6205613172073,392.3806814437832
2024-09-13 17:25:00,127.8333359,1.04e-320,116.2985056922846,390.7924287300174
2024-09-13 17:30:00,122.0,1.04e-320,110.02493403903198,673.8693600896233
2024-09-13 17:35:00,130.8000031,1.04e-320,103.81332906639034,711.9725517313707
2024-09-13 17:40:00,143.3000031,1.04e-320,97.6771295816659,664.7407043329555
2024-09-13 17:45:00,137.6999969,1.04e-320,91.62964866849485,630.594716000038
2024-09-13 17:50:00,141.8000031,1.04e-320,85.68399229535707,610.36047376065
2024-09-13 17:55:00,136.9000092,1.04e-320,79.85297877259761,596.2087132416774
2024-09-13 18:00:00,135.8500061,1.04e-320,74.1490598098435,489.10772617992916
2024-09-13 18:05:00,109.9000015,1.04e-320,68.58424370376328,452.3894606023929
2024-09-13 18:10:00,73.5,1.04e-320,63.17002123849491,451.8013338159446
2024-09-13 18:15:00,54.03333664,1.04e-320,57.917294896472164,467.3584094147029
2024-09-13 18:20:00,52.33333206,1.04e-320,52.83631184331294,415.1096008672644
2024-09-13 18:25:00,52.16666794,1.04e-320,47.93660124581383,487.5070944663997
2024-09-13 18:30:00,50.35000229,1.04e-320,43.22691632861155,424.38017999859255
2024-09-13 18:35:00,43.95000458,1.04e-320,38.71518170161316,443.62857131515375
2024-09-13 18:40:00,36.30000305,1.04e-320,34.40844619961754,371.1194522437704
2024-09-13 18:45:00,31.5,1.04e-320,30.312841719008212,356.1785493980088
2024-09-13 18:50:00,24.59999847,1.04e-320,26.433548254724098,342.7202967521669
2024-09-13 18:55:00,17.70000076,1.04e-320,22.774765434257414,352.1919755338159
2024-09-13 19:00:00,13.09999943,1.04e-320,19.339690740820355,36.061770055708976
2024-09-13 19:05:00,0.0,1.04e-320,16.13050455563181,23.48295137021795
2024-09-13 19:10:00,0.0,1.04e-320,13.148362161923444,23.971996491670257
2024-09-13 19:15:00,0.0,1.04e-320,10.393392679926578,24.905904738740617
2024-09-13 19:20:00,0.0,1.04e-320,7.864705021209972,25.025884140312353
2024-09-13 19:25:00,0.0,1.04e-320,5.5604007029647695,25.016543665080608
2024-09-13 19:30:00,0.0,1.04e-320,3.47759347336779,25.025884140312353
2024-09-13 19:35:00,0.0,1.04e-320,1.6124355576253477,24.959910035742357
2024-09-13 19:40:00,0.0,1.04e-320,-0.0398496943696875,25.838619337533466
2024-09-13 19:45:00,0.0,1.04e-320,-1.4849289992351493,24.854355659691166
2024-09-13 19:50:00,0.0,1.04e-320,-2.729314517806389,25.4572100550868
2024-09-13 19:55:00,0.0,1.04e-320,-3.78031372835605,25.842649337641166
2024-09-13 20:00:00,0.0,1.04e-320,-4.645974233029811,0.19050793964761906
2024-09-13 20:05:00,0.0,1.04e-320,-5.3350238797788645,0.19050793964761906
2024-09-13 20:10:00,0.0,1.04e-320,-5.856806709667713,0.0
2024-09-13 20:15:00,0.0,1.04e-320,-6.2212151967948115,1.2968888853333331
2024-09-13 20:20:00,0.0,1.04e-320,-6.438619305045851,0.0
2024-09-13 20:25:00,0.0,1.04e-320,-6.519792914020201,0.0
2024-09-13 20:30:00,0.0,1.04e-320,-6.475838165728095,0.0
2024-09-13 20:35:00,0.0,1.04e-320,-6.318108311636988,0.0
2024-09-13 20:40:00,0.0,1.04e-320,-6.05812963682412,0.046777776066666665
2024-09-13 20:45:00,0.0,1.04e-320,-5.707523060997467,0.0
2024-09-13 20:50:00,0.0,1.04e-320,-5.277925989633804,0.0
2024-09-13 20:55:00,0.0,1.04e-320,-4.780915008385402,0.0
2024-09-13 21:00:00,0.0,1.04e-320,-4.22792999015089,0.0
2024-09-13 21:05:00,0.0,1.04e-320,-3.6302001764780893,0.0
2024-09-13 21:10:00,0.0,1.04e-320,-2.9986727739282832,0.0
2024-09-13 21:15:00,0.0,1.04e-320,-2.343944589264914,0.0
2024-09-13 21:20:00,0.0,1.04e-320,-1.6761971925745403,0.0
2024-09-13 21:25:00,0.0,1.04e-320,-1.0051360782785672,0.0
2024-09-13 21:30:00,0.0,1.04e-320,-0.33993424624516677,0.0
2024-09-13 21:35:00,0.0,1.04e-320,0.31081938482349114,0.0
2024-09-13 21:40:00,0.0,1.04e-320,0.9391663990774128,0.0
2024-09-13 21:45:00,0.0,1.04e-320,1.5378198119923805,0.0
2024-09-13 21:50:00,0.0,1.04e-320,2.1001992391647817,0.0
2024-09-13 21:55:00,0.0,1.04e-320,2.6204600885841445,0.0
2024-09-13 22:00:00,0.0,1.04e-320,3.093516597564294,0.0
2024-09-13 22:05:00,0.0,1.04e-320,3.5150585906749305,0.0
2024-09-13 22:10:00,0.0,1.04e-320,3.881561884601038,0.0
2024-09-13 22:15:00,0.0,1.04e-320,4.190292313365144,0.0
2024-09-13 22:20:00,0.0,1.04e-320,4.4393034020809266,0.0
2024-09-13 22:25:00,0.0,1.04e-320,4.627427763050243,0.0
2024-09-13 22:30:00,0.0,1.04e-320,4.754262342307155,0.0
2024-09-13 22:35:00,0.0,1.04e-320,4.820147687411929,0.0
2024-09-13 22:40:00,0.0,1.04e-320,4.826141459033185,9.898611043333334
2024-09-13 22:45:00,0.0,1.04e-320,4.7739864494757285,9.898611043333334
2024-09-13 22:50:00,0.0,1.04e-320,4.66607341798644,9.189933330533332
2024-09-13 22:55:00,0.0,1.04e-320,4.505399089149132,0.0
2024-09-13 23:00:00,0.0,1.04e-320,4.29551970027039,1.969666748
2024-09-13 23:05:00,0.0,1.04e-320,4.040500515035986,1.969666748
2024-09-13 23:10:00,0.0,1.04e-320,3.7448617594637486,1.969666748
2024-09-13 23:15:00,0.0,1.04e-320,3.413521443622433,0.0
2024-09-13 23:20:00,0.0,1.04e-320,3.05173558685161,0.0
2024-09-13 23:25:00,0.0,1.04e-320,2.665036350018118,0.0
2024-09-13 23:30:00,0.0,1.04e-320,2.259168617337886,0.0
2024-09-13 23:35:00,0.0,1.04e-320,1.8400255699040005,0.0
2024-09-13 23:40:00,0.0,1.04e-320,1.4135838020198759,9.128333333333334
2024-09-13 23:45:00,0.0,1.04e-320,0.9858385347297217,9.128333333333334
2024-09-13 23:50:00,0.0,1.04e-320,0.5627394718479232,9.128333333333334
2024-09-13 23:55:00,0.0,1.04e-320,0.1501278564937492,9.128333333333334
2024-09-14 00:00:00,0.0,1.04e-320,-0.24632476606303996,0.0
2024-09-14 00:05:00,0.0,1.04e-320,-0.6211755260085524,0.0
2024-09-14 00:10:00,0.0,1.04e-320,-0.9692664890765691,0.0
2024-09-14 00:15:00,0.0,1.04e-320,-1.2857776874815199,0.0
2024-09-14 00:20:00,0.0,1.04e-320,-1.56627650385229,0.0
2024-09-14 00:25:00,0.0,1.04e-320,-1.806762975665611,0.0
2024-09-14 00:30:00,0.0,1.04e-320,-2.003710644032279,0.0
2024-09-14 00:35:00,0.0,1.04e-320,-2.154102600580701,0.0
2024-09-14 00:40:00,0.0,1.04e-320,-2.25546242720373,0.0
2024-09-14 00:45:00,0.0,1.04e-320,-2.305879768963097,0.0
2024-09-14 00:50:00,0.0,1.04e-320,-2.304030309638352,0.0
2024-09-14 00:55:00,0.0,1.04e-320,-2.249190002110884,0.0
2024-09-14 01:00:00,0.0,1.04e-320,-2.1412433936785424,0.0
2024-09-14 01:05:00,0.0,1.04e-320,-1.980686008383849,0.0
2024-09-14 01:10:00,0.0,1.04e-320,-1.7686207225665074,0.0
2024-09-14 01:15:00,0.0,1.04e-320,-1.5067481833799743,0.0
2024-09-14 01:20:00,0.0,1.04e-320,-1.1973513254196082,0.0
2024-09-14 01:25:00,0.0,1.04e-320,-0.8432741121996276,0.0
2024-09-14 01:30:00,0.0,1.04e-320,-0.44789466527361677,0.0
2024-09-14 01:35:00,0.0,1.04e-320,-0.015092998658262533,0.0
2024-09-14 01:40:00,0.0,1.04e-320,0.4507863842998832,0.0
2024-09-14 01:45:00,0.0,1.04e-320,0.9449767331096356,0.0
2024-09-14 01:50:00,0.0,1.04e-320,1.4623357802751826,0.0
2024-09-14 01:55:00,0.0,1.04e-320,1.9973965952277961,0.0
2024-09-14 02:00:00,0.0,1.04e-320,2.544422132753066,0.0
2024-09-14 02:05:00,0.0,1.04e-320,3.0974630355399766,0.0
2024-09-14 02:10:00,0.0,1.04e-320,3.6504182206577704,0.0
2024-09-14 02:15:00,0.0,1.04e-320,4.197097747062147,0.0
2024-09-14 02:20:00,0.0,1.04e-320,4.731287442396517,0.0
2024-09-14 02:25:00,0.0,1.04e-320,5.246814760844032,0.0
2024-09-14 02:30:00,0.0,1.04e-320,5.73761531844491,0.0
2024-09-14 02:35:00,0.0,1.04e-320,6.19779955150724,0.0
2024-09-14 02:40:00,0.0,1.04e-320,6.621718940133638,0.0
2024-09-14 02:45:00,0.0,1.04e-320,7.004031234945643,0.0
2024-09-14 02:50:00,0.0,1.04e-320,7.339764136179963,0.0
2024-09-14 02:55:00,0.0,1.04e-320,7.6243768790496,0.0
2024-09-14 03:00:00,0.0,1.04e-320,7.853819196704793,0.0
2024-09-14 03:05:00,0.0,1.04e-320,8.02458714617875,0.0
2024-09-14 03:10:00,0.0,1.04e-320,8.133775308310435,0.0
2024-09-14 03:15:00,0.0,1.04e-320,8.179124895975987,0.0
2024-09-14 03:20:00,0.0,1.04e-320,8.159067336081,0.0
2024-09-14 03:25:00,0.0,1.04e-320,8.072762922853023,0.0
2024-09-14 03:30:00,0.0,1.04e-320,7.920134177236022,0.0
2024-09-14 03:35:00,0.0,1.04e-320,7.701893584157754,0.0
2024-09-14 03:40:00,0.0,1.04e-320,7.4195654249693295,0.0
2024-09-14 03:45:00,0.0,1.04e-320,7.075501462920802,0.0
2024-09-14 03:50:00,0.0,1.04e-320,6.672890286270491,0.0
2024-09-14 03:55:00,0.0,1.04e-320,6.215760166899977,0.0
2024-09-14 04:00:00,0.0,1.04e-320,5.708975330367813,0.0
2024-09-14 04:05:00,0.0,1.04e-320,5.15822559521971,0.0
2024-09-14 04:10:00,0.0,1.04e-320,4.57000937994683,0.0
2024-09-14 04:15:00,0.0,1.04e-320,3.9516101392365393,0.0
2024-09-14 04:20:00,0.0,1.04e-320,3.3110663205690374,0.0
2024-09-14 04:25:00,0.0,1.04e-320,2.657135010948735,0.0
2024-09-14 04:30:00,0.0,1.04e-320,1.9992494627984774,0.0
2024-09-14 04:35:00,0.0,1.04e-320,1.3474707575171754,0.0
2024-09-14 04:40:00,0.0,1.04e-320,0.7124339005284821,0.0
2024-09-14 04:45:00,0.0,1.04e-320,0.10528868420910038,0.0
2024-09-14 04:50:00,0.0,1.04e-320,-0.4623642913540612,0.0
2024-09-14 04:55:00,0.0,1.04e-320,-0.9785420320799884,0.0
2024-09-14 05:00:00,0.0,1.04e-320,-1.4309515361562815,0.0
2024-09-14 05:05:00,0.0,1.04e-320,-1.807065666554925,0.0
2024-09-14 05:10:00,0.0,1.04e-320,-2.094201991535025,0.0
2024-09-14 05:15:00,0.0,1.04e-320,-2.279604066012461,0.0
2024-09-14 05:20:00,0.0,1.04e-320,-2.350524569816678,0.0
2024-09-14 05:25:00,0.0,1.04e-320,-2.294309747148754,0.0
2024-09-14 05:30:00,0.0,1.04e-320,-2.0984845414176125,0.0
2024-09-14 05:35:00,0.0,1.04e-320,-1.7508378335303416,0.0
2024-09-14 05:40:00,0.0,1.04e-320,-1.239507179479304,0.0
2024-09-14 05:45:00,0.0,1.04e-320,-0.5530624419635821,0.0
2024-09-14 05:50:00,0.0,1.04e-320,0.31941227155763574,0.0
2024-09-14 05:55:00,0.0,1.04e-320,1.388238967492869,0.0
2024-09-14 06:00:00,0.0,1.04e-320,2.6630689741948634,111.76247280457775
2024-09-14 06:05:00,0.0,1.04e-320,4.152809577200381,111.76247280457775
2024-09-14 06:10:00,0.0,1.04e-320,5.8655545947072625,111.16074059140298
2024-09-14 06:15:00,0.0,1.04e-320,7.808519420388248,134.67162638304737
2024-09-14 06:20:00,0.0,1.04e-320,9.987980984975605,134.67162638304737
2024-09-14 06:25:00,0.0,1.04e-320,12.409223104287143,134.67162638304737
2024-09-14 06:30:00,0.0,1.04e-320,15.076487622127338,134.67162638304737
2024-09-14 06:35:00,0.0,1.04e-320,17.99293167213452,134.2232619960553
2024-09-14 06:40:00,0.0,1.04e-320,21.16059144731955,134.2232619960553
2024-09-14 06:45:00,0.0,1.04e-320,24.580352706617116,134.2232619960553
2024-09-14 06:50:00,0.0,1.04e-320,28.251928282763657,134.2232619960553
2024-09-14 06:55:00,73.19999695,1.04e-320,32.173842741281035,134.2232619960553
2024-09-14 07:00:00,91.0,1.04e-320,36.34342436217426,469.1680319805787
2024-09-14 07:05:00,114.8000031,1.04e-320,40.75680450479223,469.1680319805787
2024-09-14 07:10:00,130.0,1.04e-320,45.408924378742306,469.7931431323564
2024-09-14 07:15:00,148.8999939,1.04e-320,50.29354925184761,469.7931431323564
2024-09-14 07:20:00,161.1999969,1.04e-320,55.40328990888919,471.6233529399385
2024-09-14 07:25:00,173.8999939,1.04e-320,60.72963139361425,474.02585949898025
2024-09-14 07:30:00,184.8999939,1.04e-320,66.26296870737433,475.56051355829135
2024-09-14 07:35:00,180.9666748,1.04e-320,71.99264934979121,475.56051355829135
2024-09-14 07:40:00,185.9333344,1.04e-320,77.90702237010737,479.59999132144054
2024-09-14 07:45:00,209.8000031,1.04e-320,83.99349362880558,479.59999132144054
2024-09-14 07:50:00,454.0,1.04e-320,90.2385869313019,489.71792327897583
2024-09-14 07:55:00,698.2000122,1.04e-320,96.62801055650583,489.71792327897583
2024-09-14 08:00:00,659.6499634,1.04e-320,103.14672888743017,787.4202119872023
2024-09-14 08:05:00,857.7999878,1.04e-320,109.77903846202142,787.4202119872023
2024-09-14 08:10:00,840.3999634,1.04e-320,116.50864815081684,792.4018306308383
2024-09-14 08:15:00,838.2999878,1.04e-320,123.3187627838672,792.4018306308383
2024-09-14 08:20:00,971.0,1.04e-320,130.1921697528343,794.9602494827939
2024-09-14 08:25:00,894.5,1.04e-320,137.11132793257906,794.9602494827939
2024-09-14 08:30:00,912.9666138,1.04e-320,144.05845842637365,795.5086296879431
2024-09-14 08:35:00,855.2666626,1.04e-320,151.01563646150888,795.5086296879431
2024-09-14 08:40:00,853.166687,1.04e-320,157.9648838452871,797.4920484933302
2024-09-14 08:45:00,1423.599976,1.04e-320,164.888261420666,797.4920484933302
2024-09-14 08:50:00,1418.449951,1.04e-320,171.7679607692276,796.5914830002398
2024-09-14 08:55:00,1419.099976,1.04e-320,178.586394771716,798.9180796685637
2024-09-14 09:00:00,1391.733398,1.04e-320,185.32628622268533,1211.1979797993708
2024-09-14 09:05:00,1545.400024,1.04e-320,191.9707540742836,1220.3560037514899
2024-09-14 09:10:00,1417.699829,1.04e-320,198.5033966684137,1226.7986343957948
2024-09-14 09:15:00,1883.0,1.04e-320,204.90837144677667,1223.0060446012615
2024-09-14 09:20:00,1882.849976,1.04e-320,211.17047065169413,1237.4457021045664
2024-09-14 09:25:00,1895.066772,1.04e-320,217.2751924637203,1219.945040448281
2024-09-14 09:30:00,1908.599976,1.04e-320,223.20880727073393,935.187540064574
2024-09-14 09:35:00,1929.066772,1.04e-320,228.95841846926672,905.6243131124864
2024-09-14 09:40:00,1970.799927,1.04e-320,234.51201762181194,907.0877662450496
2024-09-14 09:45:00,1999.466675,1.04e-320,239.85853351107735,909.1129089861637
2024-09-14 09:50:00,2006.333374,1.04e-320,244.98787488172792,846.8203307240932
2024-09-14 09:55:00,1960.966675,1.04e-320,249.8909665682113,908.7039023208098
2024-09-14 10:00:00,1886.366577,1.04e-320,254.55977889691573,1258.5577465860265
2024-09-14 10:05:00,1811.900024,1.04e-320,258.9873501651497,1254.506435401982
2024-09-14 10:10:00,1671.700073,1.04e-320,263.1678021245413,1240.3253916233891
2024-09-14 10:15:00,2048.800049,1.04e-320,267.0963484607454,1234.556101916389
2024-09-14 10:20:00,2037.399902,1.04e-320,270.7692961867412,1335.7760197592718
2024-09-14 10:25:00,2037.066772,1.04e-320,274.18404014760137,1331.9043955361763
2024-09-14 10:30:00,2029.5,1.04e-320,277.3390506127565,1316.1644821602501
2024-09-14 10:35:00,2019.133301,1.04e-320,280.23385420499164,1358.6108148560556
2024-09-14 10:40:00,2006.233398,1.04e-320,282.869008322735,1359.980564303
2024-09-14 10:45:00,2001.633423,1.04e-320,285.24606931914536,1350.0061335055475
2024-09-14 10:50:00,2024.799927,1.04e-320,287.36755473752277,1369.5874660645263
2024-09-14 10:55:00,2046.599976,1.04e-320,289.2368999066194,1411.3647967674865
2024-09-14 11:00:00,2062.766602,1.04e-320,290.85840931770656,1377.6467759331836
2024-09-14 11:05:00,2061.166748,1.04e-320,292.2372031215808,1377.6467759331836
2024-09-14 11:10:00,2059.466797,1.04e-320,293.37915924538083,1377.6467759331836
2024-09-14 11:15:00,2058.633545,1.04e-320,294.2908515593494,1377.6467759331836
2024-09-14 11:20:00,2057.099854,1.04e-320,294.9794845873622,1377.6467759331836
2024-09-14 11:25:00,2056.666748,1.04e-320,295.4528252893597,1377.6467759331836
2024-09-14 11:30:00,2055.766846,1.04e-320,295.7191324195779,1378.6006916342947
2024-09-14 11:35:00,2057.233154,1.04e-320,295.7870840274421,1378.6006916342947
2024-09-14 11:40:00,2057.666748,1.04e-320,295.66570363604467,1378.6006916342947
2024-09-14 11:45:00,2058.699951,1.04e-320,295.3642856601986,1378.6006916342947
2024-09-14 11:50:00,2058.133545,1.04e-320,294.8923206202946,1333.9568188403427
2024-09-14 11:55:00,2058.233398,1.04e-320,294.25942070465425,1333.9568188403427
2024-09-14 12:00:00,2059.599854,1.04e-320,293.4752462321627,1326.6242208960657
2024-09-14 12:05:00,2061.633545,1.04e-320,292.5494335359002,1326.6242208960657
2024-09-14 12:10:00,2063.333252,1.04e-320,291.49152481059974,1316.1461676878134
2024-09-14 12:15:00,2061.733398,1.04e-320,290.31090039562264,1316.1461676878134
2024-09-14 12:20:00,2059.233398,1.04e-320,289.0167139986916,1303.9197520138928
2024-09-14 12:25:00,2055.966553,1.04e-320,287.61783129445297,1303.9197520138928
2024-09-14 12:30:00,2056.000244,1.04e-320,286.12277231767564,1302.7744747127815
2024-09-14 12:35:00,2056.833252,1.04e-320,284.53965806552446,1302.7744747127815
2024-09-14 12:40:00,2059.866943,1.04e-320,282.8761616287265,1321.8495088257978
2024-09-14 12:45:00,2060.75,1.04e-320,281.1394641944183,1338.540117050265
2024-09-14 12:50:00,1730.150024,1.04e-320,279.3362161883575,1370.927150604169
2024-09-14 12:55:00,1103.599976,1.04e-320,277.4725037906356,1370.6679757212426
2024-09-14 13:00:00,802.7000122,1.04e-320,275.553821023774,1323.59450764829
2024-09-14 13:05:00,789.7999878,1.04e-320,273.58504755947854,1325.8467997300588
2024-09-14 13:10:00,765.0333862,1.04e-320,271.5704323391233,1343.7855854111758
2024-09-14 13:15:00,2053.199951,1.04e-320,269.51358307314786,1329.2073730172772
2024-09-14 13:20:00,1718.999878,1.04e-320,267.4174616435912,1262.315362629982
2024-09-14 13:25:00,1719.0,1.04e-320,265.284385346384,1300.2181425897936
2024-09-14 13:30:00,1372.449951,1.04e-320,263.116033913956,1314.3853147352265
2024-09-14 13:35:00,1023.499939,1.04e-320,260.9134622034316,1262.6269738481676
2024-09-14 13:40:00,630.3666992,1.04e-320,258.6771183597703,1125.4994352451808
2024-09-14 13:45:00,602.0999756,1.04e-320,256.4068672675334,1398.6830558205174
2024-09-14 13:50:00,467.1333313,1.04e-320,254.10201902942217,1485.713150560539
2024-09-14 13:55:00,399.2999573,1.04e-320,251.76136220674408,1413.4072836158202
2024-09-14 14:00:00,389.0333557,1.04e-320,249.38320146711916,1814.310688803716
2024-09-14 14:05:00,374.25,1.04e-320,246.96539933900482,1795.92634192931
2024-09-14 14:10:00,332.8500366,1.04e-320,244.5054216354786,1648.4579798058508
2024-09-14 14:15:00,250.0500031,1.04e-320,242.00038617850285,1572.579651536016
2024-09-14 14:20:00,205.9000092,1.04e-320,239.44711437802212,1577.5586848460982
2024-09-14 14:25:00,343.2999878,1.04e-320,236.84218520867694,1563.4615819671878
2024-09-14 14:30:00,436.2000122,1.04e-320,234.18199113988553,1541.4337713250468
2024-09-14 14:35:00,531.0,1.04e-320,231.46279550918493,1486.704559155098
2024-09-14 14:40:00,487.8333435,1.04e-320,228.68079087702966,1470.52919635049
2024-09-14 14:45:00,508.3000183,1.04e-320,225.83215784038396,1440.82048353958
2024-09-14 14:50:00,491.6000061,1.04e-320,222.9131238637898,1430.5448424509714
2024-09-14 14:55:00,459.2666931,1.04e-320,219.9200215705586,1461.3203696811158
2024-09-14 15:00:00,440.0999756,1.04e-320,216.84934604985992,1080.3877612834847
2024-09-14 15:05:00,351.5999756,1.04e-320,213.6978107116325,1014.621556692983
2024-09-14 15:10:00,255.8499908,1.04e-320,210.46240119724436,981.3244187214216
2024-09-14 15:15:00,179.4333496,1.04e-320,207.14042692987258,977.1720721791642
2024-09-14 15:20:00,165.6999969,1.04e-320,203.7295698737943,896.6275185545618
2024-09-14 15:25:00,164.0666656,1.04e-320,200.2279300970026,894.2343362274031
2024-09-14 15:30:00,166.2333374,1.04e-320,196.63406778419554,895.778983131865
2024-09-14 15:35:00,224.6000061,1.04e-320,192.94704134199196,888.743602068172
2024-09-14 15:40:00,274.8999939,1.04e-320,189.16644130169973,894.6050947182928
2024-09-14 15:45:00,339.7000122,1.04e-320,185.29241972644428,808.5737519795578
2024-09-14 15:50:00,533.4000244,1.04e-320,181.3257149069349,786.4933752625923
2024-09-14 15:55:00,771.5999756,1.04e-320,177.26767112139444,793.865643836326
2024-09-14 16:00:00,912.9000244,1.04e-320,173.1202533378234,626.230582890981
2024-09-14 16:05:00,842.2333374,1.04e-320,168.88605669137948,633.4455087714476
2024-09-14 16:10:00,877.5500488,1.04e-320,164.5683107003933,615.2404852747229
2024-09-14 16:15:00,754.0,1.04e-320,160.17087813592636,622.8600577534163
2024-09-14 16:20:00,903.0,1.04e-320,155.69824864281438,616.7988287903323
2024-09-14 16:25:00,879.6500244,1.04e-320,151.1555270374885,616.0031992894046
2024-09-14 16:30:00,1608.5,1.04e-320,146.54841645843885,615.7483390391732
2024-09-14 16:35:00,1496.349976,1.04e-320,141.88319648868716,620.674720737412
2024-09-14 16:40:00,1458.966675,1.04e-320,137.1666963796059,637.7002680790258
2024-09-14 16:45:00,1384.199951,1.04e-320,132.40626362081886,654.3010470159501
2024-09-14 16:50:00,1212.149902,1.04e-320,127.60972808566888,674.0862987937279
2024-09-14 16:55:00,888.5,1.04e-320,122.78536201679165,687.2134368284972
2024-09-14 17:00:00,620.8499756,1.04e-320,117.94183619006566,402.4620595134238
2024-09-14 17:05:00,482.3333435,1.04e-320,113.08817256247787,409.67608098635714
2024-09-14 17:10:00,451.7999573,1.04e-320,108.23369379517648,365.94249880036966
2024-09-14 17:15:00,442.5,1.04e-320,103.3879700160137,273.26174265135165
2024-09-14 17:20:00,345.8999939,1.04e-320,98.56076324582861,280.18416092649454
2024-09-14 17:25:00,301.6666565,1.04e-320,93.76196990238283,261.3922418026759
2024-09-14 17:30:00,281.6333313,1.04e-320,89.0015618533013,257.1866862085728
2024-09-14 17:35:00,269.8666687,1.04e-320,84.28952641664705,264.2907974003506
2024-09-14 17:40:00,252.3666534,1.04e-320,79.63580581538262,257.6054713479847
2024-09-14 17:45:00,244.6000061,1.04e-320,75.05023649325092,251.65422161037364
2024-09-14 17:50:00,193.3000031,1.04e-320,70.54248884458462,250.6393381706292
2024-09-14 17:55:00,167.3333282,1.04e-320,66.12200769966795,228.9417638522665
2024-09-14 18:00:00,150.6666718,1.04e-320,61.797954087415974,249.70751104379096
2024-09-14 18:05:00,138.1666718,1.04e-320,57.579148720328455,254.5706576412865
2024-09-14 18:10:00,129.3333282,1.04e-320,53.474017579778234,209.86277739963853
2024-09-14 18:15:00,125.2333298,1.04e-320,49.49054004557636,213.91661811349508
2024-09-14 18:20:00,123.0,1.04e-320,45.63619995048406,210.6232981967205
2024-09-14 18:25:00,109.8999939,1.04e-320,41.91793990732105,244.38998070551253
2024-09-14 18:30:00,84.19999695,1.04e-320,38.342119277408756,361.97472399416506
2024-09-14 18:35:00,61.0,1.04e-320,34.9144760586761,342.3542702752681
2024-09-14 18:40:00,44.0,1.04e-320,31.64009299847668,321.3369205002759
2024-09-14 18:45:00,31.5,1.04e-320,28.523368150594447,335.2919880205074
2024-09-14 18:50:00,22.0,1.04e-320,25.567990111066138,262.7642715497121
2024-09-14 18:55:00,14.66666698,1.04e-320,22.77691809809237,208.124980579796
2024-09-14 19:00:00,12.83333302,1.04e-320,20.152367005807925,6.035378697850669
2024-09-14 19:05:00,0.0,1.04e-320,17.695797554917426,17.58079681415802
2024-09-14 19:10:00,0.0,1.04e-320,15.407911574595545,6.40918428616178
2024-09-14 19:15:00,0.0,1.04e-320,13.288652435471759,24.668528881220798
2024-09-14 19:20:00,0.0,1.04e-320,11.33721065988846,5.923804625284003
2024-09-14 19:25:00,0.0,1.04e-320,9.5520345870334,12.196011337836682
2024-09-14 19:30:00,0.0,1.04e-320,7.930846038816889,5.748610172722892
2024-09-14 19:35:00,0.0,1.04e-320,6.470660852439652,6.9643284508934205
2024-09-14 19:40:00,0.0,1.04e-320,5.167814087166471,7.577992623179533
2024-09-14 19:45:00,0.0,1.04e-320,4.017989719841929,12.125727330964219
2024-09-14 19:50:00,0.0,1.04e-320,3.0162545828862313,5.522061338552732
2024-09-14 19:55:00,0.0,1.04e-320,2.1570962759837493,4.8251464819002
2024-09-14 20:00:00,0.0,1.04e-320,1.434464753038278,0.2275703748355556
2024-09-14 20:05:00,0.0,1.04e-320,0.8418172596900103,0.4848013253507937
2024-09-14 20:10:00,0.0,1.04e-320,0.3721662716730328,0.08634259305555556
2024-09-14 20:15:00,0.0,1.04e-320,0.01813005930179993,0.0
2024-09-14 20:20:00,0.0,1.04e-320,-0.22801450570129508,0.0
2024-09-14 20:25:00,0.0,1.04e-320,-0.3742773086223217,0.0
2024-09-14 20:30:00,0.0,1.04e-320,-0.42889893285709657,0.0
2024-09-14 20:35:00,0.0,1.04e-320,-0.4002936057227882,0.0
2024-09-14 20:40:00,0.0,1.04e-320,-0.2969915852243778,0.0
2024-09-14 20:45:00,0.0,1.04e-320,-0.1275814149314614,0.0
2024-09-14 20:50:00,0.0,1.04e-320,0.09934751395027029,0.0
2024-09-14 20:55:00,0.0,1.04e-320,0.3752616732629118,0.0
2024-09-14 21:00:00,0.0,1.04e-320,0.6917389567503691,0.0
2024-09-14 21:05:00,0.0,1.04e-320,1.0405226810372772,0.0
2024-09-14 21:10:00,0.0,1.04e-320,1.4135736329621258,0.0
2024-09-14 21:15:00,0.0,1.04e-320,1.803119787885426,0.21402222495666667
2024-09-14 21:20:00,0.0,1.04e-320,2.201703340932171,0.21402222495666667
2024-09-14 21:25:00,0.0,1.04e-320,2.6022247181843694,0.25665926203666667
2024-09-14 21:30:00,0.0,1.04e-320,2.997983257187492,0.1969555580366667
2024-09-14 21:35:00,0.0,1.04e-320,3.382714279285506,0.27066190971047616
2024-09-14 21:40:00,0.0,1.04e-320,3.75062229558264,0.27066190971047616
2024-09-14 21:45:00,0.0,1.04e-320,4.0964101354453355,0.5787619106126984
2024-09-14 21:50:00,0.0,1.04e-320,4.4153038040585,0.5616952436926984
2024-09-14 21:55:00,0.0,1.04e-320,4.70307291892264,0.0
2024-09-14 22:00:00,0.0,1.04e-320,4.956046609434265,0.7708063514260317
2024-09-14 22:05:00,0.0,1.04e-320,5.171124796684597,0.0
2024-09-14 22:10:00,0.0,1.04e-320,5.34578481248379,0.5616952436926984
2024-09-14 22:15:00,0.0,1.04e-320,5.478083349568938,0.5616952436926984
2024-09-14 22:20:00,0.0,1.04e-320,5.566653772120513,0.0
2024-09-14 22:25:00,0.0,1.04e-320,5.61069885505251,0.0
2024-09-14 22:30:00,0.0,1.04e-320,5.609979054527638,0.0
2024-09-14 22:35:00,0.0,1.04e-320,5.564796445511822,0.0
2024-09-14 22:40:00,0.0,1.04e-320,5.4759744990898165,0.028444444866666665
2024-09-14 22:45:00,0.0,1.04e-320,5.344833902255893,0.21402222495666667
2024-09-14 22:50:00,0.0,1.04e-320,5.173164654456379,0.21402222495666667
2024-09-14 22:55:00,0.0,1.04e-320,4.963194702850536,0.0
2024-09-14 23:00:00,0.0,1.04e-320,4.7175554045997385,0.0
2024-09-14 23:05:00,0.0,1.04e-320,4.439244131653742,0.0
2024-09-14 23:10:00,0.0,1.04e-320,4.131584347925161,0.0
2024-09-14 23:15:00,0.0,1.04e-320,3.798183515131801,0.0
2024-09-14 23:20:00,0.0,1.04e-320,3.4428891972624776,0.0
2024-09-14 23:25:00,0.0,1.04e-320,3.0697437380108994,0.0
2024-09-14 23:30:00,0.0,1.04e-320,2.682937913170964,0.0
2024-09-14 23:35:00,0.0,1.04e-320,2.28676394826124,0.0
2024-09-14 23:40:00,0.0,1.04e-320,1.8855683058166612,0.0
2024-09-14 23:45:00,0.0,1.04e-320,1.4837046425537042,0.0
2024-09-14 23:50:00,0.0,1.04e-320,1.0854873401918812,0.0
2024-09-14 23:55:00,0.0,1.04e-320,0.695145995503717,0.0
2024-09-15 00:00:00,0.0,1.04e-320,0.3167812586225372,0.0
2024-09-15 00:05:00,0.0,1.04e-320,-0.045677611533570944,0.0
2024-09-15 00:10:00,0.0,1.04e-320,-0.38851311907065306,0.0
2024-09-15 00:15:00,0.0,1.04e-320,-0.7082574862448676,0.0
2024-09-15 00:20:00,0.0,1.04e-320,-1.001727889619555,0.0
2024-09-15 00:25:00,0.0,1.04e-320,-1.2660586600284764,0.0
2024-09-15 00:30:00,0.0,1.04e-320,-1.4987302049838427,0.0
2024-09-15 00:35:00,0.0,1.04e-320,-1.6975943856205653,0.0
2024-09-15 00:40:00,0.0,1.04e-320,-1.8608961585870596,0.0
2024-09-15 00:45:00,0.0,1.04e-320,-1.9872912897668835,0.0
2024-09-15 00:50:00,0.0,1.04e-320,-2.0758599972964844,0.0
2024-09-15 00:55:00,0.0,1.04e-320,-2.126116408524424,0.0
2024-09-15 01:00:00,0.0,1.04e-320,-2.138013751924044,0.0
2024-09-15 01:05:00,0.0,1.04e-320,-2.1119452416072324,0.0
2024-09-15 01:10:00,0.0,1.04e-320,-2.0487406394033405,0.0
2024-09-15 01:15:00,0.0,1.04e-320,-1.9496585336350267,0.0
2024-09-15 01:20:00,0.0,1.04e-320,-1.8163743839045512,0.0
2024-09-15 01:25:00,0.0,1.04e-320,-1.6509644384495463,0.0
2024-09-15 01:30:00,0.0,1.04e-320,-1.4558856515978136,0.0
2024-09-15 01:35:00,0.0,1.04e-320,-1.233951765835268,0.0
2024-09-15 01:40:00,0.0,1.04e-320,-0.9883057580716417,0.0
2024-09-15 01:45:00,0.0,1.04e-320,-0.7223888715812529,0.0
2024-09-15 01:50:00,0.0,1.04e-320,-0.43990649261938986,0.0
2024-09-15 01:55:00,0.0,1.04e-320,-0.1447911514266927,0.0
2024-09-15 02:00:00,0.0,1.04e-320,0.15883704814154198,0.0
2024-09-15 02:05:00,0.0,1.04e-320,0.4667122384228458,0.0
2024-09-15 02:10:00,0.0,1.04e-320,0.774466498135475,0.0
2024-09-15 02:15:00,0.0,1.04e-320,1.07767509214879,0.0
2024-09-15 02:20:00,0.0,1.04e-320,1.3719028702752396,0.0
2024-09-15 02:25:00,0.0,1.04e-320,1.652751434457038,0.0
2024-09-15 02:30:00,0.0,1.04e-320,1.9159066807039926,0.0
2024-09-15 02:35:00,0.0,1.04e-320,2.157186317034267,0.0
2024-09-15 02:40:00,0.0,1.04e-320,2.3725869534869624,0.0
2024-09-15 02:45:00,0.0,1.04e-320,2.558330371697097,0.0
2024-09-15 02:50:00,0.0,1.04e-320,2.7109085711403744,0.0
2024-09-15 02:55:00,0.0,1.04e-320,2.827127214831463,0.0
2024-09-15 03:00:00,0.0,1.04e-320,2.9041470935599882,0.0
2024-09-15 03:05:00,0.0,1.04e-320,2.939523250269617,0.0
2024-09-15 03:10:00,0.0,1.04e-320,2.931241419980044,0.0
2024-09-15 03:15:00,0.0,1.04e-320,2.877751460987427,0.0
2024-09-15 03:20:00,0.0,1.04e-320,2.7779974747232097,0.0
2024-09-15 03:25:00,0.0,1.04e-320,2.631444336967251,0.0
2024-09-15 03:30:00,0.0,1.04e-320,2.438100389642622,0.0
2024-09-15 03:35:00,0.0,1.04e-320,2.1985360689754176,0.0
2024-09-15 03:40:00,0.0,1.04e-320,1.9138982842749925,0.0
2024-09-15 03:45:00,0.0,1.04e-320,1.5859203793609145,0.0
2024-09-15 03:50:00,0.0,1.04e-320,1.2169275582373957,0.0
2024-09-15 03:55:00,0.0,1.04e-320,0.8098376798001314,0.0
2024-09-15 04:00:00,0.0,1.04e-320,0.36815736663184423,0.0
2024-09-15 04:05:00,0.0,1.04e-320,-0.10402659458848057,0.0
2024-09-15 04:10:00,0.0,1.04e-320,-0.6020605390120418,0.0
2024-09-15 04:15:00,0.0,1.04e-320,-1.1207418543611496,0.0
2024-09-15 04:20:00,0.0,1.04e-320,-1.6543414594007875,0.0
2024-09-15 04:25:00,0.0,1.04e-320,-2.196630708758501,0.0
2024-09-15 04:30:00,0.0,1.04e-320,-2.7409125790238313,0.0
2024-09-15 04:35:00,0.0,1.04e-320,-3.2800569227591314,0.0
2024-09-15 04:40:00,0.0,1.04e-320,-3.8065395962709148,0.0
2024-09-15 04:45:00,0.0,1.04e-320,-4.312485182253286,0.0
2024-09-15 04:50:00,0.0,1.04e-320,-4.78971304646897,0.0
2024-09-15 04:55:00,0.0,1.04e-320,-5.229786409877376,0.0
2024-09-15 05:00:00,0.0,1.04e-320,-5.624064113333189,0.0
2024-09-15 05:05:00,0.0,1.04e-320,-5.963754709324406,0.0
2024-09-15 05:10:00,0.0,1.04e-320,-6.239972523787147,0.0
2024-09-15 05:15:00,0.0,1.04e-320,-6.443795291639523,0.0
2024-09-15 05:20:00,0.0,1.04e-320,-6.566322958954499,0.0
2024-09-15 05:25:00,0.0,1.04e-320,-6.598737255198168,0.0
2024-09-15 05:30:00,0.0,1.04e-320,-6.532361595023251,0.0
2024-09-15 05:35:00,0.0,1.04e-320,-6.358720905258131,0.0
2024-09-15 05:40:00,0.0,1.04e-320,-6.069600936812484,0.0
2024-09-15 05:45:00,0.0,1.04e-320,-5.657106644912447,0.0
2024-09-15 05:50:00,0.0,1.04e-320,-5.113719219560463,0.0
2024-09-15 05:55:00,0.0,1.04e-320,-4.432351352118561,0.0
2024-09-15 06:00:00,0.0,1.04e-320,-3.606400341782126,111.75470192728149
2024-09-15 06:05:00,0.0,1.04e-320,-2.6297986570430885,111.75470192728149
2024-09-15 06:10:00,0.0,1.04e-320,-1.497061579667705,111.75470192728149
2024-09-15 06:15:00,0.0,1.04e-320,-0.2033315927505863,77.9412928040034
2024-09-15 06:20:00,0.0,1.04e-320,1.2555808238535742,59.16264729418188
2024-09-15 06:25:00,0.0,1.04e-320,2.8831602842533623,57.88018790963186
2024-09-15 06:30:00,0.0,1.04e-320,4.682153760176831,73.02384931427865
2024-09-15 06:35:00,0.0,1.04e-320,6.6545422325739025,73.02384931427865
2024-09-15 06:40:00,0.0,1.04e-320,8.80151698581756,77.10449634921277
2024-09-15 06:45:00,0.0,1.04e-320,11.123460703859914,69.98995051841001
2024-09-15 06:50:00,0.0,1.04e-320,13.619933507680274,69.98995051841001
2024-09-15 06:55:00,0.0,1.04e-320,16.289664074102852,71.59003066220548
2024-09-15 07:00:00,0.0,1.04e-320,19.13054589092491,366.90796182798823
2024-09-15 07:05:00,0.0,1.04e-320,22.13963871028968,359.35164856022146
2024-09-15 07:10:00,70.40000153,1.04e-320,25.313175169739864,362.4211930632104
2024-09-15 07:15:00,85.40000153,1.04e-320,28.646572617511875,362.4211930632104
2024-09-15 07:20:00,78.33333588,1.04e-320,32.1344499764659,359.14168255214577
2024-09-15 07:25:00,81.59999847,1.04e-320,35.770649644722,359.9003492188125
2024-09-15 07:30:00,91.69999695,1.04e-320,39.54826422670106,376.00072094511097
2024-09-15 07:35:00,88.29999542,1.04e-320,43.45966794594945,328.0553760244877
2024-09-15 07:40:00,110.3000031,1.04e-320,47.496552546729966,349.37731391768386
2024-09-15 07:45:00,132.6999969,1.04e-320,51.64996740758951,349.37731391768386
2024-09-15 07:50:00,194.5,1.04e-320,55.9103636553778,348.824301617322
2024-09-15 07:55:00,445.8999939,1.04e-320,60.26764194084905,348.824301617322
2024-09-15 08:00:00,559.5,1.04e-320,64.71120360800172,935.993455221599
2024-09-15 08:05:00,499.8333435,1.04e-320,69.23000482688651,935.993455221599
2024-09-15 08:10:00,622.2000122,1.04e-320,73.81261343945644,953.0675364069765
2024-09-15 08:15:00,673.7999878,1.04e-320,78.44726807270085,1017.2232360084248
2024-09-15 08:20:00,647.7000122,1.04e-320,83.12193910981865,1065.683615089211
2024-09-15 08:25:00,655.2999878,1.04e-320,87.82439117139712,1135.0806401238037
2024-09-15 08:30:00,640.8999634,1.04e-320,92.54224664188573,1137.4710757722723
2024-09-15 08:35:00,637.8000488,1.04e-320,97.26304983524331,1145.7838353828097
2024-09-15 08:40:00,519.0,1.04e-320,101.9743313872582,1067.6635027952536
2024-09-15 08:45:00,542.4000244,1.04e-320,106.66367241606886,877.109013264362
2024-09-15 08:50:00,645.2000122,1.04e-320,111.31876806232928,875.57692326668
2024-09-15 08:55:00,790.5,1.04e-320,115.92748996468987,1005.0923924815261
2024-09-15 09:00:00,1308.900024,1.04e-320,120.47794729187135,1321.954246486395
2024-09-15 09:05:00,1391.699951,1.04e-320,124.95854590473658,1319.2024052821414
2024-09-15 09:10:00,1364.033325,1.04e-320,129.35804530009858,1316.5491240616416
2024-09-15 09:15:00,1405.333374,1.04e-320,133.66561292196786,1193.2011732412016
2024-09-15 09:20:00,1412.150024,1.04e-320,137.87087556030363,1161.4198708184194
2024-09-15 09:25:00,1186.5,1.04e-320,141.9639674614616,1053.0964707723667
2024-09-15 09:30:00,1018.266785,1.04e-320,145.9355749078045,1015.4882740723906
2024-09-15 09:35:00,1739.099976,1.04e-320,149.77697690343066,1016.2548753310016
2024-09-15 09:40:00,1536.849854,1.04e-320,153.48008184397588,992.196919410298
2024-09-15 09:45:00,1480.366699,1.04e-320,157.03745987641346,948.1419854182072
2024-09-15 09:50:00,1837.099976,1.04e-320,160.44237077490996,943.2564030994613
2024-09-15 09:55:00,1742.100098,1.04e-320,163.6887872237165,1096.5818249692095
2024-09-15 10:00:00,1710.433228,1.04e-320,166.77141335653067,1248.1591195530696
2024-09-15 10:05:00,1647.100098,1.04e-320,169.68569848516165,1263.4313864927055
2024-09-15 10:10:00,1413.5,1.04e-320,172.42784597927132,1237.855742076783
2024-09-15 10:15:00,1065.533325,1.04e-320,174.99481726483765,1161.6730660478227
2024-09-15 10:20:00,1148.0,1.04e-320,177.38433098851888,1060.163946044744
2024-09-15 10:25:00,1023.899963,1.04e-320,179.5948573860208,678.0022828979756
2024-09-15 10:30:00,2052.399902,1.04e-320,181.62560796565663,628.3290342932586
2024-09-15 10:35:00,2053.049805,1.04e-320,183.47652061285206,599.7407439440526
2024-09-15 10:40:00,2053.266602,1.04e-320,185.14824028063498,606.3170647735624
2024-09-15 10:45:00,2003.766602,1.04e-320,186.64209545622643,595.4020928043051
2024-09-15 10:50:00,2004.433228,1.04e-320,187.9600706010805,595.4020928043051
2024-09-15 10:55:00,1954.633423,1.04e-320,189.10477482984916,612.901378229302
2024-09-15 11:00:00,1979.999878,1.04e-320,190.0794070863966,664.9151706600076
2024-09-15 11:05:00,1685.550049,1.04e-320,190.8877180879368,687.9786724550677
2024-09-15 11:10:00,1168.350098,1.04e-320,191.53396938298695,664.8481059840676
2024-09-15 11:15:00,1253.5,1.04e-320,192.022889828536,647.3020753025122
2024-09-15 11:20:00,1352.599976,1.04e-320,192.35962982970815,649.8400186778455
2024-09-15 11:25:00,1723.800049,1.04e-320,192.54971371913382,617.4053497784407
2024-09-15 11:30:00,1538.199829,1.04e-320,192.598990621314,626.2610112925074
2024-09-15 11:35:00,1671.866699,1.04e-320,192.51358419774434,623.448062253942
2024-09-15 11:40:00,1577.299927,1.04e-320,192.2998416374241,623.448062253942
2024-09-15 11:45:00,1550.5,1.04e-320,191.9642822859958,623.2123599406086
2024-09-15 11:50:00,1448.949951,1.04e-320,191.51354629008506,573.4838292116352
2024-09-15 11:55:00,1230.333374,1.04e-320,190.95434363604156,541.3292158156352
2024-09-15 12:00:00,1049.833374,1.04e-320,190.29340395331621,529.0573059147298
2024-09-15 12:05:00,1016.449951,1.04e-320,189.53742744478186,529.0573059147298
2024-09-15 12:10:00,738.0,1.04e-320,188.6930372943151,585.7155705731539
2024-09-15 12:15:00,571.9500122,1.04e-320,187.76673388346833,590.4360290695984
2024-09-15 12:20:00,988.5999756,1.04e-320,186.76485114567623,593.2489781081638
2024-09-15 12:25:00,977.4500732,1.04e-320,185.69351534081937,595.6692777886526
2024-09-15 12:30:00,957.833313,1.04e-320,184.55860654333063,630.121208256724
2024-09-15 12:35:00,934.166687,1.04e-320,183.36572309504496,659.0223393745019
2024-09-15 12:40:00,1399.099976,1.04e-320,182.12014924570377,656.297110797863
2024-09-15 12:45:00,1295.75,1.04e-320,180.82682618957293,638.2015437468573
2024-09-15 12:50:00,1236.599976,1.04e-320,179.49032668013794,617.8613680011658
2024-09-15 12:55:00,1139.133423,1.04e-320,178.1148333558825,696.0589791036601
2024-09-15 13:00:00,1042.533325,1.04e-320,176.70412090496092,1105.372870675938
2024-09-15 13:05:00,950.7999878,1.04e-320,175.2615421511996,818.9827320146991
2024-09-15 13:10:00,872.8499756,1.04e-320,173.79001811316346,791.0219317287857
2024-09-15 13:15:00,656.9499512,1.04e-320,172.2920320705736,955.7034672893628
2024-09-15 13:20:00,402.4500122,1.04e-320,170.76962761711272,1264.438371872564
2024-09-15 13:25:00,308.1000061,1.04e-320,169.22441067693524,1325.8263410058828
2024-09-15 13:30:00,234.8000031,1.04e-320,167.65755540208173,1360.5491197481242
2024-09-15 13:35:00,183.8000031,1.04e-320,166.0698138638021,1312.5833331314063
2024-09-15 13:40:00,150.6000061,1.04e-320,164.46152940783335,1298.2127937943444
2024-09-15 13:45:00,110.7499924,1.04e-320,162.83265351504227,1194.622940879923
2024-09-15 13:50:00,87.6000061,1.04e-320,161.18276600153303,1115.2671670056689
2024-09-15 13:55:00,77.73332977,1.04e-320,159.51109833685027,1106.9114161683021
2024-09-15 14:00:00,91.5,1.04e-320,157.816559856682,1312.7211905118666
2024-09-15 14:05:00,81.33333588,1.04e-320,156.09776664285906,1345.3788923071659
2024-09-15 14:10:00,135.5,1.04e-320,154.35307276945437,1324.5821809949584
2024-09-15 14:15:00,170.0,1.04e-320,152.58060365887454,1323.1044731601467
2024-09-15 14:20:00,172.1999969,1.04e-320,150.77829123364242,1447.80072768482
2024-09-15 14:25:00,173.3333282,1.04e-320,148.94391057115868,1418.9872751511687
2024-09-15 14:30:00,174.9000092,1.04e-320,147.07511772189545,1596.4187096748192
2024-09-15 14:35:00,239.5,1.04e-320,145.1694883812177,1700.8877308168273
2024-09-15 14:40:00,1114.099976,1.04e-320,143.2245570730718,1698.9228856650464
2024-09-15 14:45:00,1264.0,1.04e-320,141.23785652481092,1703.7315322025636
2024-09-15 14:50:00,1177.099976,1.04e-320,139.20695689057334,1704.445101023786
2024-09-15 14:55:00,1208.666626,1.04e-320,137.12950450566234,1672.787572948691
2024-09-15 15:00:00,1181.06665,1.04e-320,135.0032598376669,1286.9739641395408
2024-09-15 15:05:00,1431.400024,1.04e-320,132.82613433220916,1262.7497410682006
2024-09-15 15:10:00,1319.5,1.04e-320,130.59622584600328,1238.5209725952625
2024-09-15 15:15:00,1374.400024,1.04e-320,128.31185237065029,1182.763894524155
2024-09-15 15:20:00,1345.900146,1.04e-320,125.97158379236114,1238.6533417710991
2024-09-15 15:25:00,1163.650024,1.04e-320,123.57427140741687,1200.255125724238
2024-09-15 15:30:00,782.0999756,1.04e-320,121.11907495622523,1212.6552024686805
2024-09-15 15:35:00,476.1666565,1.04e-320,118.6054869984008,1220.4867861816451
2024-09-15 15:40:00,399.9666443,1.04e-320,116.03335436980963,1270.508651488192
2024-09-15 15:45:00,384.5,1.04e-320,113.40289660820591,1244.6347610269295
2024-09-15 15:50:00,315.3500061,1.04e-320,110.71472116015201,1290.31479615414
2024-09-15 15:55:00,241.5000153,1.04e-320,107.96983529109772,1271.4309054504686
2024-09-15 16:00:00,191.3000031,1.04e-320,105.16965456363344,1049.4943679208975
2024-09-15 16:05:00,239.8000031,1.04e-320,102.31600784831126,1049.971349173064
2024-09-15 16:10:00,271.7999878,1.04e-320,99.41113882218299,1049.4943679208975
2024-09-15 16:15:00,291.7999878,1.04e-320,96.45770392668527,1053.3013571734039
2024-09-15 16:20:00,281.7999878,1.04e-320,93.45876685822678,1048.0447680098528
2024-09-15 16:25:00,320.2999878,1.04e-320,90.41778955527212,1048.268579480837
2024-09-15 16:30:00,372.0,1.04e-320,87.33861984166434,957.4796759541554
2024-09-15 16:35:00,411.2000122,1.04e-320,84.22547575580077,944.2215926052161
2024-09-15 16:40:00,394.6999817,1.04e-320,81.08292674215413,929.6875634573028
2024-09-15 16:45:00,475.7999878,1.04e-320,77.91587181260081,937.5971740526361
2024-09-15 16:50:00,435.4333191,1.04e-320,74.72951489975124,912.3068693489562
2024-09-15 16:55:00,439.3000183,1.04e-320,71.52933754922894,919.2658088927712
2024-09-15 17:00:00,403.1666565,1.04e-320,68.32106917765826,156.62563607847682
2024-09-15 17:05:00,373.6666565,1.04e-320,65.11065517518028,155.98562651876145
2024-09-15 17:10:00,339.7666626,1.04e-320,61.90422302536483,146.4752967364707
2024-09-15 17:15:00,316.0,1.04e-320,58.70804676779305,141.43885751113595
2024-09-15 17:20:00,287.6333313,1.04e-320,55.52851004207951,128.77390272399623
2024-09-15 17:25:00,276.0499878,1.04e-320,52.37206803915938,128.35018057501847
2024-09-15 17:30:00,216.8333282,1.04e-320,49.24520860333119,129.34429315051293
2024-09-15 17:35:00,189.4333344,1.04e-320,46.15441282845191,126.78051118004863
2024-09-15 17:40:00,175.4666748,1.04e-320,43.10611542822928,122.13023325712828
2024-09-15 17:45:00,168.1333466,1.04e-320,40.10666517565813,110.73413003297266
2024-09-15 17:50:00,162.9999847,1.04e-320,37.162285763942926,119.12020362722821
2024-09-15 17:55:00,215.6999969,1.04e-320,34.279037302889215,108.42992689489263
2024-09-15 18:00:00,198.5500031,1.04e-320,31.46277882707863,105.75324840130415
2024-09-15 18:05:00,196.9333344,1.04e-320,28.71913203815387,105.75324840130415
2024-09-15 18:10:00,177.4333344,1.04e-320,26.053446585938982,105.75324840130415
2024-09-15 18:15:00,171.5,1.04e-320,23.470767138397544,104.98464111250112
2024-09-15 18:20:00,153.4333344,1.04e-320,20.97580247740569,105.3761521290178
2024-09-15 18:25:00,151.5499878,1.04e-320,18.57289687710087,105.51655956416224
2024-09-15 18:30:00,125.1000061,1.04e-320,16.2660039231571,105.56238763795518
2024-09-15 18:35:00,97.55001068,1.04e-320,14.058663035531353,106.45075498330529
2024-09-15 18:40:00,68.96666718,1.04e-320,11.953978791410169,143.66885345583714
2024-09-15 18:45:00,61.25,1.04e-320,9.954603245894829,120.27621269793754
2024-09-15 18:50:00,53.55000305,1.04e-320,8.06272134730092,114.63451257627865
2024-09-15 18:55:00,40.5,1.04e-320,6.280039569722372,118.31974737899577
2024-09-15 19:00:00,28.45000267,1.04e-320,4.607777810789071,15.147248833233046
2024-09-15 19:05:00,20.70000076,1.04e-320,3.0466646241322,10.353807126053729
2024-09-15 19:10:00,0.0,1.04e-320,1.596935803919792,14.512389583331933
2024-09-15 19:15:00,0.0,1.04e-320,0.25833631003101304,6.629429029428492
2024-09-15 19:20:00,0.0,1.04e-320,-0.9698744655526519,6.629429029428492
2024-09-15 19:25:00,0.0,1.04e-320,-2.088914185894032,6.629429029428492
2024-09-15 19:30:00,0.0,1.04e-320,-3.100465846296307,6.629429029428492
2024-09-15 19:35:00,0.0,1.04e-320,-4.006662971784072,6.629429029428492
2024-09-15 19:40:00,0.0,1.04e-320,-4.810071844235098,6.813421619628492
2024-09-15 19:45:00,0.0,1.04e-320,-5.513670910546675,6.944888291895158
2024-09-15 19:50:00,0.0,1.04e-320,-6.120827541305988,6.944888291895158
2024-09-15 19:55:00,0.0,1.04e-320,-6.635272318153767,6.878962367361825
2024-09-15 20:00:00,0.0,1.04e-320,-7.061071068240964,0.23216665903333336
2024-09-15 20:05:00,0.0,1.04e-320,-7.4025948500483825,0.2555687737795238
2024-09-15 20:10:00,0.0,1.04e-320,-7.6644881400588405,0.2555687737795238
2024-09-15 20:15:00,0.0,1.04e-320,-7.8516354584737895,0.2555687737795238
2024-09-15 20:20:00,0.0,1.04e-320,-7.969126695347532,0.3553782995985714
2024-09-15 20:25:00,0.0,1.04e-320,-8.02222140377421,0.3553782995985714
2024-09-15 20:30:00,0.0,1.04e-320,-8.016312330408267,0.4548782944985714
2024-09-15 20:35:00,0.0,1.04e-320,-7.95688846349172,0.3550687686795238
2024-09-15 20:40:00,0.0,1.04e-320,-7.849497874607399,0.3553782995985714
2024-09-15 20:45:00,0.0,1.04e-320,-7.699710634257624,0.2555687737795238
2024-09-15 20:50:00,0.0,1.04e-320,-7.513082075399253,0.2555687737795238
2024-09-15 20:55:00,0.0,1.04e-320,-7.295116681482447,0.2555687737795238
2024-09-15 21:00:00,0.0,1.04e-320,-7.051232858413735,0.3553782995985714
2024-09-15 21:05:00,0.0,1.04e-320,-6.786728851017424,0.3553782995985714
2024-09-15 21:10:00,0.0,1.04e-320,-6.506750048823825,0.3553782995985714
2024-09-15 21:15:00,0.0,1.04e-320,-6.216257915056205,0.3553782995985714
2024-09-15 21:20:00,0.0,1.04e-320,-5.920000757632794,0.0
2024-09-15 21:25:00,0.0,1.04e-320,-5.622486547944611,0.0
2024-09-15 21:30:00,0.0,1.04e-320,-5.327957969895319,0.0
2024-09-15 21:35:00,0.0,1.04e-320,-5.040369871434194,0.37699996950000003
2024-09-15 21:40:00,0.0,1.04e-320,-4.763369264424027,0.0
2024-09-15 21:45:00,0.0,1.04e-320,-4.500277995888175,0.0
2024-09-15 21:50:00,0.0,1.04e-320,-4.254078204530471,0.0
2024-09-15 21:55:00,0.0,1.04e-320,-4.027400633905323,0.0
2024-09-15 22:00:00,0.0,1.04e-320,-3.8225158726244106,0.0
2024-09-15 22:05:00,0.0,1.04e-320,-3.6413285486594824,0.0
2024-09-15 22:10:00,0.0,1.04e-320,-3.485374495542638,0.0
2024-09-15 22:15:00,0.0,1.04e-320,-3.355820876570713,0.0
2024-09-15 22:20:00,0.0,1.04e-320,-3.2534692354114414,0.0
2024-09-15 22:25:00,0.0,1.04e-320,-3.178761412074613,0.0
2024-09-15 22:30:00,0.0,1.04e-320,-3.1317882479820662,0.0
2024-09-15 22:35:00,0.0,1.04e-320,-3.1123009765436165,0.0
2024-09-15 22:40:00,0.0,1.04e-320,-3.11972517875702,0.0
2024-09-15 22:45:00,0.0,1.04e-320,-3.1531771607045345,0.0
2024-09-15 22:50:00,0.0,1.04e-320,-3.21148259518409,0.0
2024-09-15 22:55:00,0.0,1.04e-320,-3.293197247565764,0.0
2024-09-15 23:00:00,0.0,1.04e-320,-3.396629596232862,0.0
2024-09-15 23:05:00,0.0,1.04e-320,-3.51986513870288,0.0
2024-09-15 23:10:00,0.0,1.04e-320,-3.6607921664051912,0.0
2024-09-15 23:15:00,0.0,1.04e-320,-3.817128778145278,0.0
2024-09-15 23:20:00,0.0,1.04e-320,-3.986450894502223,0.0
2024-09-15 23:25:00,0.0,1.04e-320,-4.1662210307474234,0.0
2024-09-15 23:30:00,0.0,1.04e-320,-4.353817573896903,0.0
2024-09-15 23:35:00,0.0,1.04e-320,-4.546564322239336,0.0
2024-09-15 23:40:00,0.0,1.04e-320,-4.741760022251753,0.0
2024-09-15 23:45:00,0.0,1.04e-320,-4.936707666874758,0.0
2024-09-15 23:50:00,0.0,1.04e-320,-5.128743292693076,0.0
2024-09-15 23:55:00,0.0,1.04e-320,-5.315264046881726,0.0
2024-09-16 00:00:00,0.0,1.04e-320,-5.493755282302187,0.0
2024-09-16 00:05:00,0.0,1.04e-320,-5.661816456826433,0.0
2024-09-16 00:10:00,0.0,1.04e-320,-5.817185623382498,0.0
2024-09-16 00:15:00,0.0,1.04e-320,-5.9577623076574,0.0
2024-09-16 00:20:00,0.0,1.04e-320,-6.081628588194842,0.0
2024-09-16 00:25:00,0.0,1.04e-320,-6.187068200141996,0.0
2024-09-16 00:30:00,0.0,1.04e-320,-6.272583520027081,0.0
2024-09-16 00:35:00,0.0,1.04e-320,-6.336910279665615,0.0
2024-09-16 00:40:00,0.0,1.04e-320,-6.379029903847927,0.0
2024-09-16 00:45:00,0.0,1.04e-320,-6.398179367638425,0.0
2024-09-16 00:50:00,0.0,1.04e-320,-6.393858498697104,0.0
2024-09-16 00:55:00,0.0,1.04e-320,-6.365834668715229,0.0
2024-09-16 01:00:00,0.0,1.04e-320,-6.31414484130503,0.0
2024-09-16 01:05:00,0.0,1.04e-320,-6.239094963619466,0.0
2024-09-16 01:10:00,0.0,1.04e-320,-6.141256712960775,0.0
2024-09-16 01:15:00,0.0,1.04e-320,-6.021461630688201,0.0
2024-09-16 01:20:00,0.0,1.04e-320,-5.880792697138524,0.0
2024-09-16 01:25:00,0.0,1.04e-320,-5.720573423268294,0.0
2024-09-16 01:30:00,0.0,1.04e-320,-5.542354553272863,0.0
2024-09-16 01:35:00,0.0,1.04e-320,-5.347898496094083,0.0
2024-09-16 01:40:00,0.0,1.04e-320,-5.139161616624345,0.0
2024-09-16 01:45:00,0.0,1.04e-320,-4.918274540615656,0.0
2024-09-16 01:50:00,0.0,1.04e-320,-4.687520640476421,0.0
2024-09-16 01:55:00,0.0,1.04e-320,-4.449312884290912,0.0
2024-09-16 02:00:00,0.0,1.04e-320,-4.206169247041865,0.0
2024-09-16 02:05:00,0.0,1.04e-320,-3.960686888871046,0.0
2024-09-16 02:10:00,0.0,1.04e-320,-3.7155153234472835,0.0
2024-09-16 02:15:00,0.0,1.04e-320,-3.4733287998107256,0.0
2024-09-16 02:20:00,0.0,1.04e-320,-3.2367981346788905,0.0
2024-09-16 02:25:00,0.0,1.04e-320,-3.0085622319442242,0.0
2024-09-16 02:30:00,0.0,1.04e-320,-2.7911995339316578,0.0
2024-09-16 02:35:00,0.0,1.04e-320,-2.587199643815154,0.0
2024-09-16 02:40:00,0.0,1.04e-320,-2.3989353640410283,0.0
2024-09-16 02:45:00,0.0,1.04e-320,-2.2286353871291174,0.0
2024-09-16 02:50:00,0.0,1.04e-320,-2.0783578776711216,0.0
2024-09-16 02:55:00,0.0,1.04e-320,-1.9499651669558788,0.0
2024-09-16 03:00:00,0.0,1.04e-320,-1.845099785272619,0.0
2024-09-16 03:05:00,0.0,1.04e-320,-1.7651620382604907,0.0
2024-09-16 03:10:00,0.0,1.04e-320,-1.7112893253980328,0.0
2024-09-16 03:15:00,0.0,1.04e-320,-1.6843373849330043,0.0
2024-09-16 03:20:00,0.0,1.04e-320,-1.6848636346329173,0.0
2024-09-16 03:25:00,0.0,1.04e-320,-1.7131127616748485,0.0
2024-09-16 03:30:00,0.0,1.04e-320,-1.7690046975034726,0.0
2024-09-16 03:35:00,0.0,1.04e-320,-1.8521250954300312,0.0
2024-09-16 03:40:00,0.0,1.04e-320,-1.961718407662993,0.0
2024-09-16 03:45:00,0.0,1.04e-320,-2.0966836448131305,0.0
2024-09-16 03:50:00,0.0,1.04e-320,-2.2555728662764944,0.0
2024-09-16 03:55:00,0.0,1.04e-320,-2.4365924492733773,0.0
2024-09-16 04:00:00,0.0,1.04e-320,-2.6376071395862435,0.0
2024-09-16 04:05:00,0.0,1.04e-320,-2.8561468862098383,0.0
2024-09-16 04:10:00,0.0,1.04e-320,-3.0894164259028303,0.0
2024-09-16 04:15:00,0.0,1.04e-320,-3.334307572086091,0.0
2024-09-16 04:20:00,0.0,1.04e-320,-3.587414130443403,0.0
2024-09-16 04:25:00,0.0,1.04e-320,-3.8450493582833882,0.0
2024-09-16 04:30:00,0.0,1.04e-320,-4.1032658515963965,0.0
2024-09-16 04:35:00,0.0,1.04e-320,-4.35787772713627,0.0
2024-09-16 04:40:00,0.0,1.04e-320,-4.604484960711706,0.0
2024-09-16 04:45:00,0.0,1.04e-320,-4.838499703434426,0.0
2024-09-16 04:50:00,0.0,1.04e-320,-5.055174409742611,0.0
2024-09-16 04:55:00,0.0,1.04e-320,-5.249631568764533,0.0
2024-09-16 05:00:00,0.0,1.04e-320,-5.416894842203816,0.0
2024-09-16 05:05:00,0.0,1.04e-320,-5.5519213827290415,0.0
2024-09-16 05:10:00,0.0,1.04e-320,-5.649635107389605,0.0
2024-09-16 05:15:00,0.0,1.04e-320,-5.704960690034847,0.0
2024-09-16 05:20:00,0.0,1.04e-320,-5.712858028707596,0.0
2024-09-16 05:25:00,0.0,1.04e-320,-5.668356942581668,0.0
2024-09-16 05:30:00,0.0,1.04e-320,-5.566591847987413,0.0
2024-09-16 05:35:00,0.0,1.04e-320,-5.402836167126858,0.0
2024-09-16 05:40:00,0.0,1.04e-320,-5.172536215643181,0.0
2024-09-16 05:45:00,0.0,1.04e-320,-4.871344329508306,0.0
2024-09-16 05:50:00,0.0,1.04e-320,-4.4951509889342525,0.0
2024-09-16 05:55:00,0.0,1.04e-320,-4.040115704715433,0.0
2024-09-16 06:00:00,0.0,1.04e-320,-3.5026964446685236,125.07694579278768
2024-09-16 06:05:00,0.0,1.04e-320,-2.8796773827043114,125.07694579278768
2024-09-16 06:10:00,0.0,1.04e-320,-2.168194773033184,123.73021249819435
2024-09-16 06:15:00,0.0,1.04e-320,-1.365760753483855,119.9536606286388
2024-09-16 06:20:00,0.0,1.04e-320,-0.47028490856329763,122.55412252483977
2024-09-16 06:25:00,0.0,1.04e-320,0.5199065712175573,118.84649522828518
2024-09-16 06:30:00,0.0,1.04e-320,1.6060542693963764,118.71683595027186
2024-09-16 06:35:00,0.0,1.04e-320,2.788951592797922,116.52935367138659
2024-09-16 06:40:00,0.0,1.04e-320,4.068933587888574,114.72205717844798
2024-09-16 06:45:00,0.0,1.04e-320,5.445868616916655,114.13764977028133
2024-09-16 06:50:00,0.0,1.04e-320,6.919152950718793,114.02210532911354
2024-09-16 06:55:00,82.90000153,1.04e-320,8.487708324192415,112.67560904728911
2024-09-16 07:00:00,121.9000015,1.04e-320,10.149982482753696,388.7731039097865
2024-09-16 07:05:00,136.3000031,1.04e-320,11.903952704231758,388.7731039097865
2024-09-16 07:10:00,158.1000061,1.04e-320,13.747132295547598,392.4157291810263
2024-09-16 07:15:00,180.1999969,1.04e-320,15.67658002161704,393.59517912714284
2024-09-16 07:20:00,211.8999939,1.04e-320,17.68891237449687,395.4035625974039
2024-09-16 07:25:00,248.5,1.04e-320,19.78031864818956,395.4035625974039
2024-09-16 07:30:00,289.0,1.04e-320,21.946578680175126,393.04371064162615
2024-09-16 07:35:00,344.3999939,1.04e-320,24.18308316272181,391.4574724902293
2024-09-16 07:40:00,368.0,1.04e-320,26.484856361145603,389.4476626011849
2024-09-16 07:45:00,531.4000244,1.04e-320,28.84658111428879,385.54756250358486
2024-09-16 07:50:00,594.7999878,1.04e-320,31.262625922626462,384.0244514738071
2024-09-16 07:55:00,692.4000244,1.04e-320,33.72707395707688,378.28120188740394
2024-09-16 08:00:00,746.0,1.04e-320,36.23375377285138,509.2349843292432
2024-09-16 08:05:00,799.7999878,1.04e-320,38.776271536462666,509.2349843292432
2024-09-16 08:10:00,780.3666992,1.04e-320,41.348044533358134,509.2349843292432
2024-09-16 08:15:00,811.7666626,1.04e-320,43.942335744365444,510.5607620510211
2024-09-16 08:20:00,953.7000122,1.04e-320,46.552289242905466,506.5990408682892
2024-09-16 08:25:00,913.7333374,1.04e-320,49.17096618010998,489.7057086096892
2024-09-16 08:30:00,1090.400024,1.04e-320,51.79138112647007,479.3262644419116
2024-09-16 08:35:00,1040.099976,1.04e-320,54.40653849862357,479.3262644419116
2024-09-16 08:40:00,1223.800049,1.04e-320,57.00946886337124,511.32952147290206
2024-09-16 08:45:00,1175.56665,1.04e-320,59.59326487314716,512.0354896007877
2024-09-16 08:50:00,1241.633423,1.04e-320,62.151116549779175,753.6436227610595
2024-09-16 08:55:00,1279.633423,1.04e-320,64.67634576504501,736.2689569152184
2024-09-16 09:00:00,1333.966675,1.04e-320,67.16243962671619,1435.6093838991485
2024-09-16 09:05:00,1382.266602,1.04e-320,69.60308260074123,1444.2924581924817
2024-09-16 09:10:00,1423.599976,1.04e-320,71.99218712497233,1531.2160732931927
2024-09-16 09:15:00,1464.466675,1.04e-320,74.32392256389303,1518.784801419167
2024-09-16 09:20:00,1510.933472,1.04e-320,76.5927422961401,1492.6682919056445
2024-09-16 09:25:00,1558.133301,1.04e-320,78.79340877778297,1464.3110881914301
2024-09-16 09:30:00,1605.166626,1.04e-320,80.92101645010234,1454.8237239059374
2024-09-16 09:35:00,1643.066772,1.04e-320,82.97101230765199,1450.259400860017
2024-09-16 09:40:00,1684.933228,1.04e-320,84.93921408681922,1435.5831971320724
2024-09-16 09:45:00,1727.566772,1.04e-320,86.82182590303414,1047.7598382510596
2024-09-16 09:50:00,1779.166626,1.04e-320,88.61545131164284,1420.2952166845898
2024-09-16 09:55:00,1834.233398,1.04e-320,90.31710369907202,1424.585506105398
2024-09-16 10:00:00,1881.433228,1.04e-320,91.924213987336,1529.1129276168424
2024-09-16 10:05:00,1913.266602,1.04e-320,93.43463560405665,1583.6094542684732
2024-09-16 10:10:00,1935.766602,1.04e-320,94.8466467437371,1583.6094542684732
2024-09-16 10:15:00,1968.833374,1.04e-320,96.15894993033007,1562.5048916471205
2024-09-16 10:20:00,2010.0,1.04e-320,97.37066889238329,1562.5048916471205
2024-09-16 10:25:00,2041.900024,1.04e-320,98.48134285071617,1529.1129276168424
2024-09-16 10:30:00,2056.466553,1.04e-320,99.49091825661112,1533.8211816078351
2024-09-16 10:35:00,2058.399902,1.04e-320,100.39973809102965,1533.8211816078351
2024-09-16 10:40:00,1904.099854,1.04e-320,101.20852881741061,1491.6752345922193
2024-09-16 10:45:00,1572.666626,1.04e-320,101.9183851284142,1491.6752345922193
2024-09-16 10:50:00,1649.766602,1.04e-320,102.53075261255891,1455.7169362424895
2024-09-16 10:55:00,2054.699951,1.04e-320,103.04740849519487,1455.7169362424895
2024-09-16 11:00:00,1894.833374,1.04e-320,103.47044062509822,1136.409518091709
2024-09-16 11:05:00,2001.333374,1.04e-320,103.80222486321101,1371.3725527146896
2024-09-16 11:10:00,2002.733276,1.04e-320,104.04540108352802,1451.1464317323332
2024-09-16 11:15:00,2059.266602,1.04e-320,104.2028479553622,1451.9267736392942
2024-09-16 11:20:00,2036.900024,1.04e-320,104.27765672133195,1427.2400875751293
2024-09-16 11:25:00,2014.866699,1.04e-320,104.27310416803097,1397.2497470765802
2024-09-16 11:30:00,1989.766602,1.04e-320,104.1926249990934,1389.845149360027
2024-09-16 11:35:00,2011.400024,1.04e-320,104.0397838218727,1369.620501280146
2024-09-16 11:40:00,2032.266602,1.04e-320,103.81824695282062,1408.1168014360603
2024-09-16 11:45:00,2056.999756,1.04e-320,103.53175425854533,1426.4067148608128
2024-09-16 11:50:00,2058.666748,1.04e-320,103.1840912290926,1430.8329478378153
2024-09-16 11:55:00,2060.099854,1.04e-320,102.77906149276669,1435.0044998099993
2024-09-16 12:00:00,2060.43335,1.04e-320,102.32045996414547,1360.6987309037386
2024-09-16 12:05:00,2060.466553,1.04e-320,101.81204681476083,1360.6987309037386
2024-09-16 12:10:00,2060.850098,1.04e-320,101.25752244817683,1354.6862082757098
2024-09-16 12:15:00,2061.800049,1.04e-320,100.66050364728306,1349.235987681609
2024-09-16 12:20:00,1764.200073,1.04e-320,100.02450105481573,1349.3549442229423
2024-09-16 12:25:00,1725.600098,1.04e-320,99.35289813418954,1343.8360897189045
2024-09-16 12:30:00,2062.699951,1.04e-320,98.64893174196084,1341.8002466216824
2024-09-16 12:35:00,1686.966675,1.04e-320,97.91567443866698,1376.5845792815085
2024-09-16 12:40:00,2062.249756,1.04e-320,97.15601863331462,1376.1561976040298
2024-09-16 12:45:00,2057.999756,1.04e-320,96.37266266194045,1386.6987826007376
2024-09-16 12:50:00,2033.333374,1.04e-320,95.56809886565992,1367.2942437479483
2024-09-16 12:55:00,2007.866699,1.04e-320,94.74460373063224,1296.552532255371
2024-09-16 13:00:00,1974.599976,1.04e-320,93.90423012947022,1181.81111023001
2024-09-16 13:05:00,1969.900146,1.04e-320,93.04880168622725,1450.1401872467009
2024-09-16 13:10:00,2001.850098,1.04e-320,92.17990927873117,1405.8966780719315
2024-09-16 13:15:00,1764.266724,1.04e-320,91.29890965703507,1454.5908049031004
2024-09-16 13:20:00,1835.166626,1.04e-320,90.4069261684728,1459.998528985878
2024-09-16 13:25:00,2052.300049,1.04e-320,89.50485153112699,1450.538637425194
2024-09-16 13:30:00,1849.0,1.04e-320,88.59335260937785,1482.7568279036784
2024-09-16 13:35:00,1950.033203,1.04e-320,87.67287711506573,1516.9349892078305
2024-09-16 13:40:00,1847.733276,1.04e-320,86.74366214588544,1555.4977821194022
2024-09-16 13:45:00,1785.833374,1.04e-320,85.80574446736783,1601.1138801543295
2024-09-16 13:50:00,1663.150146,1.04e-320,84.85897241717142,1599.9237425933645
2024-09-16 13:55:00,1330.633301,1.04e-320,83.90301931476704,1544.8012352425392
2024-09-16 14:00:00,1136.766724,1.04e-320,82.93739823421073,1560.8664070970044
2024-09-16 14:05:00,1093.449951,1.04e-320,81.96147800970509,1591.6534931363456
2024-09-16 14:10:00,853.9000244,1.04e-320,80.97450030265136,1590.9287592942815
2024-09-16 14:15:00,662.9666138,1.04e-320,79.97559759001999,1625.1018347960005
2024-09-16 14:20:00,610.5333862,1.04e-320,78.9638118966204,1622.9366984939477
2024-09-16 14:25:00,615.3666992,1.04e-320,77.93811410966933,1779.7817261385478
2024-09-16 14:30:00,710.0999756,1.04e-320,76.89742370281928,1829.2230386165973
2024-09-16 14:35:00,765.5999756,1.04e-320,75.84062869395572,1806.8772663309219
2024-09-16 14:40:00,840.4000244,1.04e-320,74.76660567308184,1828.3778488131945
2024-09-16 14:45:00,806.0666504,1.04e-320,73.67423971185804,1906.7457183502095
2024-09-16 14:50:00,822.6333618,1.04e-320,72.56244401091176,1883.0995752589165
2024-09-16 14:55:00,814.3999634,1.04e-320,71.4301790935722,1899.0402051991632
2024-09-16 15:00:00,1120.199951,1.04e-320,70.27647140610479,1890.4295279548783
2024-09-16 15:05:00,1116.099976,1.04e-320,69.1004311618603,1821.243107074881
2024-09-16 15:10:00,1097.400024,1.04e-320,67.90126928499326,1798.0337313546656
2024-09-16 15:15:00,1055.400024,1.04e-320,66.67831332310085,1280.4691002745255
2024-09-16 15:20:00,996.4332886,1.04e-320,65.4310221911596,1058.8805663296234
2024-09-16 15:25:00,976.666687,1.04e-320,64.15899963983539,1043.4954113196545
2024-09-16 15:30:00,958.4000854,1.04e-320,62.86200633186524,1108.4840198234683
2024-09-16 15:35:00,958.9000854,1.04e-320,61.53997045375986,966.050417887542
2024-09-16 15:40:00,926.8666992,1.04e-320,60.1929967569928,1239.6897644562284
2024-09-16 15:45:00,1801.0,1.04e-320,58.82137397742361,1289.4039312180614
2024-09-16 15:50:00,1695.300049,1.04e-320,57.42558058150417,797.6089515391661
2024-09-16 15:55:00,1748.733398,1.04e-320,56.00628879072525,563.5625521715477
2024-09-16 16:00:00,1696.466675,1.04e-320,54.56436686433306,584.9131864117262
2024-09-16 16:05:00,1749.899902,1.04e-320,53.10087962858728,590.8753452558872
2024-09-16 16:10:00,1396.900024,1.04e-320,51.61708726399087,603.7042776456427
2024-09-16 16:15:00,1906.800049,1.04e-320,50.114442346110195,587.3758939649048
2024-09-16 16:20:00,1744.099854,1.04e-320,48.59458520678177,1363.3951448391076
2024-09-16 16:25:00,1744.100098,1.04e-320,47.059337623736994,1342.5450013404175
2024-09-16 16:30:00,1486.400024,1.04e-320,45.510694921830535,1312.2181335200262
2024-09-16 16:35:00,1288.699951,1.04e-320,43.95081654775091,1238.6346381131027
2024-09-16 16:40:00,1059.5,1.04e-320,42.382015196885554,1235.151011508138
2024-09-16 16:45:00,1076.666626,1.04e-320,40.80674459791723,1220.431552870535
2024-09-16 16:50:00,1022.0,1.04e-320,39.22758604478937,1211.731850238576
2024-09-16 16:55:00,1158.599976,1.04e-320,37.647233797117686,1215.1258076120603
2024-09-16 17:00:00,1045.699951,1.04e-320,36.068479462294846,612.6437225145285
2024-09-16 17:05:00,1039.699951,1.04e-320,34.49419550940787,618.283160771846
2024-09-16 17:10:00,921.5333862,1.04e-320,32.92731801763764,591.8191590965043
2024-09-16 17:15:00,877.3666382,1.04e-320,31.370828819806633,592.5186255690377
2024-09-16 17:20:00,781.166687,1.04e-320,29.82773718772755,593.0323441468679
2024-09-16 17:25:00,747.9666138,1.04e-320,28.30106118947945,601.2565037705456
2024-09-16 17:30:00,721.8000488,1.04e-320,26.793808881353254,585.6319503908394
2024-09-16 17:35:00,620.8499756,1.04e-320,25.30895947232722,585.6646172188393
2024-09-16 17:40:00,527.9500732,1.04e-320,23.849444624266525,589.3272764030313
2024-09-16 17:45:00,469.6000061,1.04e-320,22.418130006713703,592.9626723283556
2024-09-16 17:50:00,466.6000061,1.04e-320,21.017797286902898,586.9040232537841
2024-09-16 17:55:00,415.1333008,1.04e-320,19.651126654311977,598.3540600803349
2024-09-16 18:00:00,396.8333435,1.04e-320,18.320680039883772,205.9837745420371
2024-09-16 18:05:00,364.9500122,1.04e-320,17.028885147039222,262.1991918809925
2024-09-16 18:10:00,328.5,1.04e-320,15.778020411351891,210.44645968905826
2024-09-16 18:15:00,259.8999939,1.04e-320,14.570201012571193,233.24726831148578
2024-09-16 18:20:00,205.4499969,1.04e-320,13.40736602523027,257.62555825602016
2024-09-16 18:25:00,155.7000122,1.04e-320,12.291266814723057,252.8122006932361
2024-09-16 18:30:00,110.0999985,1.04e-320,11.223456747868338,244.99000395592952
2024-09-16 18:35:00,82.80000305,1.04e-320,10.205282311870358,238.46908513517948
2024-09-16 18:40:00,64.65000153,1.04e-320,9.237875673883194,238.46908513517948
2024-09-16 18:45:00,48.15000153,1.04e-320,8.322148747650623,119.69242751633392
2024-09-16 18:50:00,35.90000153,1.04e-320,7.458788804061666,117.87094182770915
2024-09-16 18:55:00,26.5,1.04e-320,6.648255638887239,98.33765896028964
2024-09-16 19:00:00,18.79999924,1.04e-320,5.890780318755933,47.15677887209313
2024-09-16 19:05:00,13.4333334,1.04e-320,5.186365501345075,46.165695669660906
2024-09-16 19:10:00,0.0,1.04e-320,4.534787315331998,38.94138892321429
2024-09-16 19:15:00,0.0,1.04e-320,3.935598779912767,39.09453180620159
2024-09-16 19:20:00,0.0,1.04e-320,3.388134722188172,39.3295278152335
2024-09-16 19:25:00,0.0,1.04e-320,2.8915181477396628,39.95299447436684
2024-09-16 19:30:00,0.0,1.04e-320,2.444668002554484,39.3283055805935
2024-09-16 19:35:00,0.0,1.04e-320,2.046308260123806,39.34622546943104
2024-09-16 19:40:00,0.0,1.04e-320,1.6949782514214577,38.41848628481993
2024-09-16 19:45:00,0.0,1.04e-320,1.3890441543160874,38.87028788988612
2024-09-16 19:50:00,0.0,1.04e-320,1.1267115405321064,38.70825082529723
2024-09-16 19:55:00,0.0,1.04e-320,0.9060388812151172,39.14239371754167
2024-09-16 20:00:00,0.0,1.04e-320,0.7249518971000711,0.06379400091449736
2024-09-16 20:05:00,0.0,1.04e-320,0.5812586438011811,0.06379400091449736
2024-09-16 20:10:00,0.0,1.04e-320,0.4726652024361935,0.06379400091449736
2024-09-16 20:15:00,0.0,1.04e-320,0.39679186150084217,0.06379400091449736
2024-09-16 20:20:00,0.0,1.04e-320,0.351189656501958,0.06379400091449736
2024-09-16 20:25:00,0.0,1.04e-320,0.3333571428033962,0.06379400091449736
2024-09-16 20:30:00,0.0,1.04e-320,0.340757271835921,0.06379400091449736
2024-09-16 20:35:00,0.0,1.04e-320,0.3708342428312212,0.06379400091449736
2024-09-16 20:40:00,0.0,1.04e-320,0.42103020334851704,0.44079397041449736
2024-09-16 20:45:00,0.0,1.04e-320,0.48880167451179574,0.44079397041449736
2024-09-16 20:50:00,0.0,1.04e-320,0.5716355809318091,0.06379400091449736
2024-09-16 20:55:00,0.0,1.04e-320,0.6670647664933774,0.06379400091449736
2024-09-16 21:00:00,0.0,1.04e-320,0.7726828900735123,0.0
2024-09-16 21:05:00,0.0,1.04e-320,0.8861585894965388,0.0
2024-09-16 21:10:00,0.0,1.04e-320,1.005248822908979,0.0
2024-09-16 21:15:00,0.0,1.04e-320,1.1278112910392524,0.0
2024-09-16 21:20:00,0.0,1.04e-320,1.2518158620300888,0.0
2024-09-16 21:25:00,0.0,1.04e-320,1.3753549241856624,0.0
2024-09-16 21:30:00,0.0,1.04e-320,1.4966526033296512,0.37699996950000003
2024-09-16 21:35:00,0.0,1.04e-320,1.6140727888931818,0.37699996950000003
2024-09-16 21:40:00,0.0,1.04e-320,1.7261259270957507,0.0
2024-09-16 21:45:00,0.0,1.04e-320,1.8314745461909105,0.0
2024-09-16 21:50:00,0.0,1.04e-320,1.9289374892448234,0.0
2024-09-16 21:55:00,0.0,1.04e-320,2.017492845433376,0.0
2024-09-16 22:00:00,0.0,1.04e-320,2.0962795734732853,0.0
2024-09-16 22:05:00,0.0,1.04e-320,2.16459782958866,0.0
2024-09-16 22:10:00,0.0,1.04e-320,2.2219080160436726,0.0
2024-09-16 22:15:00,0.0,1.04e-320,2.267828580620472,0.0
2024-09-16 22:20:00,0.0,1.04e-320,2.302132605416389,0.0
2024-09-16 22:25:00,0.0,1.04e-320,2.3247432326144173,0.0
2024-09-16 22:30:00,0.0,1.04e-320,2.335727984585492,0.0
2024-09-16 22:35:00,0.0,1.04e-320,2.3352920430072315,0.0
2024-09-16 22:40:00,0.0,1.04e-320,2.3237705600919067,0.0
2024-09-16 22:45:00,0.0,1.04e-320,2.301620081551618,0.0
2024-09-16 22:50:00,0.0,1.04e-320,2.269409167386119,0.0
2024-09-16 22:55:00,0.0,1.04e-320,2.227808302737448,0.0
2024-09-16 23:00:00,0.0,1.04e-320,2.177579193541526,0.0
2024-09-16 23:05:00,0.0,1.04e-320,2.1195635493962754,0.0
2024-09-16 23:10:00,0.0,1.04e-320,2.0546714548035716,0.0
2024-09-16 23:15:00,0.0,1.04e-320,1.9838694352758182,0.0
2024-09-16 23:20:00,0.0,1.04e-320,1.9081683243633731,0.0
2024-09-16 23:25:00,0.0,1.04e-320,1.8286110388291414,0.0
2024-09-16 23:30:00,0.0,1.04e-320,1.746260367935155,0.0
2024-09-16 23:35:00,0.0,1.04e-320,1.6621868820709131,0.0
2024-09-16 23:40:00,0.0,1.04e-320,1.5774570632387723,0.0
2024-09-16 23:45:00,0.0,1.04e-320,1.493121756645639,0.0
2024-09-16 23:50:00,0.0,1.04e-320,1.4102050401452946,0.0
2024-09-16 23:55:00,0.0,1.04e-320,1.3296936009376983,0.0
2024-09-17 00:00:00,0.0,1.04e-320,1.252526706217182,0.0
2024-09-17 00:05:00,0.0,1.04e-320,1.1795868470472615,0.0
2024-09-17 00:10:00,0.0,1.04e-320,1.1116911283522037,0.0
2024-09-17 00:15:00,0.0,1.04e-320,1.0495834707238152,0.0
2024-09-17 00:20:00,0.0,1.04e-320,0.9939276822570287,0.0
2024-09-17 00:25:00,0.0,1.04e-320,0.9453014502504614,0.0
2024-09-17 00:30:00,0.0,1.04e-320,0.9041912938192493,0.0
2024-09-17 00:35:00,0.0,1.04e-320,0.8709885118417858,0.0
2024-09-17 00:40:00,0.0,1.04e-320,0.8459861478203212,0.0
2024-09-17 00:45:00,0.0,1.04e-320,0.8293769883421868,0.0
2024-09-17 00:50:00,0.0,1.04e-320,0.8212526002641253,0.0
2024-09-17 00:55:00,0.0,1.04e-320,0.8216034032050419,0.0
2024-09-17 01:00:00,0.0,1.04e-320,0.8303197655414616,0.0
2024-09-17 01:05:00,0.0,1.04e-320,0.8471941025968379,0.0
2024-09-17 01:10:00,0.0,1.04e-320,0.8719239479401831,0.0
2024-09-17 01:15:00,0.0,1.04e-320,0.9041159591624847,0.0
2024-09-17 01:20:00,0.0,1.04e-320,0.9432908144022681,0.0
2024-09-17 01:25:00,0.0,1.04e-320,0.9888889444902298,0.0
2024-09-17 01:30:00,0.0,1.04e-320,1.0402770428942245,0.0
2024-09-17 01:35:00,0.0,1.04e-320,1.096755286412395,0.0
2024-09-17 01:40:00,0.0,1.04e-320,1.1575651950576953,0.0
2024-09-17 01:45:00,0.0,1.04e-320,1.2218980547598353,0.0
2024-09-17 01:50:00,0.0,1.04e-320,1.28890382085667,0.0
2024-09-17 01:55:00,0.0,1.04e-320,1.3577004185452708,0.0
2024-09-17 02:00:00,0.0,1.04e-320,1.4273833524081587,0.0
2024-09-17 02:05:00,0.0,1.04e-320,1.4970355343512023,0.0
2024-09-17 02:10:00,0.0,1.04e-320,1.565737239846324,0.0
2024-09-17 02:15:00,0.0,1.04e-320,1.632576100547013,0.0
2024-09-17 02:20:00,0.0,1.04e-320,1.6966570412318567,0.0
2024-09-17 02:25:00,0.0,1.04e-320,1.7571120707632673,0.0
2024-09-17 02:30:00,0.0,1.04e-320,1.8131098386471693,0.0
2024-09-17 02:35:00,0.0,1.04e-320,1.8638648704045475,0.0
2024-09-17 02:40:00,0.0,1.04e-320,1.908646398740325,0.0
2024-09-17 02:45:00,0.0,1.04e-320,1.9467867117396422,0.0
2024-09-17 02:50:00,0.0,1.04e-320,1.9776889422794677,0.0
2024-09-17 02:55:00,0.0,1.04e-320,2.000834230856215,0.0
2024-09-17 03:00:00,0.0,1.04e-320,2.0157881959038453,0.0
2024-09-17 03:05:00,0.0,1.04e-320,2.0222066562212313,0.0
2024-09-17 03:10:00,0.0,1.04e-320,2.019840552156636,0.0
2024-09-17 03:15:00,0.0,1.04e-320,2.008540024075048,0.0
2024-09-17 03:20:00,0.0,1.04e-320,1.9882576093016566,0.0
2024-09-17 03:25:00,0.0,1.04e-320,1.959050530471004,0.0
2024-09-17 03:30:00,0.0,1.04e-320,1.921082053063168,0.0
2024-09-17 03:35:00,0.0,1.04e-320,1.8746219001137352,0.0
2024-09-17 03:40:00,0.0,1.04e-320,1.8200457182606937,0.0
2024-09-17 03:45:00,0.0,1.04e-320,1.757833598883744,0.0
2024-09-17 03:50:00,0.0,1.04e-320,1.688567665434664,0.0
2024-09-17 03:55:00,0.0,1.04e-320,1.6129287452245884,0.0
2024-09-17 04:00:00,0.0,1.04e-320,1.5316921544157147,0.0
2024-09-17 04:05:00,0.0,1.04e-320,1.4457226269201024,0.0
2024-09-17 04:10:00,0.0,1.04e-320,1.3559684328881592,0.0
2024-09-17 04:15:00,0.0,1.04e-320,1.2634547296807759,0.0
2024-09-17 04:20:00,0.0,1.04e-320,1.1692762049248047,0.0
2024-09-17 04:25:00,0.0,1.04e-320,1.0745890668094646,0.0
2024-09-17 04:30:00,0.0,1.04e-320,0.9806024507631668,0.0
2024-09-17 04:35:00,0.0,1.04e-320,0.8885693100919105,0.0
2024-09-17 04:40:00,0.0,1.04e-320,0.7997768661496564,0.0
2024-09-17 04:45:00,0.0,1.04e-320,0.7155366952759623,0.0
2024-09-17 04:50:00,0.0,1.04e-320,0.6371745326152223,0.0
2024-09-17 04:55:00,0.0,1.04e-320,0.566019877062984,0.0
2024-09-17 05:00:00,0.0,1.04e-320,0.5033954782818632,0.0
2024-09-17 05:05:00,0.0,1.04e-320,0.45060679495198713,0.0
2024-09-17 05:10:00,0.0,1.04e-320,0.40893150519324933,0.0
2024-09-17 05:15:00,0.0,1.04e-320,0.3796091559000949,0.0
2024-09-17 05:20:00,0.0,1.04e-320,0.3638310328201753,0.0
2024-09-17 05:25:00,0.0,1.04e-320,0.3627303330207122,0.0
2024-09-17 05:30:00,0.0,1.04e-320,0.37737271725427546,0.0
2024-09-17 05:35:00,0.0,1.04e-320,0.40874731773318773,0.0
2024-09-17 05:40:00,0.0,1.04e-320,0.4577582721080697,0.0
2024-09-17 05:45:00,0.0,1.04e-320,0.5252168508703967,0.0
2024-09-17 05:50:00,0.0,1.04e-320,0.6118342383427899,0.0
2024-09-17 05:55:00,0.0,1.04e-320,0.7182150256632153,0.0
2024-09-17 06:00:00,0.0,1.04e-320,0.8448514638879215,57.44181859239827
2024-09-17 06:05:00,0.0,1.04e-320,0.992118522890785,57.44181859239827
2024-09-17 06:10:00,0.0,1.04e-320,1.1602697926307477,57.44181859239827
2024-09-17 06:15:00,0.0,1.04e-320,1.349434257631377,59.39504079912047
2024-09-17 06:20:00,0.0,1.04e-320,1.5596139689103135,59.39504079912047
2024-09-17 06:25:00,0.0,1.04e-320,1.79068262745724,59.39504079912047
2024-09-17 06:30:00,0.0,1.04e-320,2.042385092882351,42.747268522481825
2024-09-17 06:35:00,0.0,1.04e-320,2.314337811987126,42.747268522481825
2024-09-17 06:40:00,0.0,1.04e-320,2.6060301690858934,42.747268522481825
2024-09-17 06:45:00,0.0,1.04e-320,2.916826740205048,42.747268522481825
2024-09-17 06:50:00,0.0,1.04e-320,3.2459704329566317,34.94103902598961
2024-09-17 06:55:00,0.0,1.04e-320,3.592586486584709,34.94103902598961
2024-09-17 07:00:00,58.20000076,1.04e-320,3.9556872950931097,511.0342654021964
2024-09-17 07:05:00,156.1999969,1.04e-320,4.3341780188022065,501.9452910900568
2024-09-17 07:10:00,185.5,1.04e-320,4.726862934502072,505.4532535589235
2024-09-17 07:15:00,271.1000061,1.04e-320,5.132452478383644,491.00987669840913
2024-09-17 07:20:00,267.7999878,1.04e-320,5.5495709157082,491.00987669840913
2024-09-17 07:25:00,266.6999817,1.04e-320,5.9767645911565905,492.56523848760594
2024-09-17 07:30:00,251.5333252,1.04e-320,6.4125106805971805,492.56523848760594
2024-09-17 07:35:00,245.0500031,1.04e-320,6.855226386646107,489.58789410544676
2024-09-17 07:40:00,199.0666656,1.04e-320,7.3032785013215085,486.3974322300007
2024-09-17 07:45:00,234.3999939,1.04e-320,7.754993263966123,477.85484328183406
2024-09-17 07:50:00,255.6000061,1.04e-320,8.208666441255003,472.60027350361554
2024-09-17 07:55:00,244.5,1.04e-320,8.662573546766295,446.2116263118361
2024-09-17 08:00:00,308.0,1.04e-320,9.114980135578795,953.8492898328218
2024-09-17 08:05:00,414.2999878,1.04e-320,9.564152080051688,980.5290176958273
2024-09-17 08:10:00,414.0499878,1.04e-320,10.008365769655834,998.3136654138495
2024-09-17 08:15:00,412.1000061,1.04e-320,10.445918146827287,1070.943620755252
2024-09-17 08:20:00,1002.299988,1.04e-320,10.87513651336188,1070.943620755252
2024-09-17 08:25:00,893.75,1.04e-320,11.294388036372471,1071.0544363208073
2024-09-17 08:30:00,910.2333374,1.04e-320,11.702088883881569,1119.6855519490882
2024-09-17 08:35:00,818.1333008,1.04e-320,12.09671293292801,1109.2816680932783
2024-09-17 08:40:00,793.666687,1.04e-320,12.476799985645357,968.510138220796
2024-09-17 08:45:00,718.9000244,1.04e-320,12.840963445375833,968.510138220796
2024-09-17 08:50:00,1650.400024,1.04e-320,13.187897391707432,964.6673266145182
2024-09-17 08:55:00,1543.099976,1.04e-320,13.516383024921204,912.1773256390627
2024-09-17 09:00:00,1507.366699,1.04e-320,13.82529443173204,1367.4594039046378
2024-09-17 09:05:00,1435.850098,1.04e-320,14.113603639519212,1367.4594039046378
2024-09-17 09:10:00,1554.0,1.04e-320,14.380384937073723,1408.5320989735603
2024-09-17 09:15:00,1564.800049,1.04e-320,14.62481843758051,1417.288301760727
2024-09-17 09:20:00,1576.566772,1.04e-320,14.846192871470977,1420.578889759846
2024-09-17 09:25:00,1604.633301,1.04e-320,15.043907597334009,1415.1281574472844
2024-09-17 09:30:00,1639.166626,1.04e-320,15.217473837689845,1415.3688951075842
2024-09-17 09:35:00,1679.433228,1.04e-320,15.36651513139409,1402.8262308281996
2024-09-17 09:40:00,1720.099976,1.04e-320,15.490767026862498,1386.6262681887545
2024-09-17 09:45:00,1763.133423,1.04e-320,15.590076023693996,1378.733903481504
2024-09-17 09:50:00,2025.300049,1.04e-320,15.664397788531302,1366.1333173991147
2024-09-17 09:55:00,1926.166626,1.04e-320,15.713794673837207,1369.6402730098928
2024-09-17 10:00:00,1996.5,1.04e-320,15.738432569671655,1484.807933278224
2024-09-17 10:05:00,1990.800171,1.04e-320,15.738577130608808,1484.807933278224
2024-09-17 10:10:00,2016.833374,1.04e-320,15.714589417181179,1484.807933278224
2024-09-17 10:15:00,2019.666626,1.04e-320,15.66692100128078,1474.8204670449281
2024-09-17 10:20:00,2035.533325,1.04e-320,15.596108580776415,1474.8204670449281
2024-09-17 10:25:00,2046.966797,1.04e-320,15.502768163303625,1474.8204670449281
2024-09-17 10:30:00,2056.699951,1.04e-320,15.387588870784763,1475.4991158582611
2024-09-17 10:35:00,2057.166748,1.04e-320,15.251326422904445,1456.271314699264
2024-09-17 10:40:00,2056.600098,1.04e-320,15.094796361618457,1456.271314699264
2024-09-17 10:45:00,2055.666748,1.04e-320,14.918867075304831,1456.271314699264
2024-09-17 10:50:00,2054.733154,1.04e-320,14.724452685261351,1450.2195772317123
2024-09-17 10:55:00,2055.06665,1.04e-320,14.512505854036858,1443.1333377828712
2024-09-17 11:00:00,2056.666748,1.04e-320,14.284010579338123,1482.0867678120828
2024-09-17 11:05:00,2057.733398,1.04e-320,14.039975029281724,1482.0867678120828
2024-09-17 11:10:00,2057.133545,1.04e-320,13.781424480824459,1557.1293323725313
2024-09-17 11:15:00,2054.666748,1.04e-320,13.509394415022305,1557.1293323725313
2024-09-17 11:20:00,2052.43335,1.04e-320,13.224923823520406,1573.1395005322138
2024-09-17 11:25:00,2051.93335,1.04e-320,12.929048776882379,1573.1395005322138
2024-09-17 11:30:00,2054.43335,1.04e-320,12.622796301569466,1576.1754700845945
2024-09-17 11:35:00,2057.43335,1.04e-320,12.307178609614407,1576.1754700845945
2024-09-17 11:40:00,2060.466553,1.04e-320,11.983187719957796,1585.8921685808166
2024-09-17 11:45:00,2060.233154,1.04e-320,11.651790506822026,1585.8921685808166
2024-09-17 11:50:00,2061.033203,1.04e-320,11.313924205251261,1585.8921685808166
2024-09-17 11:55:00,2061.199951,1.04e-320,10.970492399893729,1584.9670753995167
2024-09-17 12:00:00,2063.333252,1.04e-320,10.622361517257268,1593.3277207563679
2024-09-17 12:05:00,2060.366699,1.04e-320,10.270357837391439,1593.3277207563679
2024-09-17 12:10:00,2056.06665,1.04e-320,9.915265035057313,1593.3277207563679
2024-09-17 12:15:00,2050.666748,1.04e-320,9.557822255851988,1598.6332773130018
2024-09-17 12:20:00,2052.43335,1.04e-320,9.198722727253488,1598.6332773130018
2024-09-17 12:25:00,2055.466553,1.04e-320,8.8386128994665,1592.904487842659
2024-09-17 12:30:00,2059.366455,1.04e-320,8.478092106394028,1592.904487842659
2024-09-17 12:35:00,2060.166748,1.04e-320,8.117712731441143,1576.7168685318338
2024-09-17 12:40:00,2060.866943,1.04e-320,7.757980859329008,1594.0939601941427
2024-09-17 12:45:00,2062.399902,1.04e-320,7.399357389629537,1673.3540360906952
2024-09-17 12:50:00,2063.56665,1.04e-320,7.042259584582553,1668.3133477539493
2024-09-17 12:55:00,2065.233398,1.04e-320,6.687063019320592,1584.5029048888402
2024-09-17 13:00:00,2063.833252,1.04e-320,6.3341038999636,1151.694806322714
2024-09-17 13:05:00,2062.133301,1.04e-320,5.9836817110219,1128.743645782549
2024-09-17 13:10:00,2059.966797,1.04e-320,5.636062151935721,1407.8025530207383
2024-09-17 13:15:00,2060.300049,1.04e-320,5.291480319544806,1339.6308951386131
2024-09-17 13:20:00,2060.099854,1.04e-320,4.950144092501335,1385.1837379389583
2024-09-17 13:25:00,2059.266602,1.04e-320,4.612237671117166,1363.9852460906213
2024-09-17 13:30:00,2057.833252,1.04e-320,4.277925226108153,1368.6061601843214
2024-09-17 13:35:00,2058.866455,1.04e-320,3.947354609588851,1395.0151741658797
2024-09-17 13:40:00,2060.466553,1.04e-320,3.6206610806796533,1388.3467274878242
2024-09-17 13:45:00,1963.066772,1.04e-320,3.2979709997465925,1404.6409727677199
2024-09-17 13:50:00,1959.933228,1.04e-320,2.979405445689806,1388.2994423346324
2024-09-17 13:55:00,1957.566772,1.04e-320,2.6650837122846407,1411.5654350250861
2024-09-17 14:00:00,2054.133301,1.04e-320,2.355126641643324,1606.8556617811719
2024-09-17 14:05:00,2054.899902,1.04e-320,2.0496597548148148,1608.7734880085472
2024-09-17 14:10:00,1681.966675,1.04e-320,1.7488161425239543,1601.229142690423
2024-09-17 14:15:00,2061.199951,1.04e-320,1.4527390817629793,1580.0956266726764
2024-09-17 14:20:00,1919.599976,1.04e-320,1.1615843476136087,1587.988961340545
2024-09-17 14:25:00,1808.433228,1.04e-320,0.8755221930103331,1567.6657857875216
2024-09-17 14:30:00,2051.899902,1.04e-320,0.5947389731577756,1527.600818508756
2024-09-17 14:35:00,1779.700073,1.04e-320,0.31943839547505537,1504.9810470967843
2024-09-17 14:40:00,1935.533325,1.04e-320,0.04984237997696156,1523.0541577170209
2024-09-17 14:45:00,1936.633423,1.04e-320,-0.21380848036656394,1531.6558249048294
2024-09-17 14:50:00,2015.799927,1.04e-320,-0.47125486540946754,1612.990235090374
2024-09-17 14:55:00,1958.0,1.04e-320,-0.7222190813375329,1468.2718252179957
2024-09-17 15:00:00,1958.866577,1.04e-320,-0.9664058188813723,1292.8195121348128
2024-09-17 15:05:00,1979.033325,1.04e-320,-1.2035033088718103,1201.4356180285233
2024-09-17 15:10:00,2018.699829,1.04e-320,-1.4331848632401256,1262.9167626652377
2024-09-17 15:15:00,1999.150024,1.04e-320,-1.6551107853596867,1288.0153269321816
2024-09-17 15:20:00,1711.199951,1.04e-320,-1.8689306296100199,1240.9824693884643
2024-09-17 15:25:00,1751.5,1.04e-320,-2.074285785882878,1247.0128086658026
2024-09-17 15:30:00,1559.850098,1.04e-320,-2.270812361588359,1334.9054971379699
2024-09-17 15:35:00,1501.200073,1.04e-320,-2.4581443297767467,1336.4771312854396
2024-09-17 15:40:00,1801.0,1.04e-320,-2.6359169095148407,1389.4264850978807
2024-09-17 15:45:00,1752.75,1.04e-320,-2.8037701413691765,1390.7882164754283
2024-09-17 15:50:00,1716.5,1.04e-320,-2.9613526190900212,1394.3451920284126
2024-09-17 15:55:00,1619.833374,1.04e-320,-3.108325336285632,1374.674661766245
2024-09-17 16:00:00,1526.633301,1.04e-320,-3.244365605165666,1185.9433855788407
2024-09-17 16:05:00,1423.566772,1.04e-320,-3.3691710043817507,1103.5806998646697
2024-09-17 16:10:00,1357.833374,1.04e-320,-3.482463310514878,1131.9080149946071
2024-09-17 16:15:00,1301.766724,1.04e-320,-3.5839923688867064,1122.5318025745698
2024-09-17 16:20:00,1276.43335,1.04e-320,-3.6735398603403344,1109.6978913660682
2024-09-17 16:25:00,1202.93335,1.04e-320,-3.750922918272353,1090.652648739542
2024-09-17 16:30:00,1141.966675,1.04e-320,-3.8159975548954006,1012.6800871486859
2024-09-17 16:35:00,1101.400024,1.04e-320,-3.868661854521367,1013.8656968632101
2024-09-17 16:40:00,1090.0,1.04e-320,-3.9088588959132444,957.9738859106808
2024-09-17 16:45:00,1091.366699,1.04e-320,-3.9365793654330585,968.052511934152
2024-09-17 16:50:00,1035.266724,1.04e-320,-3.9518638281048193,1002.3920584232085
2024-09-17 16:55:00,988.2000122,1.04e-320,-3.9548046246068336,1155.536922987192
2024-09-17 17:00:00,910.7000122,1.04e-320,-3.945547367792831,958.1753122717821
2024-09-17 17:05:00,860.666687,1.04e-320,-3.924292013577764,963.0130567307156
2024-09-17 17:10:00,822.6000366,1.04e-320,-3.891293487440054,960.1711105100194
2024-09-17 17:15:00,797.0,1.04e-320,-3.8468618495805273,953.9611072788193
2024-09-17 17:20:00,775.5,1.04e-320,-3.791361988392915,926.2392705569752
2024-09-17 17:25:00,738.1333008,1.04e-320,-3.725212834987836,792.2621101064831
2024-09-17 17:30:00,690.1333008,1.04e-320,-3.648886095894275,789.6642734385721
2024-09-17 17:35:00,623.2333374,1.04e-320,-3.5629045081151327,777.6775525754852
2024-09-17 17:40:00,561.4333496,1.04e-320,-3.4678396215186145,629.8201942897713
2024-09-17 17:45:00,511.7333069,1.04e-320,-3.3643091204455087,774.7141591452134
2024-09-17 17:50:00,477.2333069,1.04e-320,-3.252973704125807,617.1297521201116
2024-09-17 17:55:00,447.5,1.04e-320,-3.13453354144586,612.4806716286705
2024-09-17 18:00:00,420.4666748,1.04e-320,-3.009724329213774,313.1158025416012
2024-09-17 18:05:00,405.7000122,1.04e-320,-2.8793129806408615,313.4375273892235
2024-09-17 18:10:00,355.4500122,1.04e-320,-2.744092979289455,319.4446496204072
2024-09-17 18:15:00,267.0499878,1.04e-320,-2.604879432324344,309.91487764578756
2024-09-17 18:20:00,194.2499847,1.04e-320,-2.462503864987469,310.2028221215876
2024-09-17 18:25:00,154.0,1.04e-320,-2.317808797480697,301.3362580696041
2024-09-17 18:30:00,115.8000031,1.04e-320,-2.1716421508111603,301.5175494310871
2024-09-17 18:35:00,85.05000305,1.04e-320,-2.0248515283509874,491.3216528099133
2024-09-17 18:40:00,67.94999695,1.04e-320,-1.878278420659652,491.7796774410245
2024-09-17 18:45:00,52.05000305,1.04e-320,-1.732752387000284,494.50462435040197
2024-09-17 18:50:00,36.40000153,1.04e-320,-1.589085261279208,420.06618322446985
2024-09-17 18:55:00,24.5,1.04e-320,-1.4480654360015128,418.7749091232143
2024-09-17 19:00:00,17.75,1.04e-320,-1.310452273937126,38.91704141824454
2024-09-17 19:05:00,13.23333359,1.04e-320,-1.176970699963178,39.38387566282954
2024-09-17 19:10:00,0.0,1.04e-320,-1.0483060203623673,37.643329751292256
2024-09-17 19:15:00,0.0,1.04e-320,-0.9250990180014917,38.02827548600922
2024-09-17 19:20:00,0.0,1.04e-320,-0.8079413717478915,38.032647562590334
2024-09-17 19:25:00,0.0,1.04e-320,-0.6973714389598259,34.898469465757096
2024-09-17 19:30:00,0.0,1.04e-320,-0.5938704456481425,34.898469465757096
2024-09-17 19:35:00,0.0,1.04e-320,-0.49785911858431375,35.79738444147852
2024-09-17 19:40:00,0.0,1.04e-320,-0.40969479522784097,34.6274944832232
2024-09-17 19:45:00,0.0,1.04e-320,-0.3296690387996701,32.17953894804654
2024-09-17 19:50:00,0.0,1.04e-320,-0.2580057850460554,31.177210903035952
2024-09-17 19:55:00,0.0,1.04e-320,-0.19486004088599324,31.754870955481984
2024-09-17 20:00:00,0.0,1.04e-320,-0.140317150142384,0.40590740198888886
2024-09-17 20:05:00,0.0,1.04e-320,-0.09439263875179908,0.4336851797666666
2024-09-17 20:10:00,0.0,1.04e-320,-0.057032642628643396,0.13229629087777778
2024-09-17 20:15:00,0.0,1.04e-320,-0.028114921133676977,0.13229629087777778
2024-09-17 20:20:00,0.0,1.04e-320,-0.007450448802979174,0.13229629087777778
2024-09-17 20:25:00,0.0,1.04e-320,0.00521442237395913,0.13229629087777778
2024-09-17 20:30:00,0.0,1.04e-320,0.01019524802568899,0.13229629087777778
2024-09-17 20:35:00,0.0,1.04e-320,0.007866242361332104,0.13229629087777778
2024-09-17 20:40:00,0.0,1.04e-320,-0.0013434780774694644,0.13229629087777778
2024-09-17 20:45:00,0.0,1.04e-320,-0.016954128038250315,0.13229629087777778
2024-09-17 20:50:00,0.0,1.04e-320,-0.038439929512992646,0.13229629087777778
2024-09-17 20:55:00,0.0,1.04e-320,-0.06523419056807939,0.13229629087777778
2024-09-17 21:00:00,0.0,1.04e-320,-0.09673474396984102,0.13229629087777778
2024-09-17 21:05:00,0.0,1.04e-320,-0.13230969863720785,0.13229629087777778
2024-09-17 21:10:00,0.0,1.04e-320,-0.17130345400549363,0.13229629087777778
2024-09-17 21:15:00,0.0,1.04e-320,-0.21304292361525887,0.13229629087777778
2024-09-17 21:20:00,0.0,1.04e-320,-0.2568439143582651,0.13229629087777778
2024-09-17 21:25:00,0.0,1.04e-320,-0.30201760189915217,0.13229629087777778
2024-09-17 21:30:00,0.0,1.04e-320,-0.34787704655748686,0.13229629087777778
2024-09-17 21:35:00,0.0,1.04e-320,-0.3937436875236969,0.0
2024-09-17 21:40:00,0.0,1.04e-320,-0.4389537583134218,0.0
2024-09-17 21:45:00,0.0,1.04e-320,-0.4828645624209528,1.2968888853333331
2024-09-17 21:50:00,0.0,1.04e-320,-0.5248605514829203,0.0
2024-09-17 21:55:00,0.0,1.04e-320,-0.5643591483232798,0.0
2024-09-17 22:00:00,0.0,1.04e-320,-0.6008162596143524,0.0
2024-09-17 22:05:00,0.0,1.04e-320,-0.6337314253310262,0.04144444466666667
2024-09-17 22:10:00,0.0,1.04e-320,-0.6626525542208249,0.0
2024-09-17 22:15:00,0.0,1.04e-320,-0.6871801997511658,0.0
2024-09-17 22:20:00,0.0,1.04e-320,-0.70697133216008,0.0
2024-09-17 22:25:00,0.0,1.04e-320,-0.7217425692353506,0.0
2024-09-17 22:30:00,0.0,1.04e-320,-0.7312728310840936,0.0
2024-09-17 22:35:00,0.0,1.04e-320,-0.7354053901746253,0.0
2024-09-17 22:40:00,0.0,1.04e-320,-0.7340492930016893,0.0
2024-09-17 22:45:00,0.0,1.04e-320,-0.7271801353205314,0.0
2024-09-17 22:50:00,0.0,1.04e-320,-0.7148401787574745,0.0
2024-09-17 22:55:00,0.0,1.04e-320,-0.6971378026195534,0.0
2024-09-17 23:00:00,0.0,1.04e-320,-0.6742462906027027,0.0
2024-09-17 23:05:00,0.0,1.04e-320,-0.6464019591426968,0.0
2024-09-17 23:10:00,0.0,1.04e-320,-0.6139016388711734,0.0
2024-09-17 23:15:00,0.0,1.04e-320,-0.5770995284361937,0.0
2024-09-17 23:20:00,0.0,1.04e-320,-0.5364034447985199,0.0
2024-09-17 23:25:00,0.0,1.04e-320,-0.49227050074932427,0.0
2024-09-17 23:30:00,0.0,1.04e-320,-0.4452022457810129,0.0
2024-09-17 23:35:00,0.0,1.04e-320,-0.3957393118607399,0.0
2024-09-17 23:40:00,0.0,1.04e-320,-0.3444556114166333,0.0
2024-09-17 23:45:00,0.0,1.04e-320,-0.29195213804024955,0.0
2024-09-17 23:50:00,0.0,1.04e-320,-0.2388504277564812,0.0
2024-09-17 23:55:00,0.0,1.04e-320,-0.1857857386488509,0.0
2024-09-18 00:00:00,0.0,1.04e-320,-0.13340001373041305,0.0
2024-09-18 00:05:00,0.0,1.04e-320,-0.08233469272205723,0.0
2024-09-18 00:10:00,0.0,1.04e-320,-0.0332234414406369,0.0
2024-09-18 00:15:00,0.0,1.04e-320,0.013315130640325428,0.0
2024-09-18 00:20:00,0.0,1.04e-320,0.056684693365038126,0.0
2024-09-18 00:25:00,0.0,1.04e-320,0.09631828696353113,0.0
2024-09-18 00:30:00,0.0,1.04e-320,0.13168520993432944,0.0
2024-09-18 00:35:00,0.0,1.04e-320,0.16229763069566358,0.0
2024-09-18 00:40:00,0.0,1.04e-320,0.18771685633104487,0.0
2024-09-18 00:45:00,0.0,1.04e-320,0.2075591868634433,0.0
2024-09-18 00:50:00,0.0,1.04e-320,0.2215012929367093,0.0
2024-09-18 00:55:00,0.0,1.04e-320,0.2292850534780626,0.0
2024-09-18 01:00:00,0.0,1.04e-320,0.23072179588975586,0.0
2024-09-18 01:05:00,0.0,1.04e-320,0.22569588513575614,0.0
2024-09-18 01:10:00,0.0,1.04e-320,0.2141676134497283,0.0
2024-09-18 01:15:00,0.0,1.04e-320,0.19617534754785718,0.0
2024-09-18 01:20:00,0.0,1.04e-320,0.1718368958861472,0.0
2024-09-18 01:25:00,0.0,1.04e-320,0.14135006692972382,0.0
2024-09-18 01:30:00,0.0,1.04e-320,0.10499239184342019,0.0
2024-09-18 01:35:00,0.0,1.04e-320,0.0631199981875645,0.0
2024-09-18 01:40:00,0.0,1.04e-320,0.016165621793634153,0.0
2024-09-18 01:45:00,0.0,1.04e-320,-0.03536424224165324,0.0
2024-09-18 01:50:00,0.0,1.04e-320,-0.09089304565453953,0.0
2024-09-18 01:55:00,0.0,1.04e-320,-0.14977873566219324,0.0
2024-09-18 02:00:00,0.0,1.04e-320,-0.21131912577834688,0.0
2024-09-18 02:05:00,0.0,1.04e-320,-0.2747580584568529,0.0
2024-09-18 02:10:00,0.0,1.04e-320,-0.339292324835747,0.0
2024-09-18 02:15:00,0.0,1.04e-320,-0.4040792966383093,0.0
2024-09-18 02:20:00,0.0,1.04e-320,-0.4682452190250832,0.0
2024-09-18 02:25:00,0.0,1.04e-320,-0.5308941076160576,0.0
2024-09-18 02:30:00,0.0,1.04e-320,-0.5911171844069542,0.0
2024-09-18 02:35:00,0.0,1.04e-320,-0.6480027831718144,0.0
2024-09-18 02:40:00,0.0,1.04e-320,-0.7006466478298126,0.0
2024-09-18 02:45:00,0.0,1.04e-320,-0.7481625442362276,0.0
2024-09-18 02:50:00,0.0,1.04e-320,-0.7896930990212994,0.0
2024-09-18 02:55:00,0.0,1.04e-320,-0.8244207781678532,0.0
2024-09-18 03:00:00,0.0,1.04e-320,-0.8515789126537011,0.0
2024-09-18 03:05:00,0.0,1.04e-320,-0.8704626776168412,0.0
2024-09-18 03:10:00,0.0,1.04e-320,-0.8804399292429695,0.0
2024-09-18 03:15:00,0.0,1.04e-320,-0.8809618034438519,0.0
2024-09-18 03:20:00,0.0,1.04e-320,-0.8715729788936738,0.0
2024-09-18 03:25:00,0.0,1.04e-320,-0.8519215109858665,0.0
2024-09-18 03:30:00,0.0,1.04e-320,-0.8217681397173207,0.0
2024-09-18 03:35:00,0.0,1.04e-320,-0.7809949831888005,0.0
2024-09-18 03:40:00,0.0,1.04e-320,-0.7296135258713522,0.0
2024-09-18 03:45:00,0.0,1.04e-320,-0.6677718181923258,0.0
2024-09-18 03:50:00,0.0,1.04e-320,-0.5957608082277182,0.0
2024-09-18 03:55:00,0.0,1.04e-320,-0.5140197301181745,0.0
2024-09-18 04:00:00,0.0,1.04e-320,-0.4231404819863304,0.0
2024-09-18 04:05:00,0.0,1.04e-320,-0.3238709311607458,0.0
2024-09-18 04:10:00,0.0,1.04e-320,-0.21711709456728234,0.0
2024-09-18 04:15:00,0.0,1.04e-320,-0.10394414479069633,0.0
2024-09-18 04:20:00,0.0,1.04e-320,0.014423791893114265,0.0
2024-09-18 04:25:00,0.0,1.04e-320,0.13660507656252127,0.0
2024-09-18 04:30:00,0.0,1.04e-320,0.26106325726831536,0.0
2024-09-18 04:35:00,0.0,1.04e-320,0.38611103625550836,0.0
2024-09-18 04:40:00,0.0,1.04e-320,0.5099155062252,0.0
2024-09-18 04:45:00,0.0,1.04e-320,0.6305046442379418,0.0
2024-09-18 04:50:00,0.0,1.04e-320,0.7457750458561794,0.0
2024-09-18 04:55:00,0.0,1.04e-320,0.853500868199348,0.0
2024-09-18 05:00:00,0.0,1.04e-320,0.9513439436629124,0.0
2024-09-18 05:05:00,0.0,1.04e-320,1.036865013611211,0.0
2024-09-18 05:10:00,0.0,1.04e-320,1.1075360252486532,0.0
2024-09-18 05:15:00,0.0,1.04e-320,1.1607534227990732,0.0
2024-09-18 05:20:00,0.0,1.04e-320,1.1938523560444656,0.0
2024-09-18 05:25:00,0.0,1.04e-320,1.204121722669688,0.0
2024-09-18 05:30:00,0.0,1.04e-320,1.1888199508059099,0.0
2024-09-18 05:35:00,0.0,1.04e-320,1.1451914225522164,0.0
2024-09-18 05:40:00,0.0,1.04e-320,1.0704834321970382,0.0
2024-09-18 05:45:00,0.0,1.04e-320,0.9619635674347726,0.0
2024-09-18 05:50:00,0.0,1.04e-320,0.8169373963381229,0.0
2024-09-18 05:55:00,0.0,1.04e-320,0.6327663406160846,0.0
2024-09-18 06:00:00,0.0,1.04e-320,0.4068856089298235,93.77784808055098
2024-09-18 06:05:00,0.0,1.04e-320,0.13682206584269596,93.77784808055098
2024-09-18 06:10:00,0.0,1.04e-320,-0.17978809321256548,91.72477067304354
2024-09-18 06:15:00,0.0,1.04e-320,-0.545181986356985,92.92452619500575
2024-09-18 06:20:00,0.0,1.04e-320,-0.9614531400730688,93.64239281275243
2024-09-18 06:25:00,0.0,1.04e-320,-1.4305351573703826,97.293587223155
2024-09-18 06:30:00,0.0,1.04e-320,-1.9541860876497816,103.83515544450626
2024-09-18 06:35:00,0.0,1.04e-320,-2.5339736087141804,105.01147136873149
2024-09-18 06:40:00,0.0,1.04e-320,-3.1712611485975146,106.05335468746485
2024-09-18 06:45:00,0.0,1.04e-320,-3.8671950507342996,106.02279913190927
2024-09-18 06:50:00,63.79999924,1.04e-320,-4.622692884028717,105.75835470775371
2024-09-18 06:55:00,82.5,1.04e-320,-5.438433002142502,105.75835470775371
2024-09-18 07:00:00,108.0,1.04e-320,-6.314845435130798,612.65294747165
2024-09-18 07:05:00,142.6000061,1.04e-320,-7.252104195321573,621.0354839765105
2024-09-18 07:10:00,181.8000031,1.04e-320,-8.25012107117558,621.0354839765105
2024-09-18 07:15:00,222.5,1.04e-320,-9.308540964171462,622.0293507841549
2024-09-18 07:20:00,243.6000061,1.04e-320,-10.426738825040179,622.3671804892438
2024-09-18 07:25:00,294.7000122,1.04e-320,-11.60381822408707,622.3671804892438
2024-09-18 07:30:00,313.7000122,1.04e-320,-12.838611587813824,612.4448945432197
2024-09-18 07:35:00,430.2999878,1.04e-320,-14.12968211569326,584.7938523711051
2024-09-18 07:40:00,477.6000061,1.04e-320,-15.475327378446286,582.1335590377026
2024-09-18 07:45:00,549.7999878,1.04e-320,-16.87358459983619,528.6105026075413
2024-09-18 07:50:00,627.4000244,1.04e-320,-18.322237584482593,523.9624486369635
2024-09-18 07:55:00,682.7000122,1.04e-320,-19.818825277282215,453.83422409134715
2024-09-18 08:00:00,757.7000122,1.04e-320,-21.36065190823135,937.1644072456833
2024-09-18 08:05:00,823.5999756,1.04e-320,-22.944798642623105,937.1644072456833
2024-09-18 08:10:00,884.9000244,1.04e-320,-24.568136706302827,937.1644072456833
2024-09-18 08:15:00,863.2333374,1.04e-320,-26.22734188391281,937.1644072456833
2024-09-18 08:20:00,899.833313,1.04e-320,-27.91891029999037,950.8076835712138
2024-09-18 08:25:00,929.2666626,1.04e-320,-29.639175397360667,950.8076835712138
2024-09-18 08:30:00,1105.900024,1.04e-320,-31.38432599666898,950.8076835712138
2024-09-18 08:35:00,1055.733398,1.04e-320,-33.150425317260904,950.8076835712138
2024-09-18 08:40:00,1118.233276,1.04e-320,-34.93343084709858,950.8076835712138
2024-09-18 08:45:00,1156.066528,1.04e-320,-36.729214913888754,950.8076835712138
2024-09-18 08:50:00,1219.833374,1.04e-320,-38.53358583532452,953.1932394324361
2024-09-18 08:55:00,1277.366699,1.04e-320,-40.34230949444602,953.1932394324361
2024-09-18 09:00:00,1330.000122,1.04e-320,-42.15113120661348,1279.7901866666155
2024-09-18 09:05:00,1377.099976,1.04e-320,-43.95579771817122,1279.7901866666155
2024-09-18 09:10:00,1418.666626,1.04e-320,-45.752079190939355,1279.7901866666155
2024-09-18 09:15:00,1457.299927,1.04e-320,-47.53579102692504,1292.8991539810334
2024-09-18 09:20:00,1494.533325,1.04e-320,-49.302815365736876,1292.8991539810334
2024-09-18 09:25:00,1532.766602,1.04e-320,-51.049122128027925,1311.2611675854655
2024-09-18 09:30:00,1573.733398,1.04e-320,-52.77078945043773,1311.2611675854655
2024-09-18 09:35:00,1615.5,1.04e-320,-54.46402335069947,1311.2611675854655
2024-09-18 09:40:00,1658.199829,1.04e-320,-56.12517652211794,1295.0423635318377
2024-09-18 09:45:00,1700.200073,1.04e-320,-57.75076609610589,1295.0423635318377
2024-09-18 09:50:00,1740.633301,1.04e-320,-59.337490266363,1295.0423635318377
2024-09-18 09:55:00,1777.633423,1.04e-320,-60.88224364261633,1347.4745173846559
2024-09-18 10:00:00,1811.900024,1.04e-320,-62.38213124560357,1630.330506015224
2024-09-18 10:05:00,1844.133423,1.04e-320,-63.834481031111686,1626.3950570225986
2024-09-18 10:10:00,1876.566772,1.04e-320,-65.23685486608368,1626.3950570225986
2024-09-18 10:15:00,1909.666626,1.04e-320,-66.58705787211761,1626.3950570225986
2024-09-18 10:20:00,1944.466675,1.04e-320,-67.88314608211853,1626.3950570225986
2024-09-18 10:25:00,1978.333374,1.04e-320,-69.12343235087268,1621.0692341543115
2024-09-18 10:30:00,2009.066528,1.04e-320,-70.3064904894742,1621.0692341543115
2024-09-18 10:35:00,2032.533325,1.04e-320,-71.4311575912037,1621.0692341543115
2024-09-18 10:40:00,2048.233398,1.04e-320,-72.49653454054425,1632.88993669632
2024-09-18 10:45:00,2055.5,1.04e-320,-73.50198470929818,1632.88993669632
2024-09-18 10:50:00,2057.833252,1.04e-320,-74.44713084793396,1632.88993669632
2024-09-18 10:55:00,2057.466797,1.04e-320,-75.33185021077304,1632.88993669632
2024-09-18 11:00:00,2057.266846,1.04e-320,-76.15626795409867,1787.5482324541306
2024-09-18 11:05:00,2057.56665,1.04e-320,-76.92074885434832,1787.5482324541306
2024-09-18 11:10:00,2057.93335,1.04e-320,-77.62588742993586,1787.5482324541306
2024-09-18 11:15:00,2058.100098,1.04e-320,-78.27249653484911,1787.5482324541306
2024-09-18 11:20:00,2058.000244,1.04e-320,-78.86159452218972,1809.1939769358053
2024-09-18 11:25:00,2058.233398,1.04e-320,-79.39439107707092,1806.9637710015238
2024-09-18 11:30:00,2058.366699,1.04e-320,-79.87227183614718,1806.9637710015238
2024-09-18 11:35:00,2058.733398,1.04e-320,-80.29678191328381,1825.0334246686423
2024-09-18 11:40:00,2059.666748,1.04e-320,-80.66960846392412,1825.0334246686423
2024-09-18 11:45:00,2060.199951,1.04e-320,-80.99256242703079,1823.697680764161
2024-09-18 11:50:00,2060.533447,1.04e-320,-81.26755958734658,1823.697680764161
2024-09-18 11:55:00,2060.5,1.04e-320,-81.49660111293736,1823.697680764161
2024-09-18 12:00:00,2060.966553,1.04e-320,-81.68175371722357,1698.788896448228
2024-09-18 12:05:00,2060.93335,1.04e-320,-81.82512960694307,1698.788896448228
2024-09-18 12:10:00,2060.800049,1.04e-320,-81.92886637376776,1698.788896448228
2024-09-18 12:15:00,2061.333496,1.04e-320,-81.99510698868175,1698.788896448228
2024-09-18 12:20:00,2062.800049,1.04e-320,-82.0259800611254,1698.788896448228
2024-09-18 12:25:00,2063.633545,1.04e-320,-82.02358051670095,1700.873776816561
2024-09-18 12:30:00,2062.599854,1.04e-320,-81.98995084818623,1700.873776816561
2024-09-18 12:35:00,2060.966553,1.04e-320,-81.9270630927705,1701.1379907686198
2024-09-18 12:40:00,2059.166748,1.04e-320,-81.83680167592969,1773.9104767289307
2024-09-18 12:45:00,2058.300049,1.04e-320,-81.720947258563,1772.5229593946917
2024-09-18 12:50:00,2056.866455,1.04e-320,-81.58116172125617,1754.0578548443534
2024-09-18 12:55:00,2056.033447,1.04e-320,-81.41897440333663,1720.4333626139946
2024-09-18 13:00:00,2056.100098,1.04e-320,-81.23576970716815,1559.767157107423
2024-09-18 13:05:00,2058.06665,1.04e-320,-81.0327761694734,1605.9266509919717
2024-09-18 13:10:00,2060.833252,1.04e-320,-80.81105708821642,1577.1025618328283
2024-09-18 13:15:00,2062.766602,1.04e-320,-80.57150277669103,1579.4939789679213
2024-09-18 13:20:00,2062.766602,1.04e-320,-80.31482452024433,1566.3914159337849
2024-09-18 13:25:00,2061.333252,1.04e-320,-80.04155026845972,1542.4234822113203
2024-09-18 13:30:00,2060.399902,1.04e-320,-79.75202211360643,1460.428786127416
2024-09-18 13:35:00,2060.666748,1.04e-320,-79.44639556980634,1458.0468246647672
2024-09-18 13:40:00,2061.5,1.04e-320,-79.12464066052692,1484.9284381021785
2024-09-18 13:45:00,2060.599854,1.04e-320,-78.78654480906376,1433.4867336326677
2024-09-18 13:50:00,2058.93335,1.04e-320,-78.43171751125887,1466.013076313503
2024-09-18 13:55:00,2056.199951,1.04e-320,-78.05959675059866,1485.6387141077582
2024-09-18 14:00:00,2055.633545,1.04e-320,-77.6694571040585,1826.7703005577193
2024-09-18 14:05:00,2054.800049,1.04e-320,-77.26041948615713,1811.2768535956889
2024-09-18 14:10:00,2055.43335,1.04e-320,-76.83146243572102,1814.8385895805845
2024-09-18 14:15:00,2054.5,1.04e-320,-76.38143486884859,1702.9821860601453
2024-09-18 14:20:00,2054.633301,1.04e-320,-75.90907018722598,1662.4792075066348
2024-09-18 14:25:00,2054.56665,1.04e-320,-75.41300163539364,1631.0176980702852
2024-09-18 14:30:00,2053.93335,1.04e-320,-74.89177877319139,1578.0334604422085
2024-09-18 14:35:00,2052.366455,1.04e-320,-74.34388493635645,1496.9771011243363
2024-09-18 14:40:00,2042.733398,1.04e-320,-73.76775554005285,1395.5981107347623
2024-09-18 14:45:00,2032.299927,1.04e-320,-73.16179706997328,1331.855210932424
2024-09-18 14:50:00,2015.099976,1.04e-320,-72.52440662061507,1437.7107222517338
2024-09-18 14:55:00,2008.966675,1.04e-320,-71.85399179430377,1378.9132947832104
2024-09-18 15:00:00,2008.866699,1.04e-320,-71.14899082030492,1325.520564698703
2024-09-18 15:05:00,1985.099976,1.04e-320,-70.40789270802577,1295.9436538839866
2024-09-18 15:10:00,1944.166626,1.04e-320,-69.6292572748362,1066.7803566237897
2024-09-18 15:15:00,1870.733398,1.04e-320,-68.81173487674174,1040.8849182425836
2024-09-18 15:20:00,1840.133301,1.04e-320,-67.95408567103773,1015.4356884522373
2024-09-18 15:25:00,1797.966797,1.04e-320,-67.05519825680936,943.8589706845046
2024-09-18 15:30:00,1773.433228,1.04e-320,-66.11410751261374,842.7480641902877
2024-09-18 15:35:00,1721.933228,1.04e-320,-65.13001150540096,808.8887402978904
2024-09-18 15:40:00,1681.933228,1.04e-320,-64.10228729119468,895.9732383272624
2024-09-18 15:45:00,1638.933228,1.04e-320,-63.03050548921226,1259.467295218793
2024-09-18 15:50:00,1600.833374,1.04e-320,-61.914443484574,1274.7670689254721
2024-09-18 15:55:00,1570.200073,1.04e-320,-60.75409715196174,1433.943005931456
2024-09-18 16:00:00,1556.799927,1.04e-320,-59.54969097370732,1393.355110807855
2024-09-18 16:05:00,1656.800049,1.04e-320,-58.30168646628699,1406.77260766991
2024-09-18 16:10:00,1601.400024,1.04e-320,-57.010788827322294,1321.0110836763208
2024-09-18 16:15:00,1552.400024,1.04e-320,-55.67795171984596,1208.4626213692688
2024-09-18 16:20:00,1435.766602,1.04e-320,-54.30438016879949,1172.7560419211964
2024-09-18 16:25:00,1323.5,1.04e-320,-52.891531479775296,1153.3812706187114
2024-09-18 16:30:00,1227.033325,1.04e-320,-51.44111419888379,1371.583031433192
2024-09-18 16:35:00,1161.06665,1.04e-320,-49.95508506973552,1302.4971518441373
2024-09-18 16:40:00,1109.200073,1.04e-320,-48.435644008627044,1056.6394062072743
2024-09-18 16:45:00,1055.666626,1.04e-320,-46.88522711268481,960.9639287488351
2024-09-18 16:50:00,1006.200012,1.04e-320,-45.30649773094035,1199.8448445083095
2024-09-18 16:55:00,968.833313,1.04e-320,-43.70233566803068,1172.6346796323212
2024-09-18 17:00:00,936.166687,1.04e-320,-42.07582455023008,913.6171219812039
2024-09-18 17:05:00,909.2333374,1.04e-320,-40.43023748718685,936.761481193182
2024-09-18 17:10:00,866.333313,1.04e-320,-38.76902106928549,951.4299677668079
2024-09-18 17:15:00,809.6000366,1.04e-320,-37.09577784650522,945.2876626230844
2024-09-18 17:20:00,731.7666626,1.04e-320,-35.41424739630608,900.1810259311891
2024-09-18 17:25:00,652.2999878,1.04e-320,-33.728286108808454,800.214626082361
2024-09-18 17:30:00,576.166687,1.04e-320,-32.04184585044916,788.8526779225991
2024-09-18 17:35:00,510.2999573,1.04e-320,-30.358951636039436,835.8218484933342
2024-09-18 17:40:00,453.1000061,1.04e-320,-28.683678491080155,759.8455024597014
2024-09-18 17:45:00,402.3999939,1.04e-320,-27.02012765276976,742.3981162578517
2024-09-18 17:50:00,365.8666687,1.04e-320,-25.37240232119722,732.9304787902914
2024-09-18 17:55:00,328.2666931,1.04e-320,-23.74458308962696,600.7323308907754
2024-09-18 18:00:00,314.5499878,1.04e-320,-22.140703286529682,306.0316666024816
2024-09-18 18:05:00,266.75,1.04e-320,-20.564724379626842,371.69331433243724
2024-09-18 18:10:00,222.1499786,1.04e-320,-19.02051164634395,224.61886901766232
2024-09-18 18:15:00,183.3500061,1.04e-320,-17.51181028974695,219.81151516072427
2024-09-18 18:20:00,150.25,1.04e-320,-16.04222217707172,219.23571045940014
2024-09-18 18:25:00,117.3000107,1.04e-320,-14.615183396304102,226.78992395647637
2024-09-18 18:30:00,84.90000153,1.04e-320,-13.23394277202117,229.77709058266782
2024-09-18 18:35:00,61.5,1.04e-320,-11.901541550987753,229.01558158868804
2024-09-18 18:40:00,49.09999847,1.04e-320,-10.620794370808788,229.63944554038383
2024-09-18 18:45:00,40.25,1.04e-320,-9.39427169107758,275.9478221281047
2024-09-18 18:50:00,30.39999962,1.04e-320,-8.224283813913946,275.9755381848084
2024-09-18 18:55:00,21.75,1.04e-320,-7.112866619063446,222.01956226558724
2024-09-18 19:00:00,15.85000038,1.04e-320,-6.0617691383106544,31.56713774476051
2024-09-18 19:05:00,12.5,1.04e-320,-5.072443054675407,38.70312328711266
2024-09-18 19:10:00,0.0,1.04e-320,-4.1460342252406335,37.06995887705082
2024-09-18 19:15:00,0.0,1.04e-320,-3.2833762862675058,39.35805384085988
2024-09-18 19:20:00,0.0,1.04e-320,-2.484986415317911,33.55854680123923
2024-09-18 19:25:00,0.0,1.04e-320,-1.7510632637823373,37.3479306893044
2024-09-18 19:30:00,0.0,1.04e-320,-1.081487099012246,31.866333032336758
2024-09-18 19:35:00,0.0,1.04e-320,-0.4758221581977742,34.50238200381405
2024-09-18 19:40:00,0.0,1.04e-320,0.06667880166494075,31.755472256933402
2024-09-18 19:45:00,0.0,1.04e-320,0.5470677863007987,31.92770082866864
2024-09-18 19:50:00,0.0,1.04e-320,0.9666927214008397,31.242034223113084
2024-09-18 19:55:00,0.0,1.04e-320,1.3271865493324846,29.64270193292774
2024-09-18 20:00:00,0.0,1.04e-320,1.6304543476658422,0.4683518472888889
2024-09-18 20:05:00,0.0,1.04e-320,1.8786585536266085,0.41279629173333326
2024-09-18 20:10:00,0.0,1.04e-320,2.0742024155921426,0.41279629173333326
2024-09-18 20:15:00,0.0,1.04e-320,2.2197117862507514,0.41279629173333326
2024-09-18 20:20:00,0.0,1.04e-320,2.318015397205431,0.3641851806222222
2024-09-18 20:25:00,0.0,1.04e-320,2.3721237620395494,0.11140740284444445
2024-09-18 20:30:00,0.0,1.04e-320,2.3852068703085205,0.11140740284444445
2024-09-18 20:35:00,0.0,1.04e-320,2.3605708354783257,0.11140740284444445
2024-09-18 20:40:00,0.0,1.04e-320,2.3016336842758354,0.11140740284444445
2024-09-18 20:45:00,0.0,1.04e-320,2.2119004607034953,0.11140740284444445
2024-09-18 20:50:00,0.0,1.04e-320,2.094937846690321,0.11140740284444445
2024-09-18 20:55:00,0.0,1.04e-320,1.954348485778709,0.11140740284444445
2024-09-18 21:00:00,0.0,1.04e-320,1.7937452115550945,0.11140740284444445
2024-09-18 21:05:00,0.0,1.04e-320,1.616725378788153,0.11140740284444445
2024-09-18 21:10:00,0.0,1.04e-320,1.4268454945838838,0.11140740284444445
2024-09-18 21:15:00,0.0,1.04e-320,1.227596346708107,0.11140740284444445
2024-09-18 21:20:00,0.0,1.04e-320,1.0223788213596567,0.11140740284444445
2024-09-18 21:25:00,0.0,1.04e-320,0.8144805975492062,3.268554447214358
2024-09-18 21:30:00,0.0,1.04e-320,0.6070538990794951,2.7460854087924536
2024-09-18 21:35:00,0.0,1.04e-320,0.40309447823087863,2.6224187429702313
2024-09-18 21:40:00,0.0,1.04e-320,0.2054219921055472,1.4260737783850792
2024-09-18 21:45:00,0.0,1.04e-320,0.016661925355131904,0.5328518481466666
2024-09-18 21:50:00,0.0,1.04e-320,-0.16077079997584873,0.3636666675244445
2024-09-18 21:55:00,0.0,1.04e-320,-0.324686401762987,0.0
2024-09-18 22:00:00,0.0,1.04e-320,-0.47313288739835774,0.0
2024-09-18 22:05:00,0.0,1.04e-320,-0.6044066805820298,0.0
2024-09-18 22:10:00,0.0,1.04e-320,-0.717061142116275,0.0
2024-09-18 22:15:00,0.0,1.04e-320,-0.8099129215819977,0.0
2024-09-18 22:20:00,0.0,1.04e-320,-0.8820460903115224,0.0
2024-09-18 22:25:00,0.0,1.04e-320,-0.9328140297923095,0.0
2024-09-18 22:30:00,0.0,1.04e-320,-0.9618390616671733,0.0
2024-09-18 22:35:00,0.0,1.04e-320,-0.9690098274411912,0.0
2024-09-18 22:40:00,0.0,1.04e-320,-0.9544764436003248,0.0
2024-09-18 22:45:00,0.0,1.04e-320,-0.9186434756991332,0.0
2024-09-18 22:50:00,0.0,1.04e-320,-0.8621607929526359,0.0
2024-09-18 22:55:00,0.0,1.04e-320,-0.7859123830156435,0.0
2024-09-18 23:00:00,0.0,1.04e-320,-0.6910032220388247,0.0
2024-09-18 23:05:00,0.0,1.04e-320,-0.5787443144044955,0.0
2024-09-18 23:10:00,0.0,1.04e-320,-0.450636027862496,0.0
2024-09-18 23:15:00,0.0,1.04e-320,-0.30834986755351745,0.0
2024-09-18 23:20:00,0.0,1.04e-320,-0.15370884448086877,0.0
2024-09-18 23:25:00,0.0,1.04e-320,0.011333394063981385,0.0
2024-09-18 23:30:00,0.0,1.04e-320,0.1847144924565335,0.0
2024-09-18 23:35:00,0.0,1.04e-320,0.36428618603960955,0.0
2024-09-18 23:40:00,0.0,1.04e-320,0.5478377741888567,0.0
2024-09-18 23:45:00,0.0,1.04e-320,0.7331200670330648,0.0
2024-09-18 23:50:00,0.0,1.04e-320,0.9178695913421888,0.0
2024-09-18 23:55:00,0.0,1.04e-320,1.099832856441656,0.0
2024-09-19 00:00:00,0.0,1.04e-320,1.2767904551190354,0.0
2024-09-19 00:05:00,0.0,1.04e-320,1.446580796314944,0.0
2024-09-19 00:10:00,0.0,1.04e-320,1.6071232556432704,0.0
2024-09-19 00:15:00,0.0,1.04e-320,1.756440537904798,0.0
2024-09-19 00:20:00,0.0,1.04e-320,1.8926800504889716,0.0
2024-09-19 00:25:00,0.0,1.04e-320,2.0141340934869647,0.0
2024-09-19 00:30:00,0.0,1.04e-320,2.119258680878016,0.0
2024-09-19 00:35:00,0.0,1.04e-320,2.206690817347934,0.0
2024-09-19 00:40:00,0.0,1.04e-320,2.275264069016263,0.0
2024-09-19 00:45:00,0.0,1.04e-320,2.3240222718460357,0.0
2024-09-19 00:50:00,0.0,1.04e-320,2.352231252177685,0.0
2024-09-19 00:55:00,0.0,1.04e-320,2.3593884250322,0.0
2024-09-19 01:00:00,0.0,1.04e-320,2.3452301813680845,0.0
2024-09-19 01:05:00,0.0,1.04e-320,2.3097369650890487,0.0
2024-09-19 01:10:00,0.0,1.04e-320,2.2531359817255856,0.0
2024-09-19 01:15:00,0.0,1.04e-320,2.1759014848380076,0.0
2024-09-19 01:20:00,0.0,1.04e-320,2.0787526158923146,0.0
2024-09-19 01:25:00,0.0,1.04e-320,1.962648785402363,0.0
2024-09-19 01:30:00,0.0,1.04e-320,1.8287826091304489,0.0
2024-09-19 01:35:00,0.0,1.04e-320,1.678570434001069,0.0
2024-09-19 01:40:00,0.0,1.04e-320,1.5136405002325921,0.0
2024-09-19 01:45:00,0.0,1.04e-320,1.3358188219333293,0.0
2024-09-19 01:50:00,0.0,1.04e-320,1.1471128683148613,0.0
2024-09-19 01:55:00,0.0,1.04e-320,0.9496931668556151,0.0
2024-09-19 02:00:00,0.0,1.04e-320,0.7458729514420367,0.0
2024-09-19 02:05:00,0.0,1.04e-320,0.5380860073074396,0.0
2024-09-19 02:10:00,0.0,1.04e-320,0.3288628756382911,0.0
2024-09-19 02:15:00,0.0,1.04e-320,0.1208055963618639,0.0
2024-09-19 02:20:00,0.0,1.04e-320,-0.08343881574207927,0.0
2024-09-19 02:25:00,0.0,1.04e-320,-0.2812059562099298,0.0
2024-09-19 02:30:00,0.0,1.04e-320,-0.46984246070521757,0.0
2024-09-19 02:35:00,0.0,1.04e-320,-0.6467350508081019,0.0
2024-09-19 02:40:00,0.0,1.04e-320,-0.8093399636340227,0.0
2024-09-19 02:45:00,0.0,1.04e-320,-0.9552125238378423,0.0
2024-09-19 02:50:00,0.0,1.04e-320,-1.0820366115459625,0.0
2024-09-19 02:55:00,0.0,1.04e-320,-1.1876537828388163,0.0
2024-09-19 03:00:00,0.0,1.04e-320,-1.2700917925614372,0.0
2024-09-19 03:05:00,0.0,1.04e-320,-1.3275922751980862,0.0
2024-09-19 03:10:00,0.0,1.04e-320,-1.3586373411458854,0.0
2024-09-19 03:15:00,0.0,1.04e-320,-1.3619748523355402,0.0
2024-09-19 03:20:00,0.0,1.04e-320,-1.336642147351325,0.0
2024-09-19 03:25:00,0.0,1.04e-320,-1.2819879969791868,0.0
2024-09-19 03:30:00,0.0,1.04e-320,-1.1976925794358502,0.0
2024-09-19 03:35:00,0.0,1.04e-320,-1.083785281676019,0.0
2024-09-19 03:40:00,0.0,1.04e-320,-0.9406601434384674,0.0
2024-09-19 03:45:00,0.0,1.04e-320,-0.7690887784257957,0.0
2024-09-19 03:50:00,0.0,1.04e-320,-0.5702306248744317,0.0
2024-09-19 03:55:00,0.0,1.04e-320,-0.3456403961150907,0.0
2024-09-19 04:00:00,0.0,1.04e-320,-0.09727262006939001,0.0
2024-09-19 04:05:00,0.0,1.04e-320,0.17251681744827374,0.0
2024-09-19 04:10:00,0.0,1.04e-320,0.460972196519464,0.0
2024-09-19 04:15:00,0.0,1.04e-320,0.7649425963576619,0.0
2024-09-19 04:20:00,0.0,1.04e-320,1.0808896565058466,0.0
2024-09-19 04:25:00,0.0,1.04e-320,1.4048984682929222,0.0
2024-09-19 04:30:00,0.0,1.04e-320,1.7326915660940096,0.0
2024-09-19 04:35:00,0.0,1.04e-320,2.0596459716210367,0.0
2024-09-19 04:40:00,0.0,1.04e-320,2.3808132131767517,0.0
2024-09-19 04:45:00,0.0,1.04e-320,2.6909422282259947,0.0
2024-09-19 04:50:00,0.0,1.04e-320,2.9845050257199572,5.321611124666666
2024-09-19 04:55:00,0.0,1.04e-320,3.255724967254311,5.321611124666666
2024-09-19 05:00:00,0.0,1.04e-320,3.4986075070138827,5.321611124666666
2024-09-19 05:05:00,0.0,1.04e-320,3.706973198380489,5.321611124666666
2024-09-19 05:10:00,0.0,1.04e-320,3.8744927795480275,5.321611124666666
2024-09-19 05:15:00,0.0,1.04e-320,3.994724102960276,5.321611124666666
2024-09-19 05:20:00,0.0,1.04e-320,4.061150683371283,0.0
2024-09-19 05:25:00,0.0,1.04e-320,4.067221608832452,0.0
2024-09-19 05:30:00,0.0,1.04e-320,4.006392552791587,18.930174180444446
2024-09-19 05:35:00,0.0,1.04e-320,3.872167612383633,18.930174180444446
2024-09-19 05:40:00,0.0,1.04e-320,3.658141690720784,18.930174180444446
2024-09-19 05:45:00,0.0,1.04e-320,3.358043130533997,0.0
2024-09-19 05:50:00,0.0,1.04e-320,2.9657763071775904,0.0
2024-09-19 05:55:00,0.0,1.04e-320,2.475463881437344,0.0
2024-09-19 06:00:00,0.0,1.04e-320,1.881488411727278,82.45591902219716
2024-09-19 06:05:00,0.0,1.04e-320,1.1785330317765854,80.55295869599082
2024-09-19 06:10:00,0.0,1.04e-320,0.36162090160617993,83.04073645681304
2024-09-19 06:15:00,0.0,1.04e-320,-0.5738468599259292,84.24153647517302
2024-09-19 06:20:00,0.0,1.04e-320,-1.6320550352075596,87.82571431912082
2024-09-19 06:25:00,0.0,1.04e-320,-2.8167402293581296,88.40638098837081
2024-09-19 06:30:00,0.0,1.04e-320,-4.131159118861461,90.00626990470414
2024-09-19 06:35:00,0.0,1.04e-320,-5.578059243923837,91.99733230252987
2024-09-19 06:40:00,0.0,1.04e-320,-7.159652607893862,91.99733230252987
2024-09-19 06:45:00,0.0,1.04e-320,-8.877592253129606,93.56055453510763
2024-09-19 06:50:00,62.79999924,1.04e-320,-10.73295203122008,93.56055453510763
2024-09-19 06:55:00,85.40000153,1.04e-320,-12.72620971611864,94.18711004147431
2024-09-19 07:00:00,108.5999985,1.04e-320,-14.857233613316247,297.0776710150936
2024-09-19 07:05:00,135.6000061,1.04e-320,-17.125272788384255,297.0776710150936
2024-09-19 07:10:00,160.1000061,1.04e-320,-19.528950992061777,297.0776710150936
2024-09-19 07:15:00,183.3000031,1.04e-320,-22.066264396553773,297.0776710150936
2024-09-19 07:20:00,220.0,1.04e-320,-24.734583119936364,297.0776710150936
2024-09-19 07:25:00,255.1999969,1.04e-320,-27.530656629260285,237.08658177679158
2024-09-19 07:30:00,287.8999939,1.04e-320,-30.450622961925937,237.08658177679158
2024-09-19 07:35:00,330.7000122,1.04e-320,-33.49002176084782,237.08658177679158
2024-09-19 07:40:00,439.7999878,1.04e-320,-36.64381102625089,237.08658177679158
2024-09-19 07:45:00,498.2999878,1.04e-320,-39.90638753926867,361.88235781112184
2024-09-19 07:50:00,550.0999756,1.04e-320,-43.27161080266137,412.28962176061503
2024-09-19 07:55:00,632.2000122,1.04e-320,-46.73283037905852,448.8190342590669
2024-09-19 08:00:00,711.9000244,1.04e-320,-50.28291647192045,992.5014724328969
2024-09-19 08:05:00,680.9333496,1.04e-320,-53.914293503464386,910.6584133206513
2024-09-19 08:10:00,812.4000244,1.04e-320,-57.61897657535461,903.8550320956051
2024-09-19 08:15:00,863.0999756,1.04e-320,-61.38861048097136,903.9581876896896
2024-09-19 08:20:00,846.0,1.04e-320,-65.21451109346067,891.3121973476165
2024-09-19 08:25:00,983.0999756,1.04e-320,-69.08770882149575,891.3121973476165
2024-09-19 08:30:00,939.333313,1.04e-320,-72.99899386185207,896.4286951942674
2024-09-19 08:35:00,1095.800049,1.04e-320,-76.93896296357413,895.5516487719952
2024-09-19 08:40:00,1176.099976,1.04e-320,-80.8980673585697,871.9929110712166
2024-09-19 08:45:00,1147.266602,1.04e-320,-84.86666161244761,864.0658138478277
2024-09-19 08:50:00,1192.266724,1.04e-320,-88.8350529698347,862.303266468469
2024-09-19 08:55:00,1230.466675,1.04e-320,-92.79355097348443,862.303266468469
2024-09-19 09:00:00,1289.299927,1.04e-320,-96.7325169498359,1285.4047356351955
2024-09-19 09:05:00,1346.366699,1.04e-320,-100.64241307536854,1285.4047356351955
2024-09-19 09:10:00,1397.133301,1.04e-320,-104.51385065264608,1288.2364588475161
2024-09-19 09:15:00,1441.933228,1.04e-320,-108.33763732483737,1313.2812569871562
2024-09-19 09:20:00,1481.5,1.04e-320,-112.10482287470695,1303.479067168762
2024-09-19 09:25:00,1520.900024,1.04e-320,-115.80674331355154,1312.0018819907618
2024-09-19 09:30:00,1562.666626,1.04e-320,-119.43506299056864,1327.701975696214
2024-09-19 09:35:00,1603.766602,1.04e-320,-122.98181437314618,1353.3017127325336
2024-09-19 09:40:00,1643.633423,1.04e-320,-126.43943533848496,1367.6001590602611
2024-09-19 09:45:00,1680.200073,1.04e-320,-129.80080362923923,1357.4893565284035
2024-09-19 09:50:00,1716.033325,1.04e-320,-133.05926832004081,1346.7505425141119
2024-09-19 09:55:00,1751.633301,1.04e-320,-136.20867805235895,1321.5230750755693
2024-09-19 10:00:00,1783.300171,1.04e-320,-139.24340586855706,1488.8098169574137
2024-09-19 10:05:00,1812.533203,1.04e-320,-142.15837049751073,1474.9008823924319
2024-09-19 10:10:00,1841.466675,1.04e-320,-144.94905392975406,1497.4098762279878
2024-09-19 10:15:00,1878.966797,1.04e-320,-147.61151523495104,1568.5073368567419
2024-09-19 10:20:00,1921.266724,1.04e-320,-150.14240046715162,1584.670745826936
2024-09-19 10:25:00,1961.133301,1.04e-320,-152.53894868666455,1587.1700755724373
2024-09-19 10:30:00,1992.5,1.04e-320,-154.79899402593165,1647.9224659380204
2024-09-19 10:35:00,2016.166626,1.04e-320,-156.92096382643396,1644.8290312677586
2024-09-19 10:40:00,2035.666626,1.04e-320,-158.90387288665434,1644.7635508529438
2024-09-19 10:45:00,2049.199951,1.04e-320,-160.7473138679788,1646.5509731181903
2024-09-19 10:50:00,2056.533447,1.04e-320,-162.4514439749882,1641.4480199543339
2024-09-19 10:55:00,2058.666748,1.04e-320,-164.0169680096671,1630.1419853757748
2024-09-19 11:00:00,2058.699951,1.04e-320,-165.44511796273298,1615.2430553357794
2024-09-19 11:05:00,2058.400146,1.04e-320,-166.73762928452388,1595.5973052598454
2024-09-19 11:10:00,2058.033203,1.04e-320,-167.89671407126193,1587.9480774102335
2024-09-19 11:15:00,2058.633301,1.04e-320,-168.9250313430407,1586.6513381312875
2024-09-19 11:20:00,2059.133545,1.04e-320,-169.82565467966916,1594.7698757949624
2024-09-19 11:25:00,2060.366455,1.04e-320,-170.60203745656557,1591.7284876527403
2024-09-19 11:30:00,2060.699951,1.04e-320,-171.25797595949916,1617.4237387872822
2024-09-19 11:35:00,2061.766602,1.04e-320,-171.79757066694756,1626.3207069359714
2024-09-19 11:40:00,2062.199951,1.04e-320,-172.22518599943774,1628.5509128702527
2024-09-19 11:45:00,2062.166748,1.04e-320,-172.5454088530232,1628.5509128702527
2024-09-19 11:50:00,2060.033447,1.04e-320,-172.7630062290291,1629.34528994305
2024-09-19 11:55:00,2058.466553,1.04e-320,-172.88288229956504,1613.2242077393355
2024-09-19 12:00:00,2057.366699,1.04e-320,-172.91003522145877,1601.1390152127976
2024-09-19 12:05:00,2058.06665,1.04e-320,-172.84951404825387,1616.6583945095754
2024-09-19 12:10:00,2058.0,1.04e-320,-172.7063760498825,1634.4791874099722
2024-09-19 12:15:00,2058.199951,1.04e-320,-172.4856447829204,1634.4791874099722
2024-09-19 12:20:00,2058.133301,1.04e-320,-172.19226921640634,1655.7424867609284
2024-09-19 12:25:00,2058.599854,1.04e-320,-171.83108423053955,1659.0070258954174
2024-09-19 12:30:00,2060.233398,1.04e-320,-171.40677277773614,1713.6652911525882
2024-09-19 12:35:00,2060.93335,1.04e-320,-170.9238300069354,1765.001098433882
2024-09-19 12:40:00,2061.133301,1.04e-320,-170.386529599252,1784.0001417114077
2024-09-19 12:45:00,2059.900146,1.04e-320,-169.79889257729636,1780.1084401194207
2024-09-19 12:50:00,2060.400146,1.04e-320,-169.1646588255159,1773.4587449961714
2024-09-19 12:55:00,2060.366455,1.04e-320,-168.48726151189254,1746.2075227008488
2024-09-19 13:00:00,2061.166748,1.04e-320,-167.76980462189798,1640.449222581143
2024-09-19 13:05:00,2060.766602,1.04e-320,-167.0150437418376,1538.50125950255
2024-09-19 13:10:00,2061.800049,1.04e-320,-166.2253702554964,1520.3830192905205
2024-09-19 13:15:00,2060.966797,1.04e-320,-165.40279903164534,1498.2239966814132
2024-09-19 13:20:00,2060.06665,1.04e-320,-164.54895972234746,1485.8914522961923
2024-09-19 13:25:00,2058.099854,1.04e-320,-163.66509168919177,1456.6215039080057
2024-09-19 13:30:00,2057.733398,1.04e-320,-162.75204260727094,1403.6410863024169
2024-09-19 13:35:00,2057.56665,1.04e-320,-161.8102707348912,1393.8913673253735
2024-09-19 13:40:00,2057.866699,1.04e-320,-160.8398508126059,1431.7216354940535
2024-09-19 13:45:00,2058.800049,1.04e-320,-159.8404835453148,1381.0830806031752
2024-09-19 13:50:00,2060.133301,1.04e-320,-158.81150855633166,1425.2011987345415
2024-09-19 13:55:00,2061.533447,1.04e-320,-157.75192072017333,1483.3205690393477
2024-09-19 14:00:00,2060.733398,1.04e-320,-156.6603897049075,1792.0395938450788
2024-09-19 14:05:00,2059.833252,1.04e-320,-155.53528259225712,1785.5702575688965
2024-09-19 14:10:00,2058.166748,1.04e-320,-154.3746893425019,1772.382589054003
2024-09-19 14:15:00,2057.866699,1.04e-320,-153.1764509123917,1749.922710269042
2024-09-19 14:20:00,2057.033447,1.04e-320,-151.9381897931167,1724.0670251781398
2024-09-19 14:25:00,2057.533447,1.04e-320,-150.65734269541355,1726.3746746298652
2024-09-19 14:30:00,2056.699951,1.04e-320,-149.33119512367153,1802.2350994418646
2024-09-19 14:35:00,2057.033447,1.04e-320,-147.95691754690438,1749.7780960706555
2024-09-19 14:40:00,2052.966553,1.04e-320,-146.53160286135912,1709.5688310837663
2024-09-19 14:45:00,2047.566528,1.04e-320,-145.0523048446899,1647.2119946481907
2024-09-19 14:50:00,2039.966675,1.04e-320,-143.51607727049844,1599.8086829679503
2024-09-19 14:55:00,2019.666626,1.04e-320,-141.92001336966683,1540.6875755051803
2024-09-19 15:00:00,1985.366699,1.04e-320,-140.2612852978225,1376.0853287266123
2024-09-19 15:05:00,1946.166626,1.04e-320,-138.53718329330695,1379.465722755269
2024-09-19 15:10:00,1922.633301,1.04e-320,-136.745154185538,1163.7783651061472
2024-09-19 15:15:00,1905.333374,1.04e-320,-134.88283895230458,1155.837613082669
2024-09-19 15:20:00,1875.766602,1.04e-320,-132.94810898550588,1062.6345145521568
2024-09-19 15:25:00,1839.133301,1.04e-320,-130.93910078216905,867.3256535103247
2024-09-19 15:30:00,1750.633301,1.04e-320,-128.8542487407646,794.7215099990592
2024-09-19 15:35:00,1711.866699,1.04e-320,-126.69231583175409,714.047263167657
2024-09-19 15:40:00,1658.333374,1.04e-320,-124.45242181911539,773.538575199664
2024-09-19 15:45:00,1668.266602,1.04e-320,-122.13406882527138,812.5027724243333
2024-09-19 15:50:00,1624.099976,1.04e-320,-119.73716402073705,1032.115792658356
2024-09-19 15:55:00,1585.5,1.04e-320,-117.26203920878739,1035.6157050878478
2024-09-19 16:00:00,1521.300171,1.04e-320,-114.70946715052551,1169.040911406246
2024-09-19 16:05:00,1467.366577,1.04e-320,-112.08067447061207,1168.4444596663782
2024-09-19 16:10:00,1408.733398,1.04e-320,-109.37735100992975,1306.7429778342773
2024-09-19 16:15:00,1366.366577,1.04e-320,-106.60165554520245,1330.0916839073238
2024-09-19 16:20:00,1319.166626,1.04e-320,-103.75621778372636,1330.6028957421772
2024-09-19 16:25:00,1284.799927,1.04e-320,-100.84413661569565,1328.65595982177
2024-09-19 16:30:00,1237.633301,1.04e-320,-97.86897458454762,1108.0738883152135
2024-09-19 16:35:00,1193.466675,1.04e-320,-94.83474861745802,1083.2378701733944
2024-09-19 16:40:00,1124.033325,1.04e-320,-91.74591705366888,973.4700808022042
2024-09-19 16:45:00,1048.900024,1.04e-320,-88.60736303673576,951.956807150822
2024-09-19 16:50:00,962.9333496,1.04e-320,-85.42437440681266,922.9299527499396
2024-09-19 16:55:00,900.4333496,1.04e-320,-82.20262018876572,943.6292870449626
2024-09-19 17:00:00,844.0333862,1.04e-320,-78.9481238409243,898.3792160211415
2024-09-19 17:05:00,791.5,1.04e-320,-75.66723350046865,909.6643691782319
2024-09-19 17:10:00,728.4332886,1.04e-320,-72.36658935951748,956.299824116686
2024-09-19 17:15:00,671.166687,1.04e-320,-69.05308844348794,900.0893315077786
2024-09-19 17:20:00,620.833313,1.04e-320,-65.73384706750025,955.079467580502
2024-09-19 17:25:00,576.333313,1.04e-320,-62.416161191254695,885.3934311240065
2024-09-19 17:30:00,529.333313,1.04e-320,-59.10746500131239,862.1386662610065
2024-09-19 17:35:00,478.4666443,1.04e-320,-55.81528801230262,844.2844863427
2024-09-19 17:40:00,430.6999817,1.04e-320,-52.54721099507063,798.4063027962169
2024-09-19 17:45:00,389.7333069,1.04e-320,-49.31082108086422,793.8735528611282
2024-09-19 17:50:00,362.7666321,1.04e-320,-46.11366635060547,795.3570798228108
2024-09-19 17:55:00,327.2666626,1.04e-320,-42.96321027365161,801.3365136848664
2024-09-19 18:00:00,294.5666809,1.04e-320,-39.86678630759433,412.67105509059155
2024-09-19 18:05:00,254.3333282,1.04e-320,-36.83155303026876,412.67105509059155
2024-09-19 18:10:00,240.8499756,1.04e-320,-33.8644501253445,402.04620328504467
2024-09-19 18:15:00,201.5499878,1.04e-320,-30.972155551095295,400.6478674144424
2024-09-19 18:20:00,157.9500122,1.04e-320,-28.16104424258788,399.9611826079852
2024-09-19 18:25:00,117.2500076,1.04e-320,-25.43714862705428,262.31522245395166
2024-09-19 18:30:00,86.5,1.04e-320,-22.806121260460557,305.1136859237519
2024-09-19 18:35:00,64.69999695,1.04e-320,-20.27319991414446,297.5552080016165
2024-09-19 18:40:00,48.0,1.04e-320,-17.843175308301415,286.0748415579929
2024-09-19 18:45:00,35.75,1.04e-320,-15.52036178678467,284.4545953429596
2024-09-19 18:50:00,26.29999924,1.04e-320,-13.308571159438232,256.8685795363866
2024-09-19 18:55:00,18.25,1.04e-320,-11.211089888565159,285.3590204965509
2024-09-19 19:00:00,13.19999981,1.04e-320,-9.230659815864858,36.020274835053904
2024-09-19 19:05:00,0.0,1.04e-320,-7.369462579156992,39.28211207780143
2024-09-19 19:10:00,0.0,1.04e-320,-5.629107828266472,35.81164774537991
2024-09-19 19:15:00,0.0,1.04e-320,-4.010625353942401,35.54641625368547
2024-09-19 19:20:00,0.0,1.04e-320,-2.5144611757007156,34.7598363521814
2024-09-19 19:25:00,0.0,1.04e-320,-1.1404776357147952,29.879772048921016
2024-09-19 19:30:00,0.0,1.04e-320,0.11204250993686542,23.86473373761436
2024-09-19 19:35:00,0.0,1.04e-320,1.244388018942128,23.729468017409438
2024-09-19 19:40:00,0.0,1.04e-320,2.258407171650094,23.05172725716658
2024-09-19 19:45:00,0.0,1.04e-320,3.1564919524540618,21.35283559871582
2024-09-19 19:50:00,0.0,1.04e-320,3.941558506713862,21.252530047815824
2024-09-19 19:55:00,0.0,1.04e-320,4.617024041289185,17.08962884479863
2024-09-19 20:00:00,0.0,1.04e-320,5.186780320729397,4.898937038443405
2024-09-19 20:05:00,0.0,1.04e-320,5.6551639658248245,4.898937038443405
2024-09-19 20:10:00,0.0,1.04e-320,6.026923783629086,4.898937038443405
2024-09-19 20:15:00,0.0,1.04e-320,6.307185367348032,4.489437018110072
2024-09-19 20:20:00,0.0,1.04e-320,6.501413239075578,3.7275266755921357
2024-09-19 20:25:00,0.0,1.04e-320,6.615370817728846,3.7275266755921357
2024-09-19 20:30:00,0.0,1.04e-320,6.655078520948918,3.7275266755921357
2024-09-19 20:35:00,0.0,1.04e-320,6.6267703149295745,3.7275266755921357
2024-09-19 20:40:00,0.0,1.04e-320,6.536849044540004,3.7275266755921357
2024-09-19 20:45:00,0.0,1.04e-320,6.391840879464161,3.7275266755921357
2024-09-19 20:50:00,0.0,1.04e-320,6.198349230113732,3.7694155610921354
2024-09-19 20:55:00,0.0,1.04e-320,5.963008474731175,3.7694155610921354
2024-09-19 21:00:00,0.0,1.04e-320,5.692437855846039,3.7694155610921354
2024-09-19 21:05:00,0.0,1.04e-320,5.393195893825577,3.7694155610921354
2024-09-19 21:10:00,0.0,1.04e-320,5.071735664545763,3.7694155610921354
2024-09-19 21:15:00,0.0,1.04e-320,4.734361279995417,3.7889396286421357
2024-09-19 21:20:00,0.0,1.04e-320,4.387185903503234,3.611610013358802
2024-09-19 21:25:00,0.0,1.04e-320,4.036091615661492,3.268554447214358
2024-09-19 21:30:00,0.0,1.04e-320,3.686691432252495,2.6224187429702313
2024-09-19 21:35:00,0.0,1.04e-320,3.3442937692991768,1.4260737783850792
2024-09-19 21:40:00,0.0,1.04e-320,3.013869609575421,0.5328518481466666
2024-09-19 21:45:00,0.0,1.04e-320,2.700022625634216,0.5328518481466666
2024-09-19 21:50:00,0.0,1.04e-320,2.406962476945289,0.11140740284444445
2024-09-19 21:55:00,0.0,1.04e-320,2.138481480903879,0.11140740284444445
2024-09-19 22:00:00,0.0,1.04e-320,1.8979348249698853,0.11140740284444445
2024-09-19 22:05:00,0.0,1.04e-320,1.6882244639735167,0.0
2024-09-19 22:10:00,0.0,1.04e-320,1.5117868147472018,0.0
2024-09-19 22:15:00,0.0,1.04e-320,1.3705843289895305,0.0
2024-09-19 22:20:00,0.0,1.04e-320,1.2661010004882005,0.0
2024-09-19 22:25:00,0.0,1.04e-320,1.1993418188442635,0.0
2024-09-19 22:30:00,0.0,1.04e-320,1.1708361659753712,0.0
2024-09-19 22:35:00,0.0,1.04e-320,1.1806451065756438,0.0
2024-09-19 22:40:00,0.0,1.04e-320,1.2283725004963253,0.0
2024-09-19 22:45:00,0.0,1.04e-320,1.3131798305584843,0.0
2024-09-19 22:50:00,0.0,1.04e-320,1.433804610425629,0.0
2024-09-19 22:55:00,0.0,1.04e-320,1.5885822075519107,0.0
2024-09-19 23:00:00,0.0,1.04e-320,1.7754708909188044,0.0
2024-09-19 23:05:00,0.0,1.04e-320,1.9920798791856946,0.0
2024-09-19 23:10:00,0.0,1.04e-320,2.235700155061646,0.0
2024-09-19 23:15:00,0.0,1.04e-320,2.5033377684395175,0.0
2024-09-19 23:20:00,0.0,1.04e-320,2.7917493542740504,0.0
2024-09-19 23:25:00,0.0,1.04e-320,3.0974795463247076,0.0
2024-09-19 23:30:00,0.0,1.04e-320,3.416899976907527,0.0
2024-09-19 23:35:00,0.0,1.04e-320,3.7462495212578557,0.0
2024-09-19 23:40:00,0.0,1.04e-320,4.081675442666948,0.0
2024-09-19 23:45:00,0.0,1.04e-320,4.419275085647531,0.0
2024-09-19 23:50:00,0.0,1.04e-320,4.755137753453667,0.0
2024-09-19 23:55:00,0.0,1.04e-320,5.085386416771154,0.0
2024-09-20 00:00:00,0.0,1.04e-320,5.406218878870226,0.0
2024-09-20 00:05:00,0.0,1.04e-320,5.713948057810225,0.0
2024-09-20 00:10:00,0.0,1.04e-320,6.005041011722917,0.0
2024-09-20 00:15:00,0.0,1.04e-320,6.276156387498563,0.0
2024-09-20 00:20:00,0.0,1.04e-320,6.524179941839931,0.028444444866666665
2024-09-20 00:25:00,0.0,1.04e-320,6.746257832138999,0.25665926203666667
2024-09-20 00:30:00,0.0,1.04e-320,6.939827372485126,0.25665926203666667
2024-09-20 00:35:00,0.0,1.04e-320,7.102644975690598,0.8258259541366666
2024-09-20 00:40:00,0.0,1.04e-320,7.232811025291415,0.8258259541366666
2024-09-20 00:45:00,0.0,1.04e-320,7.3287914432782495,0.8258259541366666
2024-09-20 00:50:00,0.0,1.04e-320,7.3894357488891425,0.7661222501366666
2024-09-20 00:55:00,0.0,1.04e-320,7.413991422123464,0.7661222501366666
2024-09-20 01:00:00,0.0,1.04e-320,7.4021144372998835,0.7661222501366666
2024-09-20 01:05:00,0.0,1.04e-320,7.353875827644215,0.9312888973255555
2024-09-20 01:10:00,0.0,1.04e-320,7.269764217148898,0.21402222495666667
2024-09-20 01:15:00,0.0,1.04e-320,7.150684243698766,0.0
2024-09-20 01:20:00,0.0,1.04e-320,6.997950873479019,0.0
2024-09-20 01:25:00,0.0,1.04e-320,6.813279605406155,0.0
2024-09-20 01:30:00,0.0,1.04e-320,6.598772623240921,0.0
2024-09-20 01:35:00,0.0,1.04e-320,6.356900971321369,0.0
2024-09-20 01:40:00,0.0,1.04e-320,6.090482871975655,0.0
2024-09-20 01:45:00,0.0,1.04e-320,5.802658331896023,0.0
2024-09-20 01:50:00,0.0,1.04e-320,5.496860214986794,0.0
2024-09-20 01:55:00,0.0,1.04e-320,5.176781997409154,0.0
2024-09-20 02:00:00,0.0,1.04e-320,4.846342433106071,0.0
2024-09-20 02:05:00,0.0,1.04e-320,4.50964741106259,0.0
2024-09-20 02:10:00,0.0,1.04e-320,4.170949281653332,0.0
2024-09-20 02:15:00,0.0,1.04e-320,3.834603976777915,0.0
2024-09-20 02:20:00,0.0,1.04e-320,3.5050262546202338,0.0
2024-09-20 02:25:00,0.0,1.04e-320,3.1866434280101954,1.9409629313333332
2024-09-20 02:30:00,0.0,1.04e-320,2.883847941860964,1.9409629313333332
2024-09-20 02:35:00,0.0,1.04e-320,2.6009491863015346,1.9409629313333332
2024-09-20 02:40:00,0.0,1.04e-320,2.342124937927419,1.9409629313333332
2024-09-20 02:45:00,0.0,1.04e-320,2.1113728276426076,1.9409629313333332
2024-09-20 02:50:00,0.0,1.04e-320,1.912462245026507,1.9409629313333332
2024-09-20 02:55:00,0.0,1.04e-320,1.7488870761457846,1.9409629313333332
2024-09-20 03:00:00,0.0,1.04e-320,1.6238196849695397,0.0
2024-09-20 03:05:00,0.0,1.04e-320,1.5400665314087154,0.0
2024-09-20 03:10:00,0.0,1.04e-320,1.5000258161491422,0.0
2024-09-20 03:15:00,0.0,1.04e-320,1.5056475290746343,0.0
2024-09-20 03:20:00,0.0,1.04e-320,1.5583962633274966,0.0
2024-09-20 03:25:00,0.0,1.04e-320,1.6592171386194066,0.0
2024-09-20 03:30:00,0.0,1.04e-320,1.8085051590715941,0.0
2024-09-20 03:35:00,0.0,1.04e-320,2.006078305283927,0.0
2024-09-20 03:40:00,0.0,1.04e-320,2.251154635534401,0.0
2024-09-20 03:45:00,0.0,1.04e-320,2.5423336437964466,0.0
2024-09-20 03:50:00,0.0,1.04e-320,2.877582090331551,0.0
2024-09-20 03:55:00,0.0,1.04e-320,3.254224491916565,0.0
2024-09-20 04:00:00,0.0,1.04e-320,3.668938417672574,0.0
2024-09-20 04:05:00,0.0,1.04e-320,4.117754712896692,0.0
2024-09-20 04:10:00,0.0,1.04e-320,4.596062724295036,0.0
2024-09-20 04:15:00,0.0,1.04e-320,5.098620577080137,0.0
2024-09-20 04:20:00,0.0,1.04e-320,5.6195704909387905,0.0
2024-09-20 04:25:00,0.0,1.04e-320,6.152459128630886,0.0
2024-09-20 04:30:00,0.0,1.04e-320,6.690262875703061,0.0
2024-09-20 04:35:00,0.0,1.04e-320,7.225417962506513,0.0
2024-09-20 04:40:00,0.0,1.04e-320,7.749855270364961,0.0
2024-09-20 04:45:00,0.0,1.04e-320,8.255039640622549,0.0
2024-09-20 04:50:00,0.0,1.04e-320,8.732013468418717,0.0
2024-09-20 04:55:00,0.0,1.04e-320,9.171444320243255,0.0
2024-09-20 05:00:00,0.0,1.04e-320,9.56367630229928,0.0
2024-09-20 05:05:00,0.0,1.04e-320,9.898784840855472,0.0
2024-09-20 05:10:00,0.0,1.04e-320,10.166634557432499,0.0
2024-09-20 05:15:00,0.0,1.04e-320,10.356939835656371,0.0
2024-09-20 05:20:00,0.0,1.04e-320,10.459327713481823,0.0
2024-09-20 05:25:00,0.0,1.04e-320,10.46340265881485,0.0
2024-09-20 05:30:00,0.0,1.04e-320,10.358812815240254,0.0
2024-09-20 05:35:00,0.0,1.04e-320,10.135317255060896,0.0
2024-09-20 05:40:00,0.0,1.04e-320,9.782853785906328,0.0
2024-09-20 05:45:00,0.0,1.04e-320,9.29160683818827,0.0
2024-09-20 05:50:00,0.0,1.04e-320,8.6520749650905,5.321611124666666
2024-09-20 05:55:00,0.0,1.04e-320,7.85513747471404,5.321611124666666
2024-09-20 06:00:00,0.0,1.04e-320,6.892119721091376,101.12795740194497
2024-09-20 06:05:00,0.0,1.04e-320,5.754856596839839,101.02106853327831
2024-09-20 06:10:00,0.0,1.04e-320,4.435753752837695,99.73506856866165
2024-09-20 06:15:00,0.0,1.04e-320,2.927846115846651,95.52275826672862
2024-09-20 06:20:00,0.0,1.04e-320,1.2248532566185464,84.12269001086322
2024-09-20 06:25:00,0.0,1.04e-320,-0.6787687769198806,81.74164557222322
2024-09-20 06:30:00,0.0,1.04e-320,-2.7877795904598655,84.42673936666446
2024-09-20 06:35:00,0.0,1.04e-320,-5.10611084641766,86.46691235764541
2024-09-20 06:40:00,0.0,1.04e-320,-7.636827331713329,85.81202655962716
2024-09-20 06:45:00,0.0,1.04e-320,-10.382092957421165,86.33388691735256
2024-09-20 06:50:00,65.5,1.04e-320,-13.34314197516343,86.65488693656367
2024-09-20 06:55:00,89.19999695,1.04e-320,-16.52025565623332,81.8914021577587
2024-09-20 07:00:00,115.9000015,1.04e-320,-19.9127446070368,378.53004608733556
2024-09-20 07:05:00,144.0,1.04e-320,-23.51893691603364,372.2906679800022
2024-09-20 07:10:00,177.0,1.04e-320,-27.336172227841722,257.5715192463901
2024-09-20 07:15:00,250.3999939,1.04e-320,-31.360801858311902,257.5715192463901
2024-09-20 07:20:00,248.3999939,1.04e-320,-35.58819492004469,256.52822544175837
2024-09-20 07:25:00,245.1666718,1.04e-320,-40.01275054688452,256.52822544175837
2024-09-20 07:30:00,311.7000122,1.04e-320,-44.62791611786813,251.43747360345995
2024-09-20 07:35:00,350.5,1.04e-320,-49.426211376452606,251.43747360345995
2024-09-20 07:40:00,381.2000122,1.04e-320,-54.39925837060157,260.0322855485826
2024-09-20 07:45:00,615.5999756,1.04e-320,-59.537816998419416,329.1706336656265
2024-09-20 07:50:00,618.9499512,1.04e-320,-64.83182596296324,377.08998287575577
2024-09-20 07:55:00,618.1999512,1.04e-320,-70.27044890232337,429.5245707069247
2024-09-20 08:00:00,718.9000244,1.04e-320,-75.84212537169809,872.2417641200111
2024-09-20 08:05:00,673.333374,1.04e-320,-81.53462640109386,846.2989170318905
2024-09-20 08:10:00,791.4000244,1.04e-320,-87.33511423065542,881.9989146519746
2024-09-20 08:15:00,848.7000122,1.04e-320,-93.23020588745163,881.7458995350022
2024-09-20 08:20:00,825.9667358,1.04e-320,-99.20604014799693,881.7458995350022
2024-09-20 08:25:00,934.5,1.04e-320,-105.24834749376029,861.7866994607974
2024-09-20 08:30:00,881.2333984,1.04e-320,-111.3425225377035,856.8624700058768
2024-09-20 08:35:00,1155.800049,1.04e-320,-117.4736985263069,856.2629495547371
2024-09-20 08:40:00,1166.949951,1.04e-320,-123.62682335803976,853.4525054424038
2024-09-20 08:45:00,1178.033325,1.04e-320,-129.7867366865351,841.7369232579981
2024-09-20 08:50:00,1207.566528,1.04e-320,-135.938247477113,816.9850927735239
2024-09-20 08:55:00,1245.766724,1.04e-320,-142.06621165395376,827.2673198520321
2024-09-20 09:00:00,1292.43335,1.04e-320,-148.15560923056486,1335.5801013557161
2024-09-20 09:05:00,1342.06665,1.04e-320,-154.19162039694044,1338.4794572016528
2024-09-20 09:10:00,1392.233398,1.04e-320,-160.1597001328322,1333.9172065586763
2024-09-20 09:15:00,1442.666626,1.04e-320,-166.04565079110645,1338.1069501514453
2024-09-20 09:20:00,1490.566772,1.04e-320,-171.83569219212856,1336.6254394067787
2024-09-20 09:25:00,1536.566772,1.04e-320,-177.51652878185422,1333.7645017356836
2024-09-20 09:30:00,1582.099976,1.04e-320,-183.07541337176437,1334.4669969365016
2024-09-20 09:35:00,1625.733276,1.04e-320,-188.5002070905182,1334.2635232961684
2024-09-20 09:40:00,1666.766602,1.04e-320,-193.77943511382466,1305.8080033630335
2024-09-20 09:45:00,1704.033325,1.04e-320,-198.90233785711672,1287.8177998735446
2024-09-20 09:50:00,1739.466797,1.04e-320,-203.85891726563213,1189.7232049157926
2024-09-20 09:55:00,1772.233398,1.04e-320,-208.6399779258404,1157.7042113984303
2024-09-20 10:00:00,1804.266602,1.04e-320,-213.23716275771724,1573.118764833825
2024-09-20 10:05:00,1837.800171,1.04e-320,-217.64298302631153,1605.7104752812695
2024-09-20 10:10:00,1873.966675,1.04e-320,-221.85084255425647,1572.9762652679358
2024-09-20 10:15:00,1909.533203,1.04e-320,-225.85505598601915,1573.9985308903433
2024-09-20 10:20:00,1941.066528,1.04e-320,-229.6508609556875,1568.860244613154
2024-09-20 10:25:00,1970.900024,1.04e-320,-233.23442420894716,1544.2861227175458
2024-09-20 10:30:00,1999.666626,1.04e-320,-236.6028416128802,1544.2861227175458
2024-09-20 10:35:00,2024.933228,1.04e-320,-239.75413209128706,1543.1155256918787
2024-09-20 10:40:00,2044.166626,1.04e-320,-242.68722561037228,1532.238206012207
2024-09-20 10:45:00,2053.866699,1.04e-320,-245.40194530817817,1511.8959976539606
2024-09-20 10:50:00,2059.200195,1.04e-320,-247.89898394895496,1512.1442943867237
2024-09-20 10:55:00,2059.899902,1.04e-320,-250.1798749174611,1510.678987821564
2024-09-20 11:00:00,2059.833252,1.04e-320,-252.2469579873098,1534.3251075538064
2024-09-20 11:05:00,2058.93335,1.04e-320,-254.1033401649246,1532.5741348588067
2024-09-20 11:10:00,2058.266602,1.04e-320,-255.75285191946944,1567.6007314657663
2024-09-20 11:15:00,2059.533203,1.04e-320,-257.1999991582778,1563.597829145925
2024-09-20 11:20:00,2060.499756,1.04e-320,-258.4499113315442,1553.3725045854542
2024-09-20 11:25:00,2061.833252,1.04e-320,-259.50828606623713,1534.893724758851
2024-09-20 11:30:00,2062.466553,1.04e-320,-260.3813307830643,1546.9842714981153
2024-09-20 11:35:00,2063.06665,1.04e-320,-261.0757017275517,1552.3719085721461
2024-09-20 11:40:00,2063.633301,1.04e-320,-261.5984409098126,1509.174166467941
2024-09-20 11:45:00,2062.633301,1.04e-320,-261.9569114250679,1509.640200820948
2024-09-20 11:50:00,2061.533447,1.04e-320,-262.1587316553264,1502.6205877429531
2024-09-20 11:55:00,2059.099854,1.04e-320,-262.21170885602373,1560.1280615610442
2024-09-20 12:00:00,2057.833252,1.04e-320,-262.12377262819933,1570.4020225255495
2024-09-20 12:05:00,2056.699951,1.04e-320,-261.9029087888231,1583.4579323032158
2024-09-20 12:10:00,2057.399902,1.04e-320,-261.55709412159365,1573.096123956422
2024-09-20 12:15:00,2058.233398,1.04e-320,-261.094232522443,1573.096123956422
2024-09-20 12:20:00,2059.233398,1.04e-320,-260.52209298873464,1573.096123956422
2024-09-20 12:25:00,2058.333252,1.04e-320,-259.8482499410053,1613.2383863344223
2024-09-20 12:30:00,2057.766846,1.04e-320,-259.08002629774904,1613.2383863344223
2024-09-20 12:35:00,2056.966553,1.04e-320,-258.2244397359487,1582.3046163816423
2024-09-20 12:40:00,1997.400024,1.04e-320,-257.28815252794004,1576.3386007089662
2024-09-20 12:45:00,2000.966797,1.04e-320,-256.2774253122002,1659.8268062173113
2024-09-20 12:50:00,1962.166626,1.04e-320,-255.19807514017432,1709.8768258405814
2024-09-20 12:55:00,2023.433228,1.04e-320,-254.05543809380572,1707.7752675514573
2024-09-20 13:00:00,2020.599976,1.04e-320,-252.85433673424342,1669.872016251632
2024-09-20 13:05:00,2060.5,1.04e-320,-251.5990526118561,1663.5644332040097
2024-09-20 13:10:00,2060.100098,1.04e-320,-250.2933040222026,1720.0801440623293
2024-09-20 13:15:00,2061.649902,1.04e-320,-248.94022912967537,1714.2628389066424
2024-09-20 13:20:00,2061.049805,1.04e-320,-247.5423746078608,1688.5562024677608
2024-09-20 13:25:00,2055.799805,1.04e-320,-246.1016897985254,1705.3149545029214
2024-09-20 13:30:00,2049.599854,1.04e-320,-244.61952644308934,1610.358291639854
2024-09-20 13:35:00,2045.633423,1.04e-320,-243.0966439360482,1563.793648626315
2024-09-20 13:40:00,2051.233398,1.04e-320,-241.53322004973253,1487.6102382242177
2024-09-20 13:45:00,2056.200195,1.04e-320,-239.92886698971492,1430.0784416835168
2024-09-20 13:50:00,1976.166626,1.04e-320,-238.2826526455945,1441.516786759283
2024-09-20 13:55:00,1933.199951,1.04e-320,-236.59312682705104,1472.4537901689228
2024-09-20 14:00:00,1795.349854,1.04e-320,-234.85835226069787,1760.0535329888226
2024-09-20 14:05:00,2067.399902,1.04e-320,-233.075940065802,1782.3660550234129
2024-09-20 14:10:00,1925.433228,1.04e-320,-231.24308941074247,1737.6822506594337
2024-09-20 14:15:00,1895.099976,1.04e-320,-229.35663099710277,1664.4706161557872
2024-09-20 14:20:00,2051.300049,1.04e-320,-227.4130740150879,1643.8157636888586
2024-09-20 14:25:00,1932.033325,1.04e-320,-225.40865616846557,1539.3333138310375
2024-09-20 14:30:00,2052.0,1.04e-320,-223.33939634023318,1402.83139904488
2024-09-20 14:35:00,2053.199951,1.04e-320,-221.20114948154225,1165.5279599765413
2024-09-20 14:40:00,2048.466553,1.04e-320,-218.9896632381738,912.2315733978928
2024-09-20 14:45:00,2045.666626,1.04e-320,-216.70063584495207,834.4745183608812
2024-09-20 14:50:00,2033.0,1.04e-320,-214.32977484822848,755.7007541262008
2024-09-20 14:55:00,2025.433228,1.04e-320,-211.8728561025768,689.1789181196062
2024-09-20 15:00:00,2016.150024,1.04e-320,-209.3257826032137,554.9791761410885
2024-09-20 15:05:00,1947.750122,1.04e-320,-206.68464263425557,528.5798778248013
2024-09-20 15:10:00,1877.049927,1.04e-320,-203.94576677933557,485.89570241493476
2024-09-20 15:15:00,1858.0,1.04e-320,-201.1057832837616,457.17901055284875
2024-09-20 15:20:00,1827.933228,1.04e-320,-198.1616713327753,441.53303476926766
2024-09-20 15:25:00,1804.899902,1.04e-320,-195.1108117935039,453.4327811080487
2024-09-20 15:30:00,1749.149902,1.04e-320,-191.95103497071176,462.0720423799788
2024-09-20 15:35:00,1720.300049,1.04e-320,-188.68066503652804,484.78974371949124
2024-09-20 15:40:00,1701.766602,1.04e-320,-185.2985606655521,474.8862857699927
2024-09-20 15:45:00,1672.900024,1.04e-320,-181.80415161519142,482.46152331492146
2024-09-20 15:50:00,1607.433228,1.04e-320,-178.19747087200503,455.58332512119244
2024-09-20 15:55:00,1557.033325,1.04e-320,-174.47918211935573,457.9556346145369
2024-09-20 16:00:00,1496.666626,1.04e-320,-170.65060225346983,695.0601916497992
2024-09-20 16:05:00,1440.099976,1.04e-320,-166.71371878035805,685.5670997539706
2024-09-20 16:10:00,1371.399902,1.04e-320,-162.67120188287657,699.7942930758538
2024-09-20 16:15:00,1310.099976,1.04e-320,-158.52641103754203,704.4805280455106
2024-09-20 16:20:00,1256.966675,1.04e-320,-154.28339616084133,708.0328008775487
2024-09-20 16:25:00,1189.93335,1.04e-320,-149.9468931518459,710.8770831255789
2024-09-20 16:30:00,1110.233276,1.04e-320,-145.5223138961657,711.2498342397482
2024-09-20 16:35:00,1029.333374,1.04e-320,-141.0157307559711,720.0643534366329
2024-09-20 16:40:00,976.2000122,1.04e-320,-136.4338556632055,386.53255361666334
2024-09-20 16:45:00,941.0,1.04e-320,-131.78401390290776,410.72938639197616
2024-09-20 16:50:00,904.4333496,1.04e-320,-127.07411280058291,403.65385435004754
2024-09-20 16:55:00,847.2666016,1.04e-320,-122.31260551794031,456.5807693077747
2024-09-20 17:00:00,785.9332886,1.04e-320,-117.50845017546322,624.4912786078191
2024-09-20 17:05:00,726.2999878,1.04e-320,-112.67106468942015,624.5692091086096
2024-09-20 17:10:00,683.2666626,1.04e-320,-107.81027750303147,725.9780241080272
2024-09-20 17:15:00,636.1333008,1.04e-320,-102.93627470787213,720.6566727851939
2024-09-20 17:20:00,590.0666504,1.04e-320,-98.0595438494835,695.8328144323782
2024-09-20 17:25:00,535.5333862,1.04e-320,-93.19081486437177,689.7536659361587
2024-09-20 17:30:00,488.0,1.04e-320,-88.34099859365233,691.1941063352349
2024-09-20 17:35:00,443.0,1.04e-320,-83.52112328548172,695.5594001064228
2024-09-20 17:40:00,400.8000183,1.04e-320,-78.74226963601716,697.2924334048572
2024-09-20 17:45:00,356.3000183,1.04e-320,-74.01550473446541,692.9482075367752
2024-09-20 17:50:00,311.8999939,1.04e-320,-69.35181555702644,677.9097117690461
2024-09-20 17:55:00,276.3999939,1.04e-320,-64.76204235978545,609.0888757760014
2024-09-20 18:00:00,244.3333282,1.04e-320,-60.256812572035024,419.17981028221095
2024-09-20 18:05:00,232.0,1.04e-320,-55.846475631942845,406.1180741682781
2024-09-20 18:10:00,198.0500031,1.04e-320,-51.541039305230676,419.17981028221095
2024-09-20 18:15:00,166.2999878,1.04e-320,-47.350107911716215,412.2043145811982
2024-09-20 18:20:00,135.8500061,1.04e-320,-43.2828229654604,419.17981028221095
2024-09-20 18:25:00,108.7999954,1.04e-320,-39.347806672687916,419.17981028221095
2024-09-20 18:30:00,86.75,1.04e-320,-35.55310868110323,419.17981028221095
2024-09-20 18:35:00,67.8999939,1.04e-320,-31.906156571010793,419.17981028221095
2024-09-20 18:40:00,51.50000381,1.04e-320,-28.413710341734497,419.17981028221095
2024-09-20 18:45:00,37.75,1.04e-320,-25.081821357474055,424.31075400060143
2024-09-20 18:50:00,26.60000038,1.04e-320,-21.91579598452253,422.9474633797404
2024-09-20 18:55:00,17.89999962,1.04e-320,-18.92016423975682,413.81155989782684
2024-09-20 19:00:00,13.03333282,1.04e-320,-16.098653677309287,163.5739895122344
2024-09-20 19:05:00,0.0,1.04e-320,-13.454168706673705,163.19960063470106
2024-09-20 19:10:00,0.0,1.04e-320,-10.988775528098143,162.7825784399455
2024-09-20 19:15:00,0.0,1.04e-320,-8.703692752997279,162.68564164146215
2024-09-20 19:20:00,0.0,1.04e-320,-6.599287850641478,151.25906527035107
2024-09-20 19:25:00,0.0,1.04e-320,-4.675079380085854,150.43577646555104
2024-09-20 19:30:00,0.0,1.04e-320,-2.9297450409697676,160.1275982470747
2024-09-20 19:35:00,0.0,1.04e-320,-1.3611354653625904,159.85753512689135
2024-09-20 19:40:00,0.0,1.04e-320,0.033706355390108064,160.8804428754469
2024-09-20 19:45:00,0.0,1.04e-320,1.2585201383175062,157.60240376110804
2024-09-20 19:50:00,0.0,1.04e-320,2.317798081454937,145.99885064356212
2024-09-20 19:55:00,0.0,1.04e-320,3.2167495521918386,129.42600234140136
2024-09-20 20:00:00,0.0,1.04e-320,3.9612609704947377,141.95463940102994
2024-09-20 20:05:00,0.0,1.04e-320,4.55785117615775,5.135103691561183
2024-09-20 20:10:00,0.0,1.04e-320,5.0136226398286174,0.48216666324444435
2024-09-20 20:15:00,0.0,1.04e-320,5.336208865947922,0.22318517046666667
2024-09-20 20:20:00,0.0,1.04e-320,5.533718403547849,0.22318517046666667
2024-09-20 20:25:00,0.0,1.04e-320,5.614675880368787,0.25103702117777776
2024-09-20 20:30:00,0.0,1.04e-320,5.58796051120707,0.25103702117777776
2024-09-20 20:35:00,0.0,1.04e-320,5.462742547480034,0.25103702117777776
2024-09-20 20:40:00,0.0,1.04e-320,5.248418149058552,0.25103702117777776
2024-09-20 20:45:00,0.0,1.04e-320,4.954543171231714,0.25103702117777776
2024-09-20 20:50:00,0.0,1.04e-320,4.590766375165245,0.6866814303777778
2024-09-20 20:55:00,0.0,1.04e-320,4.16676255800581,0.11140740284444445
2024-09-20 21:00:00,0.0,1.04e-320,3.6921661160416726,0.11140740284444445
2024-09-20 21:05:00,0.0,1.04e-320,3.1765055408773506,0.11140740284444445
2024-09-20 21:10:00,0.0,1.04e-320,2.6291393413522073,0.11140740284444445
2024-09-20 21:15:00,0.0,1.04e-320,2.059193877970527,0.11140740284444445
2024-09-20 21:20:00,0.0,1.04e-320,1.475503572709604,0.11140740284444445
2024-09-20 21:25:00,0.0,1.04e-320,0.8865539464734211,0.11140740284444445
2024-09-20 21:30:00,0.0,1.04e-320,0.30042790236355577,0.13229629087777778
2024-09-20 21:35:00,0.0,1.04e-320,-0.27524432751738503,0.13229629087777778
2024-09-20 21:40:00,0.0,1.04e-320,-0.8333312302537489,0.13229629087777778
2024-09-20 21:45:00,0.0,1.04e-320,-1.3672416847962272,0.13229629087777778
2024-09-20 21:50:00,0.0,1.04e-320,-1.870961979974207,0.13229629087777778
2024-09-20 21:55:00,0.0,1.04e-320,-2.3390878975031084,0.0
2024-09-20 22:00:00,0.0,1.04e-320,-2.766851637086511,0.0
2024-09-20 22:05:00,0.0,1.04e-320,-3.1501433971248933,0.0
2024-09-20 22:10:00,0.0,1.04e-320,-3.485527464162084,0.0
2024-09-20 22:15:00,0.0,1.04e-320,-3.7702527174011373,0.0
2024-09-20 22:20:00,0.0,1.04e-320,-4.002257482112581,0.0
2024-09-20 22:25:00,0.0,1.04e-320,-4.180168733386288,0.0
2024-09-20 22:30:00,0.0,1.04e-320,-4.30329567585843,0.0
2024-09-20 22:35:00,0.0,1.04e-320,-4.371617782438032,0.0
2024-09-20 22:40:00,0.0,1.04e-320,-4.385767416306658,0.0
2024-09-20 22:45:00,0.0,1.04e-320,-4.347007201427829,0.0
2024-09-20 22:50:00,0.0,1.04e-320,-4.257202353506258,0.0
2024-09-20 22:55:00,0.0,1.04e-320,-4.118788219584649,0.0
2024-09-20 23:00:00,0.0,1.04e-320,-3.9347333154191304,0.0
2024-09-20 23:05:00,0.0,1.04e-320,-3.708498186507481,0.0
2024-09-20 23:10:00,0.0,1.04e-320,-3.4439904503329264,0.0
2024-09-20 23:15:00,0.0,1.04e-320,-3.145516410904932,0.0
2024-09-20 23:20:00,0.0,1.04e-320,-2.8177296612922014,0.0
2024-09-20 23:25:00,0.0,1.04e-320,-2.465577124199326,0.0
2024-09-20 23:30:00,0.0,1.04e-320,-2.094242979231673,0.0
2024-09-20 23:35:00,0.0,1.04e-320,-1.7090909777874617,0.0
2024-09-20 23:40:00,0.0,1.04e-320,-1.315605625609048,0.0
2024-09-20 23:45:00,0.0,1.04e-320,-0.9193327434733379,0.0
2024-09-20 23:50:00,0.0,1.04e-320,-0.5258199197132467,0.0
2024-09-20 23:55:00,0.0,1.04e-320,-0.14055736183144993,0.0
2024-09-21 00:00:00,0.0,1.04e-320,0.23108033905472483,0.0
2024-09-21 00:05:00,0.0,1.04e-320,0.5838910279130676,0.0
2024-09-21 00:10:00,0.0,1.04e-320,0.9128998965263138,0.0
2024-09-21 00:15:00,0.0,1.04e-320,1.2134120089581075,0.0
2024-09-21 00:20:00,0.0,1.04e-320,1.4810619700437004,0.0
2024-09-21 00:25:00,0.0,1.04e-320,1.7118603224327857,0.0
2024-09-21 00:30:00,0.0,1.04e-320,1.9022362287634824,0.0
2024-09-21 00:35:00,0.0,1.04e-320,2.0490760817066493,0.0
2024-09-21 00:40:00,0.0,1.04e-320,2.1497576766094335,0.0
2024-09-21 00:45:00,0.0,1.04e-320,2.2021796349539158,0.0
2024-09-21 00:50:00,0.0,1.04e-320,2.2047858013722252,0.0
2024-09-21 00:55:00,0.0,1.04e-320,2.1565843746557305,0.0
2024-09-21 01:00:00,0.0,1.04e-320,2.0571615794649762,0.0
2024-09-21 01:05:00,0.0,1.04e-320,1.9066897262142086,0.0
2024-09-21 01:10:00,0.0,1.04e-320,1.7059295564344592,0.0
2024-09-21 01:15:00,0.0,1.04e-320,1.4562268081727245,0.0
2024-09-21 01:20:00,0.0,1.04e-320,1.1595029991467884,0.0
2024-09-21 01:25:00,0.0,1.04e-320,0.8182404577049934,0.0
2024-09-21 01:30:00,0.0,1.04e-320,0.4354616856253228,0.0
2024-09-21 01:35:00,0.0,1.04e-320,0.014703186166723729,0.0
2024-09-21 01:40:00,0.0,1.04e-320,-0.4400160683979971,0.0
2024-09-21 01:45:00,0.0,1.04e-320,-0.9242313015301715,0.0
2024-09-21 01:50:00,0.0,1.04e-320,-1.4330734703654286,0.0
2024-09-21 01:55:00,0.0,1.04e-320,-1.9613153628424969,1.9409629313333332
2024-09-21 02:00:00,0.0,1.04e-320,-2.5034219108770674,1.9409629313333332
2024-09-21 02:05:00,0.0,1.04e-320,-3.0536043264506314,1.9409629313333332
2024-09-21 02:10:00,0.0,1.04e-320,-3.605877651215531,1.9409629313333332
2024-09-21 02:15:00,0.0,1.04e-320,-4.154121263785452,1.9409629313333332
2024-09-21 02:20:00,0.0,1.04e-320,-4.692141862530742,1.9409629313333332
2024-09-21 02:25:00,0.0,1.04e-320,-5.213738429270737,1.9409629313333332
2024-09-21 02:30:00,0.0,1.04e-320,-5.712768643949685,1.9409629313333332
2024-09-21 02:35:00,0.0,1.04e-320,-6.183216213257377,0.0
2024-09-21 02:40:00,0.0,1.04e-320,-6.619258561443224,0.0
2024-09-21 02:45:00,0.0,1.04e-320,-7.015334320340415,0.0
2024-09-21 02:50:00,0.0,1.04e-320,-7.3662100585618,0.0
2024-09-21 02:55:00,0.0,1.04e-320,-7.667045682009057,0.0
2024-09-21 03:00:00,0.0,1.04e-320,-7.913457952384527,0.0
2024-09-21 03:05:00,0.0,1.04e-320,-8.101581570406124,0.0
2024-09-21 03:10:00,0.0,1.04e-320,-8.228127290640892,0.0
2024-09-21 03:15:00,0.0,1.04e-320,-8.29043655072975,0.0
2024-09-21 03:20:00,0.0,1.04e-320,-8.286532119406127,0.0
2024-09-21 03:25:00,0.0,1.04e-320,-8.215164295504646,0.0
2024-09-21 03:30:00,0.0,1.04e-320,-8.075852216249046,0.0
2024-09-21 03:35:00,0.0,1.04e-320,-7.8689198774785805,0.0
2024-09-21 03:40:00,0.0,1.04e-320,-7.595526482591101,0.0
2024-09-21 03:45:00,0.0,1.04e-320,-7.257690811721272,0.0
2024-09-21 03:50:00,0.0,1.04e-320,-6.858309307311698,0.0
2024-09-21 03:55:00,0.0,1.04e-320,-6.4011676481157975,1.9409629313333332
2024-09-21 04:00:00,0.0,1.04e-320,-5.890945614449166,1.9409629313333332
2024-09-21 04:05:00,0.0,1.04e-320,-5.3332151028431785,1.9409629313333332
2024-09-21 04:10:00,0.0,1.04e-320,-4.734431195718899,1.9409629313333332
2024-09-21 04:15:00,0.0,1.04e-320,-4.101916249855627,1.9409629313333332
2024-09-21 04:20:00,0.0,1.04e-320,-3.4438370150991986,1.9409629313333332
2024-09-21 04:25:00,0.0,1.04e-320,-2.7691748402178593,1.9409629313333332
2024-09-21 04:30:00,0.0,1.04e-320,-2.087689102706078,1.9409629313333332
2024-09-21 04:35:00,0.0,1.04e-320,-1.4098740046783669,1.9409629313333332
2024-09-21 04:40:00,0.0,1.04e-320,-0.7469089911474412,1.9409629313333332
2024-09-21 04:45:00,0.0,1.04e-320,-0.11060302507374253,1.9409629313333332
2024-09-21 04:50:00,0.0,1.04e-320,0.48666692662556044,0.0
2024-09-21 04:55:00,0.0,1.04e-320,1.0320228541793104,0.0
2024-09-21 05:00:00,0.0,1.04e-320,1.5121576952019127,0.0
2024-09-21 05:05:00,0.0,1.04e-320,1.9134118926731094,0.0
2024-09-21 05:10:00,0.0,1.04e-320,2.221854050438777,0.0
2024-09-21 05:15:00,0.0,1.04e-320,2.4233651469998807,0.0
2024-09-21 05:20:00,0.0,1.04e-320,2.5037257601031286,0.0
2024-09-21 05:25:00,0.0,1.04e-320,2.4487057129566354,0.0
2024-09-21 05:30:00,0.0,1.04e-320,2.244155551310109,0.0
2024-09-21 05:35:00,0.0,1.04e-320,1.876099206586506,0.0
2024-09-21 05:40:00,0.0,1.04e-320,1.3308272290048886,0.0
2024-09-21 05:45:00,0.0,1.04e-320,0.594989927751737,0.0
2024-09-21 05:50:00,0.0,1.04e-320,-0.3443102264892189,0.0
2024-09-21 05:55:00,0.0,1.04e-320,-1.4994275884584474,0.0
2024-09-21 06:00:00,0.0,1.04e-320,-2.882084366452185,61.141599722649126
2024-09-21 06:05:00,0.0,1.04e-320,-4.503284325406173,67.0482667562547
2024-09-21 06:10:00,0.0,1.04e-320,-6.3732297883893105,67.47446680160472
2024-09-21 06:15:00,0.0,1.04e-320,-8.501242548834508,66.73489134380947
2024-09-21 06:20:00,0.0,1.04e-320,-10.895689255960727,66.80063018654836
2024-09-21 06:25:00,0.0,1.04e-320,-13.56391184670967,66.80063018654836
2024-09-21 06:30:00,0.0,1.04e-320,-16.512163550724203,67.04663018403724
2024-09-21 06:35:00,0.0,1.04e-320,-19.745550905731324,68.60894125027694
2024-09-21 06:40:00,0.0,1.04e-320,-23.267982299095497,68.79699307914805
2024-09-21 06:45:00,0.0,1.04e-320,-27.082123383691297,71.23116513720915
2024-09-21 06:50:00,66.90000153,1.04e-320,-31.189359760208237,70.9527746719266
2024-09-21 06:55:00,65.55000305,1.04e-320,-35.58976719147983,62.50823184943454
2024-09-21 07:00:00,72.40000153,1.04e-320,-40.28208965577302,454.1291417688251
2024-09-21 07:05:00,82.19999695,1.04e-320,-45.26372540053603,450.18968456346795
2024-09-21 07:10:00,115.0,1.04e-320,-50.53072117554798,448.50165872758043
2024-09-21 07:15:00,125.8000031,1.04e-320,-56.07777469876877,463.22577315692797
2024-09-21 07:20:00,120.5999985,1.04e-320,-61.898245429977834,462.92490907323645
2024-09-21 07:25:00,142.8999939,1.04e-320,-67.98417358502562,460.38374755238715
2024-09-21 07:30:00,130.6999969,1.04e-320,-74.32630735531824,459.3926911247936
2024-09-21 07:35:00,237.0,1.04e-320,-80.914138152829,438.41486409707545
2024-09-21 07:40:00,222.0,1.04e-320,-87.73594369800291,284.03196419349507
2024-09-21 07:45:00,267.0,1.04e-320,-94.77883872364791,250.9828377132275
2024-09-21 07:50:00,268.4500122,1.04e-320,-102.02883291852557,253.6201207957421
2024-09-21 07:55:00,345.8999939,1.04e-320,-109.47089583677567,260.19784581238264
2024-09-21 08:00:00,718.5,1.04e-320,-117.08902835423747,919.3452200710772
2024-09-21 08:05:00,678.75,1.04e-320,-124.86634010357957,891.8998079487691
2024-09-21 08:10:00,665.4666748,1.04e-320,-132.78513257606951,823.743367115434
2024-09-21 08:15:00,794.9000244,1.04e-320,-140.82698720677195,790.1796157146425
2024-09-21 08:20:00,979.7999878,1.04e-320,-148.9728579595383,787.3889398943877
2024-09-21 08:25:00,1056.199951,1.04e-320,-157.20316771607827,779.3881167152272
2024-09-21 08:30:00,1169.699951,1.04e-320,-165.49790794510923,774.4825242977828
2024-09-21 08:35:00,1100.633301,1.04e-320,-173.83674091480546,781.5999564496541
2024-09-21 08:40:00,1124.166626,1.04e-320,-182.19910379554997,781.3052509084762
2024-09-21 08:45:00,1083.400024,1.04e-320,-190.5643140229856,772.0910162486614
2024-09-21 08:50:00,1335.400024,1.04e-320,-198.91167506376564,773.5254921409153
2024-09-21 08:55:00,1201.633301,1.04e-320,-207.22058211528304,765.3218217053738
2024-09-21 09:00:00,1456.0,1.04e-320,-215.47062681964042,1202.508715169868
2024-09-21 09:05:00,1388.933228,1.04e-320,-223.6417004514333,1180.1398775041764
2024-09-21 09:10:00,1629.400024,1.04e-320,-231.71409481046686,1179.0862689469448
2024-09-21 09:15:00,1564.5,1.04e-320,-239.6686002151464,1199.5762194603994
2024-09-21 09:20:00,1623.400024,1.04e-320,-247.48659986567608,1201.9463597889549
2024-09-21 09:25:00,1532.0,1.04e-320,-255.1501600564209,1203.8374989848637
2024-09-21 09:30:00,1579.766602,1.04e-320,-262.64211562369053,1207.1246200269113
2024-09-21 09:35:00,1729.150024,1.04e-320,-269.9461499661759,1259.3466505011443
2024-09-21 09:40:00,1735.866577,1.04e-320,-277.04686929871144,1268.8198339959572
2024-09-21 09:45:00,1757.833374,1.04e-320,-283.9298705349192,1261.1137730516348
2024-09-21 09:50:00,1794.0,1.04e-320,-290.58180242999,1335.7720792554285
2024-09-21 09:55:00,1801.766602,1.04e-320,-296.99041955066826,1341.1794549340666
2024-09-21 10:00:00,1852.433228,1.04e-320,-303.1446288165261,1453.1753328568232
2024-09-21 10:05:00,1832.700073,1.04e-320,-309.03452827882455,1438.5088679446726
2024-09-21 10:10:00,1885.366699,1.04e-320,-314.65143793486783,1441.6354284493416
2024-09-21 10:15:00,1882.533325,1.04e-320,-319.9879224544537,1466.512393215485
2024-09-21 10:20:00,1943.466675,1.04e-320,-325.037805604907,1465.597041679744
2024-09-21 10:25:00,1966.5,1.04e-320,-329.7961764920672,1445.7371707036828
2024-09-21 10:30:00,2004.833374,1.04e-320,-334.25938747781964,1448.2405837422164
2024-09-21 10:35:00,2033.633301,1.04e-320,-338.42504395312403,1552.888416294161
2024-09-21 10:40:00,2053.666748,1.04e-320,-342.291986045619,1564.4703488988184
2024-09-21 10:45:00,2058.833496,1.04e-320,-345.8602624689952,1560.199188777977
2024-09-21 10:50:00,2059.06665,1.04e-320,-349.131096768021,1538.3222148512214
2024-09-21 10:55:00,2024.566772,1.04e-320,-352.1068462264132,1524.404172074105
2024-09-21 11:00:00,1949.566772,1.04e-320,-354.7909538509886,1455.0074656722475
2024-09-21 11:05:00,1836.5,1.04e-320,-357.18789375052285,1414.9465200290956
2024-09-21 11:10:00,1776.599976,1.04e-320,-359.3031104387308,1409.8597687741878
2024-09-21 11:15:00,2056.899902,1.04e-320,-361.1429524952186,1360.0289870491677
2024-09-21 11:20:00,2057.350098,1.04e-320,-362.71460114278096,1327.4041614630596
2024-09-21 11:25:00,2057.466797,1.04e-320,-364.0259942794261,1374.9331850799153
2024-09-21 11:30:00,2057.633301,1.04e-320,-365.0857465958639,1390.8560572546503
2024-09-21 11:35:00,2057.733154,1.04e-320,-365.9030663608266,1394.2303746733733
2024-09-21 11:40:00,2058.099854,1.04e-320,-366.4876695508359,1394.683831585064
2024-09-21 11:45:00,2059.266846,1.04e-320,-366.84969195664695,1394.683831585064
2024-09-21 11:50:00,2060.033447,1.04e-320,-366.9995999576733,1397.0163237253576
2024-09-21 11:55:00,2053.699951,1.04e-320,-366.94810063197764,1393.9140601051035
2024-09-21 12:00:00,2046.366699,1.04e-320,-366.706051887873,1327.1888969239972
2024-09-21 12:05:00,2039.0,1.04e-320,-366.284373289026,1327.1622476212194
2024-09-21 12:10:00,2040.800171,1.04e-320,-365.6939582451599,1327.1622476212194
2024-09-21 12:15:00,2040.533325,1.04e-320,-364.94558822294806,1327.1622476212194
2024-09-21 12:20:00,2038.933228,1.04e-320,-364.049849607789,1327.5441374695527
2024-09-21 12:25:00,1907.866699,1.04e-320,-363.017053849759,1331.154704771886
2024-09-21 12:30:00,1912.866699,1.04e-320,-361.8571614396853,1344.1508305514492
2024-09-21 12:35:00,1921.900024,1.04e-320,-360.5797103274517,1344.1508305514492
2024-09-21 12:40:00,2058.133545,1.04e-320,-359.1937492432617,1346.7017221949352
2024-09-21 12:45:00,2061.133301,1.04e-320,-357.7077764362426,1442.7738679789582
2024-09-21 12:50:00,1959.099976,1.04e-320,-356.1296842535827,1553.7618204668927
2024-09-21 12:55:00,1800.5,1.04e-320,-354.4667099412523,1582.7838930524206
2024-09-21 13:00:00,1618.599976,1.04e-320,-352.7253930266725,1647.4509152125531
2024-09-21 13:05:00,1507.266602,1.04e-320,-350.9115395410007,1635.5144703592662
2024-09-21 13:10:00,1375.733398,1.04e-320,-349.03019333763166,1677.4993804083583
2024-09-21 13:15:00,1267.033325,1.04e-320,-347.08561465920616,1743.0699882345853
2024-09-21 13:20:00,1129.633423,1.04e-320,-345.08126611551216,1699.7334464674661
2024-09-21 13:25:00,1099.300049,1.04e-320,-343.0198060716811,1726.4506987197324
2024-09-21 13:30:00,2052.0,1.04e-320,-340.9030895149547,1690.856542130274
2024-09-21 13:35:00,1756.75,1.04e-320,-338.7321762968028,1614.3043695053846
2024-09-21 13:40:00,1658.333374,1.04e-320,-336.50734666613124,1706.3772167017326
2024-09-21 13:45:00,2056.5,1.04e-320,-334.2281239172247,1615.036492363881
2024-09-21 13:50:00,2055.649902,1.04e-320,-331.89330391973164,1325.2792974264667
2024-09-21 13:55:00,2055.166748,1.04e-320,-329.50099128439035,1292.2373495226238
2024-09-21 14:00:00,2054.333252,1.04e-320,-327.04864177945996,1414.4871237878074
2024-09-21 14:05:00,2053.833252,1.04e-320,-324.53311070001877,1386.0935085004967
2024-09-21 14:10:00,2053.599854,1.04e-320,-321.95070668860154,1395.8147657982665
2024-09-21 14:15:00,2053.233154,1.04e-320,-319.297250595436,1444.3080280090064
2024-09-21 14:20:00,2052.400146,1.04e-320,-316.56813885686506,1429.597151192127
2024-09-21 14:25:00,2050.06665,1.04e-320,-313.75841084519124,1510.1476132637295
2024-09-21 14:30:00,2048.733154,1.04e-320,-310.8628196520409,1787.5947990452048
2024-09-21 14:35:00,2048.666748,1.04e-320,-307.8759056701793,1802.6704179093313
2024-09-21 14:40:00,2048.099854,1.04e-320,-304.79207239250314,1851.4239104983594
2024-09-21 14:45:00,2045.433472,1.04e-320,-301.6056637571075,1830.3441722374416
2024-09-21 14:50:00,2035.966797,1.04e-320,-298.31104246075876,1833.8113429987811
2024-09-21 14:55:00,2002.933228,1.04e-320,-294.90266850866914,1831.9813596648448
2024-09-21 15:00:00,1953.233398,1.04e-320,-291.3751773901801,1691.980858801546
2024-09-21 15:05:00,1899.666626,1.04e-320,-287.72345725113894,1642.1085445617514
2024-09-21 15:10:00,1878.666626,1.04e-320,-283.94272436992924,1552.5354181159987
2024-09-21 15:15:00,1865.833374,1.04e-320,-280.02859635191606,1224.4619454980705
2024-09-21 15:20:00,1839.933228,1.04e-320,-275.97716240104506,1188.3973090374593
2024-09-21 15:25:00,1784.133423,1.04e-320,-271.78505013055457,1095.1015476251732
2024-09-21 15:30:00,1720.633423,1.04e-320,-267.4494882662114,1102.9939772236623
2024-09-21 15:35:00,1667.066772,1.04e-320,-262.96836483622565,1058.7278920435801
2024-09-21 15:40:00,1618.833374,1.04e-320,-258.3402802392198,639.2451931078102
2024-09-21 15:45:00,1571.666626,1.04e-320,-253.56459480259983,603.4518426614414
2024-09-21 15:50:00,1532.266602,1.04e-320,-248.641470424262,394.9188941356031
2024-09-21 15:55:00,1499.200073,1.04e-320,-243.57190588603476,319.65059929360865
2024-09-21 16:00:00,1470.533325,1.04e-320,-238.3577656083521,368.8399152104226
2024-09-21 16:05:00,1421.400024,1.04e-320,-233.00180149462494,359.36768207446306
2024-09-21 16:10:00,1369.666626,1.04e-320,-227.50766772748517,342.3055708094703
2024-09-21 16:15:00,1304.700073,1.04e-320,-221.87992829666297,350.27066974124943
2024-09-21 16:20:00,1253.400024,1.04e-320,-216.12405727613148,345.16035433705815
2024-09-21 16:25:00,1205.200073,1.04e-320,-210.2464316717586,260.2281348280415
2024-09-21 16:30:00,1187.599976,1.04e-320,-204.25431693847227,239.24559390227455
2024-09-21 16:35:00,1008.449951,1.04e-320,-198.15584527459717,243.16741146032135
2024-09-21 16:40:00,677.75,1.04e-320,-191.95998672658675,249.18488842984593
2024-09-21 16:45:00,695.5,1.04e-320,-185.67651339639818,230.1780315711148
2024-09-21 16:50:00,660.4000244,1.04e-320,-179.31595690349045,238.2810837085426
2024-09-21 16:55:00,647.8666992,1.04e-320,-172.88955951283293,234.95403669337838
2024-09-21 17:00:00,777.5,1.04e-320,-166.4092191126021,388.622710154938
2024-09-21 17:05:00,697.166687,1.04e-320,-159.88742864085185,538.8917177192108
2024-09-21 17:10:00,720.833313,1.04e-320,-153.33721020145808,539.0644229382091
2024-09-21 17:15:00,670.333313,1.04e-320,-146.77204448162968,514.3871811793354
2024-09-21 17:20:00,639.833313,1.04e-320,-140.20579594343207,511.24794191390674
2024-09-21 17:25:00,612.8499756,1.04e-320,-133.65263431988893,534.8384476379084
2024-09-21 17:30:00,510.9666443,1.04e-320,-127.12695307374993,547.6251120859605
2024-09-21 17:35:00,466.4666748,1.04e-320,-120.64328531625871,587.8474115224558
2024-09-21 17:40:00,443.7000427,1.04e-320,-114.21621791499395,585.3897817811944
2024-09-21 17:45:00,440.4500122,1.04e-320,-107.86030432550456,692.2037993921181
2024-09-21 17:50:00,341.2999878,1.04e-320,-101.5899769575622,733.3754322608858
2024-09-21 17:55:00,284.9999695,1.04e-320,-95.41945954861278,753.090026311057
2024-09-21 18:00:00,270.2999878,1.04e-320,-89.36268031578847,502.7824472895014
2024-09-21 18:05:00,225.4500275,1.04e-320,-83.43318654730838,494.9095581075902
2024-09-21 18:10:00,190.2500153,1.04e-320,-77.64406120366026,444.51965448330003
2024-09-21 18:15:00,161.8999939,1.04e-320,-72.00784221958386,523.2099530294558
2024-09-21 18:20:00,134.3500061,1.04e-320,-66.53644509506275,429.2213689950441
2024-09-21 18:25:00,106.9499969,1.04e-320,-61.241089346408714,482.5450593556609
2024-09-21 18:30:00,83.05000305,1.04e-320,-56.132229410907,474.24176271946595
2024-09-21 18:35:00,64.0,1.04e-320,-51.21949048779598,462.38029695304607
2024-09-21 18:40:00,48.15000153,1.04e-320,-46.51160983636676,380.80377352852736
2024-09-21 18:45:00,34.90000153,1.04e-320,-42.016383939702706,362.71864102533846
2024-09-21 18:50:00,24.64999962,1.04e-320,-37.74062197162122,217.45485488984755
2024-09-21 18:55:00,17.14999962,1.04e-320,-33.690105885127245,253.82557380955444
2024-09-21 19:00:00,12.90000057,1.04e-320,-29.869557472252943,55.124355951439455
2024-09-21 19:05:00,0.0,1.04e-320,-26.282612588016065,25.4270169069573
2024-09-21 19:10:00,0.0,1.04e-320,-22.9318027814098,19.260478255233497
2024-09-21 19:15:00,0.0,1.04e-320,-19.81854443099078,21.783941737721033
2024-09-21 19:20:00,0.0,1.04e-320,-16.94313553351244,11.342532270460762
2024-09-21 19:25:00,0.0,1.04e-320,-14.304760086465098,16.09479746287107
2024-09-21 19:30:00,0.0,1.04e-320,-11.901500084791282,15.0645120853479
2024-09-21 19:35:00,0.0,1.04e-320,-9.730355042427334,14.85262319160124
2024-09-21 19:40:00,0.0,1.04e-320,-7.787268856130635,20.5010965554467
2024-09-21 19:45:00,0.0,1.04e-320,-6.067163836093721,14.685748410142114
2024-09-21 19:50:00,0.0,1.04e-320,-4.563981633968255,16.844495433850437
2024-09-21 19:55:00,0.0,1.04e-320,-3.2707307517847624,20.295642840053763
2024-09-21 20:00:00,0.0,1.04e-320,-2.179540286341734,0.011841269904761906
2024-09-21 20:05:00,0.0,1.04e-320,-1.281719477042618,0.011841269904761906
2024-09-21 20:10:00,0.0,1.04e-320,-0.5678226276937379,0.011841269904761906
2024-09-21 20:15:00,0.0,1.04e-320,-0.027718888972274966,0.011841269904761906
2024-09-21 20:20:00,0.0,1.04e-320,0.34933361639082633,0.0
2024-09-21 20:25:00,0.0,1.04e-320,0.5746098937048479,0.0
2024-09-21 20:30:00,0.0,1.04e-320,0.6598369945590716,0.0
2024-09-21 20:35:00,0.0,1.04e-320,0.6171103633568311,0.0
2024-09-21 20:40:00,0.0,1.04e-320,0.4588082545873894,0.0
2024-09-21 20:45:00,0.0,1.04e-320,0.1975048590686691,0.0
2024-09-21 20:50:00,0.0,1.04e-320,-0.154117186724126,0.0
2024-09-21 20:55:00,0.0,1.04e-320,-0.5833542739757257,0.0
2024-09-21 21:00:00,0.0,1.04e-320,-1.0775685836164604,0.0
2024-09-21 21:05:00,0.0,1.04e-320,-1.6242735110387145,0.0
2024-09-21 21:10:00,0.0,1.04e-320,-2.211217096454418,0.0
2024-09-21 21:15:00,0.0,1.04e-320,-2.82646283899933,0.0
2024-09-21 21:20:00,0.0,1.04e-320,-3.458467288968449,0.0
2024-09-21 21:25:00,0.0,1.04e-320,-4.096153841161422,0.0
2024-09-21 21:30:00,0.0,1.04e-320,-4.728982178379449,0.0
2024-09-21 21:35:00,0.0,1.04e-320,-5.347012854508548,0.0
2024-09-21 21:40:00,0.0,1.04e-320,-5.940966542914542,0.0
2024-09-21 21:45:00,0.0,1.04e-320,-6.502277512098253,0.0
2024-09-21 21:50:00,0.0,1.04e-320,-7.023140958723071,0.0
2024-09-21 21:55:00,0.0,1.04e-320,-7.496553837574652,0.0
2024-09-21 22:00:00,0.0,1.04e-320,-7.91634893042004,0.0
2024-09-21 22:05:00,0.0,1.04e-320,-8.27722189704126,1.2968888853333331
2024-09-21 22:10:00,0.0,1.04e-320,-8.574751153269457,1.2968888853333331
2024-09-21 22:15:00,0.0,1.04e-320,-8.80541044810991,1.2968888853333331
2024-09-21 22:20:00,0.0,1.04e-320,-8.966574079852652,0.0
2024-09-21 22:25:00,0.0,1.04e-320,-9.056514754706884,0.0
2024-09-21 22:30:00,0.0,1.04e-320,-9.074394141872784,0.0
2024-09-21 22:35:00,0.0,1.04e-320,-9.020246241382807,0.0
2024-09-21 22:40:00,0.0,1.04e-320,-8.894953738320911,0.0
2024-09-21 22:45:00,0.0,1.04e-320,-8.700217571521549,0.0
2024-09-21 22:50:00,0.0,1.04e-320,-8.43852000293747,0.0
2024-09-21 22:55:00,0.0,1.04e-320,-8.113081516844307,0.0
2024-09-21 23:00:00,0.0,1.04e-320,-7.727811942875241,0.0
2024-09-21 23:05:00,0.0,1.04e-320,-7.287256225210658,0.0
2024-09-21 23:10:00,0.0,1.04e-320,-6.796535319176523,0.0
2024-09-21 23:15:00,0.0,1.04e-320,-6.261282724346925,0.0
2024-09-21 23:20:00,0.0,1.04e-320,-5.6875772062129215,0.0
2024-09-21 23:25:00,0.0,1.04e-320,-5.081872285434323,0.0
2024-09-21 23:30:00,0.0,1.04e-320,-4.450923097483651,0.0
2024-09-21 23:35:00,0.0,1.04e-320,-3.801711264573511,0.0
2024-09-21 23:40:00,0.0,1.04e-320,-3.141368399502209,0.0
2024-09-21 23:45:00,0.0,1.04e-320,-2.4770989242997055,0.0
2024-09-21 23:50:00,0.0,1.04e-320,-1.8161028511113861,0.0
2024-09-21 23:55:00,0.0,1.04e-320,-1.1654991896621936,0.0
2024-09-22 00:00:00,0.0,1.04e-320,-0.532250645750699,0.0
2024-09-22 00:05:00,0.0,1.04e-320,0.07690974453160168,0.0
2024-09-22 00:10:00,0.0,1.04e-320,0.655549404803465,0.0
2024-09-22 00:15:00,0.0,1.04e-320,1.197603823565904,0.0
2024-09-22 00:20:00,0.0,1.04e-320,1.6974403791589696,0.0
2024-09-22 00:25:00,0.0,1.04e-320,2.149917831572514,0.0
2024-09-22 00:30:00,0.0,1.04e-320,2.5504409413082167,0.0
2024-09-22 00:35:00,0.0,1.04e-320,2.895009744932718,0.0
2024-09-22 00:40:00,0.0,1.04e-320,3.1802630300169574,0.0
2024-09-22 00:45:00,0.0,1.04e-320,3.403515616098055,0.0
2024-09-22 00:50:00,0.0,1.04e-320,3.5627890917479195,0.0
2024-09-22 00:55:00,0.0,1.04e-320,3.656835711508347,0.0
2024-09-22 01:00:00,0.0,1.04e-320,3.685155211553841,0.0
2024-09-22 01:05:00,0.0,1.04e-320,3.6480043616439493,0.0
2024-09-22 01:10:00,0.0,1.04e-320,3.5463991274667883,0.0
2024-09-22 01:15:00,0.0,1.04e-320,3.3821093805704407,0.0
2024-09-22 01:20:00,0.0,1.04e-320,3.1576461511282234,0.0
2024-09-22 01:25:00,0.0,1.04e-320,2.8762414840394532,0.0
2024-09-22 01:30:00,0.0,1.04e-320,2.541821017281631,0.0
2024-09-22 01:35:00,0.0,1.04e-320,2.158969460403787,0.0
2024-09-22 01:40:00,0.0,1.04e-320,1.7328892185637783,0.0
2024-09-22 01:45:00,0.0,1.04e-320,1.2693524524671924,0.0
2024-09-22 01:50:00,0.0,1.04e-320,0.7746469330408209,0.0
2024-09-22 01:55:00,0.0,1.04e-320,0.25551609553632676,0.0
2024-09-22 02:00:00,0.0,1.04e-320,-0.2809062544936799,0.0
2024-09-22 02:05:00,0.0,1.04e-320,-0.8271660651186071,0.0
2024-09-22 02:10:00,0.0,1.04e-320,-1.375563467900542,0.0
2024-09-22 02:15:00,0.0,1.04e-320,-1.9182309031773974,0.0
2024-09-22 02:20:00,0.0,1.04e-320,-2.4472143370750836,0.0
2024-09-22 02:25:00,0.0,1.04e-320,-2.954556910577909,0.0
2024-09-22 02:30:00,0.0,1.04e-320,-3.43238434789452,0.0
2024-09-22 02:35:00,0.0,1.04e-320,-3.872991423173293,0.0
2024-09-22 02:40:00,0.0,1.04e-320,-4.268928781331577,0.0
2024-09-22 02:45:00,0.0,1.04e-320,-4.613089388952505,0.0
2024-09-22 02:50:00,0.0,1.04e-320,-4.898793889838193,0.0
2024-09-22 02:55:00,0.0,1.04e-320,-5.119874145944542,0.0
2024-09-22 03:00:00,0.0,1.04e-320,-5.270754254240654,0.0
2024-09-22 03:05:00,0.0,1.04e-320,-5.34652832774283,0.0
2024-09-22 03:10:00,0.0,1.04e-320,-5.343034370025032,0.0
2024-09-22 03:15:00,0.0,1.04e-320,-5.256923580049698,0.0
2024-09-22 03:20:00,0.0,1.04e-320,-5.085724460586354,0.0
2024-09-22 03:25:00,0.0,1.04e-320,-4.827901138660513,0.0
2024-09-22 03:30:00,0.0,1.04e-320,-4.4829053385909825,0.0
2024-09-22 03:35:00,0.0,1.04e-320,-4.051221509604483,0.0
2024-09-22 03:40:00,0.0,1.04e-320,-3.534404629305433,0.0
2024-09-22 03:45:00,0.0,1.04e-320,-2.935110295292113,0.0
2024-09-22 03:50:00,0.0,1.04e-320,-2.257116721879948,0.0
2024-09-22 03:55:00,0.0,1.04e-320,-1.5053383850674837,0.0
2024-09-22 04:00:00,0.0,1.04e-320,-0.6858310378985443,0.0
2024-09-22 04:05:00,0.0,1.04e-320,0.19421203156464847,0.0
2024-09-22 04:10:00,0.0,1.04e-320,1.1264726354606152,0.0
2024-09-22 04:15:00,0.0,1.04e-320,2.1015292450454006,0.0
2024-09-22 04:20:00,0.0,1.04e-320,3.108887425391226,0.0
2024-09-22 04:25:00,0.0,1.04e-320,4.137019081913539,0.0
2024-09-22 04:30:00,0.0,1.04e-320,5.1734103287301885,0.0
2024-09-22 04:35:00,0.0,1.04e-320,6.204617765554836,0.0
2024-09-22 04:40:00,0.0,1.04e-320,7.216332845441066,0.0
2024-09-22 04:45:00,0.0,1.04e-320,8.193454011971589,0.0
2024-09-22 04:50:00,0.0,1.04e-320,9.120166136323764,0.0
2024-09-22 04:55:00,0.0,1.04e-320,9.980026827846338,0.0
2024-09-22 05:00:00,0.0,1.04e-320,10.756059040607797,0.0
2024-09-22 05:05:00,0.0,1.04e-320,11.430849414009929,0.0
2024-09-22 05:10:00,0.0,1.04e-320,11.986651714776968,0.0
2024-09-22 05:15:00,0.0,1.04e-320,12.405494690316138,0.0
2024-09-22 05:20:00,0.0,1.04e-320,12.669293633462651,0.0
2024-09-22 05:25:00,0.0,1.04e-320,12.759964902343595,0.0
2024-09-22 05:30:00,0.0,1.04e-320,12.659542622644759,0.0
2024-09-22 05:35:00,0.0,1.04e-320,12.35029677059924,0.0
2024-09-22 05:40:00,0.0,1.04e-320,11.814851833070202,0.0
2024-09-22 05:45:00,0.0,1.04e-320,11.036305194784903,0.0
2024-09-22 05:50:00,0.0,1.04e-320,9.998344455933985,0.0
2024-09-22 05:55:00,0.0,1.04e-320,8.685362820463961,0.0
2024-09-22 06:00:00,0.0,1.04e-320,7.082571750853386,33.535843388079954
2024-09-22 06:05:00,0.0,1.04e-320,5.176110076612785,31.256465586445497
2024-09-22 06:10:00,0.0,1.04e-320,2.953148761116256,31.256465586445497
2024-09-22 06:15:00,0.0,1.04e-320,0.4019905828048305,31.256465586445497
2024-09-22 06:20:00,0.0,1.04e-320,-2.487836027508719,32.90916557824217
2024-09-22 06:25:00,0.0,1.04e-320,-5.725489664840264,32.66913221914773
2024-09-22 06:30:00,0.0,1.04e-320,-9.318735832941123,32.66913221914773
2024-09-22 06:35:00,0.0,1.04e-320,-13.273874567593616,33.94527111177271
2024-09-22 06:40:00,0.0,1.04e-320,-17.59567646063584,33.94527111177271
2024-09-22 06:45:00,0.0,1.04e-320,-22.28732747965988,63.225474929206904
2024-09-22 06:50:00,0.0,1.04e-320,-27.350383102388225,85.36854888096177
2024-09-22 06:55:00,0.0,1.04e-320,-32.78473209972402,84.8245488912951
2024-09-22 07:00:00,0.0,1.04e-320,-38.58857029096817,197.81928641259998
2024-09-22 07:05:00,63.09999847,1.04e-320,-44.75838453601694,197.81928641259998
2024-09-22 07:10:00,73.40000153,1.04e-320,-51.288947068234165,318.7409645425987
2024-09-22 07:15:00,81.40000153,1.04e-320,-58.17332039924963,326.19323351236807
2024-09-22 07:20:00,104.1999969,1.04e-320,-65.4028726374969,299.46759917713615
2024-09-22 07:25:00,168.8000031,1.04e-320,-72.96730336614051,276.60873801010524
2024-09-22 07:30:00,200.1000061,1.04e-320,-80.85467983242651,300.1147245691494
2024-09-22 07:35:00,185.5,1.04e-320,-89.05148329995093,303.44830449251276
2024-09-22 07:40:00,232.5,1.04e-320,-97.5426653269318,273.10223654515863
2024-09-22 07:45:00,214.6999969,1.04e-320,-106.31171355249786,278.55261427196484
2024-09-22 07:50:00,286.0,1.04e-320,-115.34072670187686,278.55261427196484
2024-09-22 07:55:00,280.25,1.04e-320,-124.61049824892584,294.584182028676
2024-09-22 08:00:00,515.0999756,1.04e-320,-134.10060831334943,880.3931533117327
2024-09-22 08:05:00,912.2000122,1.04e-320,-143.78952302699992,880.3931533117327
2024-09-22 08:10:00,848.4500122,1.04e-320,-153.65470094539643,781.1342796293452
2024-09-22 08:15:00,840.2333374,1.04e-320,-163.67270570320977,781.1589095196783
2024-09-22 08:20:00,768.2333374,1.04e-320,-173.81932412504582,783.4213696971864
2024-09-22 08:25:00,1000.5,1.04e-320,-184.069689154952,793.0824294285197
2024-09-22 08:30:00,1009.150024,1.04e-320,-194.39840668572512,793.0824294285197
2024-09-22 08:35:00,1133.199951,1.04e-320,-204.77968553438234,782.4452134007958
2024-09-22 08:40:00,1088.43335,1.04e-320,-215.18746958222727,778.0157686774737
2024-09-22 08:45:00,1140.0,1.04e-320,-225.59557142380783,810.5447898935562
2024-09-22 08:50:00,1294.300049,1.04e-320,-235.97780634232748,808.0861600714591
2024-09-22 08:55:00,1249.833374,1.04e-320,-246.3081260158651,805.5281265158146
2024-09-22 09:00:00,1305.833374,1.04e-320,-256.560750895084,1228.3586655392144
2024-09-22 09:05:00,1337.033325,1.04e-320,-266.7103004089614,1233.725617275609
2024-09-22 09:10:00,1389.400024,1.04e-320,-276.7319202076754,1227.6849637707962
2024-09-22 09:15:00,1437.800171,1.04e-320,-286.6014054728467,1235.0957959298519
2024-09-22 09:20:00,1484.166626,1.04e-320,-296.2953196367853,1245.870400473762
2024-09-22 09:25:00,1524.433228,1.04e-320,-305.79110761562134,1151.3460014951597
2024-09-22 09:30:00,1563.266602,1.04e-320,-315.0672029358912,1151.889038877382
2024-09-22 09:35:00,1601.966675,1.04e-320,-324.1031278665752,1137.0218723700355
2024-09-22 09:40:00,1645.733276,1.04e-320,-332.87958616073547,1154.920003743726
2024-09-22 09:45:00,1690.099976,1.04e-320,-341.378547663643,1168.5762801758663
2024-09-22 09:50:00,1735.300171,1.04e-320,-349.5833242427613,1165.535940533732
2024-09-22 09:55:00,1776.0,1.04e-320,-357.4786366844594,1163.189257596883
2024-09-22 10:00:00,1815.266602,1.04e-320,-365.05067204693853,1420.1915835782704
2024-09-22 10:05:00,1852.099976,1.04e-320,-372.2871312176993,1433.2452586680743
2024-09-22 10:10:00,1888.0,1.04e-320,-379.17726630949073,1275.5620529837872
2024-09-22 10:15:00,1922.133301,1.04e-320,-385.7119078636438,1275.5620529837872
2024-09-22 10:20:00,1953.533325,1.04e-320,-391.8834815335284,1275.7058491865505
2024-09-22 10:25:00,1985.199829,1.04e-320,-397.68601441475255,1275.7058491865505
2024-09-22 10:30:00,2011.833374,1.04e-320,-403.11513091519197,1272.953516159651
2024-09-22 10:35:00,2034.366699,1.04e-320,-408.16803832305465,1263.0735077912698
2024-09-22 10:40:00,2045.366577,1.04e-320,-412.8435022621366,1261.9390622058254
2024-09-22 10:45:00,2050.43335,1.04e-320,-417.1418122429918,1261.9390622058254
2024-09-22 10:50:00,2050.966553,1.04e-320,-421.06473769024393,1274.1694883038374
2024-09-22 10:55:00,2053.033447,1.04e-320,-424.61547479451633,1274.1694883038374
2024-09-22 11:00:00,2054.466553,1.04e-320,-427.7985846755804,1395.9117700033619
2024-09-22 11:05:00,2055.0,1.04e-320,-430.6199233189156,1395.9117700033619
2024-09-22 11:10:00,2053.699951,1.04e-320,-433.0865639358391,1395.9117700033619
2024-09-22 11:15:00,2054.733398,1.04e-320,-435.2067123190273,1395.9117700033619
2024-09-22 11:20:00,2057.033447,1.04e-320,-436.98961587529055,1391.9156030778063
2024-09-22 11:25:00,2060.300049,1.04e-320,-438.44546707438167,1391.9156030778063
2024-09-22 11:30:00,2061.133545,1.04e-320,-439.58530204991854,1391.9156030778063
2024-09-22 11:35:00,2061.033203,1.04e-320,-440.42089514696966,1392.6352464353727
2024-09-22 11:40:00,2060.56665,1.04e-320,-440.9646502329668,1392.6352464353727
2024-09-22 11:45:00,2059.600098,1.04e-320,-441.2294895932661,1392.6352464353727
2024-09-22 11:50:00,2057.533447,1.04e-320,-441.2287412744507,1392.6352464353727
2024-09-22 11:55:00,2055.633545,1.04e-320,-440.9760257197831,1392.6352464353727
2024-09-22 12:00:00,2055.466553,1.04e-320,-440.4851425533536,1469.5352545027345
2024-09-22 12:05:00,2056.699951,1.04e-320,-439.7699583654776,1469.5352545027345
2024-09-22 12:10:00,2058.766846,1.04e-320,-438.8442963314729,1470.9872750286868
2024-09-22 12:15:00,2060.033447,1.04e-320,-437.72182849744723,1495.252376792113
2024-09-22 12:20:00,2060.099854,1.04e-320,-436.41597151131623,1475.6406199433536
2024-09-22 12:25:00,2059.43335,1.04e-320,-434.939786579614,1492.8872371271107
2024-09-22 12:30:00,2057.766602,1.04e-320,-433.3058843639555,1496.3527435124017
2024-09-22 12:35:00,2056.166748,1.04e-320,-431.52633553549896,1496.3527435124017
2024-09-22 12:40:00,2055.199951,1.04e-320,-429.612587594337,1502.4536220299813
2024-09-22 12:45:00,2055.633545,1.04e-320,-427.5753885623571,1534.196848359557
2024-09-22 12:50:00,2058.800049,1.04e-320,-425.4247181013612,1620.1594883466623
2024-09-22 12:55:00,2060.599854,1.04e-320,-423.16972650133994,1601.0358516694814
2024-09-22 13:00:00,2062.499756,1.04e-320,-420.8186819782121,1531.633968050575
2024-09-22 13:05:00,2060.966553,1.04e-320,-418.3789266216053,1492.0783815497646
2024-09-22 13:10:00,2060.133301,1.04e-320,-415.8568412650923,1505.9297287908953
2024-09-22 13:15:00,2059.699951,1.04e-320,-413.2578195081394,1557.2198043014444
2024-09-22 13:20:00,2060.43335,1.04e-320,-410.58625101057874,1593.345173532267
2024-09-22 13:25:00,2060.033447,1.04e-320,-407.8455141352682,1509.5986437840936
2024-09-22 13:30:00,2057.166748,1.04e-320,-405.03797792380914,1467.0489064654892
2024-09-22 13:35:00,2054.5,1.04e-320,-402.16501333538986,1417.8948041989556
2024-09-22 13:40:00,2053.800049,1.04e-320,-399.2270135943659,1492.6212029570154
2024-09-22 13:45:00,2054.366943,1.04e-320,-396.2234234111992,1339.9659328717307
2024-09-22 13:50:00,2055.833252,1.04e-320,-393.152776821023,1448.7814840241808
2024-09-22 13:55:00,2057.0,1.04e-320,-390.01274324192286,1439.812184975533
2024-09-22 14:00:00,2059.166748,1.04e-320,-386.80018133703607,1640.3738707560099
2024-09-22 14:05:00,2060.333252,1.04e-320,-383.5112002601637,1614.5999787721212
2024-09-22 14:10:00,2061.133301,1.04e-320,-380.1412276503784,1552.535695772848
2024-09-22 14:15:00,2061.833252,1.04e-320,-376.68508385520323,1453.515589016895
2024-09-22 14:20:00,2062.466553,1.04e-320,-373.1370617402621,1410.755938538482
2024-09-22 14:25:00,2061.800049,1.04e-320,-369.49101137202643,1419.1361755229345
2024-09-22 14:30:00,2060.0,1.04e-320,-365.7404288894205,1335.2687647193761
2024-09-22 14:35:00,2056.666748,1.04e-320,-361.8785488053554,1305.9429818468814
2024-09-22 14:40:00,2051.266602,1.04e-320,-357.89843895385644,1236.0220573070258
2024-09-22 14:45:00,2041.066772,1.04e-320,-353.79309731534516,1147.4408820156543
2024-09-22 14:50:00,2020.466797,1.04e-320,-349.5555498831533,1068.2797406780494
2024-09-22 14:55:00,1991.333374,1.04e-320,-345.1789487884054,1029.167931410828
2024-09-22 15:00:00,1955.433472,1.04e-320,-340.6566698275453,712.8544039342844
2024-09-22 15:05:00,1925.233398,1.04e-320,-335.98240862448324,669.3578431638102
2024-09-22 15:10:00,1896.733276,1.04e-320,-331.15027460116397,661.2917994356068
2024-09-22 15:15:00,1864.400024,1.04e-320,-326.1548819763254,624.8702632239399
2024-09-22 15:20:00,1811.633301,1.04e-320,-320.9914370707835,640.2106605199716
2024-09-22 15:25:00,1753.400024,1.04e-320,-315.65582114101346,597.1752265547717
2024-09-22 15:30:00,1696.766602,1.04e-320,-310.14466805266903,590.3543771187386
2024-09-22 15:35:00,1663.066772,1.04e-320,-304.4554362305625,506.03555209161726
2024-09-22 15:40:00,1629.700073,1.04e-320,-298.5864741400343,441.06794022651565
2024-09-22 15:45:00,1600.166626,1.04e-320,-292.537078854887,481.0757212164187
2024-09-22 15:50:00,1559.099976,1.04e-320,-286.30754714484357,448.62608701904423
2024-09-22 15:55:00,1518.333374,1.04e-320,-279.8992187025649,466.1814307302558
2024-09-22 16:00:00,1464.133301,1.04e-320,-273.31451106640276,302.05818017742445
2024-09-22 16:05:00,1407.366699,1.04e-320,-266.5569459559925,336.846406919431
2024-09-22 16:10:00,1351.966675,1.04e-320,-259.6311667650298,355.16217920231225
2024-09-22 16:15:00,1307.366577,1.04e-320,-252.5429470483389,947.1290790217535
2024-09-22 16:20:00,1256.533325,1.04e-320,-245.29918986347238,1061.6248005771697
2024-09-22 16:25:00,1211.200073,1.04e-320,-237.907917969602,1035.392654832984
2024-09-22 16:30:00,1162.799927,1.04e-320,-230.37825486766934,842.0869075200156
2024-09-22 16:35:00,1128.333374,1.04e-320,-222.72039683508697,625.0708322540964
2024-09-22 16:40:00,1089.666626,1.04e-320,-214.94557611316444,654.0319551081261
2024-09-22 16:45:00,1051.466675,1.04e-320,-207.06601546868336,683.9886078596465
2024-09-22 16:50:00,1000.466614,1.04e-320,-199.09487451313174,711.8442786199063
2024-09-22 16:55:00,934.8666992,1.04e-320,-191.04618808601515,800.1508027962458
2024-09-22 17:00:00,862.9666138,1.04e-320,-182.93479712100165,711.1496022142363
2024-09-22 17:05:00,794.2999878,1.04e-320,-174.77627266351178,609.34642868469
2024-09-22 17:10:00,743.2333984,1.04e-320,-166.58683335458375,341.29027336310344
2024-09-22 17:15:00,710.5333862,1.04e-320,-158.38325716692023,319.5872804278451
2024-09-22 17:20:00,697.8666992,1.04e-320,-150.18278794285317,311.37930021829584
2024-09-22 17:25:00,694.6000366,1.04e-320,-142.00303751753427,310.10458617730217
2024-09-22 17:30:00,665.1333008,1.04e-320,-133.861884047087,300.86278773225644
2024-09-22 17:35:00,650.5,1.04e-320,-125.7773673797436,276.0941505359248
2024-09-22 17:40:00,533.2000732,1.04e-320,-117.76758222958038,296.48871419637237
2024-09-22 17:45:00,412.8000183,1.04e-320,-109.85056989203338,318.22585806732656
2024-09-22 17:50:00,377.4666748,1.04e-320,-102.04420948273084,326.45971128856655
2024-09-22 17:55:00,346.5,1.04e-320,-94.36610926533098,296.5435670164556
2024-09-22 18:00:00,332.5,1.04e-320,-86.83349912786078,249.55148506609495
2024-09-22 18:05:00,283.6499939,1.04e-320,-79.46312484766466,259.64272233526964
2024-09-22 18:10:00,232.75,1.04e-320,-72.27114503458388,262.58777443642526
2024-09-22 18:15:00,187.1499939,1.04e-320,-65.27303147030246,265.0994784794197
2024-09-22 18:20:00,147.8999939,1.04e-320,-58.483473672259855,258.16321788507577
2024-09-22 18:25:00,114.6999969,1.04e-320,-51.91628831603218,254.91997057729716
2024-09-22 18:30:00,88.0,1.04e-320,-45.58433421999999,251.33960761320589
2024-09-22 18:35:00,67.09999084,1.04e-320,-39.49943363738434,248.72926107743916
2024-09-22 18:40:00,49.59999847,1.04e-320,-33.67230027913486,239.1143260550764
2024-09-22 18:45:00,34.40000153,1.04e-320,-28.11247474858783,208.03663745372236
2024-09-22 18:50:00,22.20000076,1.04e-320,-22.828267799919,224.3060582760484
2024-09-22 18:55:00,14.26666737,1.04e-320,-17.82671191454112,185.95670150077672
2024-09-22 19:00:00,12.59999943,1.04e-320,-13.11352148557458,21.185247909955983
2024-09-22 19:05:00,0.0,1.04e-320,-8.693061967882668,20.20261956876302
2024-09-22 19:10:00,0.0,1.04e-320,-4.568328207877353,14.112039589261554
2024-09-22 19:15:00,0.0,1.04e-320,-0.7409320895301553,18.518969181386602
2024-09-22 19:20:00,0.0,1.04e-320,2.788900335620988,18.065024723986603
2024-09-22 19:25:00,0.0,1.04e-320,6.022322322713749,18.291891403513265
2024-09-22 19:30:00,0.0,1.04e-320,8.961850466680598,18.134050874105707
2024-09-22 19:35:00,0.0,1.04e-320,11.611339480665608,17.727228988540016
2024-09-22 19:40:00,0.0,1.04e-320,13.975947880360385,17.783439753244593
2024-09-22 19:45:00,0.0,1.04e-320,16.06209485911739,17.035576681936025
2024-09-22 19:50:00,0.0,1.04e-320,17.877408655948745,16.842141508908245
2024-09-22 19:55:00,0.0,1.04e-320,19.430666844758708,16.730585946330468
2024-09-22 20:00:00,0.0,1.04e-320,20.731728982100293,0.0
2024-09-22 20:05:00,0.0,1.04e-320,21.791462120785912,0.0
2024-09-22 20:10:00,0.0,1.04e-320,22.62165976868284,0.0
2024-09-22 20:15:00,0.0,1.04e-320,23.23495492082802,0.0
2024-09-22 20:20:00,0.0,1.04e-320,23.644727791371544,0.0
2024-09-22 20:25:00,0.0,1.04e-320,23.865008985927375,0.0
2024-09-22 20:30:00,0.0,1.04e-320,23.91037882490299,0.0
2024-09-22 20:35:00,0.0,1.04e-320,23.795863591999968,0.0
2024-09-22 20:40:00,0.0,1.04e-320,23.53682949227964,0.0
2024-09-22 20:45:00,0.0,1.04e-320,23.148875123201368,0.0
2024-09-22 20:50:00,0.0,1.04e-320,22.647723272096375,0.0
2024-09-22 20:55:00,0.0,1.04e-320,22.04911285179803,0.0
2024-09-22 21:00:00,0.0,1.04e-320,21.36869180849213,0.0
2024-09-22 21:05:00,0.0,1.04e-320,20.62191176958884,0.0
2024-09-22 21:10:00,0.0,1.04e-320,19.823925272307125,0.0
2024-09-22 21:15:00,0.0,1.04e-320,18.989486290397778,0.0
2024-09-22 21:20:00,0.0,1.04e-320,18.132854845398665,0.0
2024-09-22 21:25:00,0.0,1.04e-320,17.267706384229022,0.0
2024-09-22 21:30:00,0.0,1.04e-320,16.407046598691036,0.0
2024-09-22 21:35:00,0.0,1.04e-320,15.563132326036015,0.0
2024-09-22 21:40:00,0.0,1.04e-320,14.747399090494927,0.0
2024-09-22 21:45:00,0.0,1.04e-320,13.970395824308174,0.0
2024-09-22 21:50:00,0.0,1.04e-320,13.241727225126553,0.0
2024-09-22 21:55:00,0.0,1.04e-320,12.570004173037942,0.0
2024-09-22 22:00:00,0.0,1.04e-320,11.962802523130721,0.0
2024-09-22 22:05:00,0.0,1.04e-320,11.42663057862938,0.0
2024-09-22 22:10:00,0.0,1.04e-320,10.966905425962576,0.0
2024-09-22 22:15:00,0.0,1.04e-320,10.587938284176326,0.0
2024-09-22 22:20:00,0.0,1.04e-320,10.292928927606653,0.0
2024-09-22 22:25:00,0.0,1.04e-320,10.083969168803778,0.0
2024-09-22 22:30:00,0.0,1.04e-320,9.962055330053353,0.0
2024-09-22 22:35:00,0.0,1.04e-320,9.927109545035345,0.0
2024-09-22 22:40:00,0.0,1.04e-320,9.978009671674346,0.0
2024-09-22 22:45:00,0.0,1.04e-320,10.112627524288726,0.0
2024-09-22 22:50:00,0.0,1.04e-320,10.327875067710792,0.0
2024-09-22 22:55:00,0.0,1.04e-320,10.61975815379705,0.0
2024-09-22 23:00:00,0.0,1.04e-320,10.983437316465158,0.0
2024-09-22 23:05:00,0.0,1.04e-320,11.4132950898401,0.0
2024-09-22 23:10:00,0.0,1.04e-320,11.903009259809043,0.0
2024-09-22 23:15:00,0.0,1.04e-320,12.44563140981056,0.0
2024-09-22 23:20:00,0.0,1.04e-320,13.033670081302269,0.0
2024-09-22 23:25:00,0.0,1.04e-320,13.659177832888975,0.0
2024-09-22 23:30:00,0.0,1.04e-320,14.313841445390638,0.0
2024-09-22 23:35:00,0.0,1.04e-320,14.989074502942342,0.0
2024-09-22 23:40:00,0.0,1.04e-320,15.676111550968722,0.0
2024-09-22 23:45:00,0.0,1.04e-320,16.36610303323217,0.0
2024-09-22 23:50:00,0.0,1.04e-320,17.05021017331142,0.0
2024-09-22 23:55:00,0.0,1.04e-320,17.719699014169382,0.0
